
     Program PROJWFC v.7.5 starts on 27Aug2026 at 15: 6: 7 

     This program is part of the open-source Quantum ESPRESSO suite
     for quantum simulation of materials; please cite
         "P. Giannozzi et al., J. Phys.:Condens. Matter 21 395502 (2009);
         "P. Giannozzi et al., J. Phys.:Condens. Matter 29 465901 (2017);
         "P. Giannozzi et al., J. Chem. Phys. 152 154105 (2020);
          URL http://www.quantum-espresso.org", 
     in publications or presentations arising from this work. More details at
     http://www.quantum-espresso.org/quote

     Parallel version (MPI & OpenMP), running on       4 processor cores
     Number of MPI processes:                 4
     Threads/MPI process:                     1

     MPI processes distributed on     1 nodes
     R & G space division:  proc/nbgrp/npool/nimage =       4
     2935 MiB available memory on the printing compute node when the environment starts


     Reading xml data from directory:

     ./tmp/graphene.save/

     IMPORTANT: XC functional enforced from input :
     Exchange-correlation= PBE
                           (   1   4   3   4   0   0   0)
     Any further DFT definition will be discarded
     Please, verify this is what you really want


     Parallelization info
     --------------------
     sticks:   dense  smooth     PW     G-vecs:    dense   smooth      PW
     Min         148     148     44                18002    18002    2885
     Max         149     149     49                18019    18019    2886
     Sum         595     595    187                72043    72043   11541

     Using Slab Decomposition

 ----2D----2D----2D----2D----2D----2D----2D----2D----2D----2D----2D----2D
  The code is running with the 2D cutoff
  Please refer to:
  Sohier, T., Calandra, M., & Mauri, F. (2017), 
  Density functional perturbation theory for gated two-dimensional heterostructures:
  Theoretical developments and application to flexural phonons in graphene.
  Physical Review B, 96(7), 75448. https://doi.org/10.1103/PhysRevB.96.075448
 ----2D----2D----2D----2D----2D----2D----2D----2D----2D----2D----2D----2D

     Gaussian broadening (read from input): ngauss,degauss=   0    0.010000


     Calling projwave .... 
     Subspace diagonalization in iterative solution of the eigenvalue problem:
     one sub-group per band group will be used
     ELPA distributed-memory algorithm (size of sub-group:  2*  2 procs)

     linear algebra parallelized on   4 procs

  Problem Sizes 
  natomwfc =            8
  nx       =            4
  nbnd     =            8
  nkstot   =          169
  npwx     =         2264
  nkb      =           16


     Atomic states used for projection
     (read from pseudopotential files):

     state #   1: atom   1 (C  ), wfc  1 (l=0 m= 1)
     state #   2: atom   1 (C  ), wfc  2 (l=1 m= 1)
     state #   3: atom   1 (C  ), wfc  2 (l=1 m= 2)
     state #   4: atom   1 (C  ), wfc  2 (l=1 m= 3)
     state #   5: atom   2 (C  ), wfc  1 (l=0 m= 1)
     state #   6: atom   2 (C  ), wfc  2 (l=1 m= 1)
     state #   7: atom   2 (C  ), wfc  2 (l=1 m= 2)
     state #   8: atom   2 (C  ), wfc  2 (l=1 m= 3)

 k =   0.0000000000  0.0000000000  0.0000000000
==== e(   1) =   -23.77865 eV ==== 
     psi = 0.492*[#   1]+0.492*[#   5]
    |psi|^2 = 0.985
==== e(   2) =   -11.86775 eV ==== 
     psi = 0.473*[#   2]+0.473*[#   6]
    |psi|^2 = 0.946
==== e(   3) =    -7.30172 eV ==== 
     psi = 0.249*[#   3]+0.249*[#   4]+0.249*[#   7]+0.249*[#   8]
    |psi|^2 = 0.997
==== e(   4) =    -7.30172 eV ==== 
     psi = 0.249*[#   3]+0.249*[#   4]+0.249*[#   7]+0.249*[#   8]
    |psi|^2 = 0.997
==== e(   5) =    -0.94881 eV ==== 
     psi = 0.003*[#   1]+0.003*[#   5]
    |psi|^2 = 0.007
==== e(   6) =    -0.04530 eV ==== 
     psi = 0.014*[#   2]+0.014*[#   6]
    |psi|^2 = 0.028
==== e(   7) =     1.75442 eV ==== 
     psi = 0.001*[#   1]+0.001*[#   5]
    |psi|^2 = 0.002
==== e(   8) =     2.66428 eV ==== 
     psi = 0.007*[#   2]+0.007*[#   6]
    |psi|^2 = 0.015

 k =   0.0000000000  0.0274928700  0.0000000000
==== e(   1) =   -23.76527 eV ==== 
     psi = 0.490*[#   1]+0.490*[#   5]+0.001*[#   3]+0.001*[#   4]+0.001*[#   7]
          +0.001*[#   8]
    |psi|^2 = 0.985
==== e(   2) =   -11.85170 eV ==== 
     psi = 0.473*[#   2]+0.473*[#   6]
    |psi|^2 = 0.947
==== e(   3) =    -7.35754 eV ==== 
     psi = 0.249*[#   3]+0.249*[#   4]+0.249*[#   7]+0.249*[#   8]+0.001*[#   1]
          +0.001*[#   5]
    |psi|^2 = 0.997
==== e(   4) =    -7.33129 eV ==== 
     psi = 0.249*[#   3]+0.249*[#   4]+0.249*[#   7]+0.249*[#   8]
    |psi|^2 = 0.997
==== e(   5) =    -0.93067 eV ==== 
     psi = 0.003*[#   1]+0.003*[#   5]
    |psi|^2 = 0.008
==== e(   6) =    -0.02697 eV ==== 
     psi = 0.014*[#   2]+0.014*[#   6]
    |psi|^2 = 0.027
==== e(   7) =     1.77261 eV ==== 
     psi = 0.001*[#   1]+0.001*[#   5]
    |psi|^2 = 0.003
==== e(   8) =     2.68248 eV ==== 
     psi = 0.007*[#   2]+0.007*[#   6]
    |psi|^2 = 0.015

 k =   0.0000000000  0.0549857399  0.0000000000
==== e(   1) =   -23.72515 eV ==== 
     psi = 0.482*[#   1]+0.482*[#   5]+0.005*[#   3]+0.005*[#   4]+0.005*[#   7]
          +0.005*[#   8]
    |psi|^2 = 0.985
==== e(   2) =   -11.80360 eV ==== 
     psi = 0.474*[#   2]+0.474*[#   6]
    |psi|^2 = 0.948
==== e(   3) =    -7.52202 eV ==== 
     psi = 0.247*[#   3]+0.247*[#   4]+0.247*[#   7]+0.247*[#   8]+0.006*[#   1]
          +0.006*[#   5]
    |psi|^2 = 0.997
==== e(   4) =    -7.41790 eV ==== 
     psi = 0.249*[#   3]+0.249*[#   4]+0.249*[#   7]+0.249*[#   8]
    |psi|^2 = 0.997
==== e(   5) =    -0.87622 eV ==== 
     psi = 0.003*[#   1]+0.003*[#   5]+0.002*[#   3]+0.002*[#   4]+0.002*[#   7]
          +0.002*[#   8]
    |psi|^2 = 0.012
==== e(   6) =     0.02799 eV ==== 
     psi = 0.013*[#   2]+0.013*[#   6]
    |psi|^2 = 0.027
==== e(   7) =     1.82737 eV ==== 
     psi = 0.001*[#   1]+0.001*[#   5]
    |psi|^2 = 0.003
==== e(   8) =     2.73688 eV ==== 
     psi = 0.007*[#   2]+0.007*[#   6]
    |psi|^2 = 0.014

 k =   0.0000000000  0.0824786099  0.0000000000
==== e(   1) =   -23.65832 eV ==== 
     psi = 0.471*[#   1]+0.471*[#   5]+0.011*[#   3]+0.011*[#   4]+0.011*[#   7]
          +0.011*[#   8]
    |psi|^2 = 0.984
==== e(   2) =   -11.72353 eV ==== 
     psi = 0.475*[#   2]+0.475*[#   6]
    |psi|^2 = 0.950
==== e(   3) =    -7.78689 eV ==== 
     psi = 0.243*[#   3]+0.243*[#   4]+0.243*[#   7]+0.243*[#   8]+0.012*[#   1]
          +0.012*[#   5]
    |psi|^2 = 0.997
==== e(   4) =    -7.55566 eV ==== 
     psi = 0.249*[#   3]+0.249*[#   4]+0.249*[#   7]+0.249*[#   8]
    |psi|^2 = 0.997
==== e(   5) =    -0.78548 eV ==== 
     psi = 0.004*[#   3]+0.004*[#   4]+0.004*[#   7]+0.004*[#   8]+0.002*[#   1]
          +0.002*[#   5]
    |psi|^2 = 0.018
==== e(   6) =     0.11956 eV ==== 
     psi = 0.013*[#   2]+0.013*[#   6]
    |psi|^2 = 0.026
==== e(   7) =     1.91863 eV ==== 

    |psi|^2 = 0.004
==== e(   8) =     2.82758 eV ==== 
     psi = 0.007*[#   2]+0.007*[#   6]
    |psi|^2 = 0.014

 k =   0.0000000000  0.1099714798  0.0000000000
==== e(   1) =   -23.56484 eV ==== 
     psi = 0.456*[#   1]+0.456*[#   5]+0.018*[#   3]+0.018*[#   4]+0.018*[#   7]
          +0.018*[#   8]
    |psi|^2 = 0.984
==== e(   2) =   -11.61168 eV ==== 
     psi = 0.476*[#   2]+0.476*[#   6]
    |psi|^2 = 0.952
==== e(   3) =    -8.14018 eV ==== 
     psi = 0.239*[#   3]+0.239*[#   4]+0.239*[#   7]+0.239*[#   8]+0.021*[#   1]
          +0.021*[#   5]
    |psi|^2 = 0.997
==== e(   4) =    -7.73607 eV ==== 
     psi = 0.249*[#   3]+0.249*[#   4]+0.249*[#   7]+0.249*[#   8]
    |psi|^2 = 0.998
==== e(   5) =    -0.65843 eV ==== 
     psi = 0.006*[#   3]+0.006*[#   4]+0.006*[#   7]+0.006*[#   8]+0.001*[#   1]
          +0.001*[#   5]
    |psi|^2 = 0.024
==== e(   6) =     0.24769 eV ==== 
     psi = 0.012*[#   2]+0.012*[#   6]
    |psi|^2 = 0.025
==== e(   7) =     2.04643 eV ==== 

    |psi|^2 = 0.004
==== e(   8) =     2.95448 eV ==== 
     psi = 0.007*[#   2]+0.007*[#   6]
    |psi|^2 = 0.013

 k =   0.0000000000  0.1374643498  0.0000000000
==== e(   1) =   -23.44479 eV ==== 
     psi = 0.439*[#   1]+0.439*[#   5]+0.027*[#   3]+0.027*[#   4]+0.027*[#   7]
          +0.027*[#   8]
    |psi|^2 = 0.984
==== e(   2) =   -11.46828 eV ==== 
     psi = 0.478*[#   2]+0.478*[#   6]
    |psi|^2 = 0.955
==== e(   3) =    -8.56814 eV ==== 
     psi = 0.234*[#   3]+0.234*[#   4]+0.234*[#   7]+0.234*[#   8]+0.031*[#   1]
          +0.031*[#   5]
    |psi|^2 = 0.996
==== e(   4) =    -7.94939 eV ==== 
     psi = 0.249*[#   3]+0.249*[#   4]+0.249*[#   7]+0.249*[#   8]
    |psi|^2 = 0.998
==== e(   5) =    -0.49508 eV ==== 
     psi = 0.007*[#   3]+0.007*[#   4]+0.007*[#   7]+0.007*[#   8]
    |psi|^2 = 0.030
==== e(   6) =     0.41230 eV ==== 
     psi = 0.012*[#   2]+0.012*[#   6]
    |psi|^2 = 0.023
==== e(   7) =     2.21065 eV ==== 

    |psi|^2 = 0.004
==== e(   8) =     3.11756 eV ==== 
     psi = 0.006*[#   2]+0.006*[#   6]
    |psi|^2 = 0.012

 k =   0.0000000000  0.1649572198  0.0000000000
==== e(   1) =   -23.29827 eV ==== 
     psi = 0.421*[#   1]+0.421*[#   5]+0.035*[#   3]+0.035*[#   4]+0.035*[#   7]
          +0.035*[#   8]
    |psi|^2 = 0.983
==== e(   2) =   -11.29368 eV ==== 
     psi = 0.480*[#   2]+0.480*[#   6]
    |psi|^2 = 0.959
==== e(   3) =    -9.05685 eV ==== 
     psi = 0.228*[#   3]+0.228*[#   4]+0.228*[#   7]+0.228*[#   8]+0.042*[#   1]
          +0.042*[#   5]
    |psi|^2 = 0.996
==== e(   4) =    -8.18584 eV ==== 
     psi = 0.249*[#   3]+0.249*[#   4]+0.249*[#   7]+0.249*[#   8]
    |psi|^2 = 0.998
==== e(   5) =    -0.29545 eV ==== 
     psi = 0.009*[#   3]+0.009*[#   4]+0.009*[#   7]+0.009*[#   8]
    |psi|^2 = 0.035
==== e(   6) =     0.61326 eV ==== 
     psi = 0.011*[#   2]+0.011*[#   6]
    |psi|^2 = 0.021
==== e(   7) =     2.41133 eV ==== 

    |psi|^2 = 0.004
==== e(   8) =     3.31606 eV ==== 
     psi = 0.006*[#   2]+0.006*[#   6]
    |psi|^2 = 0.011

 k =   0.0000000000  0.1924500897  0.0000000000
==== e(   1) =   -23.12543 eV ==== 
     psi = 0.403*[#   1]+0.403*[#   5]+0.044*[#   3]+0.044*[#   4]+0.044*[#   7]
          +0.044*[#   8]
    |psi|^2 = 0.983
==== e(   2) =   -11.08832 eV ==== 
     psi = 0.482*[#   2]+0.482*[#   6]
    |psi|^2 = 0.963
==== e(   3) =    -9.59330 eV ==== 
     psi = 0.222*[#   3]+0.222*[#   4]+0.222*[#   7]+0.222*[#   8]+0.053*[#   1]
          +0.053*[#   5]
    |psi|^2 = 0.995
==== e(   4) =    -8.43634 eV ==== 
     psi = 0.249*[#   3]+0.249*[#   4]+0.249*[#   7]+0.249*[#   8]
    |psi|^2 = 0.998
==== e(   5) =    -0.05959 eV ==== 
     psi = 0.010*[#   3]+0.010*[#   4]+0.010*[#   7]+0.010*[#   8]
    |psi|^2 = 0.038
==== e(   6) =     0.85036 eV ==== 
     psi = 0.010*[#   2]+0.010*[#   6]
    |psi|^2 = 0.019
==== e(   7) =     2.64797 eV ==== 

    |psi|^2 = 0.004
==== e(   8) =     3.54940 eV ==== 
     psi = 0.006*[#   2]+0.006*[#   6]
    |psi|^2 = 0.012

 k =   0.0000000000  0.2199429597  0.0000000000
==== e(   1) =   -22.92642 eV ==== 
     psi = 0.385*[#   1]+0.385*[#   5]+0.053*[#   3]+0.053*[#   4]+0.053*[#   7]
          +0.053*[#   8]
    |psi|^2 = 0.983
==== e(   2) =   -10.85278 eV ==== 
     psi = 0.484*[#   2]+0.484*[#   6]
    |psi|^2 = 0.968
==== e(   3) =   -10.16594 eV ==== 
     psi = 0.216*[#   3]+0.216*[#   4]+0.216*[#   7]+0.216*[#   8]+0.065*[#   1]
          +0.065*[#   5]
    |psi|^2 = 0.994
==== e(   4) =    -8.69295 eV ==== 
     psi = 0.249*[#   3]+0.249*[#   4]+0.249*[#   7]+0.249*[#   8]
    |psi|^2 = 0.997
==== e(   5) =     0.21242 eV ==== 
     psi = 0.010*[#   3]+0.010*[#   4]+0.010*[#   7]+0.010*[#   8]
    |psi|^2 = 0.040
==== e(   6) =     1.12317 eV ==== 
     psi = 0.009*[#   2]+0.009*[#   6]
    |psi|^2 = 0.017
==== e(   7) =     2.92014 eV ==== 
     psi = 0.001*[#   1]+0.001*[#   5]
    |psi|^2 = 0.004
==== e(   8) =     3.81269 eV ==== 
     psi = 0.011*[#   2]+0.011*[#   6]
    |psi|^2 = 0.023

 k =   0.0000000000  0.2474358297  0.0000000000
==== e(   1) =   -22.70145 eV ==== 
     psi = 0.368*[#   1]+0.368*[#   5]+0.062*[#   3]+0.062*[#   4]+0.062*[#   7]
          +0.062*[#   8]
    |psi|^2 = 0.982
==== e(   2) =   -10.76479 eV ==== 
     psi = 0.210*[#   3]+0.210*[#   4]+0.210*[#   7]+0.210*[#   8]+0.076*[#   1]
          +0.076*[#   5]
    |psi|^2 = 0.993
==== e(   3) =   -10.58780 eV ==== 
     psi = 0.486*[#   2]+0.486*[#   6]
    |psi|^2 = 0.972
==== e(   4) =    -8.94892 eV ==== 
     psi = 0.249*[#   3]+0.249*[#   4]+0.249*[#   7]+0.249*[#   8]
    |psi|^2 = 0.997
==== e(   5) =     0.52047 eV ==== 
     psi = 0.010*[#   3]+0.010*[#   4]+0.010*[#   7]+0.010*[#   8]
    |psi|^2 = 0.039
==== e(   6) =     1.43073 eV ==== 
     psi = 0.008*[#   2]+0.008*[#   6]
    |psi|^2 = 0.016
==== e(   7) =     3.22582 eV ==== 
     psi = 0.005*[#   1]+0.005*[#   5]
    |psi|^2 = 0.010
==== e(   8) =     3.90227 eV ==== 
     psi = 0.372*[#   2]+0.372*[#   6]
    |psi|^2 = 0.744

 k =   0.0000000000  0.2749286996  0.0000000000
==== e(   1) =   -22.45077 eV ==== 
     psi = 0.351*[#   1]+0.351*[#   5]+0.070*[#   3]+0.070*[#   4]+0.070*[#   7]
          +0.070*[#   8]
    |psi|^2 = 0.982
==== e(   2) =   -11.38140 eV ==== 
     psi = 0.205*[#   3]+0.205*[#   4]+0.205*[#   7]+0.205*[#   8]+0.087*[#   1]
          +0.087*[#   5]
    |psi|^2 = 0.993
==== e(   3) =   -10.29437 eV ==== 
     psi = 0.488*[#   2]+0.488*[#   6]
    |psi|^2 = 0.977
==== e(   4) =    -9.19868 eV ==== 
     psi = 0.249*[#   3]+0.249*[#   4]+0.249*[#   7]+0.249*[#   8]
    |psi|^2 = 0.997
==== e(   5) =     0.86441 eV ==== 
     psi = 0.009*[#   3]+0.009*[#   4]+0.009*[#   7]+0.009*[#   8]
    |psi|^2 = 0.036
==== e(   6) =     1.76968 eV ==== 
     psi = 0.009*[#   2]+0.009*[#   6]
    |psi|^2 = 0.019
==== e(   7) =     3.32879 eV ==== 
     psi = 0.468*[#   2]+0.468*[#   6]
    |psi|^2 = 0.936
==== e(   8) =     3.55278 eV ==== 
     psi = 0.022*[#   1]+0.022*[#   5]+0.005*[#   3]+0.005*[#   4]+0.005*[#   7]
          +0.005*[#   8]
    |psi|^2 = 0.064

 k =   0.0000000000  0.3024215696  0.0000000000
==== e(   1) =   -22.17469 eV ==== 
     psi = 0.336*[#   1]+0.336*[#   5]+0.077*[#   3]+0.077*[#   4]+0.077*[#   7]
          +0.077*[#   8]
    |psi|^2 = 0.982
==== e(   2) =   -12.00868 eV ==== 
     psi = 0.199*[#   3]+0.199*[#   4]+0.199*[#   7]+0.199*[#   8]+0.097*[#   1]
          +0.097*[#   5]
    |psi|^2 = 0.992
==== e(   3) =    -9.97374 eV ==== 
     psi = 0.490*[#   2]+0.490*[#   6]
    |psi|^2 = 0.981
==== e(   4) =    -9.43766 eV ==== 
     psi = 0.249*[#   3]+0.249*[#   4]+0.249*[#   7]+0.249*[#   8]
    |psi|^2 = 0.997
==== e(   5) =     1.24402 eV ==== 
     psi = 0.008*[#   3]+0.008*[#   4]+0.008*[#   7]+0.008*[#   8]
    |psi|^2 = 0.031
==== e(   6) =     2.11410 eV ==== 
     psi = 0.042*[#   2]+0.042*[#   6]
    |psi|^2 = 0.084
==== e(   7) =     2.72753 eV ==== 
     psi = 0.437*[#   2]+0.437*[#   6]
    |psi|^2 = 0.874
==== e(   8) =     3.75521 eV ==== 
     psi = 0.178*[#   1]+0.178*[#   5]+0.069*[#   3]+0.069*[#   4]+0.069*[#   7]
          +0.069*[#   8]
    |psi|^2 = 0.633

 k =   0.0000000000  0.3299144395  0.0000000000
==== e(   1) =   -21.87357 eV ==== 
     psi = 0.323*[#   1]+0.323*[#   5]+0.084*[#   3]+0.084*[#   4]+0.084*[#   7]
          +0.084*[#   8]
    |psi|^2 = 0.982
==== e(   2) =   -12.64065 eV ==== 
     psi = 0.194*[#   3]+0.194*[#   4]+0.194*[#   7]+0.194*[#   8]+0.107*[#   1]
          +0.107*[#   5]
    |psi|^2 = 0.991
==== e(   3) =    -9.66218 eV ==== 
     psi = 0.249*[#   3]+0.249*[#   4]+0.249*[#   7]+0.249*[#   8]
    |psi|^2 = 0.997
==== e(   4) =    -9.62764 eV ==== 
     psi = 0.492*[#   2]+0.492*[#   6]
    |psi|^2 = 0.985
==== e(   5) =     1.65888 eV ==== 
     psi = 0.006*[#   3]+0.006*[#   4]+0.006*[#   7]+0.006*[#   8]
    |psi|^2 = 0.026
==== e(   6) =     1.95672 eV ==== 
     psi = 0.429*[#   2]+0.429*[#   6]
    |psi|^2 = 0.857
==== e(   7) =     2.64690 eV ==== 
     psi = 0.049*[#   2]+0.049*[#   6]
    |psi|^2 = 0.099
==== e(   8) =     3.70341 eV ==== 
     psi = 0.247*[#   1]+0.247*[#   5]+0.089*[#   3]+0.089*[#   4]+0.089*[#   7]
          +0.089*[#   8]
    |psi|^2 = 0.851

 k =   0.0000000000  0.3574073095  0.0000000000
==== e(   1) =   -21.54788 eV ==== 
     psi = 0.310*[#   1]+0.310*[#   5]+0.090*[#   3]+0.090*[#   4]+0.090*[#   7]
          +0.090*[#   8]
    |psi|^2 = 0.982
==== e(   2) =   -13.27225 eV ==== 
     psi = 0.190*[#   3]+0.190*[#   4]+0.190*[#   7]+0.190*[#   8]+0.116*[#   1]
          +0.116*[#   5]
    |psi|^2 = 0.991
==== e(   3) =    -9.86926 eV ==== 
     psi = 0.249*[#   3]+0.249*[#   4]+0.249*[#   7]+0.249*[#   8]
    |psi|^2 = 0.997
==== e(   4) =    -9.25839 eV ==== 
     psi = 0.494*[#   2]+0.494*[#   6]
    |psi|^2 = 0.988
==== e(   5) =     1.32608 eV ==== 
     psi = 0.464*[#   2]+0.464*[#   6]
    |psi|^2 = 0.929
==== e(   6) =     2.10822 eV ==== 
     psi = 0.005*[#   3]+0.005*[#   4]+0.005*[#   7]+0.005*[#   8]
    |psi|^2 = 0.020
==== e(   7) =     3.06854 eV ==== 
     psi = 0.013*[#   2]+0.013*[#   6]
    |psi|^2 = 0.025
==== e(   8) =     3.62019 eV ==== 
     psi = 0.271*[#   1]+0.271*[#   5]+0.086*[#   3]+0.086*[#   4]+0.086*[#   7]
          +0.086*[#   8]
    |psi|^2 = 0.884

 k =   0.0000000000  0.3849001795  0.0000000000
==== e(   1) =   -21.19826 eV ==== 
     psi = 0.299*[#   1]+0.299*[#   5]+0.096*[#   3]+0.096*[#   4]+0.096*[#   7]
          +0.096*[#   8]
    |psi|^2 = 0.982
==== e(   2) =   -13.89914 eV ==== 
     psi = 0.185*[#   3]+0.185*[#   4]+0.185*[#   7]+0.185*[#   8]+0.125*[#   1]
          +0.125*[#   5]
    |psi|^2 = 0.990
==== e(   3) =   -10.05652 eV ==== 
     psi = 0.249*[#   3]+0.249*[#   4]+0.249*[#   7]+0.249*[#   8]
    |psi|^2 = 0.997
==== e(   4) =    -8.86928 eV ==== 
     psi = 0.495*[#   2]+0.495*[#   6]
    |psi|^2 = 0.991
==== e(   5) =     0.67246 eV ==== 
     psi = 0.469*[#   2]+0.469*[#   6]
    |psi|^2 = 0.938
==== e(   6) =     2.58959 eV ==== 
     psi = 0.003*[#   1]+0.003*[#   5]+0.002*[#   3]+0.002*[#   4]+0.002*[#   7]
          +0.002*[#   8]
    |psi|^2 = 0.015
==== e(   7) =     3.54031 eV ==== 
     psi = 0.287*[#   1]+0.287*[#   5]+0.080*[#   3]+0.080*[#   4]+0.080*[#   7]
          +0.080*[#   8]
    |psi|^2 = 0.895
==== e(   8) =     3.55087 eV ==== 
     psi = 0.007*[#   2]+0.007*[#   6]
    |psi|^2 = 0.014

 k =   0.0000000000  0.4123930494  0.0000000000
==== e(   1) =   -20.82554 eV ==== 
     psi = 0.288*[#   1]+0.288*[#   5]+0.101*[#   3]+0.101*[#   4]+0.101*[#   7]
          +0.101*[#   8]
    |psi|^2 = 0.983
==== e(   2) =   -14.51743 eV ==== 
     psi = 0.181*[#   3]+0.181*[#   4]+0.181*[#   7]+0.181*[#   8]+0.133*[#   1]
          +0.133*[#   5]
    |psi|^2 = 0.990
==== e(   3) =   -10.22205 eV ==== 
     psi = 0.249*[#   3]+0.249*[#   4]+0.249*[#   7]+0.249*[#   8]
    |psi|^2 = 0.996
==== e(   4) =    -8.46513 eV ==== 
     psi = 0.497*[#   2]+0.497*[#   6]
    |psi|^2 = 0.993
==== e(   5) =     0.02651 eV ==== 
     psi = 0.471*[#   2]+0.471*[#   6]
    |psi|^2 = 0.942
==== e(   6) =     3.08680 eV ==== 
     psi = 0.028*[#   1]+0.028*[#   5]
    |psi|^2 = 0.057
==== e(   7) =     3.48573 eV ==== 
     psi = 0.277*[#   1]+0.277*[#   5]+0.075*[#   3]+0.075*[#   4]+0.075*[#   7]
          +0.075*[#   8]
    |psi|^2 = 0.853
==== e(   8) =     4.07238 eV ==== 
     psi = 0.005*[#   2]+0.005*[#   6]
    |psi|^2 = 0.010

 k =   0.0000000000  0.4398859194  0.0000000000
==== e(   1) =   -20.43101 eV ==== 
     psi = 0.280*[#   1]+0.280*[#   5]+0.106*[#   3]+0.106*[#   4]+0.106*[#   7]
          +0.106*[#   8]
    |psi|^2 = 0.984
==== e(   2) =   -15.12342 eV ==== 
     psi = 0.177*[#   3]+0.177*[#   4]+0.177*[#   7]+0.177*[#   8]+0.140*[#   1]
          +0.140*[#   5]
    |psi|^2 = 0.989
==== e(   3) =   -10.36434 eV ==== 
     psi = 0.249*[#   3]+0.249*[#   4]+0.249*[#   7]+0.249*[#   8]
    |psi|^2 = 0.996
==== e(   4) =    -8.05323 eV ==== 
     psi = 0.497*[#   2]+0.497*[#   6]
    |psi|^2 = 0.995
==== e(   5) =    -0.59758 eV ==== 
     psi = 0.472*[#   2]+0.472*[#   6]
    |psi|^2 = 0.944
==== e(   6) =     3.33274 eV ==== 
     psi = 0.282*[#   1]+0.282*[#   5]+0.048*[#   3]+0.048*[#   4]+0.048*[#   7]
          +0.048*[#   8]
    |psi|^2 = 0.756
==== e(   7) =     3.72601 eV ==== 
     psi = 0.035*[#   1]+0.035*[#   5]+0.021*[#   3]+0.021*[#   4]+0.021*[#   7]
          +0.021*[#   8]
    |psi|^2 = 0.153
==== e(   8) =     4.62960 eV ==== 
     psi = 0.004*[#   2]+0.004*[#   6]
    |psi|^2 = 0.008

 k =   0.0000000000  0.4673787893  0.0000000000
==== e(   1) =   -20.01682 eV ==== 
     psi = 0.273*[#   1]+0.273*[#   5]+0.110*[#   3]+0.110*[#   4]+0.110*[#   7]
          +0.110*[#   8]
    |psi|^2 = 0.985
==== e(   2) =   -15.71303 eV ==== 
     psi = 0.174*[#   3]+0.174*[#   4]+0.174*[#   7]+0.174*[#   8]+0.145*[#   1]
          +0.145*[#   5]
    |psi|^2 = 0.988
==== e(   3) =   -10.48221 eV ==== 
     psi = 0.249*[#   3]+0.249*[#   4]+0.249*[#   7]+0.249*[#   8]
    |psi|^2 = 0.996
==== e(   4) =    -7.64509 eV ==== 
     psi = 0.498*[#   2]+0.498*[#   6]
    |psi|^2 = 0.996
==== e(   5) =    -1.18413 eV ==== 
     psi = 0.473*[#   2]+0.473*[#   6]
    |psi|^2 = 0.946
==== e(   6) =     3.29929 eV ==== 
     psi = 0.323*[#   1]+0.323*[#   5]+0.056*[#   3]+0.056*[#   4]+0.056*[#   7]
          +0.056*[#   8]
    |psi|^2 = 0.868
==== e(   7) =     4.29052 eV ==== 
     psi = 0.007*[#   3]+0.007*[#   4]+0.007*[#   7]+0.007*[#   8]+0.005*[#   1]
          +0.005*[#   5]
    |psi|^2 = 0.039
==== e(   8) =     5.22079 eV ==== 
     psi = 0.003*[#   2]+0.003*[#   6]
    |psi|^2 = 0.006

 k =   0.0000000000  0.4948716593  0.0000000000
==== e(   1) =   -19.58725 eV ==== 
     psi = 0.270*[#   1]+0.270*[#   5]+0.112*[#   3]+0.112*[#   4]+0.112*[#   7]
          +0.112*[#   8]
    |psi|^2 = 0.986
==== e(   2) =   -16.28050 eV ==== 
     psi = 0.173*[#   3]+0.173*[#   4]+0.173*[#   7]+0.173*[#   8]+0.148*[#   1]
          +0.148*[#   5]
    |psi|^2 = 0.986
==== e(   3) =   -10.57477 eV ==== 
     psi = 0.249*[#   3]+0.249*[#   4]+0.249*[#   7]+0.249*[#   8]
    |psi|^2 = 0.996
==== e(   4) =    -7.25943 eV ==== 
     psi = 0.498*[#   2]+0.498*[#   6]
    |psi|^2 = 0.997
==== e(   5) =    -1.71144 eV ==== 
     psi = 0.474*[#   2]+0.474*[#   6]
    |psi|^2 = 0.948
==== e(   6) =     3.25741 eV ==== 
     psi = 0.334*[#   1]+0.334*[#   5]+0.054*[#   3]+0.054*[#   4]+0.054*[#   7]
          +0.054*[#   8]
    |psi|^2 = 0.886
==== e(   7) =     4.90879 eV ==== 
     psi = 0.004*[#   3]+0.004*[#   4]+0.004*[#   7]+0.004*[#   8]+0.002*[#   1]
          +0.002*[#   5]
    |psi|^2 = 0.020
==== e(   8) =     5.84438 eV ==== 
     psi = 0.003*[#   2]+0.003*[#   6]
    |psi|^2 = 0.006

 k =   0.0000000000  0.5223645293  0.0000000000
==== e(   1) =   -19.15296 eV ==== 
     psi = 0.272*[#   1]+0.272*[#   5]+0.111*[#   3]+0.111*[#   4]+0.111*[#   7]
          +0.111*[#   8]
    |psi|^2 = 0.988
==== e(   2) =   -16.81404 eV ==== 
     psi = 0.174*[#   3]+0.174*[#   4]+0.174*[#   7]+0.174*[#   8]+0.145*[#   1]
          +0.145*[#   5]
    |psi|^2 = 0.985
==== e(   3) =   -10.64133 eV ==== 
     psi = 0.249*[#   3]+0.249*[#   4]+0.249*[#   7]+0.249*[#   8]
    |psi|^2 = 0.996
==== e(   4) =    -6.92662 eV ==== 
     psi = 0.499*[#   2]+0.499*[#   6]
    |psi|^2 = 0.997
==== e(   5) =    -2.14694 eV ==== 
     psi = 0.474*[#   2]+0.474*[#   6]
    |psi|^2 = 0.949
==== e(   6) =     3.22504 eV ==== 
     psi = 0.341*[#   1]+0.341*[#   5]+0.053*[#   3]+0.053*[#   4]+0.053*[#   7]
          +0.053*[#   8]
    |psi|^2 = 0.892
==== e(   7) =     5.56250 eV ==== 
     psi = 0.002*[#   3]+0.002*[#   4]+0.002*[#   7]+0.002*[#   8]+0.001*[#   1]
          +0.001*[#   5]
    |psi|^2 = 0.012
==== e(   8) =     6.49795 eV ==== 
     psi = 0.003*[#   2]+0.003*[#   6]
    |psi|^2 = 0.006

 k =   0.0000000000  0.5498573992  0.0000000000
==== e(   1) =   -18.75077 eV ==== 
     psi = 0.288*[#   1]+0.288*[#   5]+0.104*[#   3]+0.104*[#   4]+0.104*[#   7]
          +0.104*[#   8]
    |psi|^2 = 0.991
==== e(   2) =   -17.27608 eV ==== 
     psi = 0.181*[#   3]+0.181*[#   4]+0.181*[#   7]+0.181*[#   8]+0.129*[#   1]
          +0.129*[#   5]
    |psi|^2 = 0.982
==== e(   3) =   -10.68144 eV ==== 
     psi = 0.249*[#   3]+0.249*[#   4]+0.249*[#   7]+0.249*[#   8]
    |psi|^2 = 0.996
==== e(   4) =    -6.69177 eV ==== 
     psi = 0.499*[#   2]+0.499*[#   6]
    |psi|^2 = 0.998
==== e(   5) =    -2.44400 eV ==== 
     psi = 0.475*[#   2]+0.475*[#   6]
    |psi|^2 = 0.949
==== e(   6) =     3.20502 eV ==== 
     psi = 0.345*[#   1]+0.345*[#   5]+0.051*[#   3]+0.051*[#   4]+0.051*[#   7]
          +0.051*[#   8]
    |psi|^2 = 0.895
==== e(   7) =     6.24688 eV ==== 
     psi = 0.002*[#   1]+0.002*[#   3]+0.002*[#   4]+0.002*[#   5]+0.002*[#   7]
          +0.002*[#   8]
    |psi|^2 = 0.009
==== e(   8) =     7.17605 eV ==== 
     psi = 0.004*[#   2]+0.004*[#   6]
    |psi|^2 = 0.008

 k =   0.0000000000 -0.5773502692  0.0000000000
==== e(   1) =   -18.54141 eV ==== 
     psi = 0.311*[#   1]+0.311*[#   5]+0.093*[#   3]+0.093*[#   4]+0.093*[#   7]
          +0.093*[#   8]
    |psi|^2 = 0.994
==== e(   2) =   -17.50544 eV ==== 
     psi = 0.192*[#   3]+0.192*[#   4]+0.192*[#   7]+0.192*[#   8]+0.105*[#   1]
          +0.105*[#   5]
    |psi|^2 = 0.979
==== e(   3) =   -10.69485 eV ==== 
     psi = 0.249*[#   3]+0.249*[#   4]+0.249*[#   7]+0.249*[#   8]
    |psi|^2 = 0.996
==== e(   4) =    -6.60538 eV ==== 
     psi = 0.499*[#   2]+0.499*[#   6]
    |psi|^2 = 0.998
==== e(   5) =    -2.55123 eV ==== 
     psi = 0.475*[#   2]+0.475*[#   6]
    |psi|^2 = 0.950
==== e(   6) =     3.19826 eV ==== 
     psi = 0.346*[#   1]+0.346*[#   5]+0.051*[#   3]+0.051*[#   4]+0.051*[#   7]
          +0.051*[#   8]
    |psi|^2 = 0.895
==== e(   7) =     6.89104 eV ==== 
     psi = 0.005*[#   1]+0.005*[#   5]
    |psi|^2 = 0.010
==== e(   8) =     7.04081 eV ==== 
     psi = 0.002*[#   3]+0.002*[#   4]+0.002*[#   7]+0.002*[#   8]
    |psi|^2 = 0.010

 k =   0.0238095238  0.0412393049  0.0000000000
==== e(   1) =   -23.73852 eV ==== 
     psi = 0.485*[#   1]+0.485*[#   5]+0.004*[#   3]+0.004*[#   4]+0.004*[#   7]
          +0.004*[#   8]
    |psi|^2 = 0.985
==== e(   2) =   -11.81963 eV ==== 
     psi = 0.474*[#   2]+0.474*[#   6]
    |psi|^2 = 0.947
==== e(   3) =    -7.46662 eV ==== 
     psi = 0.247*[#   3]+0.247*[#   4]+0.247*[#   7]+0.247*[#   8]+0.004*[#   1]
          +0.004*[#   5]
    |psi|^2 = 0.997
==== e(   4) =    -7.39045 eV ==== 
     psi = 0.249*[#   3]+0.249*[#   4]+0.249*[#   7]+0.249*[#   8]
    |psi|^2 = 0.997
==== e(   5) =    -0.89438 eV ==== 
     psi = 0.003*[#   1]+0.003*[#   5]+0.001*[#   3]+0.001*[#   4]+0.001*[#   7]
          +0.001*[#   8]
    |psi|^2 = 0.011
==== e(   6) =     0.00967 eV ==== 
     psi = 0.014*[#   2]+0.014*[#   6]
    |psi|^2 = 0.027
==== e(   7) =     1.80915 eV ==== 
     psi = 0.001*[#   1]+0.001*[#   5]
    |psi|^2 = 0.003
==== e(   8) =     2.71883 eV ==== 
     psi = 0.007*[#   2]+0.007*[#   6]
    |psi|^2 = 0.014

 k =   0.0238095238  0.0687321749  0.0000000000
==== e(   1) =   -23.68505 eV ==== 
     psi = 0.475*[#   1]+0.475*[#   5]+0.009*[#   3]+0.009*[#   4]+0.009*[#   7]
          +0.009*[#   8]
    |psi|^2 = 0.984
==== e(   2) =   -11.75554 eV ==== 
     psi = 0.474*[#   2]+0.474*[#   6]
    |psi|^2 = 0.949
==== e(   3) =    -7.67851 eV ==== 
     psi = 0.245*[#   3]+0.245*[#   4]+0.245*[#   7]+0.245*[#   8]+0.009*[#   1]
          +0.009*[#   5]
    |psi|^2 = 0.997
==== e(   4) =    -7.50545 eV ==== 
     psi = 0.249*[#   3]+0.249*[#   4]+0.249*[#   7]+0.249*[#   8]
    |psi|^2 = 0.997
==== e(   5) =    -0.82178 eV ==== 
     psi = 0.003*[#   3]+0.003*[#   4]+0.003*[#   7]+0.003*[#   8]+0.002*[#   1]
          +0.002*[#   5]
    |psi|^2 = 0.016
==== e(   6) =     0.08293 eV ==== 
     psi = 0.013*[#   2]+0.013*[#   6]
    |psi|^2 = 0.026
==== e(   7) =     1.88212 eV ==== 

    |psi|^2 = 0.003
==== e(   8) =     2.79130 eV ==== 
     psi = 0.007*[#   2]+0.007*[#   6]
    |psi|^2 = 0.014

 k =   0.0238095238  0.0962250449  0.0000000000
==== e(   1) =   -23.60489 eV ==== 
     psi = 0.462*[#   1]+0.462*[#   5]+0.015*[#   3]+0.015*[#   4]+0.015*[#   7]
          +0.015*[#   8]
    |psi|^2 = 0.984
==== e(   2) =   -11.65958 eV ==== 
     psi = 0.476*[#   2]+0.476*[#   6]
    |psi|^2 = 0.951
==== e(   3) =    -7.98389 eV ==== 
     psi = 0.241*[#   3]+0.241*[#   4]+0.241*[#   7]+0.241*[#   8]+0.017*[#   1]
          +0.017*[#   5]
    |psi|^2 = 0.997
==== e(   4) =    -7.66826 eV ==== 
     psi = 0.249*[#   3]+0.249*[#   4]+0.249*[#   7]+0.249*[#   8]
    |psi|^2 = 0.997
==== e(   5) =    -0.71286 eV ==== 
     psi = 0.005*[#   3]+0.005*[#   4]+0.005*[#   7]+0.005*[#   8]+0.001*[#   1]
          +0.001*[#   5]
    |psi|^2 = 0.021
==== e(   6) =     0.19279 eV ==== 
     psi = 0.013*[#   2]+0.013*[#   6]
    |psi|^2 = 0.025
==== e(   7) =     1.99170 eV ==== 

    |psi|^2 = 0.004
==== e(   8) =     2.90015 eV ==== 
     psi = 0.007*[#   2]+0.007*[#   6]
    |psi|^2 = 0.013

 k =   0.0238095238  0.1237179148  0.0000000000
==== e(   1) =   -23.49813 eV ==== 
     psi = 0.446*[#   1]+0.446*[#   5]+0.023*[#   3]+0.023*[#   4]+0.023*[#   7]
          +0.023*[#   8]
    |psi|^2 = 0.984
==== e(   2) =   -11.53195 eV ==== 
     psi = 0.477*[#   2]+0.477*[#   6]
    |psi|^2 = 0.954
==== e(   3) =    -8.37054 eV ==== 
     psi = 0.236*[#   3]+0.236*[#   4]+0.236*[#   7]+0.236*[#   8]+0.026*[#   1]
          +0.026*[#   5]
    |psi|^2 = 0.997
==== e(   4) =    -7.86918 eV ==== 
     psi = 0.249*[#   3]+0.249*[#   4]+0.249*[#   7]+0.249*[#   8]
    |psi|^2 = 0.997
==== e(   5) =    -0.56766 eV ==== 
     psi = 0.007*[#   3]+0.007*[#   4]+0.007*[#   7]+0.007*[#   8]
    |psi|^2 = 0.028
==== e(   6) =     0.33916 eV ==== 
     psi = 0.012*[#   2]+0.012*[#   6]
    |psi|^2 = 0.024
==== e(   7) =     2.13772 eV ==== 

    |psi|^2 = 0.004
==== e(   8) =     3.04516 eV ==== 
     psi = 0.006*[#   2]+0.006*[#   6]
    |psi|^2 = 0.013

 k =   0.0238095238  0.1512107848  0.0000000000
==== e(   1) =   -23.36484 eV ==== 
     psi = 0.429*[#   1]+0.429*[#   5]+0.032*[#   3]+0.032*[#   4]+0.032*[#   7]
          +0.032*[#   8]
    |psi|^2 = 0.983
==== e(   2) =   -11.37294 eV ==== 
     psi = 0.479*[#   2]+0.479*[#   6]
    |psi|^2 = 0.957
==== e(   3) =    -8.82503 eV ==== 
     psi = 0.231*[#   3]+0.231*[#   4]+0.231*[#   7]+0.231*[#   8]+0.036*[#   1]
          +0.036*[#   5]
    |psi|^2 = 0.996
==== e(   4) =    -8.09799 eV ==== 
     psi = 0.249*[#   3]+0.249*[#   4]+0.249*[#   7]+0.249*[#   8]
    |psi|^2 = 0.997
==== e(   5) =    -0.38616 eV ==== 
     psi = 0.008*[#   3]+0.008*[#   4]+0.008*[#   7]+0.008*[#   8]
    |psi|^2 = 0.033
==== e(   6) =     0.52196 eV ==== 
     psi = 0.011*[#   2]+0.011*[#   6]
    |psi|^2 = 0.022
==== e(   7) =     2.32019 eV ==== 

    |psi|^2 = 0.004
==== e(   8) =     3.22595 eV ==== 
     psi = 0.006*[#   2]+0.006*[#   6]
    |psi|^2 = 0.012

 k =   0.0238095238  0.1787036547  0.0000000000
==== e(   1) =   -23.20516 eV ==== 
     psi = 0.411*[#   1]+0.411*[#   5]+0.040*[#   3]+0.040*[#   4]+0.040*[#   7]
          +0.040*[#   8]
    |psi|^2 = 0.983
==== e(   2) =   -11.18295 eV ==== 
     psi = 0.481*[#   2]+0.481*[#   6]
    |psi|^2 = 0.961
==== e(   3) =    -9.33414 eV ==== 
     psi = 0.225*[#   3]+0.225*[#   4]+0.225*[#   7]+0.225*[#   8]+0.047*[#   1]
          +0.047*[#   5]
    |psi|^2 = 0.995
==== e(   4) =    -8.34503 eV ==== 
     psi = 0.249*[#   3]+0.249*[#   4]+0.249*[#   7]+0.249*[#   8]
    |psi|^2 = 0.997
==== e(   5) =    -0.16840 eV ==== 
     psi = 0.009*[#   3]+0.009*[#   4]+0.009*[#   7]+0.009*[#   8]
    |psi|^2 = 0.037
==== e(   6) =     0.74102 eV ==== 
     psi = 0.010*[#   2]+0.010*[#   6]
    |psi|^2 = 0.020
==== e(   7) =     2.53900 eV ==== 

    |psi|^2 = 0.004
==== e(   8) =     3.44206 eV ==== 
     psi = 0.005*[#   2]+0.005*[#   6]
    |psi|^2 = 0.011

 k =   0.0238095238  0.2061965247  0.0000000000
==== e(   1) =   -23.01924 eV ==== 
     psi = 0.393*[#   1]+0.393*[#   5]+0.049*[#   3]+0.049*[#   4]+0.049*[#   7]
          +0.049*[#   8]
    |psi|^2 = 0.983
==== e(   2) =   -10.96247 eV ==== 
     psi = 0.483*[#   2]+0.483*[#   6]
    |psi|^2 = 0.966
==== e(   3) =    -9.88571 eV ==== 
     psi = 0.219*[#   3]+0.219*[#   4]+0.219*[#   7]+0.219*[#   8]+0.059*[#   1]
          +0.059*[#   5]
    |psi|^2 = 0.995
==== e(   4) =    -8.60165 eV ==== 
     psi = 0.249*[#   3]+0.249*[#   4]+0.249*[#   7]+0.249*[#   8]+0.001*[#   1]
          +0.001*[#   5]
    |psi|^2 = 0.997
==== e(   5) =     0.08556 eV ==== 
     psi = 0.010*[#   3]+0.010*[#   4]+0.010*[#   7]+0.010*[#   8]
    |psi|^2 = 0.039
==== e(   6) =     0.99605 eV ==== 
     psi = 0.009*[#   2]+0.009*[#   6]
    |psi|^2 = 0.018
==== e(   7) =     2.79371 eV ==== 

    |psi|^2 = 0.004
==== e(   8) =     3.69238 eV ==== 
     psi = 0.006*[#   2]+0.006*[#   6]
    |psi|^2 = 0.014

 k =   0.0238095238  0.2336893947  0.0000000000
==== e(   1) =   -22.80725 eV ==== 
     psi = 0.375*[#   1]+0.375*[#   5]+0.058*[#   3]+0.058*[#   4]+0.058*[#   7]
          +0.058*[#   8]
    |psi|^2 = 0.982
==== e(   2) =   -10.71217 eV ==== 
     psi = 0.485*[#   2]+0.485*[#   6]
    |psi|^2 = 0.970
==== e(   3) =   -10.46897 eV ==== 
     psi = 0.213*[#   3]+0.213*[#   4]+0.213*[#   7]+0.213*[#   8]+0.070*[#   1]
          +0.070*[#   5]
    |psi|^2 = 0.994
==== e(   4) =    -8.86050 eV ==== 
     psi = 0.249*[#   3]+0.249*[#   4]+0.249*[#   7]+0.249*[#   8]+0.001*[#   1]
          +0.001*[#   5]
    |psi|^2 = 0.997
==== e(   5) =     0.37562 eV ==== 
     psi = 0.010*[#   3]+0.010*[#   4]+0.010*[#   7]+0.010*[#   8]
    |psi|^2 = 0.040
==== e(   6) =     1.28643 eV ==== 
     psi = 0.008*[#   2]+0.008*[#   6]
    |psi|^2 = 0.016
==== e(   7) =     3.08328 eV ==== 
     psi = 0.002*[#   1]+0.002*[#   5]
    |psi|^2 = 0.004
==== e(   8) =     3.95134 eV ==== 
     psi = 0.058*[#   2]+0.058*[#   6]
    |psi|^2 = 0.116

 k =   0.0238095238  0.2611822646  0.0000000000
==== e(   1) =   -22.56943 eV ==== 
     psi = 0.359*[#   1]+0.359*[#   5]+0.066*[#   3]+0.066*[#   4]+0.066*[#   7]
          +0.066*[#   8]
    |psi|^2 = 0.982
==== e(   2) =   -11.07467 eV ==== 
     psi = 0.208*[#   3]+0.208*[#   4]+0.208*[#   7]+0.208*[#   8]+0.081*[#   1]
          +0.081*[#   5]
    |psi|^2 = 0.993
==== e(   3) =   -10.43290 eV ==== 
     psi = 0.487*[#   2]+0.487*[#   6]
    |psi|^2 = 0.975
==== e(   4) =    -9.11546 eV ==== 
     psi = 0.249*[#   3]+0.249*[#   4]+0.249*[#   7]+0.249*[#   8]+0.001*[#   1]
          +0.001*[#   5]
    |psi|^2 = 0.997
==== e(   5) =     0.70165 eV ==== 
     psi = 0.009*[#   3]+0.009*[#   4]+0.009*[#   7]+0.009*[#   8]
    |psi|^2 = 0.038
==== e(   6) =     1.61048 eV ==== 
     psi = 0.008*[#   2]+0.008*[#   6]
    |psi|^2 = 0.016
==== e(   7) =     3.40387 eV ==== 
     psi = 0.005*[#   1]+0.005*[#   5]
    |psi|^2 = 0.012
==== e(   8) =     3.61387 eV ==== 
     psi = 0.463*[#   2]+0.463*[#   6]
    |psi|^2 = 0.926

 k =   0.0238095238  0.2886751346  0.0000000000
==== e(   1) =   -22.30604 eV ==== 
     psi = 0.343*[#   1]+0.343*[#   5]+0.074*[#   3]+0.074*[#   4]+0.074*[#   7]
          +0.074*[#   8]
    |psi|^2 = 0.982
==== e(   2) =   -11.69498 eV ==== 
     psi = 0.202*[#   3]+0.202*[#   4]+0.202*[#   7]+0.202*[#   8]+0.092*[#   1]
          +0.092*[#   5]
    |psi|^2 = 0.992
==== e(   3) =   -10.12576 eV ==== 
     psi = 0.489*[#   2]+0.489*[#   6]
    |psi|^2 = 0.979
==== e(   4) =    -9.36150 eV ==== 
     psi = 0.249*[#   3]+0.249*[#   4]+0.249*[#   7]+0.249*[#   8]+0.001*[#   1]
          +0.001*[#   5]
    |psi|^2 = 0.997
==== e(   5) =     1.06348 eV ==== 
     psi = 0.008*[#   3]+0.008*[#   4]+0.008*[#   7]+0.008*[#   8]
    |psi|^2 = 0.034
==== e(   6) =     1.96022 eV ==== 
     psi = 0.015*[#   2]+0.015*[#   6]
    |psi|^2 = 0.029
==== e(   7) =     3.00609 eV ==== 
     psi = 0.465*[#   2]+0.465*[#   6]
    |psi|^2 = 0.930
==== e(   8) =     3.72314 eV ==== 
     psi = 0.053*[#   1]+0.053*[#   5]+0.016*[#   3]+0.016*[#   4]+0.016*[#   7]
          +0.016*[#   8]
    |psi|^2 = 0.169

 k =   0.0238095238  0.3161680046  0.0000000000
==== e(   1) =   -22.01744 eV ==== 
     psi = 0.329*[#   1]+0.329*[#   5]+0.081*[#   3]+0.081*[#   4]+0.081*[#   7]
          +0.081*[#   8]
    |psi|^2 = 0.982
==== e(   2) =   -12.32330 eV ==== 
     psi = 0.197*[#   3]+0.197*[#   4]+0.197*[#   7]+0.197*[#   8]+0.102*[#   1]
          +0.102*[#   5]
    |psi|^2 = 0.992
==== e(   3) =    -9.79222 eV ==== 
     psi = 0.491*[#   2]+0.491*[#   6]
    |psi|^2 = 0.983
==== e(   4) =    -9.59458 eV ==== 
     psi = 0.249*[#   3]+0.249*[#   4]+0.249*[#   7]+0.249*[#   8]+0.001*[#   1]
          +0.001*[#   5]
    |psi|^2 = 0.997
==== e(   5) =     1.46083 eV ==== 
     psi = 0.007*[#   3]+0.007*[#   4]+0.007*[#   7]+0.007*[#   8]
    |psi|^2 = 0.029
==== e(   6) =     2.17735 eV ==== 
     psi = 0.266*[#   2]+0.266*[#   6]
    |psi|^2 = 0.532
==== e(   7) =     2.54208 eV ==== 
     psi = 0.213*[#   2]+0.213*[#   6]
    |psi|^2 = 0.426
==== e(   8) =     3.79564 eV ==== 
     psi = 0.223*[#   1]+0.223*[#   5]+0.087*[#   3]+0.087*[#   4]+0.087*[#   7]
          +0.087*[#   8]
    |psi|^2 = 0.794

 k =   0.0238095238  0.3436608745  0.0000000000
==== e(   1) =   -21.70403 eV ==== 
     psi = 0.316*[#   1]+0.316*[#   5]+0.088*[#   3]+0.088*[#   4]+0.088*[#   7]
          +0.088*[#   8]
    |psi|^2 = 0.982
==== e(   2) =   -12.95405 eV ==== 
     psi = 0.192*[#   3]+0.192*[#   4]+0.192*[#   7]+0.192*[#   8]+0.112*[#   1]
          +0.112*[#   5]
    |psi|^2 = 0.991
==== e(   3) =    -9.81142 eV ==== 
     psi = 0.248*[#   3]+0.248*[#   4]+0.248*[#   7]+0.248*[#   8]+0.001*[#   1]
          +0.001*[#   5]
    |psi|^2 = 0.997
==== e(   4) =    -9.43428 eV ==== 
     psi = 0.493*[#   2]+0.493*[#   6]
    |psi|^2 = 0.987
==== e(   5) =     1.63974 eV ==== 
     psi = 0.458*[#   2]+0.458*[#   6]
    |psi|^2 = 0.917
==== e(   6) =     1.89318 eV ==== 
     psi = 0.006*[#   3]+0.006*[#   4]+0.006*[#   7]+0.006*[#   8]
    |psi|^2 = 0.023
==== e(   7) =     2.85710 eV ==== 
     psi = 0.020*[#   2]+0.020*[#   6]
    |psi|^2 = 0.039
==== e(   8) =     3.72160 eV ==== 
     psi = 0.258*[#   1]+0.258*[#   5]+0.089*[#   3]+0.089*[#   4]+0.089*[#   7]
          +0.089*[#   8]
    |psi|^2 = 0.871

 k =   0.0238095238  0.3711537445  0.0000000000
==== e(   1) =   -21.36635 eV ==== 
     psi = 0.304*[#   1]+0.304*[#   5]+0.094*[#   3]+0.094*[#   4]+0.094*[#   7]
          +0.094*[#   8]
    |psi|^2 = 0.982
==== e(   2) =   -13.58250 eV ==== 
     psi = 0.187*[#   3]+0.187*[#   4]+0.187*[#   7]+0.187*[#   8]+0.121*[#   1]
          +0.121*[#   5]
    |psi|^2 = 0.991
==== e(   3) =   -10.00939 eV ==== 
     psi = 0.248*[#   3]+0.248*[#   4]+0.248*[#   7]+0.248*[#   8]+0.001*[#   1]
          +0.001*[#   5]
    |psi|^2 = 0.997
==== e(   4) =    -9.05468 eV ==== 
     psi = 0.495*[#   2]+0.495*[#   6]
    |psi|^2 = 0.990
==== e(   5) =     0.99106 eV ==== 
     psi = 0.468*[#   2]+0.468*[#   6]
    |psi|^2 = 0.936
==== e(   6) =     2.35931 eV ==== 
     psi = 0.004*[#   3]+0.004*[#   4]+0.004*[#   7]+0.004*[#   8]+0.001*[#   1]
          +0.001*[#   5]
    |psi|^2 = 0.017
==== e(   7) =     3.31635 eV ==== 
     psi = 0.009*[#   2]+0.009*[#   6]
    |psi|^2 = 0.018
==== e(   8) =     3.63889 eV ==== 
     psi = 0.278*[#   1]+0.278*[#   5]+0.083*[#   3]+0.083*[#   4]+0.083*[#   7]
          +0.083*[#   8]
    |psi|^2 = 0.889

 k =   0.0238095238  0.3986466144  0.0000000000
==== e(   1) =   -21.00513 eV ==== 
     psi = 0.293*[#   1]+0.293*[#   5]+0.099*[#   3]+0.099*[#   4]+0.099*[#   7]
          +0.099*[#   8]
    |psi|^2 = 0.982
==== e(   2) =   -14.20449 eV ==== 
     psi = 0.183*[#   3]+0.183*[#   4]+0.183*[#   7]+0.183*[#   8]+0.129*[#   1]
          +0.129*[#   5]
    |psi|^2 = 0.990
==== e(   3) =   -10.18640 eV ==== 
     psi = 0.248*[#   3]+0.248*[#   4]+0.248*[#   7]+0.248*[#   8]+0.001*[#   1]
          +0.001*[#   5]
    |psi|^2 = 0.996
==== e(   4) =    -8.65738 eV ==== 
     psi = 0.496*[#   2]+0.496*[#   6]
    |psi|^2 = 0.992
==== e(   5) =     0.34080 eV ==== 
     psi = 0.471*[#   2]+0.471*[#   6]
    |psi|^2 = 0.941
==== e(   6) =     2.85461 eV ==== 
     psi = 0.007*[#   1]+0.007*[#   5]+0.001*[#   3]+0.001*[#   4]+0.001*[#   7]
          +0.001*[#   8]
    |psi|^2 = 0.018
==== e(   7) =     3.56556 eV ==== 
     psi = 0.289*[#   1]+0.289*[#   5]+0.078*[#   3]+0.078*[#   4]+0.078*[#   7]
          +0.078*[#   8]
    |psi|^2 = 0.891
==== e(   8) =     3.81906 eV ==== 
     psi = 0.006*[#   2]+0.006*[#   6]
    |psi|^2 = 0.011

 k =   0.0238095238  0.4261394844  0.0000000000
==== e(   1) =   -20.62140 eV ==== 
     psi = 0.284*[#   1]+0.284*[#   5]+0.104*[#   3]+0.104*[#   4]+0.104*[#   7]
          +0.104*[#   8]
    |psi|^2 = 0.983
==== e(   2) =   -14.81624 eV ==== 
     psi = 0.179*[#   3]+0.179*[#   4]+0.179*[#   7]+0.179*[#   8]+0.137*[#   1]
          +0.137*[#   5]
    |psi|^2 = 0.989
==== e(   3) =   -10.34077 eV ==== 
     psi = 0.248*[#   3]+0.248*[#   4]+0.248*[#   7]+0.248*[#   8]+0.001*[#   1]
          +0.001*[#   5]
    |psi|^2 = 0.996
==== e(   4) =    -8.24824 eV ==== 
     psi = 0.497*[#   2]+0.497*[#   6]
    |psi|^2 = 0.994
==== e(   5) =    -0.29461 eV ==== 
     psi = 0.472*[#   2]+0.472*[#   6]
    |psi|^2 = 0.944
==== e(   6) =     3.31926 eV ==== 
     psi = 0.117*[#   1]+0.117*[#   5]+0.012*[#   3]+0.012*[#   4]+0.012*[#   7]
          +0.012*[#   8]
    |psi|^2 = 0.281
==== e(   7) =     3.56522 eV ==== 
     psi = 0.193*[#   1]+0.193*[#   5]+0.060*[#   3]+0.060*[#   4]+0.060*[#   7]
          +0.060*[#   8]
    |psi|^2 = 0.628
==== e(   8) =     4.35848 eV ==== 
     psi = 0.004*[#   2]+0.004*[#   6]
    |psi|^2 = 0.008

 k =   0.0238095238  0.4536323544  0.0000000000
==== e(   1) =   -20.21681 eV ==== 
     psi = 0.276*[#   1]+0.276*[#   5]+0.108*[#   3]+0.108*[#   4]+0.108*[#   7]
          +0.108*[#   8]
    |psi|^2 = 0.984
==== e(   2) =   -15.41390 eV ==== 
     psi = 0.176*[#   3]+0.176*[#   4]+0.176*[#   7]+0.176*[#   8]+0.143*[#   1]
          +0.143*[#   5]
    |psi|^2 = 0.988
==== e(   3) =   -10.47120 eV ==== 
     psi = 0.248*[#   3]+0.248*[#   4]+0.248*[#   7]+0.248*[#   8]+0.001*[#   1]
          +0.001*[#   5]
    |psi|^2 = 0.996
==== e(   4) =    -7.83638 eV ==== 
     psi = 0.498*[#   2]+0.498*[#   6]
    |psi|^2 = 0.995
==== e(   5) =    -0.90107 eV ==== 
     psi = 0.473*[#   2]+0.473*[#   6]
    |psi|^2 = 0.946
==== e(   6) =     3.38024 eV ==== 
     psi = 0.308*[#   1]+0.308*[#   5]+0.055*[#   3]+0.055*[#   4]+0.055*[#   7]
          +0.055*[#   8]
    |psi|^2 = 0.836
==== e(   7) =     4.01276 eV ==== 
     psi = 0.013*[#   1]+0.013*[#   5]+0.011*[#   3]+0.011*[#   4]+0.011*[#   7]
          +0.011*[#   8]
    |psi|^2 = 0.071
==== e(   8) =     4.93252 eV ==== 
     psi = 0.003*[#   2]+0.003*[#   6]
    |psi|^2 = 0.007

 k =   0.0238095238  0.4811252243  0.0000000000
==== e(   1) =   -19.79430 eV ==== 
     psi = 0.270*[#   1]+0.270*[#   5]+0.111*[#   3]+0.111*[#   4]+0.111*[#   7]
          +0.111*[#   8]
    |psi|^2 = 0.985
==== e(   2) =   -15.99277 eV ==== 
     psi = 0.173*[#   3]+0.173*[#   4]+0.173*[#   7]+0.173*[#   8]+0.147*[#   1]
          +0.147*[#   5]
    |psi|^2 = 0.987
==== e(   3) =   -10.57667 eV ==== 
     psi = 0.248*[#   3]+0.248*[#   4]+0.248*[#   7]+0.248*[#   8]+0.001*[#   1]
          +0.001*[#   5]
    |psi|^2 = 0.996
==== e(   4) =    -7.43641 eV ==== 
     psi = 0.498*[#   2]+0.498*[#   6]
    |psi|^2 = 0.996
==== e(   5) =    -1.46047 eV ==== 
     psi = 0.474*[#   2]+0.474*[#   6]
    |psi|^2 = 0.948
==== e(   6) =     3.33836 eV ==== 
     psi = 0.327*[#   1]+0.327*[#   5]+0.056*[#   3]+0.056*[#   4]+0.056*[#   7]
          +0.056*[#   8]
    |psi|^2 = 0.878
==== e(   7) =     4.60827 eV ==== 
     psi = 0.005*[#   3]+0.005*[#   4]+0.005*[#   7]+0.005*[#   8]+0.003*[#   1]
          +0.003*[#   5]
    |psi|^2 = 0.027
==== e(   8) =     5.53958 eV ==== 
     psi = 0.003*[#   2]+0.003*[#   6]
    |psi|^2 = 0.006

 k =   0.0238095238  0.5086180943  0.0000000000
==== e(   1) =   -19.36041 eV ==== 
     psi = 0.269*[#   1]+0.269*[#   5]+0.112*[#   3]+0.112*[#   4]+0.112*[#   7]
          +0.112*[#   8]
    |psi|^2 = 0.987
==== e(   2) =   -16.54503 eV ==== 
     psi = 0.173*[#   3]+0.173*[#   4]+0.173*[#   7]+0.173*[#   8]+0.147*[#   1]
          +0.147*[#   5]
    |psi|^2 = 0.986
==== e(   3) =   -10.65640 eV ==== 
     psi = 0.248*[#   3]+0.248*[#   4]+0.248*[#   7]+0.248*[#   8]+0.001*[#   1]
          +0.001*[#   5]
    |psi|^2 = 0.996
==== e(   4) =    -7.07225 eV ==== 
     psi = 0.498*[#   2]+0.498*[#   6]
    |psi|^2 = 0.997
==== e(   5) =    -1.94635 eV ==== 
     psi = 0.474*[#   2]+0.474*[#   6]
    |psi|^2 = 0.949
==== e(   6) =     3.30080 eV ==== 
     psi = 0.336*[#   1]+0.336*[#   5]+0.054*[#   3]+0.054*[#   4]+0.054*[#   7]
          +0.054*[#   8]
    |psi|^2 = 0.889
==== e(   7) =     5.24463 eV ==== 
     psi = 0.003*[#   3]+0.003*[#   4]+0.003*[#   7]+0.003*[#   8]+0.001*[#   1]
          +0.001*[#   5]
    |psi|^2 = 0.015
==== e(   8) =     6.17770 eV ==== 
     psi = 0.003*[#   2]+0.003*[#   6]
    |psi|^2 = 0.006

 k =   0.0238095238  0.5361109642  0.0000000000
==== e(   1) =   -18.93409 eV ==== 
     psi = 0.277*[#   1]+0.277*[#   5]+0.109*[#   3]+0.109*[#   4]+0.109*[#   7]
          +0.109*[#   8]
    |psi|^2 = 0.989
==== e(   2) =   -17.05078 eV ==== 
     psi = 0.176*[#   3]+0.176*[#   4]+0.176*[#   7]+0.176*[#   8]+0.139*[#   1]
          +0.139*[#   5]
    |psi|^2 = 0.983
==== e(   3) =   -10.70985 eV ==== 
     psi = 0.248*[#   3]+0.248*[#   4]+0.248*[#   7]+0.248*[#   8]+0.001*[#   1]
          +0.001*[#   5]
    |psi|^2 = 0.996
==== e(   4) =    -6.78166 eV ==== 
     psi = 0.499*[#   2]+0.499*[#   6]
    |psi|^2 = 0.997
==== e(   5) =    -2.31908 eV ==== 
     psi = 0.475*[#   2]+0.475*[#   6]
    |psi|^2 = 0.950
==== e(   6) =     3.27447 eV ==== 
     psi = 0.341*[#   1]+0.341*[#   5]+0.052*[#   3]+0.052*[#   4]+0.052*[#   7]
          +0.052*[#   8]
    |psi|^2 = 0.893
==== e(   7) =     5.91398 eV ==== 
     psi = 0.002*[#   3]+0.002*[#   4]+0.002*[#   7]+0.002*[#   8]+0.001*[#   1]
          +0.001*[#   5]
    |psi|^2 = 0.010
==== e(   8) =     6.84327 eV ==== 
     psi = 0.003*[#   2]+0.003*[#   6]
    |psi|^2 = 0.007

 k =   0.0238095238  0.5636038342  0.0000000000
==== e(   1) =   -18.59296 eV ==== 
     psi = 0.302*[#   1]+0.302*[#   5]+0.097*[#   3]+0.097*[#   4]+0.097*[#   7]
          +0.097*[#   8]
    |psi|^2 = 0.993
==== e(   2) =   -17.43178 eV ==== 
     psi = 0.188*[#   3]+0.188*[#   4]+0.188*[#   7]+0.188*[#   8]+0.114*[#   1]
          +0.114*[#   5]
    |psi|^2 = 0.980
==== e(   3) =   -10.73666 eV ==== 
     psi = 0.248*[#   3]+0.248*[#   4]+0.248*[#   7]+0.248*[#   8]+0.001*[#   1]
          +0.001*[#   5]
    |psi|^2 = 0.996
==== e(   4) =    -6.61520 eV ==== 
     psi = 0.499*[#   2]+0.499*[#   6]
    |psi|^2 = 0.998
==== e(   5) =    -2.52691 eV ==== 
     psi = 0.475*[#   2]+0.475*[#   6]
    |psi|^2 = 0.950
==== e(   6) =     3.26102 eV ==== 
     psi = 0.344*[#   1]+0.344*[#   5]+0.052*[#   3]+0.052*[#   4]+0.052*[#   7]
          +0.052*[#   8]
    |psi|^2 = 0.894
==== e(   7) =     6.60963 eV ==== 
     psi = 0.002*[#   1]+0.002*[#   5]+0.001*[#   3]+0.001*[#   4]+0.001*[#   7]
          +0.001*[#   8]
    |psi|^2 = 0.009
==== e(   8) =     7.35264 eV ==== 
     psi = 0.003*[#   1]+0.003*[#   5]+0.002*[#   3]+0.002*[#   4]+0.002*[#   7]
          +0.002*[#   8]
    |psi|^2 = 0.012

 k =   0.0476190476  0.0824786099  0.0000000000
==== e(   1) =   -23.61825 eV ==== 
     psi = 0.464*[#   1]+0.464*[#   5]+0.014*[#   3]+0.014*[#   4]+0.014*[#   7]
          +0.014*[#   8]
    |psi|^2 = 0.984
==== e(   2) =   -11.67556 eV ==== 
     psi = 0.475*[#   2]+0.475*[#   6]
    |psi|^2 = 0.951
==== e(   3) =    -7.92606 eV ==== 
     psi = 0.242*[#   3]+0.242*[#   4]+0.242*[#   7]+0.242*[#   8]+0.015*[#   1]
          +0.015*[#   5]
    |psi|^2 = 0.998
==== e(   4) =    -7.65037 eV ==== 
     psi = 0.249*[#   3]+0.249*[#   4]+0.249*[#   7]+0.249*[#   8]
    |psi|^2 = 0.997
==== e(   5) =    -0.73102 eV ==== 
     psi = 0.004*[#   3]+0.004*[#   4]+0.004*[#   7]+0.004*[#   8]+0.001*[#   1]
          +0.001*[#   5]
    |psi|^2 = 0.021
==== e(   6) =     0.17448 eV ==== 
     psi = 0.013*[#   2]+0.013*[#   6]
    |psi|^2 = 0.025
==== e(   7) =     1.97348 eV ==== 

    |psi|^2 = 0.004
==== e(   8) =     2.88211 eV ==== 
     psi = 0.007*[#   2]+0.007*[#   6]
    |psi|^2 = 0.013

 k =   0.0476190476  0.1099714798  0.0000000000
==== e(   1) =   -23.52481 eV ==== 
     psi = 0.450*[#   1]+0.450*[#   5]+0.021*[#   3]+0.021*[#   4]+0.021*[#   7]
          +0.021*[#   8]
    |psi|^2 = 0.984
==== e(   2) =   -11.56382 eV ==== 
     psi = 0.477*[#   2]+0.477*[#   6]
    |psi|^2 = 0.953
==== e(   3) =    -8.25683 eV ==== 
     psi = 0.238*[#   3]+0.238*[#   4]+0.238*[#   7]+0.238*[#   8]+0.023*[#   1]
          +0.023*[#   5]
    |psi|^2 = 0.998
==== e(   4) =    -7.84175 eV ==== 
     psi = 0.248*[#   3]+0.248*[#   4]+0.248*[#   7]+0.248*[#   8]+0.002*[#   1]
          +0.002*[#   5]
    |psi|^2 = 0.997
==== e(   5) =    -0.60395 eV ==== 
     psi = 0.006*[#   3]+0.006*[#   4]+0.006*[#   7]+0.006*[#   8]
    |psi|^2 = 0.026
==== e(   6) =     0.30259 eV ==== 
     psi = 0.012*[#   2]+0.012*[#   6]
    |psi|^2 = 0.024
==== e(   7) =     2.10129 eV ==== 

    |psi|^2 = 0.004
==== e(   8) =     3.00885 eV ==== 
     psi = 0.006*[#   2]+0.006*[#   6]
    |psi|^2 = 0.013

 k =   0.0476190476  0.1374643498  0.0000000000
==== e(   1) =   -23.40481 eV ==== 
     psi = 0.434*[#   1]+0.434*[#   5]+0.029*[#   3]+0.029*[#   4]+0.029*[#   7]
          +0.029*[#   8]
    |psi|^2 = 0.984
==== e(   2) =   -11.42057 eV ==== 
     psi = 0.478*[#   2]+0.478*[#   6]
    |psi|^2 = 0.956
==== e(   3) =    -8.66109 eV ==== 
     psi = 0.233*[#   3]+0.233*[#   4]+0.233*[#   7]+0.233*[#   8]+0.032*[#   1]
          +0.032*[#   5]
    |psi|^2 = 0.997
==== e(   4) =    -8.06722 eV ==== 
     psi = 0.248*[#   3]+0.248*[#   4]+0.248*[#   7]+0.248*[#   8]+0.003*[#   1]
          +0.003*[#   5]
    |psi|^2 = 0.996
==== e(   5) =    -0.44056 eV ==== 
     psi = 0.008*[#   3]+0.008*[#   4]+0.008*[#   7]+0.008*[#   8]
    |psi|^2 = 0.032
==== e(   6) =     0.46716 eV ==== 
     psi = 0.011*[#   2]+0.011*[#   6]
    |psi|^2 = 0.023
==== e(   7) =     2.26562 eV ==== 

    |psi|^2 = 0.004
==== e(   8) =     3.17181 eV ==== 
     psi = 0.006*[#   2]+0.006*[#   6]
    |psi|^2 = 0.012

 k =   0.0476190476  0.1649572198  0.0000000000
==== e(   1) =   -23.25836 eV ==== 
     psi = 0.416*[#   1]+0.416*[#   5]+0.038*[#   3]+0.038*[#   4]+0.038*[#   7]
          +0.038*[#   8]
    |psi|^2 = 0.983
==== e(   2) =   -11.24615 eV ==== 
     psi = 0.480*[#   2]+0.480*[#   6]
    |psi|^2 = 0.960
==== e(   3) =    -9.12749 eV ==== 
     psi = 0.228*[#   3]+0.228*[#   4]+0.228*[#   7]+0.228*[#   8]+0.042*[#   1]
          +0.042*[#   5]
    |psi|^2 = 0.996
==== e(   4) =    -8.31529 eV ==== 
     psi = 0.247*[#   3]+0.247*[#   4]+0.247*[#   7]+0.247*[#   8]+0.003*[#   1]
          +0.003*[#   5]
    |psi|^2 = 0.996
==== e(   5) =    -0.24089 eV ==== 
     psi = 0.009*[#   3]+0.009*[#   4]+0.009*[#   7]+0.009*[#   8]
    |psi|^2 = 0.036
==== e(   6) =     0.66809 eV ==== 
     psi = 0.010*[#   2]+0.010*[#   6]
    |psi|^2 = 0.021
==== e(   7) =     2.46644 eV ==== 

    |psi|^2 = 0.004
==== e(   8) =     3.37039 eV ==== 
     psi = 0.005*[#   2]+0.005*[#   6]
    |psi|^2 = 0.011

 k =   0.0476190476  0.1924500897  0.0000000000
==== e(   1) =   -23.08560 eV ==== 
     psi = 0.399*[#   1]+0.399*[#   5]+0.046*[#   3]+0.046*[#   4]+0.046*[#   7]
          +0.046*[#   8]
    |psi|^2 = 0.983
==== e(   2) =   -11.04100 eV ==== 
     psi = 0.482*[#   2]+0.482*[#   6]
    |psi|^2 = 0.964
==== e(   3) =    -9.64427 eV ==== 
     psi = 0.222*[#   3]+0.222*[#   4]+0.222*[#   7]+0.222*[#   8]+0.053*[#   1]
          +0.053*[#   5]
    |psi|^2 = 0.996
==== e(   4) =    -8.57608 eV ==== 
     psi = 0.247*[#   3]+0.247*[#   4]+0.247*[#   7]+0.247*[#   8]+0.004*[#   1]
          +0.004*[#   5]
    |psi|^2 = 0.996
==== e(   5) =    -0.00500 eV ==== 
     psi = 0.010*[#   3]+0.010*[#   4]+0.010*[#   7]+0.010*[#   8]
    |psi|^2 = 0.039
==== e(   6) =     0.90517 eV ==== 
     psi = 0.009*[#   2]+0.009*[#   6]
    |psi|^2 = 0.019
==== e(   7) =     2.70343 eV ==== 

    |psi|^2 = 0.004
==== e(   8) =     3.60444 eV ==== 
     psi = 0.006*[#   2]+0.006*[#   6]
    |psi|^2 = 0.013

 k =   0.0476190476  0.2199429597  0.0000000000
==== e(   1) =   -22.88670 eV ==== 
     psi = 0.381*[#   1]+0.381*[#   5]+0.055*[#   3]+0.055*[#   4]+0.055*[#   7]
          +0.055*[#   8]
    |psi|^2 = 0.982
==== e(   2) =   -10.80570 eV ==== 
     psi = 0.484*[#   2]+0.484*[#   6]
    |psi|^2 = 0.968
==== e(   3) =   -10.20022 eV ==== 
     psi = 0.216*[#   3]+0.216*[#   4]+0.216*[#   7]+0.216*[#   8]+0.064*[#   1]
          +0.064*[#   5]
    |psi|^2 = 0.995
==== e(   4) =    -8.84135 eV ==== 
     psi = 0.247*[#   3]+0.247*[#   4]+0.247*[#   7]+0.247*[#   8]+0.004*[#   1]
          +0.004*[#   5]
    |psi|^2 = 0.996
==== e(   5) =     0.26706 eV ==== 
     psi = 0.010*[#   3]+0.010*[#   4]+0.010*[#   7]+0.010*[#   8]
    |psi|^2 = 0.040
==== e(   6) =     1.17799 eV ==== 
     psi = 0.008*[#   2]+0.008*[#   6]
    |psi|^2 = 0.017
==== e(   7) =     2.97622 eV ==== 

    |psi|^2 = 0.004
==== e(   8) =     3.86684 eV ==== 
     psi = 0.013*[#   2]+0.013*[#   6]
    |psi|^2 = 0.026

 k =   0.0476190476  0.2474358297  0.0000000000
==== e(   1) =   -22.66185 eV ==== 
     psi = 0.365*[#   1]+0.365*[#   5]+0.063*[#   3]+0.063*[#   4]+0.063*[#   7]
          +0.063*[#   8]
    |psi|^2 = 0.982
==== e(   2) =   -10.78526 eV ==== 
     psi = 0.211*[#   3]+0.211*[#   4]+0.211*[#   7]+0.211*[#   8]+0.076*[#   1]
          +0.076*[#   5]
    |psi|^2 = 0.994
==== e(   3) =   -10.54099 eV ==== 
     psi = 0.486*[#   2]+0.486*[#   6]
    |psi|^2 = 0.973
==== e(   4) =    -9.10439 eV ==== 
     psi = 0.247*[#   3]+0.247*[#   4]+0.247*[#   7]+0.247*[#   8]+0.005*[#   1]
          +0.005*[#   5]
    |psi|^2 = 0.996
==== e(   5) =     0.57516 eV ==== 
     psi = 0.010*[#   3]+0.010*[#   4]+0.010*[#   7]+0.010*[#   8]
    |psi|^2 = 0.039
==== e(   6) =     1.48563 eV ==== 
     psi = 0.008*[#   2]+0.008*[#   6]
    |psi|^2 = 0.015
==== e(   7) =     3.28355 eV ==== 
     psi = 0.003*[#   1]+0.003*[#   5]
    |psi|^2 = 0.006
==== e(   8) =     3.84696 eV ==== 
     psi = 0.445*[#   2]+0.445*[#   6]
    |psi|^2 = 0.889

 k =   0.0476190476  0.2749286996  0.0000000000
==== e(   1) =   -22.41133 eV ==== 
     psi = 0.349*[#   1]+0.349*[#   5]+0.071*[#   3]+0.071*[#   4]+0.071*[#   7]
          +0.071*[#   8]
    |psi|^2 = 0.982
==== e(   2) =   -11.39060 eV ==== 
     psi = 0.205*[#   3]+0.205*[#   4]+0.205*[#   7]+0.205*[#   8]+0.086*[#   1]
          +0.086*[#   5]
    |psi|^2 = 0.993
==== e(   3) =   -10.24785 eV ==== 
     psi = 0.489*[#   2]+0.489*[#   6]
    |psi|^2 = 0.977
==== e(   4) =    -9.35978 eV ==== 
     psi = 0.247*[#   3]+0.247*[#   4]+0.247*[#   7]+0.247*[#   8]+0.005*[#   1]
          +0.005*[#   5]
    |psi|^2 = 0.996
==== e(   5) =     0.91917 eV ==== 
     psi = 0.009*[#   3]+0.009*[#   4]+0.009*[#   7]+0.009*[#   8]
    |psi|^2 = 0.037
==== e(   6) =     1.82472 eV ==== 
     psi = 0.009*[#   2]+0.009*[#   6]
    |psi|^2 = 0.018
==== e(   7) =     3.26053 eV ==== 
     psi = 0.472*[#   2]+0.472*[#   6]
    |psi|^2 = 0.944
==== e(   8) =     3.61986 eV ==== 
     psi = 0.007*[#   1]+0.007*[#   5]
    |psi|^2 = 0.017

 k =   0.0476190476  0.3024215696  0.0000000000
==== e(   1) =   -22.13542 eV ==== 
     psi = 0.334*[#   1]+0.334*[#   5]+0.078*[#   3]+0.078*[#   4]+0.078*[#   7]
          +0.078*[#   8]
    |psi|^2 = 0.982
==== e(   2) =   -12.00874 eV ==== 
     psi = 0.200*[#   3]+0.200*[#   4]+0.200*[#   7]+0.200*[#   8]+0.097*[#   1]
          +0.097*[#   5]
    |psi|^2 = 0.993
==== e(   3) =    -9.92754 eV ==== 
     psi = 0.491*[#   2]+0.491*[#   6]
    |psi|^2 = 0.981
==== e(   4) =    -9.60318 eV ==== 
     psi = 0.247*[#   3]+0.247*[#   4]+0.247*[#   7]+0.247*[#   8]+0.005*[#   1]
          +0.005*[#   5]
    |psi|^2 = 0.996
==== e(   5) =     1.29888 eV ==== 
     psi = 0.008*[#   3]+0.008*[#   4]+0.008*[#   7]+0.008*[#   8]
    |psi|^2 = 0.032
==== e(   6) =     2.16459 eV ==== 
     psi = 0.053*[#   2]+0.053*[#   6]
    |psi|^2 = 0.105
==== e(   7) =     2.67158 eV ==== 
     psi = 0.428*[#   2]+0.428*[#   6]
    |psi|^2 = 0.856
==== e(   8) =     3.92247 eV ==== 
     psi = 0.095*[#   1]+0.095*[#   5]+0.034*[#   3]+0.034*[#   4]+0.034*[#   7]
          +0.034*[#   8]
    |psi|^2 = 0.326

 k =   0.0476190476  0.3299144395  0.0000000000
==== e(   1) =   -21.83451 eV ==== 
     psi = 0.321*[#   1]+0.321*[#   5]+0.085*[#   3]+0.085*[#   4]+0.085*[#   7]
          +0.085*[#   8]
    |psi|^2 = 0.982
==== e(   2) =   -12.63333 eV ==== 
     psi = 0.195*[#   3]+0.195*[#   4]+0.195*[#   7]+0.195*[#   8]+0.107*[#   1]
          +0.107*[#   5]
    |psi|^2 = 0.992
==== e(   3) =    -9.83111 eV ==== 
     psi = 0.246*[#   3]+0.246*[#   4]+0.246*[#   7]+0.246*[#   8]+0.005*[#   1]
          +0.005*[#   5]
    |psi|^2 = 0.996
==== e(   4) =    -9.58174 eV ==== 
     psi = 0.493*[#   2]+0.493*[#   6]
    |psi|^2 = 0.985
==== e(   5) =     1.71396 eV ==== 
     psi = 0.007*[#   3]+0.007*[#   4]+0.007*[#   7]+0.007*[#   8]
    |psi|^2 = 0.027
==== e(   6) =     1.92189 eV ==== 
     psi = 0.444*[#   2]+0.444*[#   6]
    |psi|^2 = 0.888
==== e(   7) =     2.68466 eV ==== 
     psi = 0.036*[#   2]+0.036*[#   6]
    |psi|^2 = 0.072
==== e(   8) =     3.93286 eV ==== 
     psi = 0.235*[#   1]+0.235*[#   5]+0.089*[#   3]+0.089*[#   4]+0.089*[#   7]
          +0.089*[#   8]
    |psi|^2 = 0.826

 k =   0.0476190476  0.3574073095  0.0000000000
==== e(   1) =   -21.50908 eV ==== 
     psi = 0.308*[#   1]+0.308*[#   5]+0.091*[#   3]+0.091*[#   4]+0.091*[#   7]
          +0.091*[#   8]
    |psi|^2 = 0.982
==== e(   2) =   -13.25897 eV ==== 
     psi = 0.190*[#   3]+0.190*[#   4]+0.190*[#   7]+0.190*[#   8]+0.116*[#   1]
          +0.116*[#   5]
    |psi|^2 = 0.991
==== e(   3) =   -10.04081 eV ==== 
     psi = 0.246*[#   3]+0.246*[#   4]+0.246*[#   7]+0.246*[#   8]+0.005*[#   1]
          +0.005*[#   5]
    |psi|^2 = 0.996
==== e(   4) =    -9.21279 eV ==== 
     psi = 0.494*[#   2]+0.494*[#   6]
    |psi|^2 = 0.989
==== e(   5) =     1.28956 eV ==== 
     psi = 0.468*[#   2]+0.468*[#   6]
    |psi|^2 = 0.935
==== e(   6) =     2.16377 eV ==== 
     psi = 0.005*[#   3]+0.005*[#   4]+0.005*[#   7]+0.005*[#   8]
    |psi|^2 = 0.021
==== e(   7) =     3.11575 eV ==== 
     psi = 0.011*[#   2]+0.011*[#   6]
    |psi|^2 = 0.022
==== e(   8) =     3.85612 eV ==== 
     psi = 0.262*[#   1]+0.262*[#   5]+0.087*[#   3]+0.087*[#   4]+0.087*[#   7]
          +0.087*[#   8]
    |psi|^2 = 0.873

 k =   0.0476190476  0.3849001795  0.0000000000
==== e(   1) =   -21.15975 eV ==== 
     psi = 0.297*[#   1]+0.297*[#   5]+0.097*[#   3]+0.097*[#   4]+0.097*[#   7]
          +0.097*[#   8]
    |psi|^2 = 0.982
==== e(   2) =   -13.88104 eV ==== 
     psi = 0.185*[#   3]+0.185*[#   4]+0.185*[#   7]+0.185*[#   8]+0.125*[#   1]
          +0.125*[#   5]
    |psi|^2 = 0.991
==== e(   3) =   -10.23004 eV ==== 
     psi = 0.246*[#   3]+0.246*[#   4]+0.246*[#   7]+0.246*[#   8]+0.005*[#   1]
          +0.005*[#   5]
    |psi|^2 = 0.996
==== e(   4) =    -8.82393 eV ==== 
     psi = 0.496*[#   2]+0.496*[#   6]
    |psi|^2 = 0.991
==== e(   5) =     0.64166 eV ==== 
     psi = 0.471*[#   2]+0.471*[#   6]
    |psi|^2 = 0.942
==== e(   6) =     2.64674 eV ==== 
     psi = 0.003*[#   3]+0.003*[#   4]+0.003*[#   7]+0.003*[#   8]+0.002*[#   1]
          +0.002*[#   5]
    |psi|^2 = 0.015
==== e(   7) =     3.59906 eV ==== 
     psi = 0.006*[#   2]+0.006*[#   6]
    |psi|^2 = 0.013
==== e(   8) =     3.77683 eV ==== 
     psi = 0.280*[#   1]+0.280*[#   5]+0.082*[#   3]+0.082*[#   4]+0.082*[#   7]
          +0.082*[#   8]
    |psi|^2 = 0.889

 k =   0.0476190476  0.4123930494  0.0000000000
==== e(   1) =   -20.78739 eV ==== 
     psi = 0.287*[#   1]+0.287*[#   5]+0.102*[#   3]+0.102*[#   4]+0.102*[#   7]
          +0.102*[#   8]
    |psi|^2 = 0.983
==== e(   2) =   -14.49543 eV ==== 
     psi = 0.181*[#   3]+0.181*[#   4]+0.181*[#   7]+0.181*[#   8]+0.133*[#   1]
          +0.133*[#   5]
    |psi|^2 = 0.990
==== e(   3) =   -10.39704 eV ==== 
     psi = 0.246*[#   3]+0.246*[#   4]+0.246*[#   7]+0.246*[#   8]+0.005*[#   1]
          +0.005*[#   5]
    |psi|^2 = 0.996
==== e(   4) =    -8.41992 eV ==== 
     psi = 0.497*[#   2]+0.497*[#   6]
    |psi|^2 = 0.993
==== e(   5) =     0.00152 eV ==== 
     psi = 0.473*[#   2]+0.473*[#   6]
    |psi|^2 = 0.945
==== e(   6) =     3.15522 eV ==== 
     psi = 0.012*[#   1]+0.012*[#   5]
    |psi|^2 = 0.026
==== e(   7) =     3.71186 eV ==== 
     psi = 0.286*[#   1]+0.286*[#   5]+0.077*[#   3]+0.077*[#   4]+0.077*[#   7]
          +0.077*[#   8]
    |psi|^2 = 0.880
==== e(   8) =     4.12019 eV ==== 
     psi = 0.005*[#   2]+0.005*[#   6]
    |psi|^2 = 0.009

 k =   0.0476190476  0.4398859194  0.0000000000
==== e(   1) =   -20.39328 eV ==== 
     psi = 0.279*[#   1]+0.279*[#   5]+0.107*[#   3]+0.107*[#   4]+0.107*[#   7]
          +0.107*[#   8]
    |psi|^2 = 0.984
==== e(   2) =   -15.09823 eV ==== 
     psi = 0.177*[#   3]+0.177*[#   4]+0.177*[#   7]+0.177*[#   8]+0.140*[#   1]
          +0.140*[#   5]
    |psi|^2 = 0.989
==== e(   3) =   -10.54041 eV ==== 
     psi = 0.246*[#   3]+0.246*[#   4]+0.246*[#   7]+0.246*[#   8]+0.005*[#   1]
          +0.005*[#   5]
    |psi|^2 = 0.996
==== e(   4) =    -8.00799 eV ==== 
     psi = 0.497*[#   2]+0.497*[#   6]
    |psi|^2 = 0.995
==== e(   5) =    -0.61758 eV ==== 
     psi = 0.473*[#   2]+0.473*[#   6]
    |psi|^2 = 0.947
==== e(   6) =     3.54428 eV ==== 
     psi = 0.224*[#   1]+0.224*[#   5]+0.036*[#   3]+0.036*[#   4]+0.036*[#   7]
          +0.036*[#   8]
    |psi|^2 = 0.593
==== e(   7) =     3.80921 eV ==== 
     psi = 0.086*[#   1]+0.086*[#   5]+0.035*[#   3]+0.035*[#   4]+0.035*[#   7]
          +0.035*[#   8]
    |psi|^2 = 0.312
==== e(   8) =     4.67625 eV ==== 
     psi = 0.004*[#   2]+0.004*[#   6]
    |psi|^2 = 0.007

 k =   0.0476190476  0.4673787893  0.0000000000
==== e(   1) =   -19.97960 eV ==== 
     psi = 0.272*[#   1]+0.272*[#   5]+0.110*[#   3]+0.110*[#   4]+0.110*[#   7]
          +0.110*[#   8]
    |psi|^2 = 0.985
==== e(   2) =   -15.68523 eV ==== 
     psi = 0.174*[#   3]+0.174*[#   4]+0.174*[#   7]+0.174*[#   8]+0.145*[#   1]
          +0.145*[#   5]
    |psi|^2 = 0.988
==== e(   3) =   -10.65906 eV ==== 
     psi = 0.246*[#   3]+0.246*[#   4]+0.246*[#   7]+0.246*[#   8]+0.005*[#   1]
          +0.005*[#   5]
    |psi|^2 = 0.996
==== e(   4) =    -7.59955 eV ==== 
     psi = 0.498*[#   2]+0.498*[#   6]
    |psi|^2 = 0.996
==== e(   5) =    -1.20027 eV ==== 
     psi = 0.474*[#   2]+0.474*[#   6]
    |psi|^2 = 0.949
==== e(   6) =     3.53828 eV ==== 
     psi = 0.314*[#   1]+0.314*[#   5]+0.057*[#   3]+0.057*[#   4]+0.057*[#   7]
          +0.057*[#   8]
    |psi|^2 = 0.857
==== e(   7) =     4.34606 eV ==== 
     psi = 0.008*[#   3]+0.008*[#   4]+0.008*[#   7]+0.008*[#   8]+0.007*[#   1]
          +0.007*[#   5]
    |psi|^2 = 0.046
==== e(   8) =     5.26558 eV ==== 
     psi = 0.003*[#   2]+0.003*[#   6]
    |psi|^2 = 0.006

 k =   0.0476190476  0.4948716593  0.0000000000
==== e(   1) =   -19.55063 eV ==== 
     psi = 0.268*[#   1]+0.268*[#   5]+0.112*[#   3]+0.112*[#   4]+0.112*[#   7]
          +0.112*[#   8]
    |psi|^2 = 0.986
==== e(   2) =   -16.25055 eV ==== 
     psi = 0.173*[#   3]+0.173*[#   4]+0.173*[#   7]+0.173*[#   8]+0.148*[#   1]
          +0.148*[#   5]
    |psi|^2 = 0.987
==== e(   3) =   -10.75216 eV ==== 
     psi = 0.246*[#   3]+0.246*[#   4]+0.246*[#   7]+0.246*[#   8]+0.005*[#   1]
          +0.005*[#   5]
    |psi|^2 = 0.996
==== e(   4) =    -7.21321 eV ==== 
     psi = 0.498*[#   2]+0.498*[#   6]
    |psi|^2 = 0.997
==== e(   5) =    -1.72502 eV ==== 
     psi = 0.475*[#   2]+0.475*[#   6]
    |psi|^2 = 0.950
==== e(   6) =     3.49833 eV ==== 
     psi = 0.327*[#   1]+0.327*[#   5]+0.057*[#   3]+0.057*[#   4]+0.057*[#   7]
          +0.057*[#   8]
    |psi|^2 = 0.881
==== e(   7) =     4.96184 eV ==== 
     psi = 0.004*[#   3]+0.004*[#   4]+0.004*[#   7]+0.004*[#   8]+0.002*[#   1]
          +0.002*[#   5]
    |psi|^2 = 0.021
==== e(   8) =     5.88629 eV ==== 
     psi = 0.003*[#   2]+0.003*[#   6]
    |psi|^2 = 0.006

 k =   0.0476190476  0.5223645293  0.0000000000
==== e(   1) =   -19.11708 eV ==== 
     psi = 0.271*[#   1]+0.271*[#   5]+0.112*[#   3]+0.112*[#   4]+0.112*[#   7]
          +0.112*[#   8]
    |psi|^2 = 0.988
==== e(   2) =   -16.78231 eV ==== 
     psi = 0.174*[#   3]+0.174*[#   4]+0.174*[#   7]+0.174*[#   8]+0.145*[#   1]
          +0.145*[#   5]
    |psi|^2 = 0.985
==== e(   3) =   -10.81908 eV ==== 
     psi = 0.246*[#   3]+0.246*[#   4]+0.246*[#   7]+0.246*[#   8]+0.005*[#   1]
          +0.005*[#   5]
    |psi|^2 = 0.996
==== e(   4) =    -6.87932 eV ==== 
     psi = 0.499*[#   2]+0.499*[#   6]
    |psi|^2 = 0.997
==== e(   5) =    -2.15930 eV ==== 
     psi = 0.475*[#   2]+0.475*[#   6]
    |psi|^2 = 0.951
==== e(   6) =     3.46634 eV ==== 
     psi = 0.334*[#   1]+0.334*[#   5]+0.055*[#   3]+0.055*[#   4]+0.055*[#   7]
          +0.055*[#   8]
    |psi|^2 = 0.888
==== e(   7) =     5.61430 eV ==== 
     psi = 0.002*[#   3]+0.002*[#   4]+0.002*[#   7]+0.002*[#   8]+0.001*[#   1]
          +0.001*[#   5]
    |psi|^2 = 0.012
==== e(   8) =     6.53528 eV ==== 
     psi = 0.003*[#   2]+0.003*[#   6]
    |psi|^2 = 0.006

 k =   0.0476190476  0.5498573992  0.0000000000
==== e(   1) =   -18.71577 eV ==== 
     psi = 0.286*[#   1]+0.286*[#   5]+0.105*[#   3]+0.105*[#   4]+0.105*[#   7]
          +0.105*[#   8]
    |psi|^2 = 0.991
==== e(   2) =   -17.24286 eV ==== 
     psi = 0.181*[#   3]+0.181*[#   4]+0.181*[#   7]+0.181*[#   8]+0.129*[#   1]
          +0.129*[#   5]
    |psi|^2 = 0.982
==== e(   3) =   -10.85939 eV ==== 
     psi = 0.246*[#   3]+0.246*[#   4]+0.246*[#   7]+0.246*[#   8]+0.005*[#   1]
          +0.005*[#   5]
    |psi|^2 = 0.995
==== e(   4) =    -6.64328 eV ==== 
     psi = 0.499*[#   2]+0.499*[#   6]
    |psi|^2 = 0.998
==== e(   5) =    -2.45616 eV ==== 
     psi = 0.476*[#   2]+0.476*[#   6]
    |psi|^2 = 0.951
==== e(   6) =     3.44640 eV ==== 
     psi = 0.338*[#   1]+0.338*[#   5]+0.054*[#   3]+0.054*[#   4]+0.054*[#   7]
          +0.054*[#   8]
    |psi|^2 = 0.891
==== e(   7) =     6.29722 eV ==== 
     psi = 0.002*[#   1]+0.002*[#   3]+0.002*[#   4]+0.002*[#   5]+0.002*[#   7]
          +0.002*[#   8]
    |psi|^2 = 0.010
==== e(   8) =     7.20480 eV ==== 
     psi = 0.004*[#   2]+0.004*[#   6]
    |psi|^2 = 0.008

 k =   0.0476190476  0.5773502692  0.0000000000
==== e(   1) =   -18.50705 eV ==== 
     psi = 0.309*[#   1]+0.309*[#   5]+0.094*[#   3]+0.094*[#   4]+0.094*[#   7]
          +0.094*[#   8]
    |psi|^2 = 0.994
==== e(   2) =   -17.47138 eV ==== 
     psi = 0.192*[#   3]+0.192*[#   4]+0.192*[#   7]+0.192*[#   8]+0.106*[#   1]
          +0.106*[#   5]
    |psi|^2 = 0.979
==== e(   3) =   -10.87286 eV ==== 
     psi = 0.246*[#   3]+0.246*[#   4]+0.246*[#   7]+0.246*[#   8]+0.005*[#   1]
          +0.005*[#   5]
    |psi|^2 = 0.995
==== e(   4) =    -6.55634 eV ==== 
     psi = 0.499*[#   2]+0.499*[#   6]
    |psi|^2 = 0.998
==== e(   5) =    -2.56349 eV ==== 
     psi = 0.476*[#   2]+0.476*[#   6]
    |psi|^2 = 0.951
==== e(   6) =     3.43966 eV ==== 
     psi = 0.339*[#   1]+0.339*[#   5]+0.053*[#   3]+0.053*[#   4]+0.053*[#   7]
          +0.053*[#   8]
    |psi|^2 = 0.892
==== e(   7) =     6.93799 eV ==== 
     psi = 0.005*[#   1]+0.005*[#   5]
    |psi|^2 = 0.011
==== e(   8) =     7.09095 eV ==== 
     psi = 0.002*[#   3]+0.002*[#   4]+0.002*[#   7]+0.002*[#   8]
    |psi|^2 = 0.010

 k =   0.0714285714  0.1237179148  0.0000000000
==== e(   1) =   -23.41814 eV ==== 
     psi = 0.435*[#   1]+0.435*[#   5]+0.028*[#   3]+0.028*[#   4]+0.028*[#   7]
          +0.028*[#   8]
    |psi|^2 = 0.984
==== e(   2) =   -11.43646 eV ==== 
     psi = 0.478*[#   2]+0.478*[#   6]
    |psi|^2 = 0.956
==== e(   3) =    -8.59921 eV ==== 
     psi = 0.234*[#   3]+0.234*[#   4]+0.234*[#   7]+0.234*[#   8]+0.030*[#   1]
          +0.030*[#   5]
    |psi|^2 = 0.998
==== e(   4) =    -8.06374 eV ==== 
     psi = 0.247*[#   3]+0.247*[#   4]+0.247*[#   7]+0.247*[#   8]+0.004*[#   1]
          +0.004*[#   5]
    |psi|^2 = 0.996
==== e(   5) =    -0.45870 eV ==== 
     psi = 0.008*[#   3]+0.008*[#   4]+0.008*[#   7]+0.008*[#   8]
    |psi|^2 = 0.031
==== e(   6) =     0.44890 eV ==== 
     psi = 0.011*[#   2]+0.011*[#   6]
    |psi|^2 = 0.023
==== e(   7) =     2.24744 eV ==== 

    |psi|^2 = 0.004
==== e(   8) =     3.15373 eV ==== 
     psi = 0.006*[#   2]+0.006*[#   6]
    |psi|^2 = 0.012

 k =   0.0714285714  0.1512107848  0.0000000000
==== e(   1) =   -23.28498 eV ==== 
     psi = 0.419*[#   1]+0.419*[#   5]+0.036*[#   3]+0.036*[#   4]+0.036*[#   7]
          +0.036*[#   8]
    |psi|^2 = 0.983
==== e(   2) =   -11.27778 eV ==== 
     psi = 0.480*[#   2]+0.480*[#   6]
    |psi|^2 = 0.959
==== e(   3) =    -9.00566 eV ==== 
     psi = 0.230*[#   3]+0.230*[#   4]+0.230*[#   7]+0.230*[#   8]+0.039*[#   1]
          +0.039*[#   5]
    |psi|^2 = 0.997
==== e(   4) =    -8.31828 eV ==== 
     psi = 0.246*[#   3]+0.246*[#   4]+0.246*[#   7]+0.246*[#   8]+0.005*[#   1]
          +0.005*[#   5]
    |psi|^2 = 0.995
==== e(   5) =    -0.27713 eV ==== 
     psi = 0.009*[#   3]+0.009*[#   4]+0.009*[#   7]+0.009*[#   8]
    |psi|^2 = 0.036
==== e(   6) =     0.63162 eV ==== 
     psi = 0.010*[#   2]+0.010*[#   6]
    |psi|^2 = 0.021
==== e(   7) =     2.43018 eV ==== 

    |psi|^2 = 0.004
==== e(   8) =     3.33455 eV ==== 
     psi = 0.005*[#   2]+0.005*[#   6]
    |psi|^2 = 0.011

 k =   0.0714285714  0.1787036547  0.0000000000
==== e(   1) =   -23.12545 eV ==== 
     psi = 0.403*[#   1]+0.403*[#   5]+0.044*[#   3]+0.044*[#   4]+0.044*[#   7]
          +0.044*[#   8]
    |psi|^2 = 0.983
==== e(   2) =   -11.08818 eV ==== 
     psi = 0.482*[#   2]+0.482*[#   6]
    |psi|^2 = 0.963
==== e(   3) =    -9.46921 eV ==== 
     psi = 0.225*[#   3]+0.225*[#   4]+0.225*[#   7]+0.225*[#   8]+0.049*[#   1]
          +0.049*[#   5]
    |psi|^2 = 0.997
==== e(   4) =    -8.59076 eV ==== 
     psi = 0.245*[#   3]+0.245*[#   4]+0.245*[#   7]+0.245*[#   8]+0.007*[#   1]
          +0.007*[#   5]
    |psi|^2 = 0.995
==== e(   5) =    -0.05930 eV ==== 
     psi = 0.010*[#   3]+0.010*[#   4]+0.010*[#   7]+0.010*[#   8]
    |psi|^2 = 0.039
==== e(   6) =     0.85061 eV ==== 
     psi = 0.010*[#   2]+0.010*[#   6]
    |psi|^2 = 0.019
==== e(   7) =     2.64934 eV ==== 

    |psi|^2 = 0.004
==== e(   8) =     3.55071 eV ==== 
     psi = 0.005*[#   2]+0.005*[#   6]
    |psi|^2 = 0.010

 k =   0.0714285714  0.2061965247  0.0000000000
==== e(   1) =   -22.93971 eV ==== 
     psi = 0.386*[#   1]+0.386*[#   5]+0.053*[#   3]+0.053*[#   4]+0.053*[#   7]
          +0.053*[#   8]
    |psi|^2 = 0.983
==== e(   2) =   -10.86817 eV ==== 
     psi = 0.484*[#   2]+0.484*[#   6]
    |psi|^2 = 0.967
==== e(   3) =    -9.98087 eV ==== 
     psi = 0.219*[#   3]+0.219*[#   4]+0.219*[#   7]+0.219*[#   8]+0.059*[#   1]
          +0.059*[#   5]
    |psi|^2 = 0.996
==== e(   4) =    -8.86983 eV ==== 
     psi = 0.245*[#   3]+0.245*[#   4]+0.245*[#   7]+0.245*[#   8]+0.008*[#   1]
          +0.008*[#   5]
    |psi|^2 = 0.995
==== e(   5) =     0.19473 eV ==== 
     psi = 0.010*[#   3]+0.010*[#   4]+0.010*[#   7]+0.010*[#   8]
    |psi|^2 = 0.041
==== e(   6) =     1.10561 eV ==== 
     psi = 0.009*[#   2]+0.009*[#   6]
    |psi|^2 = 0.017
==== e(   7) =     2.90473 eV ==== 

    |psi|^2 = 0.004
==== e(   8) =     3.80098 eV ==== 
     psi = 0.006*[#   2]+0.006*[#   6]
    |psi|^2 = 0.013

 k =   0.0714285714  0.2336893947  0.0000000000
==== e(   1) =   -22.72795 eV ==== 
     psi = 0.369*[#   1]+0.369*[#   5]+0.061*[#   3]+0.061*[#   4]+0.061*[#   7]
          +0.061*[#   8]
    |psi|^2 = 0.982
==== e(   2) =   -10.61839 eV ==== 
     psi = 0.486*[#   2]+0.486*[#   6]
    |psi|^2 = 0.972
==== e(   3) =   -10.53077 eV ==== 
     psi = 0.214*[#   3]+0.214*[#   4]+0.214*[#   7]+0.214*[#   8]+0.070*[#   1]
          +0.070*[#   5]
    |psi|^2 = 0.995
==== e(   4) =    -9.14726 eV ==== 
     psi = 0.244*[#   3]+0.244*[#   4]+0.244*[#   7]+0.244*[#   8]+0.009*[#   1]
          +0.009*[#   5]
    |psi|^2 = 0.995
==== e(   5) =     0.48487 eV ==== 
     psi = 0.010*[#   3]+0.010*[#   4]+0.010*[#   7]+0.010*[#   8]
    |psi|^2 = 0.040
==== e(   6) =     1.39605 eV ==== 
     psi = 0.008*[#   2]+0.008*[#   6]
    |psi|^2 = 0.015
==== e(   7) =     3.19587 eV ==== 
     psi = 0.001*[#   1]+0.001*[#   5]
    |psi|^2 = 0.004
==== e(   8) =     4.00300 eV ==== 
     psi = 0.329*[#   2]+0.329*[#   6]
    |psi|^2 = 0.658

 k =   0.0714285714  0.2611822646  0.0000000000
==== e(   1) =   -22.49041 eV ==== 
     psi = 0.354*[#   1]+0.354*[#   5]+0.069*[#   3]+0.069*[#   4]+0.069*[#   7]
          +0.069*[#   8]
    |psi|^2 = 0.982
==== e(   2) =   -11.10926 eV ==== 
     psi = 0.208*[#   3]+0.208*[#   4]+0.208*[#   7]+0.208*[#   8]+0.081*[#   1]
          +0.081*[#   5]
    |psi|^2 = 0.994
==== e(   3) =   -10.33969 eV ==== 
     psi = 0.488*[#   2]+0.488*[#   6]
    |psi|^2 = 0.976
==== e(   4) =    -9.41703 eV ==== 
     psi = 0.244*[#   3]+0.244*[#   4]+0.244*[#   7]+0.244*[#   8]+0.010*[#   1]
          +0.010*[#   5]
    |psi|^2 = 0.995
==== e(   5) =     0.81100 eV ==== 
     psi = 0.010*[#   3]+0.010*[#   4]+0.010*[#   7]+0.010*[#   8]
    |psi|^2 = 0.038
==== e(   6) =     1.72039 eV ==== 
     psi = 0.007*[#   2]+0.007*[#   6]
    |psi|^2 = 0.015
==== e(   7) =     3.46877 eV ==== 
     psi = 0.474*[#   2]+0.474*[#   6]
    |psi|^2 = 0.949
==== e(   8) =     3.52121 eV ==== 
     psi = 0.002*[#   1]+0.002*[#   5]
    |psi|^2 = 0.006

 k =   0.0714285714  0.2886751346  0.0000000000
==== e(   1) =   -22.22735 eV ==== 
     psi = 0.339*[#   1]+0.339*[#   5]+0.076*[#   3]+0.076*[#   4]+0.076*[#   7]
          +0.076*[#   8]
    |psi|^2 = 0.982
==== e(   2) =   -11.70765 eV ==== 
     psi = 0.203*[#   3]+0.203*[#   4]+0.203*[#   7]+0.203*[#   8]+0.091*[#   1]
          +0.091*[#   5]
    |psi|^2 = 0.993
==== e(   3) =   -10.03317 eV ==== 
     psi = 0.490*[#   2]+0.490*[#   6]
    |psi|^2 = 0.980
==== e(   4) =    -9.67463 eV ==== 
     psi = 0.244*[#   3]+0.244*[#   4]+0.244*[#   7]+0.244*[#   8]+0.010*[#   1]
          +0.010*[#   5]
    |psi|^2 = 0.995
==== e(   5) =     1.17296 eV ==== 
     psi = 0.009*[#   3]+0.009*[#   4]+0.009*[#   7]+0.009*[#   8]
    |psi|^2 = 0.035
==== e(   6) =     2.06969 eV ==== 
     psi = 0.016*[#   2]+0.016*[#   6]
    |psi|^2 = 0.032
==== e(   7) =     2.87459 eV ==== 
     psi = 0.467*[#   2]+0.467*[#   6]
    |psi|^2 = 0.935
==== e(   8) =     3.87457 eV ==== 
     psi = 0.010*[#   1]+0.010*[#   5]+0.002*[#   3]+0.002*[#   4]+0.002*[#   7]
          +0.002*[#   8]
    |psi|^2 = 0.026

 k =   0.0714285714  0.3161680046  0.0000000000
==== e(   1) =   -21.93914 eV ==== 
     psi = 0.325*[#   1]+0.325*[#   5]+0.083*[#   3]+0.083*[#   4]+0.083*[#   7]
          +0.083*[#   8]
    |psi|^2 = 0.982
==== e(   2) =   -12.31841 eV ==== 
     psi = 0.197*[#   3]+0.197*[#   4]+0.197*[#   7]+0.197*[#   8]+0.101*[#   1]
          +0.101*[#   5]
    |psi|^2 = 0.993
==== e(   3) =    -9.91659 eV ==== 
     psi = 0.243*[#   3]+0.243*[#   4]+0.243*[#   7]+0.243*[#   8]+0.011*[#   1]
          +0.011*[#   5]
    |psi|^2 = 0.995
==== e(   4) =    -9.70028 eV ==== 
     psi = 0.492*[#   2]+0.492*[#   6]
    |psi|^2 = 0.984
==== e(   5) =     1.57051 eV ==== 
     psi = 0.007*[#   3]+0.007*[#   4]+0.007*[#   7]+0.007*[#   8]
    |psi|^2 = 0.030
==== e(   6) =     2.15438 eV ==== 
     psi = 0.392*[#   2]+0.392*[#   6]
    |psi|^2 = 0.784
==== e(   7) =     2.56010 eV ==== 
     psi = 0.090*[#   2]+0.090*[#   6]
    |psi|^2 = 0.180
==== e(   8) =     4.17835 eV ==== 
     psi = 0.115*[#   1]+0.115*[#   5]+0.043*[#   3]+0.043*[#   4]+0.043*[#   7]
          +0.043*[#   8]
    |psi|^2 = 0.401

 k =   0.0714285714  0.3436608745  0.0000000000
==== e(   1) =   -21.62619 eV ==== 
     psi = 0.312*[#   1]+0.312*[#   5]+0.089*[#   3]+0.089*[#   4]+0.089*[#   7]
          +0.089*[#   8]
    |psi|^2 = 0.982
==== e(   2) =   -12.93511 eV ==== 
     psi = 0.192*[#   3]+0.192*[#   4]+0.192*[#   7]+0.192*[#   8]+0.111*[#   1]
          +0.111*[#   5]
    |psi|^2 = 0.992
==== e(   3) =   -10.14019 eV ==== 
     psi = 0.243*[#   3]+0.243*[#   4]+0.243*[#   7]+0.243*[#   8]+0.011*[#   1]
          +0.011*[#   5]
    |psi|^2 = 0.995
==== e(   4) =    -9.34296 eV ==== 
     psi = 0.494*[#   2]+0.494*[#   6]
    |psi|^2 = 0.987
==== e(   5) =     1.55931 eV ==== 
     psi = 0.468*[#   2]+0.468*[#   6]
    |psi|^2 = 0.935
==== e(   6) =     2.00330 eV ==== 
     psi = 0.006*[#   3]+0.006*[#   4]+0.006*[#   7]+0.006*[#   8]
    |psi|^2 = 0.024
==== e(   7) =     2.94894 eV ==== 
     psi = 0.013*[#   2]+0.013*[#   6]
    |psi|^2 = 0.026
==== e(   8) =     4.17576 eV ==== 
     psi = 0.239*[#   1]+0.239*[#   5]+0.091*[#   3]+0.091*[#   4]+0.091*[#   7]
          +0.091*[#   8]
    |psi|^2 = 0.841

 k =   0.0714285714  0.3711537445  0.0000000000
==== e(   1) =   -21.28907 eV ==== 
     psi = 0.301*[#   1]+0.301*[#   5]+0.095*[#   3]+0.095*[#   4]+0.095*[#   7]
          +0.095*[#   8]
    |psi|^2 = 0.982
==== e(   2) =   -13.55229 eV ==== 
     psi = 0.188*[#   3]+0.188*[#   4]+0.188*[#   7]+0.188*[#   8]+0.120*[#   1]
          +0.120*[#   5]
    |psi|^2 = 0.991
==== e(   3) =   -10.34327 eV ==== 
     psi = 0.243*[#   3]+0.243*[#   4]+0.243*[#   7]+0.243*[#   8]+0.011*[#   1]
          +0.011*[#   5]
    |psi|^2 = 0.995
==== e(   4) =    -8.96393 eV ==== 
     psi = 0.495*[#   2]+0.495*[#   6]
    |psi|^2 = 0.990
==== e(   5) =     0.92067 eV ==== 
     psi = 0.473*[#   2]+0.473*[#   6]
    |psi|^2 = 0.945
==== e(   6) =     2.47062 eV ==== 
     psi = 0.004*[#   3]+0.004*[#   4]+0.004*[#   7]+0.004*[#   8]
    |psi|^2 = 0.018
==== e(   7) =     3.41274 eV ==== 
     psi = 0.007*[#   2]+0.007*[#   6]
    |psi|^2 = 0.014
==== e(   8) =     4.10146 eV ==== 
     psi = 0.263*[#   1]+0.263*[#   5]+0.087*[#   3]+0.087*[#   4]+0.087*[#   7]
          +0.087*[#   8]
    |psi|^2 = 0.875

 k =   0.0714285714  0.3986466144  0.0000000000
==== e(   1) =   -20.92850 eV ==== 
     psi = 0.290*[#   1]+0.290*[#   5]+0.100*[#   3]+0.100*[#   4]+0.100*[#   7]
          +0.100*[#   8]
    |psi|^2 = 0.983
==== e(   2) =   -14.16522 eV ==== 
     psi = 0.183*[#   3]+0.183*[#   4]+0.183*[#   7]+0.183*[#   8]+0.129*[#   1]
          +0.129*[#   5]
    |psi|^2 = 0.991
==== e(   3) =   -10.52409 eV ==== 
     psi = 0.243*[#   3]+0.243*[#   4]+0.243*[#   7]+0.243*[#   8]+0.011*[#   1]
          +0.011*[#   5]
    |psi|^2 = 0.995
==== e(   4) =    -8.56704 eV ==== 
     psi = 0.496*[#   2]+0.496*[#   6]
    |psi|^2 = 0.993
==== e(   5) =     0.28276 eV ==== 
     psi = 0.474*[#   2]+0.474*[#   6]
    |psi|^2 = 0.948
==== e(   6) =     2.97066 eV ==== 
     psi = 0.002*[#   3]+0.002*[#   4]+0.002*[#   7]+0.002*[#   8]+0.002*[#   1]
          +0.002*[#   5]
    |psi|^2 = 0.014
==== e(   7) =     3.91531 eV ==== 
     psi = 0.005*[#   2]+0.005*[#   6]
    |psi|^2 = 0.010
==== e(   8) =     4.02670 eV ==== 
     psi = 0.279*[#   1]+0.279*[#   5]+0.082*[#   3]+0.082*[#   4]+0.082*[#   7]
          +0.082*[#   8]
    |psi|^2 = 0.886

 k =   0.0714285714  0.4261394844  0.0000000000
==== e(   1) =   -20.54555 eV ==== 
     psi = 0.281*[#   1]+0.281*[#   5]+0.105*[#   3]+0.105*[#   4]+0.105*[#   7]
          +0.105*[#   8]
    |psi|^2 = 0.983
==== e(   2) =   -14.76964 eV ==== 
     psi = 0.179*[#   3]+0.179*[#   4]+0.179*[#   7]+0.179*[#   8]+0.136*[#   1]
          +0.136*[#   5]
    |psi|^2 = 0.990
==== e(   3) =   -10.68128 eV ==== 
     psi = 0.243*[#   3]+0.243*[#   4]+0.243*[#   7]+0.243*[#   8]+0.011*[#   1]
          +0.011*[#   5]
    |psi|^2 = 0.995
==== e(   4) =    -8.15806 eV ==== 
     psi = 0.497*[#   2]+0.497*[#   6]
    |psi|^2 = 0.994
==== e(   5) =    -0.34150 eV ==== 
     psi = 0.475*[#   2]+0.475*[#   6]
    |psi|^2 = 0.949
==== e(   6) =     3.49333 eV ==== 
     psi = 0.016*[#   1]+0.016*[#   5]
    |psi|^2 = 0.035
==== e(   7) =     3.96951 eV ==== 
     psi = 0.279*[#   1]+0.279*[#   5]+0.077*[#   3]+0.077*[#   4]+0.077*[#   7]
          +0.077*[#   8]
    |psi|^2 = 0.865
==== e(   8) =     4.45290 eV ==== 
     psi = 0.004*[#   2]+0.004*[#   6]
    |psi|^2 = 0.007

 k =   0.0714285714  0.4536323544  0.0000000000
==== e(   1) =   -20.14188 eV ==== 
     psi = 0.273*[#   1]+0.273*[#   5]+0.109*[#   3]+0.109*[#   4]+0.109*[#   7]
          +0.109*[#   8]
    |psi|^2 = 0.984
==== e(   2) =   -15.36135 eV ==== 
     psi = 0.176*[#   3]+0.176*[#   4]+0.176*[#   7]+0.176*[#   8]+0.142*[#   1]
          +0.142*[#   5]
    |psi|^2 = 0.989
==== e(   3) =   -10.81376 eV ==== 
     psi = 0.243*[#   3]+0.243*[#   4]+0.243*[#   7]+0.243*[#   8]+0.011*[#   1]
          +0.011*[#   5]
    |psi|^2 = 0.995
==== e(   4) =    -7.74591 eV ==== 
     psi = 0.498*[#   2]+0.498*[#   6]
    |psi|^2 = 0.996
==== e(   5) =    -0.93887 eV ==== 
     psi = 0.475*[#   2]+0.475*[#   6]
    |psi|^2 = 0.951
==== e(   6) =     3.82759 eV ==== 
     psi = 0.260*[#   1]+0.260*[#   5]+0.048*[#   3]+0.048*[#   4]+0.048*[#   7]
          +0.048*[#   8]
    |psi|^2 = 0.711
==== e(   7) =     4.14376 eV ==== 
     psi = 0.047*[#   1]+0.047*[#   5]+0.023*[#   3]+0.023*[#   4]+0.023*[#   7]
          +0.023*[#   8]
    |psi|^2 = 0.188
==== e(   8) =     5.02369 eV ==== 
     psi = 0.003*[#   2]+0.003*[#   6]
    |psi|^2 = 0.006

 k =   0.0714285714  0.4811252243  0.0000000000
==== e(   1) =   -19.72049 eV ==== 
     psi = 0.268*[#   1]+0.268*[#   5]+0.112*[#   3]+0.112*[#   4]+0.112*[#   7]
          +0.112*[#   8]
    |psi|^2 = 0.985
==== e(   2) =   -15.93538 eV ==== 
     psi = 0.174*[#   3]+0.174*[#   4]+0.174*[#   7]+0.174*[#   8]+0.147*[#   1]
          +0.147*[#   5]
    |psi|^2 = 0.988
==== e(   3) =   -10.92068 eV ==== 
     psi = 0.243*[#   3]+0.243*[#   4]+0.243*[#   7]+0.243*[#   8]+0.011*[#   1]
          +0.011*[#   5]
    |psi|^2 = 0.995
==== e(   4) =    -7.34497 eV ==== 
     psi = 0.498*[#   2]+0.498*[#   6]
    |psi|^2 = 0.996
==== e(   5) =    -1.49170 eV ==== 
     psi = 0.476*[#   2]+0.476*[#   6]
    |psi|^2 = 0.952
==== e(   6) =     3.80748 eV ==== 
     psi = 0.312*[#   1]+0.312*[#   5]+0.060*[#   3]+0.060*[#   4]+0.060*[#   7]
          +0.060*[#   8]
    |psi|^2 = 0.863
==== e(   7) =     4.71672 eV ==== 
     psi = 0.006*[#   3]+0.006*[#   4]+0.006*[#   7]+0.006*[#   8]+0.005*[#   1]
          +0.005*[#   5]
    |psi|^2 = 0.034
==== e(   8) =     5.62567 eV ==== 
     psi = 0.003*[#   2]+0.003*[#   6]
    |psi|^2 = 0.006

 k =   0.0714285714  0.5086180943  0.0000000000
==== e(   1) =   -19.28794 eV ==== 
     psi = 0.267*[#   1]+0.267*[#   5]+0.113*[#   3]+0.113*[#   4]+0.113*[#   7]
          +0.113*[#   8]
    |psi|^2 = 0.987
==== e(   2) =   -16.48364 eV ==== 
     psi = 0.173*[#   3]+0.173*[#   4]+0.173*[#   7]+0.173*[#   8]+0.147*[#   1]
          +0.147*[#   5]
    |psi|^2 = 0.986
==== e(   3) =   -11.00140 eV ==== 
     psi = 0.243*[#   3]+0.243*[#   4]+0.243*[#   7]+0.243*[#   8]+0.011*[#   1]
          +0.011*[#   5]
    |psi|^2 = 0.995
==== e(   4) =    -6.97900 eV ==== 
     psi = 0.498*[#   2]+0.498*[#   6]
    |psi|^2 = 0.997
==== e(   5) =    -1.97374 eV ==== 
     psi = 0.476*[#   2]+0.476*[#   6]
    |psi|^2 = 0.953
==== e(   6) =     3.77208 eV ==== 
     psi = 0.323*[#   1]+0.323*[#   5]+0.059*[#   3]+0.059*[#   4]+0.059*[#   7]
          +0.059*[#   8]
    |psi|^2 = 0.880
==== e(   7) =     5.34948 eV ==== 
     psi = 0.003*[#   3]+0.003*[#   4]+0.003*[#   7]+0.003*[#   8]+0.002*[#   1]
          +0.002*[#   5]
    |psi|^2 = 0.016
==== e(   8) =     6.25578 eV ==== 
     psi = 0.003*[#   2]+0.003*[#   6]
    |psi|^2 = 0.006

 k =   0.0714285714  0.5361109642  0.0000000000
==== e(   1) =   -18.86322 eV ==== 
     psi = 0.274*[#   1]+0.274*[#   5]+0.110*[#   3]+0.110*[#   4]+0.110*[#   7]
          +0.110*[#   8]
    |psi|^2 = 0.989
==== e(   2) =   -16.98607 eV ==== 
     psi = 0.176*[#   3]+0.176*[#   4]+0.176*[#   7]+0.176*[#   8]+0.139*[#   1]
          +0.139*[#   5]
    |psi|^2 = 0.984
==== e(   3) =   -11.05546 eV ==== 
     psi = 0.243*[#   3]+0.243*[#   4]+0.243*[#   7]+0.243*[#   8]+0.011*[#   1]
          +0.011*[#   5]
    |psi|^2 = 0.995
==== e(   4) =    -6.68594 eV ==== 
     psi = 0.499*[#   2]+0.499*[#   6]
    |psi|^2 = 0.997
==== e(   5) =    -2.34518 eV ==== 
     psi = 0.477*[#   2]+0.477*[#   6]
    |psi|^2 = 0.953
==== e(   6) =     3.74619 eV ==== 
     psi = 0.328*[#   1]+0.328*[#   5]+0.057*[#   3]+0.057*[#   4]+0.057*[#   7]
          +0.057*[#   8]
    |psi|^2 = 0.885
==== e(   7) =     6.01617 eV ==== 
     psi = 0.002*[#   3]+0.002*[#   4]+0.002*[#   7]+0.002*[#   8]+0.001*[#   1]
          +0.001*[#   5]
    |psi|^2 = 0.011
==== e(   8) =     6.90761 eV ==== 
     psi = 0.004*[#   2]+0.004*[#   6]
    |psi|^2 = 0.007

 k =   0.0714285714  0.5636038342  0.0000000000
==== e(   1) =   -18.52383 eV ==== 
     psi = 0.298*[#   1]+0.298*[#   5]+0.099*[#   3]+0.099*[#   4]+0.099*[#   7]
          +0.099*[#   8]
    |psi|^2 = 0.993
==== e(   2) =   -17.36449 eV ==== 
     psi = 0.187*[#   3]+0.187*[#   4]+0.187*[#   7]+0.187*[#   8]+0.115*[#   1]
          +0.115*[#   5]
    |psi|^2 = 0.981
==== e(   3) =   -11.08256 eV ==== 
     psi = 0.243*[#   3]+0.243*[#   4]+0.243*[#   7]+0.243*[#   8]+0.011*[#   1]
          +0.011*[#   5]
    |psi|^2 = 0.995
==== e(   4) =    -6.51746 eV ==== 
     psi = 0.499*[#   2]+0.499*[#   6]
    |psi|^2 = 0.998
==== e(   5) =    -2.55316 eV ==== 
     psi = 0.477*[#   2]+0.477*[#   6]
    |psi|^2 = 0.953
==== e(   6) =     3.73284 eV ==== 
     psi = 0.331*[#   1]+0.331*[#   5]+0.056*[#   3]+0.056*[#   4]+0.056*[#   7]
          +0.056*[#   8]
    |psi|^2 = 0.886
==== e(   7) =     6.70805 eV ==== 
     psi = 0.003*[#   1]+0.003*[#   5]+0.001*[#   3]+0.001*[#   4]+0.001*[#   7]
          +0.001*[#   8]
    |psi|^2 = 0.011
==== e(   8) =     7.44751 eV ==== 
     psi = 0.003*[#   1]+0.003*[#   5]+0.002*[#   3]+0.002*[#   4]+0.002*[#   7]
          +0.002*[#   8]
    |psi|^2 = 0.014

 k =   0.0952380952  0.1649572198  0.0000000000
==== e(   1) =   -23.13874 eV ==== 
     psi = 0.404*[#   1]+0.404*[#   5]+0.044*[#   3]+0.044*[#   4]+0.044*[#   7]
          +0.044*[#   8]
    |psi|^2 = 0.983
==== e(   2) =   -11.10392 eV ==== 
     psi = 0.481*[#   2]+0.481*[#   6]
    |psi|^2 = 0.963
==== e(   3) =    -9.40221 eV ==== 
     psi = 0.226*[#   3]+0.226*[#   4]+0.226*[#   7]+0.226*[#   8]+0.047*[#   1]
          +0.047*[#   5]
    |psi|^2 = 0.998
==== e(   4) =    -8.60432 eV ==== 
     psi = 0.244*[#   3]+0.244*[#   4]+0.244*[#   7]+0.244*[#   8]+0.008*[#   1]
          +0.008*[#   5]
    |psi|^2 = 0.994
==== e(   5) =    -0.07740 eV ==== 
     psi = 0.010*[#   3]+0.010*[#   4]+0.010*[#   7]+0.010*[#   8]
    |psi|^2 = 0.039
==== e(   6) =     0.83242 eV ==== 
     psi = 0.010*[#   2]+0.010*[#   6]
    |psi|^2 = 0.019
==== e(   7) =     2.63131 eV ==== 

    |psi|^2 = 0.004
==== e(   8) =     3.53297 eV ==== 
     psi = 0.005*[#   2]+0.005*[#   6]
    |psi|^2 = 0.010

 k =   0.0952380952  0.1924500897  0.0000000000
==== e(   1) =   -22.96623 eV ==== 
     psi = 0.388*[#   1]+0.388*[#   5]+0.052*[#   3]+0.052*[#   4]+0.052*[#   7]
          +0.052*[#   8]
    |psi|^2 = 0.983
==== e(   2) =   -10.89944 eV ==== 
     psi = 0.483*[#   2]+0.483*[#   6]
    |psi|^2 = 0.967
==== e(   3) =    -9.84923 eV ==== 
     psi = 0.221*[#   3]+0.221*[#   4]+0.221*[#   7]+0.221*[#   8]+0.056*[#   1]
          +0.056*[#   5]
    |psi|^2 = 0.997
==== e(   4) =    -8.90658 eV ==== 
     psi = 0.243*[#   3]+0.243*[#   4]+0.243*[#   7]+0.243*[#   8]+0.011*[#   1]
          +0.011*[#   5]
    |psi|^2 = 0.993
==== e(   5) =     0.15857 eV ==== 
     psi = 0.010*[#   3]+0.010*[#   4]+0.010*[#   7]+0.010*[#   8]
    |psi|^2 = 0.041
==== e(   6) =     1.06939 eV ==== 
     psi = 0.009*[#   2]+0.009*[#   6]
    |psi|^2 = 0.017
==== e(   7) =     2.86894 eV ==== 

    |psi|^2 = 0.004
==== e(   8) =     3.76679 eV ==== 
     psi = 0.005*[#   2]+0.005*[#   6]
    |psi|^2 = 0.009

 k =   0.0952380952  0.2199429597  0.0000000000
==== e(   1) =   -22.76764 eV ==== 
     psi = 0.372*[#   1]+0.372*[#   5]+0.059*[#   3]+0.059*[#   4]+0.059*[#   7]
          +0.059*[#   8]
    |psi|^2 = 0.982
==== e(   2) =   -10.66490 eV ==== 
     psi = 0.485*[#   2]+0.485*[#   6]
    |psi|^2 = 0.971
==== e(   3) =   -10.34270 eV ==== 
     psi = 0.216*[#   3]+0.216*[#   4]+0.216*[#   7]+0.216*[#   8]+0.066*[#   1]
          +0.066*[#   5]
    |psi|^2 = 0.997
==== e(   4) =    -9.21005 eV ==== 
     psi = 0.242*[#   3]+0.242*[#   4]+0.242*[#   7]+0.242*[#   8]+0.013*[#   1]
          +0.013*[#   5]
    |psi|^2 = 0.993
==== e(   5) =     0.43071 eV ==== 
     psi = 0.010*[#   3]+0.010*[#   4]+0.010*[#   7]+0.010*[#   8]
    |psi|^2 = 0.041
==== e(   6) =     1.34220 eV ==== 
     psi = 0.008*[#   2]+0.008*[#   6]
    |psi|^2 = 0.015
==== e(   7) =     3.14277 eV ==== 

    |psi|^2 = 0.004
==== e(   8) =     4.02795 eV ==== 
     psi = 0.045*[#   2]+0.045*[#   6]
    |psi|^2 = 0.091

 k =   0.0952380952  0.2474358297  0.0000000000
==== e(   1) =   -22.54318 eV ==== 
     psi = 0.357*[#   1]+0.357*[#   5]+0.067*[#   3]+0.067*[#   4]+0.067*[#   7]
          +0.067*[#   8]
    |psi|^2 = 0.982
==== e(   2) =   -10.87544 eV ==== 
     psi = 0.211*[#   3]+0.211*[#   4]+0.211*[#   7]+0.211*[#   8]+0.076*[#   1]
          +0.076*[#   5]
    |psi|^2 = 0.996
==== e(   3) =   -10.40105 eV ==== 
     psi = 0.488*[#   2]+0.488*[#   6]
    |psi|^2 = 0.975
==== e(   4) =    -9.50490 eV ==== 
     psi = 0.241*[#   3]+0.241*[#   4]+0.241*[#   7]+0.241*[#   8]+0.014*[#   1]
          +0.014*[#   5]
    |psi|^2 = 0.993
==== e(   5) =     0.73890 eV ==== 
     psi = 0.010*[#   3]+0.010*[#   4]+0.010*[#   7]+0.010*[#   8]
    |psi|^2 = 0.040
==== e(   6) =     1.65009 eV ==== 
     psi = 0.007*[#   2]+0.007*[#   6]
    |psi|^2 = 0.014
==== e(   7) =     3.45234 eV ==== 

    |psi|^2 = 0.004
==== e(   8) =     3.61808 eV ==== 
     psi = 0.479*[#   2]+0.479*[#   6]
    |psi|^2 = 0.958

 k =   0.0952380952  0.2749286996  0.0000000000
==== e(   1) =   -22.29310 eV ==== 
     psi = 0.342*[#   1]+0.342*[#   5]+0.074*[#   3]+0.074*[#   4]+0.074*[#   7]
          +0.074*[#   8]
    |psi|^2 = 0.982
==== e(   2) =   -11.43861 eV ==== 
     psi = 0.205*[#   3]+0.205*[#   4]+0.205*[#   7]+0.205*[#   8]+0.087*[#   1]
          +0.087*[#   5]
    |psi|^2 = 0.995
==== e(   3) =   -10.10884 eV ==== 
     psi = 0.490*[#   2]+0.490*[#   6]
    |psi|^2 = 0.979
==== e(   4) =    -9.78534 eV ==== 
     psi = 0.241*[#   3]+0.241*[#   4]+0.241*[#   7]+0.241*[#   8]+0.016*[#   1]
          +0.016*[#   5]
    |psi|^2 = 0.993
==== e(   5) =     1.08301 eV ==== 
     psi = 0.009*[#   3]+0.009*[#   4]+0.009*[#   7]+0.009*[#   8]
    |psi|^2 = 0.037
==== e(   6) =     1.98980 eV ==== 
     psi = 0.008*[#   2]+0.008*[#   6]
    |psi|^2 = 0.017
==== e(   7) =     3.04328 eV ==== 
     psi = 0.478*[#   2]+0.478*[#   6]
    |psi|^2 = 0.956
==== e(   8) =     3.79646 eV ==== 
     psi = 0.002*[#   1]+0.002*[#   5]
    |psi|^2 = 0.006

 k =   0.0952380952  0.3024215696  0.0000000000
==== e(   1) =   -22.01774 eV ==== 
     psi = 0.329*[#   1]+0.329*[#   5]+0.081*[#   3]+0.081*[#   4]+0.081*[#   7]
          +0.081*[#   8]
    |psi|^2 = 0.982
==== e(   2) =   -12.02331 eV ==== 
     psi = 0.200*[#   3]+0.200*[#   4]+0.200*[#   7]+0.200*[#   8]+0.097*[#   1]
          +0.097*[#   5]
    |psi|^2 = 0.994
==== e(   3) =   -10.04788 eV ==== 
     psi = 0.240*[#   3]+0.240*[#   4]+0.240*[#   7]+0.240*[#   8]+0.016*[#   1]
          +0.016*[#   5]
    |psi|^2 = 0.994
==== e(   4) =    -9.78950 eV ==== 
     psi = 0.492*[#   2]+0.492*[#   6]
    |psi|^2 = 0.983
==== e(   5) =     1.46286 eV ==== 
     psi = 0.008*[#   3]+0.008*[#   4]+0.008*[#   7]+0.008*[#   8]
    |psi|^2 = 0.033
==== e(   6) =     2.28569 eV ==== 
     psi = 0.186*[#   2]+0.186*[#   6]
    |psi|^2 = 0.371
==== e(   7) =     2.52415 eV ==== 
     psi = 0.299*[#   2]+0.299*[#   6]
    |psi|^2 = 0.598
==== e(   8) =     4.16919 eV ==== 
     psi = 0.009*[#   1]+0.009*[#   5]+0.002*[#   3]+0.002*[#   4]+0.002*[#   7]
          +0.002*[#   8]
    |psi|^2 = 0.024

 k =   0.0952380952  0.3299144395  0.0000000000
==== e(   1) =   -21.71747 eV ==== 
     psi = 0.316*[#   1]+0.316*[#   5]+0.088*[#   3]+0.088*[#   4]+0.088*[#   7]
          +0.088*[#   8]
    |psi|^2 = 0.982
==== e(   2) =   -12.62153 eV ==== 
     psi = 0.195*[#   3]+0.195*[#   4]+0.195*[#   7]+0.195*[#   8]+0.106*[#   1]
          +0.106*[#   5]
    |psi|^2 = 0.993
==== e(   3) =   -10.29022 eV ==== 
     psi = 0.240*[#   3]+0.240*[#   4]+0.240*[#   7]+0.240*[#   8]+0.017*[#   1]
          +0.017*[#   5]
    |psi|^2 = 0.994
==== e(   4) =    -9.44470 eV ==== 
     psi = 0.493*[#   2]+0.493*[#   6]
    |psi|^2 = 0.987
==== e(   5) =     1.79037 eV ==== 
     psi = 0.469*[#   2]+0.469*[#   6]
    |psi|^2 = 0.938
==== e(   6) =     1.87820 eV ==== 
     psi = 0.007*[#   3]+0.007*[#   4]+0.007*[#   7]+0.007*[#   8]
    |psi|^2 = 0.027
==== e(   7) =     2.81545 eV ==== 
     psi = 0.014*[#   2]+0.014*[#   6]
    |psi|^2 = 0.029
==== e(   8) =     4.50281 eV ==== 
     psi = 0.096*[#   1]+0.096*[#   5]+0.036*[#   3]+0.036*[#   4]+0.036*[#   7]
          +0.036*[#   8]
    |psi|^2 = 0.333

 k =   0.0952380952  0.3574073095  0.0000000000
==== e(   1) =   -21.39281 eV ==== 
     psi = 0.304*[#   1]+0.304*[#   5]+0.094*[#   3]+0.094*[#   4]+0.094*[#   7]
          +0.094*[#   8]
    |psi|^2 = 0.982
==== e(   2) =   -13.22636 eV ==== 
     psi = 0.190*[#   3]+0.190*[#   4]+0.190*[#   7]+0.190*[#   8]+0.116*[#   1]
          +0.116*[#   5]
    |psi|^2 = 0.992
==== e(   3) =   -10.51066 eV ==== 
     psi = 0.240*[#   3]+0.240*[#   4]+0.240*[#   7]+0.240*[#   8]+0.018*[#   1]
          +0.018*[#   5]
    |psi|^2 = 0.994
==== e(   4) =    -9.07670 eV ==== 
     psi = 0.495*[#   2]+0.495*[#   6]
    |psi|^2 = 0.990
==== e(   5) =     1.16760 eV ==== 
     psi = 0.475*[#   2]+0.475*[#   6]
    |psi|^2 = 0.950
==== e(   6) =     2.32861 eV ==== 
     psi = 0.005*[#   3]+0.005*[#   4]+0.005*[#   7]+0.005*[#   8]
    |psi|^2 = 0.022
==== e(   7) =     3.26043 eV ==== 
     psi = 0.007*[#   2]+0.007*[#   6]
    |psi|^2 = 0.014
==== e(   8) =     4.51585 eV ==== 
     psi = 0.236*[#   1]+0.236*[#   5]+0.091*[#   3]+0.091*[#   4]+0.091*[#   7]
          +0.091*[#   8]
    |psi|^2 = 0.834

 k =   0.0952380952  0.3849001795  0.0000000000
==== e(   1) =   -21.04438 eV ==== 
     psi = 0.293*[#   1]+0.293*[#   5]+0.099*[#   3]+0.099*[#   4]+0.099*[#   7]
          +0.099*[#   8]
    |psi|^2 = 0.982
==== e(   2) =   -13.83194 eV ==== 
     psi = 0.186*[#   3]+0.186*[#   4]+0.186*[#   7]+0.186*[#   8]+0.124*[#   1]
          +0.124*[#   5]
    |psi|^2 = 0.991
==== e(   3) =   -10.70786 eV ==== 
     psi = 0.240*[#   3]+0.240*[#   4]+0.240*[#   7]+0.240*[#   8]+0.018*[#   1]
          +0.018*[#   5]
    |psi|^2 = 0.994
==== e(   4) =    -8.68864 eV ==== 
     psi = 0.496*[#   2]+0.496*[#   6]
    |psi|^2 = 0.992
==== e(   5) =     0.53921 eV ==== 
     psi = 0.476*[#   2]+0.476*[#   6]
    |psi|^2 = 0.953
==== e(   6) =     2.81341 eV ==== 
     psi = 0.004*[#   3]+0.004*[#   4]+0.004*[#   7]+0.004*[#   8]
    |psi|^2 = 0.016
==== e(   7) =     3.74452 eV ==== 
     psi = 0.005*[#   2]+0.005*[#   6]
    |psi|^2 = 0.009
==== e(   8) =     4.44706 eV ==== 
     psi = 0.260*[#   1]+0.260*[#   5]+0.087*[#   3]+0.087*[#   4]+0.087*[#   7]
          +0.087*[#   8]
    |psi|^2 = 0.870

 k =   0.0952380952  0.4123930494  0.0000000000
==== e(   1) =   -20.67310 eV ==== 
     psi = 0.283*[#   1]+0.283*[#   5]+0.104*[#   3]+0.104*[#   4]+0.104*[#   7]
          +0.104*[#   8]
    |psi|^2 = 0.983
==== e(   2) =   -14.43319 eV ==== 
     psi = 0.182*[#   3]+0.182*[#   4]+0.182*[#   7]+0.182*[#   8]+0.132*[#   1]
          +0.132*[#   5]
    |psi|^2 = 0.991
==== e(   3) =   -10.88073 eV ==== 
     psi = 0.240*[#   3]+0.240*[#   4]+0.240*[#   7]+0.240*[#   8]+0.018*[#   1]
          +0.018*[#   5]
    |psi|^2 = 0.994
==== e(   4) =    -8.28513 eV ==== 
     psi = 0.497*[#   2]+0.497*[#   6]
    |psi|^2 = 0.994
==== e(   5) =    -0.08238 eV ==== 
     psi = 0.477*[#   2]+0.477*[#   6]
    |psi|^2 = 0.954
==== e(   6) =     3.33074 eV ==== 
     psi = 0.002*[#   1]+0.002*[#   5]+0.002*[#   3]+0.002*[#   4]+0.002*[#   7]
          +0.002*[#   8]
    |psi|^2 = 0.013
==== e(   7) =     4.26331 eV ==== 
     psi = 0.004*[#   2]+0.004*[#   6]
    |psi|^2 = 0.007
==== e(   8) =     4.37724 eV ==== 
     psi = 0.275*[#   1]+0.275*[#   5]+0.082*[#   3]+0.082*[#   4]+0.082*[#   7]
          +0.082*[#   8]
    |psi|^2 = 0.879

 k =   0.0952380952  0.4398859194  0.0000000000
==== e(   1) =   -20.28028 eV ==== 
     psi = 0.275*[#   1]+0.275*[#   5]+0.108*[#   3]+0.108*[#   4]+0.108*[#   7]
          +0.108*[#   8]
    |psi|^2 = 0.984
==== e(   2) =   -15.02547 eV ==== 
     psi = 0.178*[#   3]+0.178*[#   4]+0.178*[#   7]+0.178*[#   8]+0.139*[#   1]
          +0.139*[#   5]
    |psi|^2 = 0.990
==== e(   3) =   -11.02838 eV ==== 
     psi = 0.239*[#   3]+0.239*[#   4]+0.239*[#   7]+0.239*[#   8]+0.018*[#   1]
          +0.018*[#   5]
    |psi|^2 = 0.995
==== e(   4) =    -7.87316 eV ==== 
     psi = 0.498*[#   2]+0.498*[#   6]
    |psi|^2 = 0.995
==== e(   5) =    -0.68571 eV ==== 
     psi = 0.477*[#   2]+0.477*[#   6]
    |psi|^2 = 0.954
==== e(   6) =     3.87026 eV ==== 
     psi = 0.017*[#   1]+0.017*[#   5]+0.001*[#   3]+0.001*[#   4]+0.001*[#   7]
          +0.001*[#   8]
    |psi|^2 = 0.038
==== e(   7) =     4.32520 eV ==== 
     psi = 0.274*[#   1]+0.274*[#   5]+0.076*[#   3]+0.076*[#   4]+0.076*[#   7]
          +0.076*[#   8]
    |psi|^2 = 0.853
==== e(   8) =     4.81489 eV ==== 
     psi = 0.003*[#   2]+0.003*[#   6]
    |psi|^2 = 0.006

 k =   0.0952380952  0.4673787893  0.0000000000
==== e(   1) =   -19.86813 eV ==== 
     psi = 0.268*[#   1]+0.268*[#   5]+0.112*[#   3]+0.112*[#   4]+0.112*[#   7]
          +0.112*[#   8]
    |psi|^2 = 0.985
==== e(   2) =   -15.60398 eV ==== 
     psi = 0.175*[#   3]+0.175*[#   4]+0.175*[#   7]+0.175*[#   8]+0.145*[#   1]
          +0.145*[#   5]
    |psi|^2 = 0.989
==== e(   3) =   -11.15010 eV ==== 
     psi = 0.239*[#   3]+0.239*[#   4]+0.239*[#   7]+0.239*[#   8]+0.018*[#   1]
          +0.018*[#   5]
    |psi|^2 = 0.995
==== e(   4) =    -7.46382 eV ==== 
     psi = 0.498*[#   2]+0.498*[#   6]
    |psi|^2 = 0.996
==== e(   5) =    -1.25624 eV ==== 
     psi = 0.478*[#   2]+0.478*[#   6]
    |psi|^2 = 0.955
==== e(   6) =     4.19745 eV ==== 
     psi = 0.265*[#   1]+0.265*[#   5]+0.053*[#   3]+0.053*[#   4]+0.053*[#   7]
          +0.053*[#   8]
    |psi|^2 = 0.742
==== e(   7) =     4.52831 eV ==== 
     psi = 0.037*[#   1]+0.037*[#   5]+0.019*[#   3]+0.019*[#   4]+0.019*[#   7]
          +0.019*[#   8]
    |psi|^2 = 0.148
==== e(   8) =     5.39713 eV ==== 
     psi = 0.003*[#   2]+0.003*[#   6]
    |psi|^2 = 0.005

 k =   0.0952380952  0.4948716593  0.0000000000
==== e(   1) =   -19.44099 eV ==== 
     psi = 0.265*[#   1]+0.265*[#   5]+0.114*[#   3]+0.114*[#   4]+0.114*[#   7]
          +0.114*[#   8]
    |psi|^2 = 0.986
==== e(   2) =   -16.16240 eV ==== 
     psi = 0.173*[#   3]+0.173*[#   4]+0.173*[#   7]+0.173*[#   8]+0.148*[#   1]
          +0.148*[#   5]
    |psi|^2 = 0.987
==== e(   3) =   -11.24533 eV ==== 
     psi = 0.239*[#   3]+0.239*[#   4]+0.239*[#   7]+0.239*[#   8]+0.019*[#   1]
          +0.019*[#   5]
    |psi|^2 = 0.995
==== e(   4) =    -7.07537 eV ==== 
     psi = 0.498*[#   2]+0.498*[#   6]
    |psi|^2 = 0.997
==== e(   5) =    -1.77292 eV ==== 
     psi = 0.478*[#   2]+0.478*[#   6]
    |psi|^2 = 0.956
==== e(   6) =     4.17780 eV ==== 
     psi = 0.307*[#   1]+0.307*[#   5]+0.062*[#   3]+0.062*[#   4]+0.062*[#   7]
          +0.062*[#   8]
    |psi|^2 = 0.862
==== e(   7) =     5.12212 eV ==== 
     psi = 0.005*[#   3]+0.005*[#   4]+0.005*[#   7]+0.005*[#   8]+0.004*[#   1]
          +0.004*[#   5]
    |psi|^2 = 0.027
==== e(   8) =     6.00664 eV ==== 
     psi = 0.003*[#   2]+0.003*[#   6]
    |psi|^2 = 0.006

 k =   0.0952380952  0.5223645293  0.0000000000
==== e(   1) =   -19.00964 eV ==== 
     psi = 0.267*[#   1]+0.267*[#   5]+0.114*[#   3]+0.114*[#   4]+0.114*[#   7]
          +0.114*[#   8]
    |psi|^2 = 0.988
==== e(   2) =   -16.68852 eV ==== 
     psi = 0.174*[#   3]+0.174*[#   4]+0.174*[#   7]+0.174*[#   8]+0.145*[#   1]
          +0.145*[#   5]
    |psi|^2 = 0.985
==== e(   3) =   -11.31365 eV ==== 
     psi = 0.239*[#   3]+0.239*[#   4]+0.239*[#   7]+0.239*[#   8]+0.019*[#   1]
          +0.019*[#   5]
    |psi|^2 = 0.995
==== e(   4) =    -6.73804 eV ==== 
     psi = 0.499*[#   2]+0.499*[#   6]
    |psi|^2 = 0.997
==== e(   5) =    -2.20337 eV ==== 
     psi = 0.478*[#   2]+0.478*[#   6]
    |psi|^2 = 0.956
==== e(   6) =     4.14801 eV ==== 
     psi = 0.315*[#   1]+0.315*[#   5]+0.061*[#   3]+0.061*[#   4]+0.061*[#   7]
          +0.061*[#   8]
    |psi|^2 = 0.875
==== e(   7) =     5.76959 eV ==== 
     psi = 0.003*[#   3]+0.003*[#   4]+0.003*[#   7]+0.003*[#   8]+0.002*[#   1]
          +0.002*[#   5]
    |psi|^2 = 0.013
==== e(   8) =     6.63701 eV ==== 
     psi = 0.003*[#   2]+0.003*[#   6]
    |psi|^2 = 0.007

 k =   0.0952380952  0.5498573992  0.0000000000
==== e(   1) =   -18.61090 eV ==== 
     psi = 0.281*[#   1]+0.281*[#   5]+0.107*[#   3]+0.107*[#   4]+0.107*[#   7]
          +0.107*[#   8]
    |psi|^2 = 0.991
==== e(   2) =   -17.14450 eV ==== 
     psi = 0.180*[#   3]+0.180*[#   4]+0.180*[#   7]+0.180*[#   8]+0.130*[#   1]
          +0.130*[#   5]
    |psi|^2 = 0.983
==== e(   3) =   -11.35475 eV ==== 
     psi = 0.239*[#   3]+0.239*[#   4]+0.239*[#   7]+0.239*[#   8]+0.019*[#   1]
          +0.019*[#   5]
    |psi|^2 = 0.995
==== e(   4) =    -6.49816 eV ==== 
     psi = 0.499*[#   2]+0.499*[#   6]
    |psi|^2 = 0.998
==== e(   5) =    -2.49974 eV ==== 
     psi = 0.478*[#   2]+0.478*[#   6]
    |psi|^2 = 0.956
==== e(   6) =     4.12852 eV ==== 
     psi = 0.320*[#   1]+0.320*[#   5]+0.060*[#   3]+0.060*[#   4]+0.060*[#   7]
          +0.060*[#   8]
    |psi|^2 = 0.879
==== e(   7) =     6.44772 eV ==== 
     psi = 0.002*[#   1]+0.002*[#   5]+0.002*[#   3]+0.002*[#   4]+0.002*[#   7]
          +0.002*[#   8]
    |psi|^2 = 0.011
==== e(   8) =     7.26944 eV ==== 
     psi = 0.005*[#   2]+0.005*[#   6]
    |psi|^2 = 0.010

 k =   0.0952380952  0.5773502692  0.0000000000
==== e(   1) =   -18.40397 eV ==== 
     psi = 0.303*[#   1]+0.303*[#   5]+0.097*[#   3]+0.097*[#   4]+0.097*[#   7]
          +0.097*[#   8]
    |psi|^2 = 0.993
==== e(   2) =   -17.37057 eV ==== 
     psi = 0.191*[#   3]+0.191*[#   4]+0.191*[#   7]+0.191*[#   8]+0.109*[#   1]
          +0.109*[#   5]
    |psi|^2 = 0.980
==== e(   3) =   -11.36848 eV ==== 
     psi = 0.239*[#   3]+0.239*[#   4]+0.239*[#   7]+0.239*[#   8]+0.019*[#   1]
          +0.019*[#   5]
    |psi|^2 = 0.995
==== e(   4) =    -6.40938 eV ==== 
     psi = 0.499*[#   2]+0.499*[#   6]
    |psi|^2 = 0.998
==== e(   5) =    -2.60744 eV ==== 
     psi = 0.478*[#   2]+0.478*[#   6]
    |psi|^2 = 0.956
==== e(   6) =     4.12185 eV ==== 
     psi = 0.321*[#   1]+0.321*[#   5]+0.059*[#   3]+0.059*[#   4]+0.059*[#   7]
          +0.059*[#   8]
    |psi|^2 = 0.879
==== e(   7) =     7.07769 eV ==== 
     psi = 0.006*[#   1]+0.006*[#   5]
    |psi|^2 = 0.016
==== e(   8) =     7.24055 eV ==== 
     psi = 0.002*[#   3]+0.002*[#   4]+0.002*[#   7]+0.002*[#   8]
    |psi|^2 = 0.010

 k =   0.1190476190  0.2061965247  0.0000000000
==== e(   1) =   -22.78088 eV ==== 
     psi = 0.373*[#   1]+0.373*[#   5]+0.059*[#   3]+0.059*[#   4]+0.059*[#   7]
          +0.059*[#   8]
    |psi|^2 = 0.982
==== e(   2) =   -10.68042 eV ==== 
     psi = 0.485*[#   2]+0.485*[#   6]
    |psi|^2 = 0.971
==== e(   3) =   -10.26981 eV ==== 
     psi = 0.217*[#   3]+0.217*[#   4]+0.217*[#   7]+0.217*[#   8]+0.064*[#   1]
          +0.064*[#   5]
    |psi|^2 = 0.997
==== e(   4) =    -9.24150 eV ==== 
     psi = 0.241*[#   3]+0.241*[#   4]+0.241*[#   7]+0.241*[#   8]+0.015*[#   1]
          +0.015*[#   5]
    |psi|^2 = 0.992
==== e(   5) =     0.41266 eV ==== 
     psi = 0.010*[#   3]+0.010*[#   4]+0.010*[#   7]+0.010*[#   8]
    |psi|^2 = 0.041
==== e(   6) =     1.32423 eV ==== 
     psi = 0.008*[#   2]+0.008*[#   6]
    |psi|^2 = 0.015
==== e(   7) =     3.12502 eV ==== 

    |psi|^2 = 0.004
==== e(   8) =     4.02018 eV ==== 
     psi = 0.008*[#   2]+0.008*[#   6]
    |psi|^2 = 0.017

 k =   0.1190476190  0.2336893947  0.0000000000
==== e(   1) =   -22.56958 eV ==== 
     psi = 0.359*[#   1]+0.359*[#   5]+0.066*[#   3]+0.066*[#   4]+0.066*[#   7]
          +0.066*[#   8]
    |psi|^2 = 0.982
==== e(   2) =   -10.73285 eV ==== 
     psi = 0.212*[#   3]+0.212*[#   4]+0.212*[#   7]+0.212*[#   8]+0.074*[#   1]
          +0.074*[#   5]
    |psi|^2 = 0.997
==== e(   3) =   -10.43177 eV ==== 
     psi = 0.487*[#   2]+0.487*[#   6]
    |psi|^2 = 0.975
==== e(   4) =    -9.57573 eV ==== 
     psi = 0.239*[#   3]+0.239*[#   4]+0.239*[#   7]+0.239*[#   8]+0.017*[#   1]
          +0.017*[#   5]
    |psi|^2 = 0.992
==== e(   5) =     0.70286 eV ==== 
     psi = 0.010*[#   3]+0.010*[#   4]+0.010*[#   7]+0.010*[#   8]
    |psi|^2 = 0.040
==== e(   6) =     1.61476 eV ==== 
     psi = 0.007*[#   2]+0.007*[#   6]
    |psi|^2 = 0.013
==== e(   7) =     3.41736 eV ==== 

    |psi|^2 = 0.004
==== e(   8) =     3.69711 eV ==== 
     psi = 0.484*[#   2]+0.484*[#   6]
    |psi|^2 = 0.968

 k =   0.1190476190  0.2611822646  0.0000000000
==== e(   1) =   -22.33259 eV ==== 
     psi = 0.344*[#   1]+0.344*[#   5]+0.073*[#   3]+0.073*[#   4]+0.073*[#   7]
          +0.073*[#   8]
    |psi|^2 = 0.982
==== e(   2) =   -11.23642 eV ==== 
     psi = 0.208*[#   3]+0.208*[#   4]+0.208*[#   7]+0.208*[#   8]+0.083*[#   1]
          +0.083*[#   5]
    |psi|^2 = 0.996
==== e(   3) =   -10.15432 eV ==== 
     psi = 0.489*[#   2]+0.489*[#   6]
    |psi|^2 = 0.979
==== e(   4) =    -9.89517 eV ==== 
     psi = 0.238*[#   3]+0.238*[#   4]+0.238*[#   7]+0.238*[#   8]+0.020*[#   1]
          +0.020*[#   5]
    |psi|^2 = 0.992
==== e(   5) =     1.02904 eV ==== 
     psi = 0.009*[#   3]+0.009*[#   4]+0.009*[#   7]+0.009*[#   8]
    |psi|^2 = 0.038
==== e(   6) =     1.93977 eV ==== 
     psi = 0.006*[#   2]+0.006*[#   6]
    |psi|^2 = 0.012
==== e(   7) =     3.15222 eV ==== 
     psi = 0.483*[#   2]+0.483*[#   6]
    |psi|^2 = 0.966
==== e(   8) =     3.74557 eV ==== 

    |psi|^2 = 0.004

 k =   0.1190476190  0.2886751346  0.0000000000
==== e(   1) =   -22.07020 eV ==== 
     psi = 0.331*[#   1]+0.331*[#   5]+0.080*[#   3]+0.080*[#   4]+0.080*[#   7]
          +0.080*[#   8]
    |psi|^2 = 0.982
==== e(   2) =   -11.77418 eV ==== 
     psi = 0.202*[#   3]+0.202*[#   4]+0.202*[#   7]+0.202*[#   8]+0.093*[#   1]
          +0.093*[#   5]
    |psi|^2 = 0.995
==== e(   3) =   -10.19233 eV ==== 
     psi = 0.237*[#   3]+0.237*[#   4]+0.237*[#   7]+0.237*[#   8]+0.021*[#   1]
          +0.021*[#   5]
    |psi|^2 = 0.992
==== e(   4) =    -9.84914 eV ==== 
     psi = 0.491*[#   2]+0.491*[#   6]
    |psi|^2 = 0.982
==== e(   5) =     1.39105 eV ==== 
     psi = 0.008*[#   3]+0.008*[#   4]+0.008*[#   7]+0.008*[#   8]
    |psi|^2 = 0.034
==== e(   6) =     2.28561 eV ==== 
     psi = 0.031*[#   2]+0.031*[#   6]
    |psi|^2 = 0.062
==== e(   7) =     2.59604 eV ==== 
     psi = 0.456*[#   2]+0.456*[#   6]
    |psi|^2 = 0.912
==== e(   8) =     4.10842 eV ==== 
     psi = 0.002*[#   1]+0.002*[#   5]
    |psi|^2 = 0.005

 k =   0.1190476190  0.3161680046  0.0000000000
==== e(   1) =   -21.78278 eV ==== 
     psi = 0.318*[#   1]+0.318*[#   5]+0.086*[#   3]+0.086*[#   4]+0.086*[#   7]
          +0.086*[#   8]
    |psi|^2 = 0.982
==== e(   2) =   -12.33744 eV ==== 
     psi = 0.197*[#   3]+0.197*[#   4]+0.197*[#   7]+0.197*[#   8]+0.102*[#   1]
          +0.102*[#   5]
    |psi|^2 = 0.994
==== e(   3) =   -10.46422 eV ==== 
     psi = 0.237*[#   3]+0.237*[#   4]+0.237*[#   7]+0.237*[#   8]+0.023*[#   1]
          +0.023*[#   5]
    |psi|^2 = 0.992
==== e(   4) =    -9.51764 eV ==== 
     psi = 0.493*[#   2]+0.493*[#   6]
    |psi|^2 = 0.986
==== e(   5) =     1.78868 eV ==== 
     psi = 0.007*[#   3]+0.007*[#   4]+0.007*[#   7]+0.007*[#   8]
    |psi|^2 = 0.030
==== e(   6) =     1.97176 eV ==== 
     psi = 0.472*[#   2]+0.472*[#   6]
    |psi|^2 = 0.945
==== e(   7) =     2.71502 eV ==== 
     psi = 0.014*[#   2]+0.014*[#   6]
    |psi|^2 = 0.027
==== e(   8) =     4.50207 eV ==== 
     psi = 0.008*[#   1]+0.008*[#   5]+0.002*[#   3]+0.002*[#   4]+0.002*[#   7]
          +0.002*[#   8]
    |psi|^2 = 0.023

 k =   0.1190476190  0.3436608745  0.0000000000
==== e(   1) =   -21.47077 eV ==== 
     psi = 0.306*[#   1]+0.306*[#   5]+0.092*[#   3]+0.092*[#   4]+0.092*[#   7]
          +0.092*[#   8]
    |psi|^2 = 0.982
==== e(   2) =   -12.91736 eV ==== 
     psi = 0.193*[#   3]+0.193*[#   4]+0.193*[#   7]+0.193*[#   8]+0.112*[#   1]
          +0.112*[#   5]
    |psi|^2 = 0.993
==== e(   3) =   -10.70989 eV ==== 
     psi = 0.236*[#   3]+0.236*[#   4]+0.236*[#   7]+0.236*[#   8]+0.024*[#   1]
          +0.024*[#   5]
    |psi|^2 = 0.993
==== e(   4) =    -9.16171 eV ==== 
     psi = 0.494*[#   2]+0.494*[#   6]
    |psi|^2 = 0.989
==== e(   5) =     1.37053 eV ==== 
     psi = 0.479*[#   2]+0.479*[#   6]
    |psi|^2 = 0.957
==== e(   6) =     2.22165 eV ==== 
     psi = 0.006*[#   3]+0.006*[#   4]+0.006*[#   7]+0.006*[#   8]
    |psi|^2 = 0.025
==== e(   7) =     3.14289 eV ==== 
     psi = 0.006*[#   2]+0.006*[#   6]
    |psi|^2 = 0.012
==== e(   8) =     4.88017 eV ==== 
     psi = 0.072*[#   1]+0.072*[#   5]+0.027*[#   3]+0.027*[#   4]+0.027*[#   7]
          +0.027*[#   8]
    |psi|^2 = 0.252

 k =   0.1190476190  0.3711537445  0.0000000000
==== e(   1) =   -21.13477 eV ==== 
     psi = 0.295*[#   1]+0.295*[#   5]+0.098*[#   3]+0.098*[#   4]+0.098*[#   7]
          +0.098*[#   8]
    |psi|^2 = 0.982
==== e(   2) =   -13.50605 eV ==== 
     psi = 0.188*[#   3]+0.188*[#   4]+0.188*[#   7]+0.188*[#   8]+0.120*[#   1]
          +0.120*[#   5]
    |psi|^2 = 0.992
==== e(   3) =   -10.92908 eV ==== 
     psi = 0.236*[#   3]+0.236*[#   4]+0.236*[#   7]+0.236*[#   8]+0.024*[#   1]
          +0.024*[#   5]
    |psi|^2 = 0.993
==== e(   4) =    -8.78395 eV ==== 
     psi = 0.496*[#   2]+0.496*[#   6]
    |psi|^2 = 0.991
==== e(   5) =     0.75918 eV ==== 
     psi = 0.479*[#   2]+0.479*[#   6]
    |psi|^2 = 0.959
==== e(   6) =     2.68954 eV ==== 
     psi = 0.005*[#   3]+0.005*[#   4]+0.005*[#   7]+0.005*[#   8]
    |psi|^2 = 0.019
==== e(   7) =     3.60866 eV ==== 
     psi = 0.004*[#   2]+0.004*[#   6]
    |psi|^2 = 0.008
==== e(   8) =     4.94056 eV ==== 
     psi = 0.229*[#   1]+0.229*[#   5]+0.090*[#   3]+0.090*[#   4]+0.090*[#   7]
          +0.090*[#   8]
    |psi|^2 = 0.815

 k =   0.1190476190  0.3986466144  0.0000000000
==== e(   1) =   -20.77554 eV ==== 
     psi = 0.285*[#   1]+0.285*[#   5]+0.103*[#   3]+0.103*[#   4]+0.103*[#   7]
          +0.103*[#   8]
    |psi|^2 = 0.983
==== e(   2) =   -14.09679 eV ==== 
     psi = 0.184*[#   3]+0.184*[#   4]+0.184*[#   7]+0.184*[#   8]+0.129*[#   1]
          +0.129*[#   5]
    |psi|^2 = 0.992
==== e(   3) =   -11.12160 eV ==== 
     psi = 0.236*[#   3]+0.236*[#   4]+0.236*[#   7]+0.236*[#   8]+0.025*[#   1]
          +0.025*[#   5]
    |psi|^2 = 0.993
==== e(   4) =    -8.38805 eV ==== 
     psi = 0.497*[#   2]+0.497*[#   6]
    |psi|^2 = 0.993
==== e(   5) =     0.14849 eV ==== 
     psi = 0.479*[#   2]+0.479*[#   6]
    |psi|^2 = 0.959
==== e(   6) =     3.19164 eV ==== 
     psi = 0.003*[#   3]+0.003*[#   4]+0.003*[#   7]+0.003*[#   8]
    |psi|^2 = 0.014
==== e(   7) =     4.10842 eV ==== 
     psi = 0.003*[#   2]+0.003*[#   6]
    |psi|^2 = 0.006
==== e(   8) =     4.87968 eV ==== 
     psi = 0.255*[#   1]+0.255*[#   5]+0.088*[#   3]+0.088*[#   4]+0.088*[#   7]
          +0.088*[#   8]
    |psi|^2 = 0.860

 k =   0.1190476190  0.4261394844  0.0000000000
==== e(   1) =   -20.39418 eV ==== 
     psi = 0.276*[#   1]+0.276*[#   5]+0.108*[#   3]+0.108*[#   4]+0.108*[#   7]
          +0.108*[#   8]
    |psi|^2 = 0.984
==== e(   2) =   -14.68380 eV ==== 
     psi = 0.180*[#   3]+0.180*[#   4]+0.180*[#   7]+0.180*[#   8]+0.136*[#   1]
          +0.136*[#   5]
    |psi|^2 = 0.991
==== e(   3) =   -11.28725 eV ==== 
     psi = 0.236*[#   3]+0.236*[#   4]+0.236*[#   7]+0.236*[#   8]+0.025*[#   1]
          +0.025*[#   5]
    |psi|^2 = 0.994
==== e(   4) =    -7.97949 eV ==== 
     psi = 0.497*[#   2]+0.497*[#   6]
    |psi|^2 = 0.995
==== e(   5) =    -0.45184 eV ==== 
     psi = 0.480*[#   2]+0.480*[#   6]
    |psi|^2 = 0.959
==== e(   6) =     3.72620 eV ==== 
     psi = 0.002*[#   1]+0.002*[#   5]+0.002*[#   3]+0.002*[#   4]+0.002*[#   7]
          +0.002*[#   8]
    |psi|^2 = 0.012
==== e(   7) =     4.64026 eV ==== 
     psi = 0.003*[#   2]+0.003*[#   6]
    |psi|^2 = 0.005
==== e(   8) =     4.81504 eV ==== 
     psi = 0.270*[#   1]+0.270*[#   5]+0.082*[#   3]+0.082*[#   4]+0.082*[#   7]
          +0.082*[#   8]
    |psi|^2 = 0.868

 k =   0.1190476190  0.4536323544  0.0000000000
==== e(   1) =   -19.99240 eV ==== 
     psi = 0.269*[#   1]+0.269*[#   5]+0.112*[#   3]+0.112*[#   4]+0.112*[#   7]
          +0.112*[#   8]
    |psi|^2 = 0.984
==== e(   2) =   -15.26172 eV ==== 
     psi = 0.176*[#   3]+0.176*[#   4]+0.176*[#   7]+0.176*[#   8]+0.142*[#   1]
          +0.142*[#   5]
    |psi|^2 = 0.990
==== e(   3) =   -11.42579 eV ==== 
     psi = 0.236*[#   3]+0.236*[#   4]+0.236*[#   7]+0.236*[#   8]+0.026*[#   1]
          +0.026*[#   5]
    |psi|^2 = 0.994
==== e(   4) =    -7.56682 eV ==== 
     psi = 0.498*[#   2]+0.498*[#   6]
    |psi|^2 = 0.996
==== e(   5) =    -1.02980 eV ==== 
     psi = 0.480*[#   2]+0.480*[#   6]
    |psi|^2 = 0.960
==== e(   6) =     4.28456 eV ==== 
     psi = 0.014*[#   1]+0.014*[#   5]+0.001*[#   3]+0.001*[#   4]+0.001*[#   7]
          +0.001*[#   8]
    |psi|^2 = 0.033
==== e(   7) =     4.76581 eV ==== 
     psi = 0.270*[#   1]+0.270*[#   5]+0.077*[#   3]+0.077*[#   4]+0.077*[#   7]
          +0.077*[#   8]
    |psi|^2 = 0.847
==== e(   8) =     5.20180 eV ==== 
     psi = 0.002*[#   2]+0.002*[#   6]
    |psi|^2 = 0.005

 k =   0.1190476190  0.4811252243  0.0000000000
==== e(   1) =   -19.57326 eV ==== 
     psi = 0.264*[#   1]+0.264*[#   5]+0.115*[#   3]+0.115*[#   4]+0.115*[#   7]
          +0.115*[#   8]
    |psi|^2 = 0.986
==== e(   2) =   -15.82475 eV ==== 
     psi = 0.174*[#   3]+0.174*[#   4]+0.174*[#   7]+0.174*[#   8]+0.147*[#   1]
          +0.147*[#   5]
    |psi|^2 = 0.988
==== e(   3) =   -11.53697 eV ==== 
     psi = 0.235*[#   3]+0.235*[#   4]+0.235*[#   7]+0.235*[#   8]+0.026*[#   1]
          +0.026*[#   5]
    |psi|^2 = 0.994
==== e(   4) =    -7.16390 eV ==== 
     psi = 0.498*[#   2]+0.498*[#   6]
    |psi|^2 = 0.996
==== e(   5) =    -1.56856 eV ==== 
     psi = 0.480*[#   2]+0.480*[#   6]
    |psi|^2 = 0.960
==== e(   6) =     4.64833 eV ==== 
     psi = 0.257*[#   1]+0.257*[#   5]+0.055*[#   3]+0.055*[#   4]+0.055*[#   7]
          +0.055*[#   8]
    |psi|^2 = 0.734
==== e(   7) =     4.95340 eV ==== 
     psi = 0.037*[#   1]+0.037*[#   5]+0.018*[#   3]+0.018*[#   4]+0.018*[#   7]
          +0.018*[#   8]
    |psi|^2 = 0.146
==== e(   8) =     5.78933 eV ==== 
     psi = 0.003*[#   2]+0.003*[#   6]
    |psi|^2 = 0.005

 k =   0.1190476190  0.5086180943  0.0000000000
==== e(   1) =   -19.14340 eV ==== 
     psi = 0.262*[#   1]+0.262*[#   5]+0.116*[#   3]+0.116*[#   4]+0.116*[#   7]
          +0.116*[#   8]
    |psi|^2 = 0.987
==== e(   2) =   -16.36418 eV ==== 
     psi = 0.173*[#   3]+0.173*[#   4]+0.173*[#   7]+0.173*[#   8]+0.148*[#   1]
          +0.148*[#   5]
    |psi|^2 = 0.987
==== e(   3) =   -11.62057 eV ==== 
     psi = 0.235*[#   3]+0.235*[#   4]+0.235*[#   7]+0.235*[#   8]+0.026*[#   1]
          +0.026*[#   5]
    |psi|^2 = 0.994
==== e(   4) =    -6.79402 eV ==== 
     psi = 0.498*[#   2]+0.498*[#   6]
    |psi|^2 = 0.997
==== e(   5) =    -2.04244 eV ==== 
     psi = 0.480*[#   2]+0.480*[#   6]
    |psi|^2 = 0.960
==== e(   6) =     4.63557 eV ==== 
     psi = 0.299*[#   1]+0.299*[#   5]+0.065*[#   3]+0.065*[#   4]+0.065*[#   7]
          +0.065*[#   8]
    |psi|^2 = 0.856
==== e(   7) =     5.56043 eV ==== 
     psi = 0.004*[#   3]+0.004*[#   4]+0.004*[#   7]+0.004*[#   8]+0.003*[#   1]
          +0.003*[#   5]
    |psi|^2 = 0.023
==== e(   8) =     6.39542 eV ==== 
     psi = 0.003*[#   2]+0.003*[#   6]
    |psi|^2 = 0.006

 k =   0.1190476190  0.5361109642  0.0000000000
==== e(   1) =   -18.72186 eV ==== 
     psi = 0.269*[#   1]+0.269*[#   5]+0.113*[#   3]+0.113*[#   4]+0.113*[#   7]
          +0.113*[#   8]
    |psi|^2 = 0.989
==== e(   2) =   -16.85954 eV ==== 
     psi = 0.176*[#   3]+0.176*[#   4]+0.176*[#   7]+0.176*[#   8]+0.141*[#   1]
          +0.141*[#   5]
    |psi|^2 = 0.985
==== e(   3) =   -11.67640 eV ==== 
     psi = 0.235*[#   3]+0.235*[#   4]+0.235*[#   7]+0.235*[#   8]+0.026*[#   1]
          +0.026*[#   5]
    |psi|^2 = 0.994
==== e(   4) =    -6.49550 eV ==== 
     psi = 0.499*[#   2]+0.499*[#   6]
    |psi|^2 = 0.997
==== e(   5) =    -2.41133 eV ==== 
     psi = 0.480*[#   2]+0.480*[#   6]
    |psi|^2 = 0.960
==== e(   6) =     4.61195 eV ==== 
     psi = 0.306*[#   1]+0.306*[#   5]+0.064*[#   3]+0.064*[#   4]+0.064*[#   7]
          +0.064*[#   8]
    |psi|^2 = 0.867
==== e(   7) =     6.21993 eV ==== 
     psi = 0.002*[#   1]+0.002*[#   3]+0.002*[#   4]+0.002*[#   5]+0.002*[#   7]
          +0.002*[#   8]
    |psi|^2 = 0.012
==== e(   8) =     7.00269 eV ==== 
     psi = 0.004*[#   2]+0.004*[#   6]
    |psi|^2 = 0.008

 k =   0.1190476190  0.5636038342  0.0000000000
==== e(   1) =   -18.38572 eV ==== 
     psi = 0.291*[#   1]+0.291*[#   5]+0.103*[#   3]+0.103*[#   4]+0.103*[#   7]
          +0.103*[#   8]
    |psi|^2 = 0.993
==== e(   2) =   -17.23281 eV ==== 
     psi = 0.186*[#   3]+0.186*[#   4]+0.186*[#   7]+0.186*[#   8]+0.119*[#   1]
          +0.119*[#   5]
    |psi|^2 = 0.982
==== e(   3) =   -11.70435 eV ==== 
     psi = 0.235*[#   3]+0.235*[#   4]+0.235*[#   7]+0.235*[#   8]+0.026*[#   1]
          +0.026*[#   5]
    |psi|^2 = 0.994
==== e(   4) =    -6.32244 eV ==== 
     psi = 0.499*[#   2]+0.499*[#   6]
    |psi|^2 = 0.998
==== e(   5) =    -2.61988 eV ==== 
     psi = 0.480*[#   2]+0.480*[#   6]
    |psi|^2 = 0.960
==== e(   6) =     4.59901 eV ==== 
     psi = 0.309*[#   1]+0.309*[#   5]+0.063*[#   3]+0.063*[#   4]+0.063*[#   7]
          +0.063*[#   8]
    |psi|^2 = 0.870
==== e(   7) =     6.90311 eV ==== 
     psi = 0.004*[#   1]+0.004*[#   5]+0.002*[#   3]+0.002*[#   4]+0.002*[#   7]
          +0.002*[#   8]
    |psi|^2 = 0.014
==== e(   8) =     7.63367 eV ==== 
     psi = 0.004*[#   1]+0.004*[#   5]+0.002*[#   3]+0.002*[#   4]+0.002*[#   7]
          +0.002*[#   8]
    |psi|^2 = 0.018

 k =   0.1428571429  0.2474358297  0.0000000000
==== e(   1) =   -22.34576 eV ==== 
     psi = 0.345*[#   1]+0.345*[#   5]+0.073*[#   3]+0.073*[#   4]+0.073*[#   7]
          +0.073*[#   8]
    |psi|^2 = 0.982
==== e(   2) =   -11.15708 eV ==== 
     psi = 0.208*[#   3]+0.208*[#   4]+0.208*[#   7]+0.208*[#   8]+0.082*[#   1]
          +0.082*[#   5]
    |psi|^2 = 0.997
==== e(   3) =   -10.16949 eV ==== 
     psi = 0.489*[#   2]+0.489*[#   6]
    |psi|^2 = 0.978
==== e(   4) =    -9.94420 eV ==== 
     psi = 0.237*[#   3]+0.237*[#   4]+0.237*[#   7]+0.237*[#   8]+0.021*[#   1]
          +0.021*[#   5]
    |psi|^2 = 0.991
==== e(   5) =     1.01105 eV ==== 
     psi = 0.009*[#   3]+0.009*[#   4]+0.009*[#   7]+0.009*[#   8]
    |psi|^2 = 0.038
==== e(   6) =     1.92287 eV ==== 
     psi = 0.006*[#   2]+0.006*[#   6]
    |psi|^2 = 0.011
==== e(   7) =     3.18987 eV ==== 
     psi = 0.484*[#   2]+0.484*[#   6]
    |psi|^2 = 0.969
==== e(   8) =     3.72825 eV ==== 

    |psi|^2 = 0.004

 k =   0.1428571429  0.2749286996  0.0000000000
==== e(   1) =   -22.09645 eV ==== 
     psi = 0.332*[#   1]+0.332*[#   5]+0.079*[#   3]+0.079*[#   4]+0.079*[#   7]
          +0.079*[#   8]
    |psi|^2 = 0.982
==== e(   2) =   -11.61989 eV ==== 
     psi = 0.204*[#   3]+0.204*[#   4]+0.204*[#   7]+0.204*[#   8]+0.091*[#   1]
          +0.091*[#   5]
    |psi|^2 = 0.997
==== e(   3) =   -10.29575 eV ==== 
     psi = 0.236*[#   3]+0.236*[#   4]+0.236*[#   7]+0.236*[#   8]+0.024*[#   1]
          +0.024*[#   5]
    |psi|^2 = 0.991
==== e(   4) =    -9.87900 eV ==== 
     psi = 0.491*[#   2]+0.491*[#   6]
    |psi|^2 = 0.982
==== e(   5) =     1.35513 eV ==== 
     psi = 0.009*[#   3]+0.009*[#   4]+0.009*[#   7]+0.009*[#   8]
    |psi|^2 = 0.035
==== e(   6) =     2.26462 eV ==== 
     psi = 0.006*[#   2]+0.006*[#   6]
    |psi|^2 = 0.013
==== e(   7) =     2.65578 eV ==== 
     psi = 0.482*[#   2]+0.482*[#   6]
    |psi|^2 = 0.965
==== e(   8) =     4.07508 eV ==== 

    |psi|^2 = 0.004

 k =   0.1428571429  0.3024215696  0.0000000000
==== e(   1) =   -21.82200 eV ==== 
     psi = 0.320*[#   1]+0.320*[#   5]+0.086*[#   3]+0.086*[#   4]+0.086*[#   7]
          +0.086*[#   8]
    |psi|^2 = 0.982
==== e(   2) =   -12.12058 eV ==== 
     psi = 0.199*[#   3]+0.199*[#   4]+0.199*[#   7]+0.199*[#   8]+0.100*[#   1]
          +0.100*[#   5]
    |psi|^2 = 0.996
==== e(   3) =   -10.61794 eV ==== 
     psi = 0.235*[#   3]+0.235*[#   4]+0.235*[#   7]+0.235*[#   8]+0.026*[#   1]
          +0.026*[#   5]
    |psi|^2 = 0.991
==== e(   4) =    -9.56151 eV ==== 
     psi = 0.493*[#   2]+0.493*[#   6]
    |psi|^2 = 0.985
==== e(   5) =     1.73492 eV ==== 
     psi = 0.008*[#   3]+0.008*[#   4]+0.008*[#   7]+0.008*[#   8]
    |psi|^2 = 0.031
==== e(   6) =     2.09110 eV ==== 
     psi = 0.480*[#   2]+0.480*[#   6]
    |psi|^2 = 0.959
==== e(   7) =     2.64948 eV ==== 
     psi = 0.008*[#   2]+0.008*[#   6]
    |psi|^2 = 0.016
==== e(   8) =     4.45685 eV ==== 
     psi = 0.001*[#   1]+0.001*[#   5]
    |psi|^2 = 0.005

 k =   0.1428571429  0.3299144395  0.0000000000
==== e(   1) =   -21.52283 eV ==== 
     psi = 0.308*[#   1]+0.308*[#   5]+0.091*[#   3]+0.091*[#   4]+0.091*[#   7]
          +0.091*[#   8]
    |psi|^2 = 0.982
==== e(   2) =   -12.65275 eV ==== 
     psi = 0.194*[#   3]+0.194*[#   4]+0.194*[#   7]+0.194*[#   8]+0.109*[#   1]
          +0.109*[#   5]
    |psi|^2 = 0.995
==== e(   3) =   -10.90601 eV ==== 
     psi = 0.234*[#   3]+0.234*[#   4]+0.234*[#   7]+0.234*[#   8]+0.028*[#   1]
          +0.028*[#   5]
    |psi|^2 = 0.991
==== e(   4) =    -9.21860 eV ==== 
     psi = 0.494*[#   2]+0.494*[#   6]
    |psi|^2 = 0.988
==== e(   5) =     1.51656 eV ==== 
     psi = 0.482*[#   2]+0.482*[#   6]
    |psi|^2 = 0.965
==== e(   6) =     2.15017 eV ==== 
     psi = 0.007*[#   3]+0.007*[#   4]+0.007*[#   7]+0.007*[#   8]
    |psi|^2 = 0.026
==== e(   7) =     3.06183 eV ==== 
     psi = 0.004*[#   2]+0.004*[#   6]
    |psi|^2 = 0.009
==== e(   8) =     4.87057 eV ==== 
     psi = 0.004*[#   1]+0.004*[#   5]
    |psi|^2 = 0.011

 k =   0.1428571429  0.3574073095  0.0000000000
==== e(   1) =   -21.19947 eV ==== 
     psi = 0.297*[#   1]+0.297*[#   5]+0.097*[#   3]+0.097*[#   4]+0.097*[#   7]
          +0.097*[#   8]
    |psi|^2 = 0.982
==== e(   2) =   -13.20717 eV ==== 
     psi = 0.190*[#   3]+0.190*[#   4]+0.190*[#   7]+0.190*[#   8]+0.118*[#   1]
          +0.118*[#   5]
    |psi|^2 = 0.994
==== e(   3) =   -11.15986 eV ==== 
     psi = 0.233*[#   3]+0.233*[#   4]+0.233*[#   7]+0.233*[#   8]+0.030*[#   1]
          +0.030*[#   5]
    |psi|^2 = 0.992
==== e(   4) =    -8.85241 eV ==== 
     psi = 0.496*[#   2]+0.496*[#   6]
    |psi|^2 = 0.991
==== e(   5) =     0.92981 eV ==== 
     psi = 0.483*[#   2]+0.483*[#   6]
    |psi|^2 = 0.965
==== e(   6) =     2.60056 eV ==== 
     psi = 0.005*[#   3]+0.005*[#   4]+0.005*[#   7]+0.005*[#   8]
    |psi|^2 = 0.021
==== e(   7) =     3.50922 eV ==== 
     psi = 0.003*[#   2]+0.003*[#   6]
    |psi|^2 = 0.007
==== e(   8) =     5.29215 eV ==== 
     psi = 0.031*[#   1]+0.031*[#   5]+0.010*[#   3]+0.010*[#   4]+0.010*[#   7]
          +0.010*[#   8]
    |psi|^2 = 0.103

 k =   0.1428571429  0.3849001795  0.0000000000
==== e(   1) =   -20.85259 eV ==== 
     psi = 0.287*[#   1]+0.287*[#   5]+0.102*[#   3]+0.102*[#   4]+0.102*[#   7]
          +0.102*[#   8]
    |psi|^2 = 0.983
==== e(   2) =   -13.77454 eV ==== 
     psi = 0.185*[#   3]+0.185*[#   4]+0.185*[#   7]+0.185*[#   8]+0.126*[#   1]
          +0.126*[#   5]
    |psi|^2 = 0.993
==== e(   3) =   -11.38095 eV ==== 
     psi = 0.233*[#   3]+0.233*[#   4]+0.233*[#   7]+0.233*[#   8]+0.031*[#   1]
          +0.031*[#   5]
    |psi|^2 = 0.992
==== e(   4) =    -8.46595 eV ==== 
     psi = 0.497*[#   2]+0.497*[#   6]
    |psi|^2 = 0.993
==== e(   5) =     0.33842 eV ==== 
     psi = 0.482*[#   2]+0.482*[#   6]
    |psi|^2 = 0.965
==== e(   6) =     3.08564 eV ==== 
     psi = 0.004*[#   3]+0.004*[#   4]+0.004*[#   7]+0.004*[#   8]
    |psi|^2 = 0.016
==== e(   7) =     3.98955 eV ==== 
     psi = 0.003*[#   2]+0.003*[#   6]
    |psi|^2 = 0.005
==== e(   8) =     5.43478 eV ==== 
     psi = 0.219*[#   1]+0.219*[#   5]+0.089*[#   3]+0.089*[#   4]+0.089*[#   7]
          +0.089*[#   8]
    |psi|^2 = 0.793

 k =   0.1428571429  0.4123930494  0.0000000000
==== e(   1) =   -20.48315 eV ==== 
     psi = 0.278*[#   1]+0.278*[#   5]+0.107*[#   3]+0.107*[#   4]+0.107*[#   7]
          +0.107*[#   8]
    |psi|^2 = 0.983
==== e(   2) =   -14.34668 eV ==== 
     psi = 0.181*[#   3]+0.181*[#   4]+0.181*[#   7]+0.181*[#   8]+0.134*[#   1]
          +0.134*[#   5]
    |psi|^2 = 0.992
==== e(   3) =   -11.57078 eV ==== 
     psi = 0.232*[#   3]+0.232*[#   4]+0.232*[#   7]+0.232*[#   8]+0.032*[#   1]
          +0.032*[#   5]
    |psi|^2 = 0.993
==== e(   4) =    -8.06352 eV ==== 
     psi = 0.497*[#   2]+0.497*[#   6]
    |psi|^2 = 0.995
==== e(   5) =    -0.24972 eV ==== 
     psi = 0.482*[#   2]+0.482*[#   6]
    |psi|^2 = 0.965
==== e(   6) =     3.60465 eV ==== 
     psi = 0.003*[#   3]+0.003*[#   4]+0.003*[#   7]+0.003*[#   8]
    |psi|^2 = 0.012
==== e(   7) =     4.50113 eV ==== 
     psi = 0.002*[#   2]+0.002*[#   6]
    |psi|^2 = 0.004
==== e(   8) =     5.38469 eV ==== 
     psi = 0.248*[#   1]+0.248*[#   5]+0.088*[#   3]+0.088*[#   4]+0.088*[#   7]
          +0.088*[#   8]
    |psi|^2 = 0.846

 k =   0.1428571429  0.4398859194  0.0000000000
==== e(   1) =   -20.09253 eV ==== 
     psi = 0.270*[#   1]+0.270*[#   5]+0.111*[#   3]+0.111*[#   4]+0.111*[#   7]
          +0.111*[#   8]
    |psi|^2 = 0.984
==== e(   2) =   -14.91659 eV ==== 
     psi = 0.178*[#   3]+0.178*[#   4]+0.178*[#   7]+0.178*[#   8]+0.140*[#   1]
          +0.140*[#   5]
    |psi|^2 = 0.991
==== e(   3) =   -11.73040 eV ==== 
     psi = 0.232*[#   3]+0.232*[#   4]+0.232*[#   7]+0.232*[#   8]+0.032*[#   1]
          +0.032*[#   5]
    |psi|^2 = 0.993
==== e(   4) =    -7.65169 eV ==== 
     psi = 0.498*[#   2]+0.498*[#   6]
    |psi|^2 = 0.996
==== e(   5) =    -0.82480 eV ==== 
     psi = 0.482*[#   2]+0.482*[#   6]
    |psi|^2 = 0.965
==== e(   6) =     4.15595 eV ==== 
     psi = 0.002*[#   1]+0.002*[#   5]+0.002*[#   3]+0.002*[#   4]+0.002*[#   7]
          +0.002*[#   8]
    |psi|^2 = 0.011
==== e(   7) =     5.04125 eV ==== 
     psi = 0.002*[#   2]+0.002*[#   6]
    |psi|^2 = 0.004
==== e(   8) =     5.32551 eV ==== 
     psi = 0.262*[#   1]+0.262*[#   5]+0.083*[#   3]+0.083*[#   4]+0.083*[#   7]
          +0.083*[#   8]
    |psi|^2 = 0.856

 k =   0.1428571429  0.4673787893  0.0000000000
==== e(   1) =   -19.68300 eV ==== 
     psi = 0.263*[#   1]+0.263*[#   5]+0.115*[#   3]+0.115*[#   4]+0.115*[#   7]
          +0.115*[#   8]
    |psi|^2 = 0.985
==== e(   2) =   -15.47771 eV ==== 
     psi = 0.175*[#   3]+0.175*[#   4]+0.175*[#   7]+0.175*[#   8]+0.146*[#   1]
          +0.146*[#   5]
    |psi|^2 = 0.990
==== e(   3) =   -11.86049 eV ==== 
     psi = 0.232*[#   3]+0.232*[#   4]+0.232*[#   7]+0.232*[#   8]+0.033*[#   1]
          +0.033*[#   5]
    |psi|^2 = 0.993
==== e(   4) =    -7.24091 eV ==== 
     psi = 0.498*[#   2]+0.498*[#   6]
    |psi|^2 = 0.996
==== e(   5) =    -1.37345 eV ==== 
     psi = 0.482*[#   2]+0.482*[#   6]
    |psi|^2 = 0.965
==== e(   6) =     4.73298 eV ==== 
     psi = 0.011*[#   1]+0.011*[#   5]+0.001*[#   3]+0.001*[#   4]+0.001*[#   7]
          +0.001*[#   8]
    |psi|^2 = 0.026
==== e(   7) =     5.27846 eV ==== 
     psi = 0.266*[#   1]+0.266*[#   5]+0.077*[#   3]+0.077*[#   4]+0.077*[#   7]
          +0.077*[#   8]
    |psi|^2 = 0.841
==== e(   8) =     5.60532 eV ==== 
     psi = 0.002*[#   2]+0.002*[#   6]
    |psi|^2 = 0.004

 k =   0.1428571429  0.4948716593  0.0000000000
==== e(   1) =   -19.25898 eV ==== 
     psi = 0.259*[#   1]+0.259*[#   5]+0.117*[#   3]+0.117*[#   4]+0.117*[#   7]
          +0.117*[#   8]
    |psi|^2 = 0.987
==== e(   2) =   -16.02252 eV ==== 
     psi = 0.173*[#   3]+0.173*[#   4]+0.173*[#   7]+0.173*[#   8]+0.149*[#   1]
          +0.149*[#   5]
    |psi|^2 = 0.988
==== e(   3) =   -11.96145 eV ==== 
     psi = 0.232*[#   3]+0.232*[#   4]+0.232*[#   7]+0.232*[#   8]+0.033*[#   1]
          +0.033*[#   5]
    |psi|^2 = 0.993
==== e(   4) =    -6.84868 eV ==== 
     psi = 0.498*[#   2]+0.498*[#   6]
    |psi|^2 = 0.997
==== e(   5) =    -1.87565 eV ==== 
     psi = 0.482*[#   2]+0.482*[#   6]
    |psi|^2 = 0.965
==== e(   6) =     5.16481 eV ==== 
     psi = 0.236*[#   1]+0.236*[#   5]+0.053*[#   3]+0.053*[#   4]+0.053*[#   7]
          +0.053*[#   8]
    |psi|^2 = 0.684
==== e(   7) =     5.41775 eV ==== 
     psi = 0.050*[#   1]+0.050*[#   5]+0.021*[#   3]+0.021*[#   4]+0.021*[#   7]
          +0.021*[#   8]
    |psi|^2 = 0.182
==== e(   8) =     6.18483 eV ==== 
     psi = 0.003*[#   2]+0.003*[#   6]
    |psi|^2 = 0.005

 k =   0.1428571429  0.5223645293  0.0000000000
==== e(   1) =   -18.83130 eV ==== 
     psi = 0.261*[#   1]+0.261*[#   5]+0.117*[#   3]+0.117*[#   4]+0.117*[#   7]
          +0.117*[#   8]
    |psi|^2 = 0.988
==== e(   2) =   -16.53795 eV ==== 
     psi = 0.173*[#   3]+0.173*[#   4]+0.173*[#   7]+0.173*[#   8]+0.147*[#   1]
          +0.147*[#   5]
    |psi|^2 = 0.987
==== e(   3) =   -12.03346 eV ==== 
     psi = 0.232*[#   3]+0.232*[#   4]+0.232*[#   7]+0.232*[#   8]+0.033*[#   1]
          +0.033*[#   5]
    |psi|^2 = 0.993
==== e(   4) =    -6.50489 eV ==== 
     psi = 0.499*[#   2]+0.499*[#   6]
    |psi|^2 = 0.997
==== e(   5) =    -2.29950 eV ==== 
     psi = 0.482*[#   2]+0.482*[#   6]
    |psi|^2 = 0.965
==== e(   6) =     5.16538 eV ==== 
     psi = 0.289*[#   1]+0.289*[#   5]+0.067*[#   3]+0.067*[#   4]+0.067*[#   7]
          +0.067*[#   8]
    |psi|^2 = 0.847
==== e(   7) =     6.02950 eV ==== 
     psi = 0.004*[#   1]+0.004*[#   5]+0.003*[#   3]+0.003*[#   4]+0.003*[#   7]
          +0.003*[#   8]
    |psi|^2 = 0.021
==== e(   8) =     6.76084 eV ==== 
     psi = 0.004*[#   2]+0.004*[#   6]
    |psi|^2 = 0.007

 k =   0.1428571429  0.5498573992  0.0000000000
==== e(   1) =   -18.43663 eV ==== 
     psi = 0.273*[#   1]+0.273*[#   5]+0.111*[#   3]+0.111*[#   4]+0.111*[#   7]
          +0.111*[#   8]
    |psi|^2 = 0.991
==== e(   2) =   -16.98583 eV ==== 
     psi = 0.179*[#   3]+0.179*[#   4]+0.179*[#   7]+0.179*[#   8]+0.134*[#   1]
          +0.134*[#   5]
    |psi|^2 = 0.984
==== e(   3) =   -12.07664 eV ==== 
     psi = 0.231*[#   3]+0.231*[#   4]+0.231*[#   7]+0.231*[#   8]+0.034*[#   1]
          +0.034*[#   5]
    |psi|^2 = 0.993
==== e(   4) =    -6.25750 eV ==== 
     psi = 0.499*[#   2]+0.499*[#   6]
    |psi|^2 = 0.997
==== e(   5) =    -2.59553 eV ==== 
     psi = 0.482*[#   2]+0.482*[#   6]
    |psi|^2 = 0.964
==== e(   6) =     5.14831 eV ==== 
     psi = 0.295*[#   1]+0.295*[#   5]+0.067*[#   3]+0.067*[#   4]+0.067*[#   7]
          +0.067*[#   8]
    |psi|^2 = 0.857
==== e(   7) =     6.69666 eV ==== 
     psi = 0.003*[#   1]+0.003*[#   5]+0.002*[#   3]+0.002*[#   4]+0.002*[#   7]
          +0.002*[#   8]
    |psi|^2 = 0.014
==== e(   8) =     7.27985 eV ==== 
     psi = 0.006*[#   2]+0.006*[#   6]
    |psi|^2 = 0.012

 k =   0.1428571429  0.5773502692  0.0000000000
==== e(   1) =   -18.23227 eV ==== 
     psi = 0.293*[#   1]+0.293*[#   5]+0.102*[#   3]+0.102*[#   4]+0.102*[#   7]
          +0.102*[#   8]
    |psi|^2 = 0.993
==== e(   2) =   -17.20802 eV ==== 
     psi = 0.188*[#   3]+0.188*[#   4]+0.188*[#   7]+0.188*[#   8]+0.114*[#   1]
          +0.114*[#   5]
    |psi|^2 = 0.982
==== e(   3) =   -12.09103 eV ==== 
     psi = 0.231*[#   3]+0.231*[#   4]+0.231*[#   7]+0.231*[#   8]+0.034*[#   1]
          +0.034*[#   5]
    |psi|^2 = 0.993
==== e(   4) =    -6.16506 eV ==== 
     psi = 0.499*[#   2]+0.499*[#   6]
    |psi|^2 = 0.998
==== e(   5) =    -2.70429 eV ==== 
     psi = 0.482*[#   2]+0.482*[#   6]
    |psi|^2 = 0.964
==== e(   6) =     5.14198 eV ==== 
     psi = 0.297*[#   1]+0.297*[#   5]+0.066*[#   3]+0.066*[#   4]+0.066*[#   7]
          +0.066*[#   8]
    |psi|^2 = 0.858
==== e(   7) =     7.30537 eV ==== 
     psi = 0.009*[#   1]+0.009*[#   5]+0.002*[#   3]+0.002*[#   4]+0.002*[#   7]
          +0.002*[#   8]
    |psi|^2 = 0.026
==== e(   8) =     7.48715 eV ==== 
     psi = 0.002*[#   3]+0.002*[#   4]+0.002*[#   7]+0.002*[#   8]
    |psi|^2 = 0.009

 k =   0.1666666667  0.2886751346  0.0000000000
==== e(   1) =   -21.83508 eV ==== 
     psi = 0.320*[#   1]+0.320*[#   5]+0.085*[#   3]+0.085*[#   4]+0.085*[#   7]
          +0.085*[#   8]
    |psi|^2 = 0.982
==== e(   2) =   -12.03438 eV ==== 
     psi = 0.199*[#   3]+0.199*[#   4]+0.199*[#   7]+0.199*[#   8]+0.100*[#   1]
          +0.100*[#   5]
    |psi|^2 = 0.997
==== e(   3) =   -10.68359 eV ==== 
     psi = 0.234*[#   3]+0.234*[#   4]+0.234*[#   7]+0.234*[#   8]+0.027*[#   1]
          +0.027*[#   5]
    |psi|^2 = 0.990
==== e(   4) =    -9.57614 eV ==== 
     psi = 0.493*[#   2]+0.493*[#   6]
    |psi|^2 = 0.985
==== e(   5) =     1.71699 eV ==== 
     psi = 0.008*[#   3]+0.008*[#   4]+0.008*[#   7]+0.008*[#   8]
    |psi|^2 = 0.032
==== e(   6) =     2.13374 eV ==== 
     psi = 0.485*[#   2]+0.485*[#   6]
    |psi|^2 = 0.970
==== e(   7) =     2.62571 eV ==== 
     psi = 0.004*[#   2]+0.004*[#   6]
    |psi|^2 = 0.007
==== e(   8) =     4.44047 eV ==== 

    |psi|^2 = 0.004

 k =   0.1666666667  0.3161680046  0.0000000000
==== e(   1) =   -21.54888 eV ==== 
     psi = 0.309*[#   1]+0.309*[#   5]+0.091*[#   3]+0.091*[#   4]+0.091*[#   7]
          +0.091*[#   8]
    |psi|^2 = 0.982
==== e(   2) =   -12.48636 eV ==== 
     psi = 0.195*[#   3]+0.195*[#   4]+0.195*[#   7]+0.195*[#   8]+0.108*[#   1]
          +0.108*[#   5]
    |psi|^2 = 0.996
==== e(   3) =   -11.03962 eV ==== 
     psi = 0.233*[#   3]+0.233*[#   4]+0.233*[#   7]+0.233*[#   8]+0.030*[#   1]
          +0.030*[#   5]
    |psi|^2 = 0.990
==== e(   4) =    -9.24710 eV ==== 
     psi = 0.494*[#   2]+0.494*[#   6]
    |psi|^2 = 0.988
==== e(   5) =     1.59352 eV ==== 
     psi = 0.485*[#   2]+0.485*[#   6]
    |psi|^2 = 0.970
==== e(   6) =     2.11438 eV ==== 
     psi = 0.007*[#   3]+0.007*[#   4]+0.007*[#   7]+0.007*[#   8]
    |psi|^2 = 0.027
==== e(   7) =     3.02004 eV ==== 
     psi = 0.003*[#   2]+0.003*[#   6]
    |psi|^2 = 0.006
==== e(   8) =     4.84078 eV ==== 
     psi = 0.002*[#   1]+0.002*[#   5]
    |psi|^2 = 0.005

 k =   0.1666666667  0.3436608745  0.0000000000
==== e(   1) =   -21.23834 eV ==== 
     psi = 0.298*[#   1]+0.298*[#   5]+0.097*[#   3]+0.097*[#   4]+0.097*[#   7]
          +0.097*[#   8]
    |psi|^2 = 0.982
==== e(   2) =   -12.97559 eV ==== 
     psi = 0.190*[#   3]+0.190*[#   4]+0.190*[#   7]+0.190*[#   8]+0.117*[#   1]
          +0.117*[#   5]
    |psi|^2 = 0.995
==== e(   3) =   -11.35335 eV ==== 
     psi = 0.232*[#   3]+0.232*[#   4]+0.232*[#   7]+0.232*[#   8]+0.032*[#   1]
          +0.032*[#   5]
    |psi|^2 = 0.990
==== e(   4) =    -8.89365 eV ==== 
     psi = 0.495*[#   2]+0.495*[#   6]
    |psi|^2 = 0.991
==== e(   5) =     1.03862 eV ==== 
     psi = 0.485*[#   2]+0.485*[#   6]
    |psi|^2 = 0.970
==== e(   6) =     2.54703 eV ==== 
     psi = 0.006*[#   3]+0.006*[#   4]+0.006*[#   7]+0.006*[#   8]
    |psi|^2 = 0.023
==== e(   7) =     3.44815 eV ==== 
     psi = 0.003*[#   2]+0.003*[#   6]
    |psi|^2 = 0.005
==== e(   8) =     5.27409 eV ==== 
     psi = 0.004*[#   1]+0.004*[#   5]
    |psi|^2 = 0.012

 k =   0.1666666667  0.3711537445  0.0000000000
==== e(   1) =   -20.90407 eV ==== 
     psi = 0.288*[#   1]+0.288*[#   5]+0.102*[#   3]+0.102*[#   4]+0.102*[#   7]
          +0.102*[#   8]
    |psi|^2 = 0.983
==== e(   2) =   -13.49492 eV ==== 
     psi = 0.186*[#   3]+0.186*[#   4]+0.186*[#   7]+0.186*[#   8]+0.125*[#   1]
          +0.125*[#   5]
    |psi|^2 = 0.994
==== e(   3) =   -11.62295 eV ==== 
     psi = 0.231*[#   3]+0.231*[#   4]+0.231*[#   7]+0.231*[#   8]+0.034*[#   1]
          +0.034*[#   5]
    |psi|^2 = 0.991
==== e(   4) =    -8.51822 eV ==== 
     psi = 0.496*[#   2]+0.496*[#   6]
    |psi|^2 = 0.993
==== e(   5) =     0.47455 eV ==== 
     psi = 0.485*[#   2]+0.485*[#   6]
    |psi|^2 = 0.970
==== e(   6) =     3.01455 eV ==== 
     psi = 0.004*[#   3]+0.004*[#   4]+0.004*[#   7]+0.004*[#   8]
    |psi|^2 = 0.018
==== e(   7) =     3.90858 eV ==== 
     psi = 0.002*[#   2]+0.002*[#   6]
    |psi|^2 = 0.004
==== e(   8) =     5.72792 eV ==== 
     psi = 0.015*[#   1]+0.015*[#   5]+0.005*[#   3]+0.005*[#   4]+0.005*[#   7]
          +0.005*[#   8]
    |psi|^2 = 0.050

 k =   0.1666666667  0.3986466144  0.0000000000
==== e(   1) =   -20.54691 eV ==== 
     psi = 0.279*[#   1]+0.279*[#   5]+0.106*[#   3]+0.106*[#   4]+0.106*[#   7]
          +0.106*[#   8]
    |psi|^2 = 0.983
==== e(   2) =   -14.03404 eV ==== 
     psi = 0.182*[#   3]+0.182*[#   4]+0.182*[#   7]+0.182*[#   8]+0.132*[#   1]
          +0.132*[#   5]
    |psi|^2 = 0.993
==== e(   3) =   -11.85112 eV ==== 
     psi = 0.230*[#   3]+0.230*[#   4]+0.230*[#   7]+0.230*[#   8]+0.035*[#   1]
          +0.035*[#   5]
    |psi|^2 = 0.991
==== e(   4) =    -8.12423 eV ==== 
     psi = 0.497*[#   2]+0.497*[#   6]
    |psi|^2 = 0.994
==== e(   5) =    -0.09243 eV ==== 
     psi = 0.485*[#   2]+0.485*[#   6]
    |psi|^2 = 0.970
==== e(   6) =     3.51640 eV ==== 
     psi = 0.003*[#   3]+0.003*[#   4]+0.003*[#   7]+0.003*[#   8]
    |psi|^2 = 0.014
==== e(   7) =     4.39936 eV ==== 
     psi = 0.002*[#   2]+0.002*[#   6]
    |psi|^2 = 0.003
==== e(   8) =     5.98039 eV ==== 
     psi = 0.192*[#   1]+0.192*[#   5]+0.079*[#   3]+0.079*[#   4]+0.079*[#   7]
          +0.079*[#   8]
    |psi|^2 = 0.699

 k =   0.1666666667  0.4261394844  0.0000000000
==== e(   1) =   -20.16801 eV ==== 
     psi = 0.270*[#   1]+0.270*[#   5]+0.111*[#   3]+0.111*[#   4]+0.111*[#   7]
          +0.111*[#   8]
    |psi|^2 = 0.984
==== e(   2) =   -14.58272 eV ==== 
     psi = 0.178*[#   3]+0.178*[#   4]+0.178*[#   7]+0.178*[#   8]+0.139*[#   1]
          +0.139*[#   5]
    |psi|^2 = 0.992
==== e(   3) =   -12.04151 eV ==== 
     psi = 0.229*[#   3]+0.229*[#   4]+0.229*[#   7]+0.229*[#   8]+0.037*[#   1]
          +0.037*[#   5]
    |psi|^2 = 0.991
==== e(   4) =    -7.71672 eV ==== 
     psi = 0.498*[#   2]+0.498*[#   6]
    |psi|^2 = 0.995
==== e(   5) =    -0.65450 eV ==== 
     psi = 0.485*[#   2]+0.485*[#   6]
    |psi|^2 = 0.970
==== e(   6) =     4.05170 eV ==== 
     psi = 0.002*[#   3]+0.002*[#   4]+0.002*[#   7]+0.002*[#   8]
    |psi|^2 = 0.010
==== e(   7) =     4.91735 eV ==== 
     psi = 0.001*[#   2]+0.001*[#   6]
    |psi|^2 = 0.003
==== e(   8) =     5.94654 eV ==== 
     psi = 0.239*[#   1]+0.239*[#   5]+0.087*[#   3]+0.087*[#   4]+0.087*[#   7]
          +0.087*[#   8]
    |psi|^2 = 0.828

 k =   0.1666666667  0.4536323544  0.0000000000
==== e(   1) =   -19.76917 eV ==== 
     psi = 0.263*[#   1]+0.263*[#   5]+0.115*[#   3]+0.115*[#   4]+0.115*[#   7]
          +0.115*[#   8]
    |psi|^2 = 0.985
==== e(   2) =   -15.13197 eV ==== 
     psi = 0.175*[#   3]+0.175*[#   4]+0.175*[#   7]+0.175*[#   8]+0.145*[#   1]
          +0.145*[#   5]
    |psi|^2 = 0.991
==== e(   3) =   -12.19704 eV ==== 
     psi = 0.229*[#   3]+0.229*[#   4]+0.229*[#   7]+0.229*[#   8]+0.038*[#   1]
          +0.038*[#   5]
    |psi|^2 = 0.992
==== e(   4) =    -7.30353 eV ==== 
     psi = 0.498*[#   2]+0.498*[#   6]
    |psi|^2 = 0.996
==== e(   5) =    -1.20120 eV ==== 
     psi = 0.485*[#   2]+0.485*[#   6]
    |psi|^2 = 0.970
==== e(   6) =     4.61883 eV ==== 
     psi = 0.002*[#   1]+0.002*[#   5]+0.001*[#   3]+0.001*[#   4]+0.001*[#   7]
          +0.001*[#   8]
    |psi|^2 = 0.010
==== e(   7) =     5.45700 eV ==== 
     psi = 0.002*[#   2]+0.002*[#   6]
    |psi|^2 = 0.003
==== e(   8) =     5.89307 eV ==== 
     psi = 0.254*[#   1]+0.254*[#   5]+0.083*[#   3]+0.083*[#   4]+0.083*[#   7]
          +0.083*[#   8]
    |psi|^2 = 0.839

 k =   0.1666666667  0.4811252243  0.0000000000
==== e(   1) =   -19.35353 eV ==== 
     psi = 0.258*[#   1]+0.258*[#   5]+0.118*[#   3]+0.118*[#   4]+0.118*[#   7]
          +0.118*[#   8]
    |psi|^2 = 0.986
==== e(   2) =   -15.67330 eV ==== 
     psi = 0.173*[#   3]+0.173*[#   4]+0.173*[#   7]+0.173*[#   8]+0.149*[#   1]
          +0.149*[#   5]
    |psi|^2 = 0.990
==== e(   3) =   -12.31975 eV ==== 
     psi = 0.229*[#   3]+0.229*[#   4]+0.229*[#   7]+0.229*[#   8]+0.039*[#   1]
          +0.039*[#   5]
    |psi|^2 = 0.992
==== e(   4) =    -6.89757 eV ==== 
     psi = 0.498*[#   2]+0.498*[#   6]
    |psi|^2 = 0.996
==== e(   5) =    -1.71721 eV ==== 
     psi = 0.485*[#   2]+0.485*[#   6]
    |psi|^2 = 0.970
==== e(   6) =     5.21259 eV ==== 
     psi = 0.009*[#   1]+0.009*[#   5]+0.001*[#   3]+0.001*[#   4]+0.001*[#   7]
          +0.001*[#   8]
    |psi|^2 = 0.022
==== e(   7) =     5.84861 eV ==== 
     psi = 0.259*[#   1]+0.259*[#   5]+0.078*[#   3]+0.078*[#   4]+0.078*[#   7]
          +0.078*[#   8]
    |psi|^2 = 0.829
==== e(   8) =     6.00790 eV ==== 
     psi = 0.002*[#   2]+0.002*[#   6]
    |psi|^2 = 0.004

 k =   0.1666666667  0.5086180943  0.0000000000
==== e(   1) =   -18.92779 eV ==== 
     psi = 0.256*[#   1]+0.256*[#   5]+0.119*[#   3]+0.119*[#   4]+0.119*[#   7]
          +0.119*[#   8]
    |psi|^2 = 0.988
==== e(   2) =   -16.19621 eV ==== 
     psi = 0.172*[#   3]+0.172*[#   4]+0.172*[#   7]+0.172*[#   8]+0.151*[#   1]
          +0.151*[#   5]
    |psi|^2 = 0.988
==== e(   3) =   -12.41093 eV ==== 
     psi = 0.228*[#   3]+0.228*[#   4]+0.228*[#   7]+0.228*[#   8]+0.039*[#   1]
          +0.039*[#   5]
    |psi|^2 = 0.992
==== e(   4) =    -6.52112 eV ==== 
     psi = 0.498*[#   2]+0.498*[#   6]
    |psi|^2 = 0.997
==== e(   5) =    -2.17816 eV ==== 
     psi = 0.485*[#   2]+0.485*[#   6]
    |psi|^2 = 0.970
==== e(   6) =     5.72427 eV ==== 
     psi = 0.191*[#   1]+0.191*[#   5]+0.044*[#   3]+0.044*[#   4]+0.044*[#   7]
          +0.044*[#   8]
    |psi|^2 = 0.558
==== e(   7) =     5.92560 eV ==== 
     psi = 0.086*[#   1]+0.086*[#   5]+0.031*[#   3]+0.031*[#   4]+0.031*[#   7]
          +0.031*[#   8]
    |psi|^2 = 0.294
==== e(   8) =     6.54834 eV ==== 
     psi = 0.003*[#   2]+0.003*[#   6]
    |psi|^2 = 0.006

 k =   0.1666666667  0.5361109642  0.0000000000
==== e(   1) =   -18.51089 eV ==== 
     psi = 0.261*[#   1]+0.261*[#   5]+0.117*[#   3]+0.117*[#   4]+0.117*[#   7]
          +0.117*[#   8]
    |psi|^2 = 0.990
==== e(   2) =   -16.67920 eV ==== 
     psi = 0.174*[#   3]+0.174*[#   4]+0.174*[#   7]+0.174*[#   8]+0.145*[#   1]
          +0.145*[#   5]
    |psi|^2 = 0.986
==== e(   3) =   -12.47136 eV ==== 
     psi = 0.228*[#   3]+0.228*[#   4]+0.228*[#   7]+0.228*[#   8]+0.040*[#   1]
          +0.040*[#   5]
    |psi|^2 = 0.992
==== e(   4) =    -6.21281 eV ==== 
     psi = 0.499*[#   2]+0.499*[#   6]
    |psi|^2 = 0.997
==== e(   5) =    -2.54377 eV ==== 
     psi = 0.485*[#   2]+0.485*[#   6]
    |psi|^2 = 0.970
==== e(   6) =     5.75065 eV ==== 
     psi = 0.279*[#   1]+0.279*[#   5]+0.069*[#   3]+0.069*[#   4]+0.069*[#   7]
          +0.069*[#   8]
    |psi|^2 = 0.833
==== e(   7) =     6.52601 eV ==== 
     psi = 0.005*[#   1]+0.005*[#   5]+0.003*[#   3]+0.003*[#   4]+0.003*[#   7]
          +0.003*[#   8]
    |psi|^2 = 0.022
==== e(   8) =     7.02903 eV ==== 
     psi = 0.005*[#   2]+0.005*[#   6]
    |psi|^2 = 0.010

 k =   0.1666666667  0.5636038342  0.0000000000
==== e(   1) =   -18.17897 eV ==== 
     psi = 0.280*[#   1]+0.280*[#   5]+0.108*[#   3]+0.108*[#   4]+0.108*[#   7]
          +0.108*[#   8]
    |psi|^2 = 0.993
==== e(   2) =   -17.04454 eV ==== 
     psi = 0.183*[#   3]+0.183*[#   4]+0.183*[#   7]+0.183*[#   8]+0.126*[#   1]
          +0.126*[#   5]
    |psi|^2 = 0.983
==== e(   3) =   -12.50148 eV ==== 
     psi = 0.228*[#   3]+0.228*[#   4]+0.228*[#   7]+0.228*[#   8]+0.040*[#   1]
          +0.040*[#   5]
    |psi|^2 = 0.992
==== e(   4) =    -6.03114 eV ==== 
     psi = 0.499*[#   2]+0.499*[#   6]
    |psi|^2 = 0.998
==== e(   5) =    -2.75439 eV ==== 
     psi = 0.485*[#   2]+0.485*[#   6]
    |psi|^2 = 0.969
==== e(   6) =     5.74047 eV ==== 
     psi = 0.283*[#   1]+0.283*[#   5]+0.069*[#   3]+0.069*[#   4]+0.069*[#   7]
          +0.069*[#   8]
    |psi|^2 = 0.843
==== e(   7) =     7.19066 eV ==== 
     psi = 0.006*[#   1]+0.006*[#   5]+0.002*[#   3]+0.002*[#   4]+0.002*[#   7]
          +0.002*[#   8]
    |psi|^2 = 0.021
==== e(   8) =     7.90439 eV ==== 
     psi = 0.007*[#   1]+0.007*[#   5]+0.003*[#   3]+0.003*[#   4]+0.003*[#   7]
          +0.003*[#   8]
    |psi|^2 = 0.026

 k =   0.1904761905  0.3299144395  0.0000000000
==== e(   1) =   -21.25130 eV ==== 
     psi = 0.298*[#   1]+0.298*[#   5]+0.096*[#   3]+0.096*[#   4]+0.096*[#   7]
          +0.096*[#   8]
    |psi|^2 = 0.982
==== e(   2) =   -12.88232 eV ==== 
     psi = 0.190*[#   3]+0.190*[#   4]+0.190*[#   7]+0.190*[#   8]+0.117*[#   1]
          +0.117*[#   5]
    |psi|^2 = 0.996
==== e(   3) =   -11.43439 eV ==== 
     psi = 0.231*[#   3]+0.231*[#   4]+0.231*[#   7]+0.231*[#   8]+0.032*[#   1]
          +0.032*[#   5]
    |psi|^2 = 0.989
==== e(   4) =    -8.90742 eV ==== 
     psi = 0.495*[#   2]+0.495*[#   6]
    |psi|^2 = 0.991
==== e(   5) =     1.07609 eV ==== 
     psi = 0.486*[#   2]+0.486*[#   6]
    |psi|^2 = 0.972
==== e(   6) =     2.52917 eV ==== 
     psi = 0.006*[#   3]+0.006*[#   4]+0.006*[#   7]+0.006*[#   8]
    |psi|^2 = 0.023
==== e(   7) =     3.42750 eV ==== 
     psi = 0.002*[#   2]+0.002*[#   6]
    |psi|^2 = 0.004
==== e(   8) =     5.25973 eV ==== 
     psi = 0.002*[#   1]+0.002*[#   5]
    |psi|^2 = 0.007

 k =   0.1904761905  0.3574073095  0.0000000000
==== e(   1) =   -20.92983 eV ==== 
     psi = 0.288*[#   1]+0.288*[#   5]+0.101*[#   3]+0.101*[#   4]+0.101*[#   7]
          +0.101*[#   8]
    |psi|^2 = 0.982
==== e(   2) =   -13.31644 eV ==== 
     psi = 0.186*[#   3]+0.186*[#   4]+0.186*[#   7]+0.186*[#   8]+0.126*[#   1]
          +0.126*[#   5]
    |psi|^2 = 0.995
==== e(   3) =   -11.78394 eV ==== 
     psi = 0.230*[#   3]+0.230*[#   4]+0.230*[#   7]+0.230*[#   8]+0.034*[#   1]
          +0.034*[#   5]
    |psi|^2 = 0.989
==== e(   4) =    -8.54445 eV ==== 
     psi = 0.496*[#   2]+0.496*[#   6]
    |psi|^2 = 0.993
==== e(   5) =     0.54585 eV ==== 
     psi = 0.487*[#   2]+0.487*[#   6]
    |psi|^2 = 0.974
==== e(   6) =     2.97892 eV ==== 
     psi = 0.005*[#   3]+0.005*[#   4]+0.005*[#   7]+0.005*[#   8]
    |psi|^2 = 0.019
==== e(   7) =     3.86741 eV ==== 
     psi = 0.002*[#   2]+0.002*[#   6]
    |psi|^2 = 0.003
==== e(   8) =     5.71223 eV ==== 
     psi = 0.004*[#   1]+0.004*[#   5]+0.001*[#   3]+0.001*[#   4]+0.001*[#   7]
          +0.001*[#   8]
    |psi|^2 = 0.013

 k =   0.1904761905  0.3849001795  0.0000000000
==== e(   1) =   -20.58523 eV ==== 
     psi = 0.279*[#   1]+0.279*[#   5]+0.106*[#   3]+0.106*[#   4]+0.106*[#   7]
          +0.106*[#   8]
    |psi|^2 = 0.983
==== e(   2) =   -13.78834 eV ==== 
     psi = 0.182*[#   3]+0.182*[#   4]+0.182*[#   7]+0.182*[#   8]+0.134*[#   1]
          +0.134*[#   5]
    |psi|^2 = 0.995
==== e(   3) =   -12.07987 eV ==== 
     psi = 0.230*[#   3]+0.230*[#   4]+0.230*[#   7]+0.230*[#   8]+0.036*[#   1]
          +0.036*[#   5]
    |psi|^2 = 0.990
==== e(   4) =    -8.16092 eV ==== 
     psi = 0.497*[#   2]+0.497*[#   6]
    |psi|^2 = 0.994
==== e(   5) =     0.00790 eV ==== 
     psi = 0.487*[#   2]+0.487*[#   6]
    |psi|^2 = 0.975
==== e(   6) =     3.46314 eV ==== 
     psi = 0.004*[#   3]+0.004*[#   4]+0.004*[#   7]+0.004*[#   8]
    |psi|^2 = 0.015
==== e(   7) =     4.33710 eV ==== 
     psi = 0.001*[#   2]+0.001*[#   6]
    |psi|^2 = 0.002
==== e(   8) =     6.18981 eV ==== 
     psi = 0.014*[#   1]+0.014*[#   5]+0.005*[#   3]+0.005*[#   4]+0.005*[#   7]
          +0.005*[#   8]
    |psi|^2 = 0.047

 k =   0.1904761905  0.4123930494  0.0000000000
==== e(   1) =   -20.21850 eV ==== 
     psi = 0.271*[#   1]+0.271*[#   5]+0.111*[#   3]+0.111*[#   4]+0.111*[#   7]
          +0.111*[#   8]
    |psi|^2 = 0.984
==== e(   2) =   -14.28947 eV ==== 
     psi = 0.178*[#   3]+0.178*[#   4]+0.178*[#   7]+0.178*[#   8]+0.141*[#   1]
          +0.141*[#   5]
    |psi|^2 = 0.994
==== e(   3) =   -12.32328 eV ==== 
     psi = 0.229*[#   3]+0.229*[#   4]+0.229*[#   7]+0.229*[#   8]+0.038*[#   1]
          +0.038*[#   5]
    |psi|^2 = 0.990
==== e(   4) =    -7.76072 eV ==== 
     psi = 0.498*[#   2]+0.498*[#   6]
    |psi|^2 = 0.995
==== e(   5) =    -0.53182 eV ==== 
     psi = 0.488*[#   2]+0.488*[#   6]
    |psi|^2 = 0.975
==== e(   6) =     3.98114 eV ==== 
     psi = 0.003*[#   3]+0.003*[#   4]+0.003*[#   7]+0.003*[#   8]
    |psi|^2 = 0.011
==== e(   7) =     4.83264 eV ==== 

    |psi|^2 = 0.002
==== e(   8) =     6.55326 eV ==== 
     psi = 0.158*[#   1]+0.158*[#   5]+0.067*[#   3]+0.067*[#   4]+0.067*[#   7]
          +0.067*[#   8]
    |psi|^2 = 0.585

 k =   0.1904761905  0.4398859194  0.0000000000
==== e(   1) =   -19.83112 eV ==== 
     psi = 0.263*[#   1]+0.263*[#   5]+0.115*[#   3]+0.115*[#   4]+0.115*[#   7]
          +0.115*[#   8]
    |psi|^2 = 0.985
==== e(   2) =   -14.80783 eV ==== 
     psi = 0.175*[#   3]+0.175*[#   4]+0.175*[#   7]+0.175*[#   8]+0.147*[#   1]
          +0.147*[#   5]
    |psi|^2 = 0.992
==== e(   3) =   -12.51955 eV ==== 
     psi = 0.228*[#   3]+0.228*[#   4]+0.228*[#   7]+0.228*[#   8]+0.040*[#   1]
          +0.040*[#   5]
    |psi|^2 = 0.990
==== e(   4) =    -7.34968 eV ==== 
     psi = 0.498*[#   2]+0.498*[#   6]
    |psi|^2 = 0.996
==== e(   5) =    -1.06541 eV ==== 
     psi = 0.488*[#   2]+0.488*[#   6]
    |psi|^2 = 0.975
==== e(   6) =     4.53187 eV ==== 
     psi = 0.002*[#   3]+0.002*[#   4]+0.002*[#   7]+0.002*[#   8]+0.001*[#   1]
          +0.001*[#   5]
    |psi|^2 = 0.009
==== e(   7) =     5.34730 eV ==== 

    |psi|^2 = 0.002
==== e(   8) =     6.54842 eV ==== 
     psi = 0.230*[#   1]+0.230*[#   5]+0.087*[#   3]+0.087*[#   4]+0.087*[#   7]
          +0.087*[#   8]
    |psi|^2 = 0.806

 k =   0.1904761905  0.4673787893  0.0000000000
==== e(   1) =   -19.42545 eV ==== 
     psi = 0.257*[#   1]+0.257*[#   5]+0.118*[#   3]+0.118*[#   4]+0.118*[#   7]
          +0.118*[#   8]
    |psi|^2 = 0.986
==== e(   2) =   -15.33158 eV ==== 
     psi = 0.172*[#   3]+0.172*[#   4]+0.172*[#   7]+0.172*[#   8]+0.151*[#   1]
          +0.151*[#   5]
    |psi|^2 = 0.991
==== e(   3) =   -12.67415 eV ==== 
     psi = 0.227*[#   3]+0.227*[#   4]+0.227*[#   7]+0.227*[#   8]+0.041*[#   1]
          +0.041*[#   5]
    |psi|^2 = 0.991
==== e(   4) =    -6.93718 eV ==== 
     psi = 0.498*[#   2]+0.498*[#   6]
    |psi|^2 = 0.996
==== e(   5) =    -1.58153 eV ==== 
     psi = 0.488*[#   2]+0.488*[#   6]
    |psi|^2 = 0.975
==== e(   6) =     5.11340 eV ==== 
     psi = 0.003*[#   1]+0.003*[#   5]+0.001*[#   3]+0.001*[#   4]+0.001*[#   7]
          +0.001*[#   8]
    |psi|^2 = 0.010
==== e(   7) =     5.86845 eV ==== 
     psi = 0.001*[#   2]+0.001*[#   6]
    |psi|^2 = 0.002
==== e(   8) =     6.50056 eV ==== 
     psi = 0.245*[#   1]+0.245*[#   5]+0.082*[#   3]+0.082*[#   4]+0.082*[#   7]
          +0.082*[#   8]
    |psi|^2 = 0.818

 k =   0.1904761905  0.4948716593  0.0000000000
==== e(   1) =   -19.00598 eV ==== 
     psi = 0.253*[#   1]+0.253*[#   5]+0.121*[#   3]+0.121*[#   4]+0.121*[#   7]
          +0.121*[#   8]
    |psi|^2 = 0.987
==== e(   2) =   -15.84909 eV ==== 
     psi = 0.170*[#   3]+0.170*[#   4]+0.170*[#   7]+0.170*[#   8]+0.154*[#   1]
          +0.154*[#   5]
    |psi|^2 = 0.990
==== e(   3) =   -12.79114 eV ==== 
     psi = 0.226*[#   3]+0.226*[#   4]+0.226*[#   7]+0.226*[#   8]+0.043*[#   1]
          +0.043*[#   5]
    |psi|^2 = 0.991
==== e(   4) =    -6.53925 eV ==== 
     psi = 0.498*[#   2]+0.498*[#   6]
    |psi|^2 = 0.997
==== e(   5) =    -2.06228 eV ==== 
     psi = 0.488*[#   2]+0.488*[#   6]
    |psi|^2 = 0.975
==== e(   6) =     5.72095 eV ==== 
     psi = 0.008*[#   1]+0.008*[#   5]+0.001*[#   3]+0.001*[#   4]+0.001*[#   7]
          +0.001*[#   8]
    |psi|^2 = 0.020
==== e(   7) =     6.37064 eV ==== 
     psi = 0.002*[#   2]+0.002*[#   6]
    |psi|^2 = 0.004
==== e(   8) =     6.45906 eV ==== 
     psi = 0.251*[#   1]+0.251*[#   5]+0.077*[#   3]+0.077*[#   4]+0.077*[#   7]
          +0.077*[#   8]
    |psi|^2 = 0.812

 k =   0.1904761905  0.5223645293  0.0000000000
==== e(   1) =   -18.58347 eV ==== 
     psi = 0.253*[#   1]+0.253*[#   5]+0.121*[#   3]+0.121*[#   4]+0.121*[#   7]
          +0.121*[#   8]
    |psi|^2 = 0.989
==== e(   2) =   -16.34469 eV ==== 
     psi = 0.171*[#   3]+0.171*[#   4]+0.171*[#   7]+0.171*[#   8]+0.153*[#   1]
          +0.153*[#   5]
    |psi|^2 = 0.988
==== e(   3) =   -12.87318 eV ==== 
     psi = 0.226*[#   3]+0.226*[#   4]+0.226*[#   7]+0.226*[#   8]+0.044*[#   1]
          +0.044*[#   5]
    |psi|^2 = 0.991
==== e(   4) =    -6.18470 eV ==== 
     psi = 0.498*[#   2]+0.498*[#   6]
    |psi|^2 = 0.997
==== e(   5) =    -2.47727 eV ==== 
     psi = 0.488*[#   2]+0.488*[#   6]
    |psi|^2 = 0.975
==== e(   6) =     6.29577 eV ==== 
     psi = 0.119*[#   1]+0.119*[#   5]+0.027*[#   3]+0.027*[#   4]+0.027*[#   7]
          +0.027*[#   8]
    |psi|^2 = 0.347
==== e(   7) =     6.48673 eV ==== 
     psi = 0.148*[#   1]+0.148*[#   5]+0.048*[#   3]+0.048*[#   4]+0.048*[#   7]
          +0.048*[#   8]
    |psi|^2 = 0.489
==== e(   8) =     6.80421 eV ==== 
     psi = 0.004*[#   2]+0.004*[#   6]
    |psi|^2 = 0.007

 k =   0.1904761905  0.5498573992  0.0000000000
==== e(   1) =   -18.19396 eV ==== 
     psi = 0.263*[#   1]+0.263*[#   5]+0.116*[#   3]+0.116*[#   4]+0.116*[#   7]
          +0.116*[#   8]
    |psi|^2 = 0.991
==== e(   2) =   -16.77921 eV ==== 
     psi = 0.175*[#   3]+0.175*[#   4]+0.175*[#   7]+0.175*[#   8]+0.142*[#   1]
          +0.142*[#   5]
    |psi|^2 = 0.986
==== e(   3) =   -12.92184 eV ==== 
     psi = 0.226*[#   3]+0.226*[#   4]+0.226*[#   7]+0.226*[#   8]+0.044*[#   1]
          +0.044*[#   5]
    |psi|^2 = 0.991
==== e(   4) =    -5.92375 eV ==== 
     psi = 0.499*[#   2]+0.499*[#   6]
    |psi|^2 = 0.997
==== e(   5) =    -2.77499 eV ==== 
     psi = 0.487*[#   2]+0.487*[#   6]
    |psi|^2 = 0.975
==== e(   6) =     6.37297 eV ==== 
     psi = 0.267*[#   1]+0.267*[#   5]+0.070*[#   3]+0.070*[#   4]+0.070*[#   7]
          +0.070*[#   8]
    |psi|^2 = 0.815
==== e(   7) =     7.04373 eV ==== 
     psi = 0.007*[#   1]+0.007*[#   5]+0.003*[#   3]+0.003*[#   4]+0.003*[#   7]
          +0.003*[#   8]
    |psi|^2 = 0.028
==== e(   8) =     7.09591 eV ==== 
     psi = 0.005*[#   2]+0.005*[#   6]
    |psi|^2 = 0.011

 k =   0.1904761905  0.5773502692  0.0000000000
==== e(   1) =   -17.99211 eV ==== 
     psi = 0.280*[#   1]+0.280*[#   5]+0.108*[#   3]+0.108*[#   4]+0.108*[#   7]
          +0.108*[#   8]
    |psi|^2 = 0.993
==== e(   2) =   -16.99624 eV ==== 
     psi = 0.183*[#   3]+0.183*[#   4]+0.183*[#   7]+0.183*[#   8]+0.125*[#   1]
          +0.125*[#   5]
    |psi|^2 = 0.984
==== e(   3) =   -12.93798 eV ==== 
     psi = 0.226*[#   3]+0.226*[#   4]+0.226*[#   7]+0.226*[#   8]+0.044*[#   1]
          +0.044*[#   5]
    |psi|^2 = 0.991
==== e(   4) =    -5.82432 eV ==== 
     psi = 0.499*[#   2]+0.499*[#   6]
    |psi|^2 = 0.997
==== e(   5) =    -2.88677 eV ==== 
     psi = 0.487*[#   2]+0.487*[#   6]
    |psi|^2 = 0.974
==== e(   6) =     6.36979 eV ==== 
     psi = 0.270*[#   1]+0.270*[#   5]+0.071*[#   3]+0.071*[#   4]+0.071*[#   7]
          +0.071*[#   8]
    |psi|^2 = 0.824
==== e(   7) =     7.19551 eV ==== 
     psi = 0.006*[#   2]+0.006*[#   6]
    |psi|^2 = 0.013
==== e(   8) =     7.61098 eV ==== 
     psi = 0.015*[#   1]+0.015*[#   5]+0.004*[#   3]+0.004*[#   4]+0.004*[#   7]
          +0.004*[#   8]
    |psi|^2 = 0.046

 k =   0.2142857143  0.3711537445  0.0000000000
==== e(   1) =   -20.59802 eV ==== 
     psi = 0.279*[#   1]+0.279*[#   5]+0.106*[#   3]+0.106*[#   4]+0.106*[#   7]
          +0.106*[#   8]
    |psi|^2 = 0.983
==== e(   2) =   -13.68809 eV ==== 
     psi = 0.181*[#   3]+0.181*[#   4]+0.181*[#   7]+0.181*[#   8]+0.136*[#   1]
          +0.136*[#   5]
    |psi|^2 = 0.995
==== e(   3) =   -12.17488 eV ==== 
     psi = 0.230*[#   3]+0.230*[#   4]+0.230*[#   7]+0.230*[#   8]+0.035*[#   1]
          +0.035*[#   5]
    |psi|^2 = 0.989
==== e(   4) =    -8.17320 eV ==== 
     psi = 0.497*[#   2]+0.497*[#   6]
    |psi|^2 = 0.994
==== e(   5) =     0.04242 eV ==== 
     psi = 0.488*[#   2]+0.488*[#   6]
    |psi|^2 = 0.976
==== e(   6) =     3.44535 eV ==== 
     psi = 0.004*[#   3]+0.004*[#   4]+0.004*[#   7]+0.004*[#   8]
    |psi|^2 = 0.015
==== e(   7) =     4.31611 eV ==== 

    |psi|^2 = 0.002
==== e(   8) =     6.18299 eV ==== 
     psi = 0.004*[#   1]+0.004*[#   5]+0.001*[#   3]+0.001*[#   4]+0.001*[#   7]
          +0.001*[#   8]
    |psi|^2 = 0.014

 k =   0.2142857143  0.3986466144  0.0000000000
==== e(   1) =   -20.24380 eV ==== 
     psi = 0.271*[#   1]+0.271*[#   5]+0.111*[#   3]+0.111*[#   4]+0.111*[#   7]
          +0.111*[#   8]
    |psi|^2 = 0.984
==== e(   2) =   -14.09957 eV ==== 
     psi = 0.177*[#   3]+0.177*[#   4]+0.177*[#   7]+0.177*[#   8]+0.144*[#   1]
          +0.144*[#   5]
    |psi|^2 = 0.995
==== e(   3) =   -12.50854 eV ==== 
     psi = 0.229*[#   3]+0.229*[#   4]+0.229*[#   7]+0.229*[#   8]+0.036*[#   1]
          +0.036*[#   5]
    |psi|^2 = 0.989
==== e(   4) =    -7.78290 eV ==== 
     psi = 0.498*[#   2]+0.498*[#   6]
    |psi|^2 = 0.995
==== e(   5) =    -0.46742 eV ==== 
     psi = 0.489*[#   2]+0.489*[#   6]
    |psi|^2 = 0.978
==== e(   6) =     3.94569 eV ==== 
     psi = 0.003*[#   3]+0.003*[#   4]+0.003*[#   7]+0.003*[#   8]
    |psi|^2 = 0.012
==== e(   7) =     4.78949 eV ==== 

    |psi|^2 = 0.001
==== e(   8) =     6.68140 eV ==== 
     psi = 0.012*[#   1]+0.012*[#   5]+0.005*[#   3]+0.005*[#   4]+0.005*[#   7]
          +0.005*[#   8]
    |psi|^2 = 0.043

 k =   0.2142857143  0.4261394844  0.0000000000
==== e(   1) =   -19.86843 eV ==== 
     psi = 0.263*[#   1]+0.263*[#   5]+0.115*[#   3]+0.115*[#   4]+0.115*[#   7]
          +0.115*[#   8]
    |psi|^2 = 0.985
==== e(   2) =   -14.54973 eV ==== 
     psi = 0.173*[#   3]+0.173*[#   4]+0.173*[#   7]+0.173*[#   8]+0.151*[#   1]
          +0.151*[#   5]
    |psi|^2 = 0.994
==== e(   3) =   -12.77866 eV ==== 
     psi = 0.228*[#   3]+0.228*[#   4]+0.228*[#   7]+0.228*[#   8]+0.038*[#   1]
          +0.038*[#   5]
    |psi|^2 = 0.989
==== e(   4) =    -7.37792 eV ==== 
     psi = 0.498*[#   2]+0.498*[#   6]
    |psi|^2 = 0.996
==== e(   5) =    -0.97819 eV ==== 
     psi = 0.490*[#   2]+0.490*[#   6]
    |psi|^2 = 0.979
==== e(   6) =     4.47901 eV ==== 
     psi = 0.002*[#   3]+0.002*[#   4]+0.002*[#   7]+0.002*[#   8]
    |psi|^2 = 0.009
==== e(   7) =     5.27960 eV ==== 

    |psi|^2 = 0.001
==== e(   8) =     7.12706 eV ==== 
     psi = 0.109*[#   1]+0.109*[#   5]+0.048*[#   3]+0.048*[#   4]+0.048*[#   7]
          +0.048*[#   8]
    |psi|^2 = 0.409

 k =   0.2142857143  0.4536323544  0.0000000000
==== e(   1) =   -19.47381 eV ==== 
     psi = 0.256*[#   1]+0.256*[#   5]+0.118*[#   3]+0.118*[#   4]+0.118*[#   7]
          +0.118*[#   8]
    |psi|^2 = 0.986
==== e(   2) =   -15.02780 eV ==== 
     psi = 0.170*[#   3]+0.170*[#   4]+0.170*[#   7]+0.170*[#   8]+0.156*[#   1]
          +0.156*[#   5]
    |psi|^2 = 0.993
==== e(   3) =   -12.98921 eV ==== 
     psi = 0.227*[#   3]+0.227*[#   4]+0.227*[#   7]+0.227*[#   8]+0.040*[#   1]
          +0.040*[#   5]
    |psi|^2 = 0.989
==== e(   4) =    -6.96497 eV ==== 
     psi = 0.498*[#   2]+0.498*[#   6]
    |psi|^2 = 0.996
==== e(   5) =    -1.48200 eV ==== 
     psi = 0.490*[#   2]+0.490*[#   6]
    |psi|^2 = 0.980
==== e(   6) =     5.04384 eV ==== 
     psi = 0.002*[#   1]+0.002*[#   5]+0.001*[#   3]+0.001*[#   4]+0.001*[#   7]
          +0.001*[#   8]
    |psi|^2 = 0.009
==== e(   7) =     5.77132 eV ==== 

    |psi|^2 = 0.001
==== e(   8) =     7.17066 eV ==== 
     psi = 0.217*[#   1]+0.217*[#   5]+0.084*[#   3]+0.084*[#   4]+0.084*[#   7]
          +0.084*[#   8]
    |psi|^2 = 0.770

 k =   0.2142857143  0.4811252243  0.0000000000
==== e(   1) =   -19.06317 eV ==== 
     psi = 0.251*[#   1]+0.251*[#   5]+0.121*[#   3]+0.121*[#   4]+0.121*[#   7]
          +0.121*[#   8]
    |psi|^2 = 0.987
==== e(   2) =   -15.51901 eV ==== 
     psi = 0.168*[#   3]+0.168*[#   4]+0.168*[#   7]+0.168*[#   8]+0.159*[#   1]
          +0.159*[#   5]
    |psi|^2 = 0.992
==== e(   3) =   -13.14799 eV ==== 
     psi = 0.226*[#   3]+0.226*[#   4]+0.226*[#   7]+0.226*[#   8]+0.042*[#   1]
          +0.042*[#   5]
    |psi|^2 = 0.989
==== e(   4) =    -6.55519 eV ==== 
     psi = 0.498*[#   2]+0.498*[#   6]
    |psi|^2 = 0.996
==== e(   5) =    -1.96645 eV ==== 
     psi = 0.490*[#   2]+0.490*[#   6]
    |psi|^2 = 0.980
==== e(   6) =     5.63766 eV ==== 
     psi = 0.004*[#   1]+0.004*[#   5]
    |psi|^2 = 0.011
==== e(   7) =     6.23499 eV ==== 
     psi = 0.001*[#   2]+0.001*[#   6]
    |psi|^2 = 0.002
==== e(   8) =     7.12742 eV ==== 
     psi = 0.235*[#   1]+0.235*[#   5]+0.081*[#   3]+0.081*[#   4]+0.081*[#   7]
          +0.081*[#   8]
    |psi|^2 = 0.792

 k =   0.2142857143  0.5086180943  0.0000000000
==== e(   1) =   -18.64318 eV ==== 
     psi = 0.248*[#   1]+0.248*[#   5]+0.123*[#   3]+0.123*[#   4]+0.123*[#   7]
          +0.123*[#   8]
    |psi|^2 = 0.988
==== e(   2) =   -16.00695 eV ==== 
     psi = 0.167*[#   3]+0.167*[#   4]+0.167*[#   7]+0.167*[#   8]+0.160*[#   1]
          +0.160*[#   5]
    |psi|^2 = 0.990
==== e(   3) =   -13.26186 eV ==== 
     psi = 0.225*[#   3]+0.225*[#   4]+0.225*[#   7]+0.225*[#   8]+0.044*[#   1]
          +0.044*[#   5]
    |psi|^2 = 0.990
==== e(   4) =    -6.16870 eV ==== 
     psi = 0.498*[#   2]+0.498*[#   6]
    |psi|^2 = 0.996
==== e(   5) =    -2.41025 eV ==== 
     psi = 0.490*[#   2]+0.490*[#   6]
    |psi|^2 = 0.980
==== e(   6) =     6.25489 eV ==== 
     psi = 0.009*[#   1]+0.009*[#   5]+0.001*[#   3]+0.001*[#   4]+0.001*[#   7]
          +0.001*[#   8]
    |psi|^2 = 0.023
==== e(   7) =     6.61886 eV ==== 
     psi = 0.002*[#   2]+0.002*[#   6]
    |psi|^2 = 0.004
==== e(   8) =     7.08849 eV ==== 
     psi = 0.241*[#   1]+0.241*[#   5]+0.076*[#   3]+0.076*[#   4]+0.076*[#   7]
          +0.076*[#   8]
    |psi|^2 = 0.787

 k =   0.2142857143  0.5361109642  0.0000000000
==== e(   1) =   -18.23226 eV ==== 
     psi = 0.251*[#   1]+0.251*[#   5]+0.122*[#   3]+0.122*[#   4]+0.122*[#   7]
          +0.122*[#   8]
    |psi|^2 = 0.990
==== e(   2) =   -16.46649 eV ==== 
     psi = 0.169*[#   3]+0.169*[#   4]+0.169*[#   7]+0.169*[#   8]+0.156*[#   1]
          +0.156*[#   5]
    |psi|^2 = 0.988
==== e(   3) =   -13.33553 eV ==== 
     psi = 0.225*[#   3]+0.225*[#   4]+0.225*[#   7]+0.225*[#   8]+0.045*[#   1]
          +0.045*[#   5]
    |psi|^2 = 0.990
==== e(   4) =    -5.84349 eV ==== 
     psi = 0.498*[#   2]+0.498*[#   6]
    |psi|^2 = 0.997
==== e(   5) =    -2.77433 eV ==== 
     psi = 0.490*[#   2]+0.490*[#   6]
    |psi|^2 = 0.980
==== e(   6) =     6.85934 eV ==== 
     psi = 0.069*[#   1]+0.069*[#   5]+0.016*[#   3]+0.016*[#   4]+0.016*[#   7]
          +0.016*[#   8]
    |psi|^2 = 0.200
==== e(   7) =     6.86840 eV ==== 
     psi = 0.004*[#   2]+0.004*[#   6]
    |psi|^2 = 0.007
==== e(   8) =     7.09347 eV ==== 
     psi = 0.189*[#   1]+0.189*[#   5]+0.060*[#   3]+0.060*[#   4]+0.060*[#   7]
          +0.060*[#   8]
    |psi|^2 = 0.619

 k =   0.2142857143  0.5636038342  0.0000000000
==== e(   1) =   -17.90431 eV ==== 
     psi = 0.267*[#   1]+0.267*[#   5]+0.115*[#   3]+0.115*[#   4]+0.115*[#   7]
          +0.115*[#   8]
    |psi|^2 = 0.993
==== e(   2) =   -16.81970 eV ==== 
     psi = 0.176*[#   3]+0.176*[#   4]+0.176*[#   7]+0.176*[#   8]+0.140*[#   1]
          +0.140*[#   5]
    |psi|^2 = 0.986
==== e(   3) =   -13.37175 eV ==== 
     psi = 0.224*[#   3]+0.224*[#   4]+0.224*[#   7]+0.224*[#   8]+0.046*[#   1]
          +0.046*[#   5]
    |psi|^2 = 0.990
==== e(   4) =    -5.64543 eV ==== 
     psi = 0.499*[#   2]+0.499*[#   6]
    |psi|^2 = 0.997
==== e(   5) =    -2.99203 eV ==== 
     psi = 0.490*[#   2]+0.490*[#   6]
    |psi|^2 = 0.979
==== e(   6) =     6.97875 eV ==== 
     psi = 0.004*[#   2]+0.004*[#   6]
    |psi|^2 = 0.009
==== e(   7) =     7.00955 eV ==== 
     psi = 0.254*[#   1]+0.254*[#   5]+0.071*[#   3]+0.071*[#   4]+0.071*[#   7]
          +0.071*[#   8]
    |psi|^2 = 0.791
==== e(   8) =     7.56619 eV ==== 
     psi = 0.013*[#   1]+0.013*[#   5]+0.005*[#   3]+0.005*[#   4]+0.005*[#   7]
          +0.005*[#   8]
    |psi|^2 = 0.046

 k =   0.2380952381  0.4123930494  0.0000000000
==== e(   1) =   -19.88090 eV ==== 
     psi = 0.263*[#   1]+0.263*[#   5]+0.115*[#   3]+0.115*[#   4]+0.115*[#   7]
          +0.115*[#   8]
    |psi|^2 = 0.985
==== e(   2) =   -14.44311 eV ==== 
     psi = 0.172*[#   3]+0.172*[#   4]+0.172*[#   7]+0.172*[#   8]+0.154*[#   1]
          +0.154*[#   5]
    |psi|^2 = 0.995
==== e(   3) =   -12.88594 eV ==== 
     psi = 0.230*[#   3]+0.230*[#   4]+0.230*[#   7]+0.230*[#   8]+0.035*[#   1]
          +0.035*[#   5]
    |psi|^2 = 0.988
==== e(   4) =    -7.38743 eV ==== 
     psi = 0.498*[#   2]+0.498*[#   6]
    |psi|^2 = 0.996
==== e(   5) =    -0.94808 eV ==== 
     psi = 0.490*[#   2]+0.490*[#   6]
    |psi|^2 = 0.980
==== e(   6) =     4.46132 eV ==== 
     psi = 0.002*[#   3]+0.002*[#   4]+0.002*[#   7]+0.002*[#   8]
    |psi|^2 = 0.009
==== e(   7) =     5.25670 eV ==== 

    |psi|^2 = 0.000
==== e(   8) =     7.19804 eV ==== 
     psi = 0.013*[#   1]+0.013*[#   5]+0.005*[#   3]+0.005*[#   4]+0.005*[#   7]
          +0.005*[#   8]
    |psi|^2 = 0.048

 k =   0.2380952381  0.4398859194  0.0000000000
==== e(   1) =   -19.49811 eV ==== 
     psi = 0.256*[#   1]+0.256*[#   5]+0.118*[#   3]+0.118*[#   4]+0.118*[#   7]
          +0.118*[#   8]
    |psi|^2 = 0.986
==== e(   2) =   -14.82851 eV ==== 
     psi = 0.168*[#   3]+0.168*[#   4]+0.168*[#   7]+0.168*[#   8]+0.162*[#   1]
          +0.162*[#   5]
    |psi|^2 = 0.994
==== e(   3) =   -13.19500 eV ==== 
     psi = 0.229*[#   3]+0.229*[#   4]+0.229*[#   7]+0.229*[#   8]+0.035*[#   1]
          +0.035*[#   5]
    |psi|^2 = 0.988
==== e(   4) =    -6.97927 eV ==== 
     psi = 0.498*[#   2]+0.498*[#   6]
    |psi|^2 = 0.996
==== e(   5) =    -1.42925 eV ==== 
     psi = 0.491*[#   2]+0.491*[#   6]
    |psi|^2 = 0.982
==== e(   6) =     5.00868 eV ==== 
     psi = 0.001*[#   1]+0.001*[#   3]+0.001*[#   4]+0.001*[#   5]+0.001*[#   7]
          +0.001*[#   8]
    |psi|^2 = 0.008
==== e(   7) =     5.72125 eV ==== 

    |psi|^2 = 0.000
==== e(   8) =     7.68965 eV ==== 
     psi = 0.065*[#   1]+0.065*[#   5]+0.031*[#   3]+0.031*[#   4]+0.031*[#   7]
          +0.031*[#   8]
    |psi|^2 = 0.254

 k =   0.2380952381  0.4673787893  0.0000000000
==== e(   1) =   -19.09794 eV ==== 
     psi = 0.250*[#   1]+0.250*[#   5]+0.122*[#   3]+0.122*[#   4]+0.122*[#   7]
          +0.122*[#   8]
    |psi|^2 = 0.987
==== e(   2) =   -15.25276 eV ==== 
     psi = 0.167*[#   1]+0.167*[#   5]+0.165*[#   3]+0.165*[#   4]+0.165*[#   7]
          +0.165*[#   8]
    |psi|^2 = 0.994
==== e(   3) =   -13.43161 eV ==== 
     psi = 0.228*[#   3]+0.228*[#   4]+0.228*[#   7]+0.228*[#   8]+0.037*[#   1]
          +0.037*[#   5]
    |psi|^2 = 0.988
==== e(   4) =    -6.56596 eV ==== 
     psi = 0.498*[#   2]+0.498*[#   6]
    |psi|^2 = 0.996
==== e(   5) =    -1.90319 eV ==== 
     psi = 0.492*[#   2]+0.492*[#   6]
    |psi|^2 = 0.983
==== e(   6) =     5.58561 eV ==== 
     psi = 0.003*[#   1]+0.003*[#   5]+0.001*[#   3]+0.001*[#   4]+0.001*[#   7]
          +0.001*[#   8]
    |psi|^2 = 0.010
==== e(   7) =     6.14930 eV ==== 

    |psi|^2 = 0.001
==== e(   8) =     7.78707 eV ==== 
     psi = 0.204*[#   1]+0.204*[#   5]+0.080*[#   3]+0.080*[#   4]+0.080*[#   7]
          +0.080*[#   8]
    |psi|^2 = 0.729

 k =   0.2380952381  0.4948716593  0.0000000000
==== e(   1) =   -18.68489 eV ==== 
     psi = 0.245*[#   1]+0.245*[#   5]+0.124*[#   3]+0.124*[#   4]+0.124*[#   7]
          +0.124*[#   8]
    |psi|^2 = 0.988
==== e(   2) =   -15.70110 eV ==== 
     psi = 0.170*[#   1]+0.170*[#   5]+0.163*[#   3]+0.163*[#   4]+0.163*[#   7]
          +0.163*[#   8]
    |psi|^2 = 0.992
==== e(   3) =   -13.60246 eV ==== 
     psi = 0.227*[#   3]+0.227*[#   4]+0.227*[#   7]+0.227*[#   8]+0.039*[#   1]
          +0.039*[#   5]
    |psi|^2 = 0.988
==== e(   4) =    -6.16066 eV ==== 
     psi = 0.498*[#   2]+0.498*[#   6]
    |psi|^2 = 0.996
==== e(   5) =    -2.35638 eV ==== 
     psi = 0.492*[#   2]+0.492*[#   6]
    |psi|^2 = 0.984
==== e(   6) =     6.18831 eV ==== 
     psi = 0.005*[#   1]+0.005*[#   5]+0.001*[#   3]+0.001*[#   4]+0.001*[#   7]
          +0.001*[#   8]
    |psi|^2 = 0.015
==== e(   7) =     6.48591 eV ==== 

    |psi|^2 = 0.002
==== e(   8) =     7.74537 eV ==== 
     psi = 0.223*[#   1]+0.223*[#   5]+0.078*[#   3]+0.078*[#   4]+0.078*[#   7]
          +0.078*[#   8]
    |psi|^2 = 0.757

 k =   0.2380952381  0.5223645293  0.0000000000
==== e(   1) =   -18.26934 eV ==== 
     psi = 0.244*[#   1]+0.244*[#   5]+0.125*[#   3]+0.125*[#   4]+0.125*[#   7]
          +0.125*[#   8]
    |psi|^2 = 0.990
==== e(   2) =   -16.15099 eV ==== 
     psi = 0.169*[#   1]+0.169*[#   5]+0.163*[#   3]+0.163*[#   4]+0.163*[#   7]
          +0.163*[#   8]
    |psi|^2 = 0.991
==== e(   3) =   -13.71713 eV ==== 
     psi = 0.226*[#   3]+0.226*[#   4]+0.226*[#   7]+0.226*[#   8]+0.041*[#   1]
          +0.041*[#   5]
    |psi|^2 = 0.988
==== e(   4) =    -5.78890 eV ==== 
     psi = 0.498*[#   2]+0.498*[#   6]
    |psi|^2 = 0.996
==== e(   5) =    -2.76282 eV ==== 
     psi = 0.492*[#   2]+0.492*[#   6]
    |psi|^2 = 0.984
==== e(   6) =     6.68795 eV ==== 
     psi = 0.002*[#   2]+0.002*[#   6]
    |psi|^2 = 0.004
==== e(   7) =     6.80875 eV ==== 
     psi = 0.012*[#   1]+0.012*[#   5]+0.002*[#   3]+0.002*[#   4]+0.002*[#   7]
          +0.002*[#   8]
    |psi|^2 = 0.032
==== e(   8) =     7.70718 eV ==== 
     psi = 0.228*[#   1]+0.228*[#   5]+0.074*[#   3]+0.074*[#   4]+0.074*[#   7]
          +0.074*[#   8]
    |psi|^2 = 0.753

 k =   0.2380952381  0.5498573992  0.0000000000
==== e(   1) =   -17.88525 eV ==== 
     psi = 0.251*[#   1]+0.251*[#   5]+0.122*[#   3]+0.122*[#   4]+0.122*[#   7]
          +0.122*[#   8]
    |psi|^2 = 0.992
==== e(   2) =   -16.55920 eV ==== 
     psi = 0.167*[#   3]+0.167*[#   4]+0.167*[#   7]+0.167*[#   8]+0.160*[#   1]
          +0.160*[#   5]
    |psi|^2 = 0.989
==== e(   3) =   -13.78311 eV ==== 
     psi = 0.226*[#   3]+0.226*[#   4]+0.226*[#   7]+0.226*[#   8]+0.043*[#   1]
          +0.043*[#   5]
    |psi|^2 = 0.988
==== e(   4) =    -5.50262 eV ==== 
     psi = 0.498*[#   2]+0.498*[#   6]
    |psi|^2 = 0.997
==== e(   5) =    -3.07012 eV ==== 
     psi = 0.492*[#   2]+0.492*[#   6]
    |psi|^2 = 0.984
==== e(   6) =     6.77562 eV ==== 
     psi = 0.003*[#   2]+0.003*[#   6]
    |psi|^2 = 0.005
==== e(   7) =     7.41399 eV ==== 
     psi = 0.053*[#   1]+0.053*[#   5]+0.013*[#   3]+0.013*[#   4]+0.013*[#   7]
          +0.013*[#   8]
    |psi|^2 = 0.157
==== e(   8) =     7.70297 eV ==== 
     psi = 0.196*[#   1]+0.196*[#   5]+0.063*[#   3]+0.063*[#   4]+0.063*[#   7]
          +0.063*[#   8]
    |psi|^2 = 0.644

 k =   0.2380952381  0.5773502692  0.0000000000
==== e(   1) =   -17.68375 eV ==== 
     psi = 0.264*[#   1]+0.264*[#   5]+0.116*[#   3]+0.116*[#   4]+0.116*[#   7]
          +0.116*[#   8]
    |psi|^2 = 0.994
==== e(   2) =   -16.76931 eV ==== 
     psi = 0.173*[#   3]+0.173*[#   4]+0.173*[#   7]+0.173*[#   8]+0.147*[#   1]
          +0.147*[#   5]
    |psi|^2 = 0.987
==== e(   3) =   -13.80465 eV ==== 
     psi = 0.225*[#   3]+0.225*[#   4]+0.225*[#   7]+0.225*[#   8]+0.043*[#   1]
          +0.043*[#   5]
    |psi|^2 = 0.988
==== e(   4) =    -5.38858 eV ==== 
     psi = 0.498*[#   2]+0.498*[#   6]
    |psi|^2 = 0.997
==== e(   5) =    -3.19122 eV ==== 
     psi = 0.492*[#   2]+0.492*[#   6]
    |psi|^2 = 0.984
==== e(   6) =     6.79788 eV ==== 
     psi = 0.003*[#   2]+0.003*[#   6]
    |psi|^2 = 0.006
==== e(   7) =     7.62427 eV ==== 
     psi = 0.236*[#   1]+0.236*[#   5]+0.069*[#   3]+0.069*[#   4]+0.069*[#   7]
          +0.069*[#   8]
    |psi|^2 = 0.748
==== e(   8) =     7.97382 eV ==== 
     psi = 0.028*[#   1]+0.028*[#   5]+0.008*[#   3]+0.008*[#   4]+0.008*[#   7]
          +0.008*[#   8]
    |psi|^2 = 0.087

 k =   0.2619047619  0.4536323544  0.0000000000
==== e(   1) =   -19.10960 eV ==== 
     psi = 0.249*[#   1]+0.249*[#   5]+0.122*[#   3]+0.122*[#   4]+0.122*[#   7]
          +0.122*[#   8]
    |psi|^2 = 0.987
==== e(   2) =   -15.14161 eV ==== 
     psi = 0.173*[#   1]+0.173*[#   5]+0.162*[#   3]+0.162*[#   4]+0.162*[#   7]
          +0.162*[#   8]
    |psi|^2 = 0.995
==== e(   3) =   -13.54877 eV ==== 
     psi = 0.231*[#   3]+0.231*[#   4]+0.231*[#   7]+0.231*[#   8]+0.032*[#   1]
          +0.032*[#   5]
    |psi|^2 = 0.987
==== e(   4) =    -6.56974 eV ==== 
     psi = 0.498*[#   2]+0.498*[#   6]
    |psi|^2 = 0.996
==== e(   5) =    -1.88108 eV ==== 
     psi = 0.492*[#   2]+0.492*[#   6]
    |psi|^2 = 0.985
==== e(   6) =     5.56811 eV ==== 
     psi = 0.003*[#   1]+0.003*[#   5]+0.001*[#   3]+0.001*[#   4]+0.001*[#   7]
          +0.001*[#   8]
    |psi|^2 = 0.009
==== e(   7) =     6.11992 eV ==== 

    |psi|^2 = 0.000
==== e(   8) =     8.04958 eV ==== 

    |psi|^2 = 0.001

 k =   0.2619047619  0.4811252243  0.0000000000
==== e(   1) =   -18.70624 eV ==== 
     psi = 0.244*[#   1]+0.244*[#   5]+0.125*[#   3]+0.125*[#   4]+0.125*[#   7]
          +0.125*[#   8]
    |psi|^2 = 0.988
==== e(   2) =   -15.49791 eV ==== 
     psi = 0.180*[#   1]+0.180*[#   5]+0.158*[#   3]+0.158*[#   4]+0.158*[#   7]
          +0.158*[#   8]
    |psi|^2 = 0.994
==== e(   3) =   -13.82333 eV ==== 
     psi = 0.231*[#   3]+0.231*[#   4]+0.231*[#   7]+0.231*[#   8]+0.031*[#   1]
          +0.031*[#   5]
    |psi|^2 = 0.986
==== e(   4) =    -6.15746 eV ==== 
     psi = 0.498*[#   2]+0.498*[#   6]
    |psi|^2 = 0.996
==== e(   5) =    -2.32644 eV ==== 
     psi = 0.493*[#   2]+0.493*[#   6]
    |psi|^2 = 0.986
==== e(   6) =     6.15385 eV ==== 
     psi = 0.005*[#   1]+0.005*[#   5]+0.001*[#   3]+0.001*[#   4]+0.001*[#   7]
          +0.001*[#   8]
    |psi|^2 = 0.013
==== e(   7) =     6.41628 eV ==== 

    |psi|^2 = 0.000
==== e(   8) =     8.24512 eV ==== 
     psi = 0.001*[#   1]+0.001*[#   5]
    |psi|^2 = 0.004

 k =   0.2619047619  0.5086180943  0.0000000000
==== e(   1) =   -18.29447 eV ==== 
     psi = 0.241*[#   1]+0.241*[#   5]+0.127*[#   3]+0.127*[#   4]+0.127*[#   7]
          +0.127*[#   8]
    |psi|^2 = 0.989
==== e(   2) =   -15.88978 eV ==== 
     psi = 0.183*[#   1]+0.183*[#   5]+0.157*[#   3]+0.157*[#   4]+0.157*[#   7]
          +0.157*[#   8]
    |psi|^2 = 0.993
==== e(   3) =   -14.01656 eV ==== 
     psi = 0.230*[#   3]+0.230*[#   4]+0.230*[#   7]+0.230*[#   8]+0.032*[#   1]
          +0.032*[#   5]
    |psi|^2 = 0.986
==== e(   4) =    -5.75756 eV ==== 
     psi = 0.498*[#   2]+0.498*[#   6]
    |psi|^2 = 0.996
==== e(   5) =    -2.75080 eV ==== 
     psi = 0.494*[#   2]+0.494*[#   6]
    |psi|^2 = 0.987
==== e(   6) =     6.57245 eV ==== 

    |psi|^2 = 0.002
==== e(   7) =     6.75951 eV ==== 
     psi = 0.009*[#   1]+0.009*[#   5]+0.002*[#   3]+0.002*[#   4]+0.002*[#   7]
          +0.002*[#   8]
    |psi|^2 = 0.024
==== e(   8) =     8.30651 eV ==== 
     psi = 0.212*[#   1]+0.212*[#   5]+0.072*[#   3]+0.072*[#   4]+0.072*[#   7]
          +0.072*[#   8]
    |psi|^2 = 0.713

 k =   0.2619047619  0.5361109642  0.0000000000
==== e(   1) =   -17.89103 eV ==== 
     psi = 0.242*[#   1]+0.242*[#   5]+0.127*[#   3]+0.127*[#   4]+0.127*[#   7]
          +0.127*[#   8]
    |psi|^2 = 0.991
==== e(   2) =   -16.28954 eV ==== 
     psi = 0.181*[#   1]+0.181*[#   5]+0.157*[#   3]+0.157*[#   4]+0.157*[#   7]
          +0.157*[#   8]
    |psi|^2 = 0.991
==== e(   3) =   -14.13706 eV ==== 
     psi = 0.230*[#   3]+0.230*[#   4]+0.230*[#   7]+0.230*[#   8]+0.034*[#   1]
          +0.034*[#   5]
    |psi|^2 = 0.986
==== e(   4) =    -5.40302 eV ==== 
     psi = 0.498*[#   2]+0.498*[#   6]
    |psi|^2 = 0.996
==== e(   5) =    -3.12150 eV ==== 
     psi = 0.494*[#   2]+0.494*[#   6]
    |psi|^2 = 0.988
==== e(   6) =     6.62451 eV ==== 
     psi = 0.001*[#   2]+0.001*[#   6]
    |psi|^2 = 0.003
==== e(   7) =     7.37125 eV ==== 
     psi = 0.018*[#   1]+0.018*[#   5]+0.004*[#   3]+0.004*[#   4]+0.004*[#   7]
          +0.004*[#   8]
    |psi|^2 = 0.051
==== e(   8) =     8.26317 eV ==== 
     psi = 0.213*[#   1]+0.213*[#   5]+0.069*[#   3]+0.069*[#   4]+0.069*[#   7]
          +0.069*[#   8]
    |psi|^2 = 0.701

 k =   0.2619047619  0.5636038342  0.0000000000
==== e(   1) =   -17.56369 eV ==== 
     psi = 0.252*[#   1]+0.252*[#   5]+0.122*[#   3]+0.122*[#   4]+0.122*[#   7]
          +0.122*[#   8]
    |psi|^2 = 0.993
==== e(   2) =   -16.61816 eV ==== 
     psi = 0.170*[#   1]+0.170*[#   5]+0.162*[#   3]+0.162*[#   4]+0.162*[#   7]
          +0.162*[#   8]
    |psi|^2 = 0.989
==== e(   3) =   -14.19456 eV ==== 
     psi = 0.229*[#   3]+0.229*[#   4]+0.229*[#   7]+0.229*[#   8]+0.035*[#   1]
          +0.035*[#   5]
    |psi|^2 = 0.986
==== e(   4) =    -5.16956 eV ==== 
     psi = 0.498*[#   2]+0.498*[#   6]
    |psi|^2 = 0.996
==== e(   5) =    -3.36302 eV ==== 
     psi = 0.494*[#   2]+0.494*[#   6]
    |psi|^2 = 0.988
==== e(   6) =     6.63372 eV ==== 
     psi = 0.002*[#   2]+0.002*[#   6]
    |psi|^2 = 0.003
==== e(   7) =     7.94379 eV ==== 
     psi = 0.055*[#   1]+0.055*[#   5]+0.014*[#   3]+0.014*[#   4]+0.014*[#   7]
          +0.014*[#   8]
    |psi|^2 = 0.167
==== e(   8) =     8.22412 eV ==== 
     psi = 0.181*[#   1]+0.181*[#   5]+0.056*[#   3]+0.056*[#   4]+0.056*[#   7]
          +0.056*[#   8]
    |psi|^2 = 0.586

 k =   0.2857142857  0.4948716593  0.0000000000
==== e(   1) =   -18.30325 eV ==== 
     psi = 0.240*[#   1]+0.240*[#   5]+0.127*[#   3]+0.127*[#   4]+0.127*[#   7]
          +0.127*[#   8]
    |psi|^2 = 0.989
==== e(   2) =   -15.77961 eV ==== 
     psi = 0.192*[#   1]+0.192*[#   5]+0.153*[#   3]+0.153*[#   4]+0.153*[#   7]
          +0.153*[#   8]
    |psi|^2 = 0.994
==== e(   3) =   -14.13931 eV ==== 
     psi = 0.234*[#   3]+0.234*[#   4]+0.234*[#   7]+0.234*[#   8]+0.025*[#   1]
          +0.025*[#   5]
    |psi|^2 = 0.985
==== e(   4) =    -5.74738 eV ==== 
     psi = 0.498*[#   2]+0.498*[#   6]
    |psi|^2 = 0.996
==== e(   5) =    -2.74586 eV ==== 
     psi = 0.494*[#   2]+0.494*[#   6]
    |psi|^2 = 0.988
==== e(   6) =     6.53272 eV ==== 

    |psi|^2 = 0.001
==== e(   7) =     6.74259 eV ==== 
     psi = 0.008*[#   1]+0.008*[#   5]+0.002*[#   3]+0.002*[#   4]+0.002*[#   7]
          +0.002*[#   8]
    |psi|^2 = 0.022
==== e(   8) =     8.73303 eV ==== 
     psi = 0.224*[#   1]+0.224*[#   5]+0.066*[#   3]+0.066*[#   4]+0.066*[#   7]
          +0.066*[#   8]
    |psi|^2 = 0.711

 k =   0.2857142857  0.5223645293  0.0000000000
==== e(   1) =   -17.89820 eV ==== 
     psi = 0.237*[#   1]+0.237*[#   5]+0.129*[#   3]+0.129*[#   4]+0.129*[#   7]
          +0.129*[#   8]
    |psi|^2 = 0.990
==== e(   2) =   -16.10249 eV ==== 
     psi = 0.198*[#   1]+0.198*[#   5]+0.149*[#   3]+0.149*[#   4]+0.149*[#   7]
          +0.149*[#   8]
    |psi|^2 = 0.994
==== e(   3) =   -14.36263 eV ==== 
     psi = 0.235*[#   3]+0.235*[#   4]+0.235*[#   7]+0.235*[#   8]+0.022*[#   1]
          +0.022*[#   5]
    |psi|^2 = 0.984
==== e(   4) =    -5.35185 eV ==== 
     psi = 0.498*[#   2]+0.498*[#   6]
    |psi|^2 = 0.996
==== e(   5) =    -3.14691 eV ==== 
     psi = 0.495*[#   2]+0.495*[#   6]
    |psi|^2 = 0.990
==== e(   6) =     6.54456 eV ==== 

    |psi|^2 = 0.001
==== e(   7) =     7.33981 eV ==== 
     psi = 0.015*[#   1]+0.015*[#   5]+0.003*[#   3]+0.003*[#   4]+0.003*[#   7]
          +0.003*[#   8]
    |psi|^2 = 0.043
==== e(   8) =     8.70253 eV ==== 
     psi = 0.200*[#   1]+0.200*[#   5]+0.062*[#   3]+0.062*[#   4]+0.062*[#   7]
          +0.062*[#   8]
    |psi|^2 = 0.648

 k =   0.2857142857  0.5498573992  0.0000000000
==== e(   1) =   -17.51877 eV ==== 
     psi = 0.240*[#   1]+0.240*[#   5]+0.128*[#   3]+0.128*[#   4]+0.128*[#   7]
          +0.128*[#   8]
    |psi|^2 = 0.992
==== e(   2) =   -16.43831 eV ==== 
     psi = 0.197*[#   1]+0.197*[#   5]+0.150*[#   3]+0.150*[#   4]+0.150*[#   7]
          +0.150*[#   8]
    |psi|^2 = 0.992
==== e(   3) =   -14.49174 eV ==== 
     psi = 0.235*[#   3]+0.235*[#   4]+0.235*[#   7]+0.235*[#   8]+0.021*[#   1]
          +0.021*[#   5]
    |psi|^2 = 0.984
==== e(   4) =    -5.01431 eV ==== 
     psi = 0.498*[#   2]+0.498*[#   6]
    |psi|^2 = 0.996
==== e(   5) =    -3.48732 eV ==== 
     psi = 0.495*[#   2]+0.495*[#   6]
    |psi|^2 = 0.990
==== e(   6) =     6.52398 eV ==== 

    |psi|^2 = 0.001
==== e(   7) =     7.91754 eV ==== 
     psi = 0.031*[#   1]+0.031*[#   5]+0.008*[#   3]+0.008*[#   4]+0.008*[#   7]
          +0.008*[#   8]
    |psi|^2 = 0.094
==== e(   8) =     8.63189 eV ==== 
     psi = 0.178*[#   1]+0.178*[#   5]+0.055*[#   3]+0.055*[#   4]+0.055*[#   7]
          +0.055*[#   8]
    |psi|^2 = 0.577

 k =   0.2857142857  0.5773502692  0.0000000000
==== e(   1) =   -17.30757 eV ==== 
     psi = 0.247*[#   1]+0.247*[#   5]+0.125*[#   3]+0.125*[#   4]+0.125*[#   7]
          +0.125*[#   8]
    |psi|^2 = 0.994
==== e(   2) =   -16.63637 eV ==== 
     psi = 0.189*[#   1]+0.189*[#   5]+0.153*[#   3]+0.153*[#   4]+0.153*[#   7]
          +0.153*[#   8]
    |psi|^2 = 0.991
==== e(   3) =   -14.53352 eV ==== 
     psi = 0.235*[#   3]+0.235*[#   4]+0.235*[#   7]+0.235*[#   8]+0.021*[#   1]
          +0.021*[#   5]
    |psi|^2 = 0.984
==== e(   4) =    -4.85978 eV ==== 
     psi = 0.498*[#   2]+0.498*[#   6]
    |psi|^2 = 0.996
==== e(   5) =    -3.64273 eV ==== 
     psi = 0.495*[#   2]+0.495*[#   6]
    |psi|^2 = 0.991
==== e(   6) =     6.51302 eV ==== 

    |psi|^2 = 0.001
==== e(   7) =     8.35013 eV ==== 
     psi = 0.053*[#   1]+0.053*[#   5]+0.016*[#   3]+0.016*[#   4]+0.016*[#   7]
          +0.016*[#   8]
    |psi|^2 = 0.171
==== e(   8) =     8.45852 eV ==== 
     psi = 0.126*[#   1]+0.126*[#   5]+0.036*[#   3]+0.036*[#   4]+0.036*[#   7]
          +0.036*[#   8]
    |psi|^2 = 0.398

 k =   0.3095238095  0.5361109642  0.0000000000
==== e(   1) =   -17.50857 eV ==== 
     psi = 0.235*[#   1]+0.235*[#   5]+0.130*[#   3]+0.130*[#   4]+0.130*[#   7]
          +0.130*[#   8]
    |psi|^2 = 0.992
==== e(   2) =   -16.35442 eV ==== 
     psi = 0.211*[#   1]+0.211*[#   5]+0.143*[#   3]+0.143*[#   4]+0.143*[#   7]
          +0.143*[#   8]
    |psi|^2 = 0.994
==== e(   3) =   -14.61016 eV ==== 
     psi = 0.240*[#   3]+0.240*[#   4]+0.240*[#   7]+0.240*[#   8]+0.012*[#   1]
          +0.012*[#   5]
    |psi|^2 = 0.983
==== e(   4) =    -4.95647 eV ==== 
     psi = 0.498*[#   2]+0.498*[#   6]
    |psi|^2 = 0.995
==== e(   5) =    -3.53438 eV ==== 
     psi = 0.496*[#   2]+0.496*[#   6]
    |psi|^2 = 0.992
==== e(   6) =     6.48573 eV ==== 

    |psi|^2 = 0.001
==== e(   7) =     7.90411 eV ==== 
     psi = 0.028*[#   1]+0.028*[#   5]+0.008*[#   3]+0.008*[#   4]+0.008*[#   7]
          +0.008*[#   8]
    |psi|^2 = 0.087
==== e(   8) =     8.79448 eV ==== 
     psi = 0.166*[#   1]+0.166*[#   5]+0.051*[#   3]+0.051*[#   4]+0.051*[#   7]
          +0.051*[#   8]
    |psi|^2 = 0.535

 k =   0.3095238095  0.5636038342  0.0000000000
==== e(   1) =   -17.16908 eV ==== 
     psi = 0.237*[#   1]+0.237*[#   5]+0.130*[#   3]+0.130*[#   4]+0.130*[#   7]
          +0.130*[#   8]
    |psi|^2 = 0.993
==== e(   2) =   -16.62186 eV ==== 
     psi = 0.215*[#   1]+0.215*[#   5]+0.141*[#   3]+0.141*[#   4]+0.141*[#   7]
          +0.141*[#   8]
    |psi|^2 = 0.993
==== e(   3) =   -14.73756 eV ==== 
     psi = 0.242*[#   3]+0.242*[#   4]+0.242*[#   7]+0.242*[#   8]+0.007*[#   1]
          +0.007*[#   5]
    |psi|^2 = 0.982
==== e(   4) =    -4.62589 eV ==== 
     psi = 0.497*[#   2]+0.497*[#   6]
    |psi|^2 = 0.995
==== e(   5) =    -3.86053 eV ==== 
     psi = 0.496*[#   2]+0.496*[#   6]
    |psi|^2 = 0.993
==== e(   6) =     6.44626 eV ==== 

    |psi|^2 = 0.000
==== e(   7) =     8.38790 eV ==== 
     psi = 0.059*[#   1]+0.059*[#   5]+0.018*[#   3]+0.018*[#   4]+0.018*[#   7]
          +0.018*[#   8]
    |psi|^2 = 0.188
==== e(   8) =     8.71279 eV ==== 
     psi = 0.128*[#   1]+0.128*[#   5]+0.039*[#   3]+0.039*[#   4]+0.039*[#   7]
          +0.039*[#   8]
    |psi|^2 = 0.411

 k =   0.3333333333  0.5773502692  0.0000000000
==== e(   1) =   -16.86417 eV ==== 
     psi = 0.229*[#   1]+0.229*[#   5]+0.134*[#   3]+0.134*[#   4]+0.134*[#   7]
          +0.134*[#   8]
    |psi|^2 = 0.994
==== e(   2) =   -16.86417 eV ==== 
     psi = 0.229*[#   1]+0.229*[#   5]+0.134*[#   3]+0.134*[#   4]+0.134*[#   7]
          +0.134*[#   8]
    |psi|^2 = 0.994
==== e(   3) =   -14.82689 eV ==== 
     psi = 0.245*[#   3]+0.245*[#   4]+0.245*[#   7]+0.245*[#   8]
    |psi|^2 = 0.981
==== e(   4) =    -4.24055 eV ==== 
     psi = 0.497*[#   2]+0.497*[#   6]
    |psi|^2 = 0.994
==== e(   5) =    -4.24055 eV ==== 
     psi = 0.497*[#   2]+0.497*[#   6]
    |psi|^2 = 0.994
==== e(   6) =     6.41789 eV ==== 

    |psi|^2 = 0.000
==== e(   7) =     8.65772 eV ==== 
     psi = 0.100*[#   1]+0.100*[#   5]+0.031*[#   3]+0.031*[#   4]+0.031*[#   7]
          +0.031*[#   8]
    |psi|^2 = 0.325
==== e(   8) =     8.65781 eV ==== 
     psi = 0.101*[#   1]+0.101*[#   5]+0.031*[#   3]+0.031*[#   4]+0.031*[#   7]
          +0.031*[#   8]
    |psi|^2 = 0.328

Lowdin Charges: 

     Atom #   1: total charge =   3.9565, s =  0.8873, 
     Atom #   1: total charge =   3.9565, p =  3.0693, pz=  0.9868, px=  1.0412, py=  1.0412, 
     Atom #   2: total charge =   3.9565, s =  0.8873, 
     Atom #   2: total charge =   3.9565, p =  3.0693, pz=  0.9868, px=  1.0412, py=  1.0412, 
     Spilling Parameter:   0.0109

     PROJWFC      :      0.40s CPU      0.44s WALL


   This run was terminated on:  15: 6: 7  27Aug2026            

=------------------------------------------------------------------------------=
   JOB DONE.
=------------------------------------------------------------------------------=
Note: The following floating-point exceptions are signalling: IEEE_INVALID_FLAG
Note: The following floating-point exceptions are signalling: IEEE_INVALID_FLAG
Note: The following floating-point exceptions are signalling: IEEE_INVALID_FLAG
Note: The following floating-point exceptions are signalling: IEEE_INVALID_FLAG
