                                                                           
      27      27      27      27      27      27       1       1
     0        5.39697197      0.00000000      0.00000000      0.00000000      0.00000000      0.00000000
   0.0000000000000000       0.70710678118654746       0.70710678118654746     
  0.70710678118654746        0.0000000000000000       0.70710678118654746     
  0.70710678118654746       0.70710678118654746        0.0000000000000000     
      191.8288554942        4.0000000000       65.0000000000     0
   1   Al    3.00
   1       0.000000000    0.000000000    0.000000000    1
  1.711535252E-03  2.735084763E-03  5.469972757E-03  9.247700958E-03  1.358745273E-02
  1.823732858E-02  2.287481161E-02  2.696579723E-02  2.992360765E-02  3.142176980E-02
  3.162840202E-02  3.111788215E-02  3.050146594E-02  3.013758143E-02  3.013758143E-02
  3.050146594E-02  3.111788215E-02  3.162840202E-02  3.142176980E-02  2.992360765E-02
  2.696579723E-02  2.287481161E-02  1.823732858E-02  1.358745273E-02  9.247700958E-03
  5.469972757E-03  2.735084763E-03  2.735084763E-03  4.607351012E-03  7.826776543E-03
  1.182487450E-02  1.627198499E-02  2.089814611E-02  2.525583541E-02  2.875116345E-02
  3.090209624E-02  3.163459361E-02  3.136207981E-02  3.072066469E-02  3.020107377E-02
  3.001432217E-02  3.020107377E-02  3.072066469E-02  3.136207981E-02  3.163459361E-02
  3.090209624E-02  2.875116345E-02  2.525583541E-02  2.089814611E-02  1.627198499E-02
  1.182487450E-02  7.826776543E-03  4.607351012E-03  2.735084763E-03  5.469972757E-03
  7.826776543E-03  1.120633339E-02  1.522664354E-02  1.959998794E-02  2.393237012E-02
  2.766556528E-02  3.025203653E-02  3.143929298E-02  3.144868103E-02  3.084897143E-02
  3.020623807E-02  2.983813324E-02  2.983813324E-02  3.020623807E-02  3.084897143E-02
  3.144868103E-02  3.143929298E-02  3.025203653E-02  2.766556528E-02  2.393237012E-02
  1.959998794E-02  1.522664354E-02  1.120633339E-02  7.826776543E-03  5.469972757E-03
  4.607351012E-03  9.247700958E-03  1.182487450E-02  1.522664354E-02  1.914813705E-02
  2.321446673E-02  2.690793175E-02  2.967319019E-02  3.115623107E-02  3.141356403E-02
  3.089393964E-02  3.016573348E-02  2.962835808E-02  2.944016031E-02  2.962835808E-02
  3.016573348E-02  3.089393964E-02  3.141356403E-02  3.115623107E-02  2.967319019E-02
  2.690793175E-02  2.321446673E-02  1.914813705E-02  1.522664354E-02  1.182487450E-02
  9.247700958E-03  7.826776543E-03  7.826776543E-03  1.358745273E-02  1.627198499E-02
  1.959998794E-02  2.321446673E-02  2.663702459E-02  2.933566288E-02  3.091675368E-02
  3.132535030E-02  3.088413856E-02  3.010473013E-02  2.941926676E-02  2.904715215E-02
  2.904715215E-02  2.941926676E-02  3.010473013E-02  3.088413856E-02  3.132535030E-02
  3.091675368E-02  2.933566288E-02  2.663702459E-02  2.321446673E-02  1.959998794E-02
  1.627198499E-02  1.358745273E-02  1.182487450E-02  1.120633339E-02  1.182487450E-02
  1.823732858E-02  2.089814611E-02  2.393237012E-02  2.690793175E-02  2.933566288E-02
  3.082399098E-02  3.125786836E-02  3.085792435E-02  3.005083351E-02  2.924896770E-02
  2.870642406E-02  2.851972086E-02  2.870642406E-02  2.924896770E-02  3.005083351E-02
  3.085792435E-02  3.125786836E-02  3.082399098E-02  2.933566288E-02  2.690793175E-02
  2.393237012E-02  2.089814611E-02  1.823732858E-02  1.627198499E-02  1.522664354E-02
  1.522664354E-02  1.627198499E-02  2.287481161E-02  2.525583541E-02  2.766556528E-02
  2.967319019E-02  3.091675368E-02  3.125786836E-02  3.084552396E-02  3.002122338E-02
  2.914240443E-02  2.845906621E-02  2.809599727E-02  2.809599727E-02  2.845906621E-02
  2.914240443E-02  3.002122338E-02  3.084552396E-02  3.125786836E-02  3.091675368E-02
  2.967319019E-02  2.766556528E-02  2.525583541E-02  2.287481161E-02  2.089814611E-02
  1.959998794E-02  1.914813705E-02  1.959998794E-02  2.089814611E-02  2.696579723E-02
  2.875116345E-02  3.025203653E-02  3.115623107E-02  3.132535030E-02  3.085792435E-02
  3.002122338E-02  2.910688634E-02  2.833030801E-02  2.781923695E-02  2.764144253E-02
  2.781923695E-02  2.833030801E-02  2.910688634E-02  3.002122338E-02  3.085792435E-02
  3.132535030E-02  3.115623107E-02  3.025203653E-02  2.875116345E-02  2.696579723E-02
  2.525583541E-02  2.393237012E-02  2.321446673E-02  2.321446673E-02  2.393237012E-02
  2.525583541E-02  2.992360765E-02  3.090209624E-02  3.143929298E-02  3.141356403E-02
  3.088413856E-02  3.005083351E-02  2.914240443E-02  2.833030801E-02  2.772262769E-02
  2.739502465E-02  2.739502465E-02  2.772262769E-02  2.833030801E-02  2.914240443E-02
  3.005083351E-02  3.088413856E-02  3.141356403E-02  3.143929298E-02  3.090209624E-02
  2.992360765E-02  2.875116345E-02  2.766556528E-02  2.690793175E-02  2.663702459E-02
  2.690793175E-02  2.766556528E-02  2.875116345E-02  3.142176980E-02  3.163459361E-02
  3.144868103E-02  3.089393964E-02  3.010473013E-02  2.924896770E-02  2.845906621E-02
  2.781923695E-02  2.739502465E-02  2.724497720E-02  2.739502465E-02  2.781923695E-02
  2.845906621E-02  2.924896770E-02  3.010473013E-02  3.089393964E-02  3.144868103E-02
  3.163459361E-02  3.142176980E-02  3.090209624E-02  3.025203653E-02  2.967319019E-02
  2.933566288E-02  2.933566288E-02  2.967319019E-02  3.025203653E-02  3.090209624E-02
  3.162840202E-02  3.136207981E-02  3.084897143E-02  3.016573348E-02  2.941926676E-02
  2.870642406E-02  2.809599727E-02  2.764144253E-02  2.739502465E-02  2.739502465E-02
  2.764144253E-02  2.809599727E-02  2.870642406E-02  2.941926676E-02  3.016573348E-02
  3.084897143E-02  3.136207981E-02  3.162840202E-02  3.163459361E-02  3.143929298E-02
  3.115623107E-02  3.091675368E-02  3.082399098E-02  3.091675368E-02  3.115623107E-02
  3.143929298E-02  3.163459361E-02  3.111788215E-02  3.072066469E-02  3.020623807E-02
  2.962835808E-02  2.904715215E-02  2.851972086E-02  2.809599727E-02  2.781923695E-02
  2.772262769E-02  2.781923695E-02  2.809599727E-02  2.851972086E-02  2.904715215E-02
  2.962835808E-02  3.020623807E-02  3.072066469E-02  3.111788215E-02  3.136207981E-02
  3.144868103E-02  3.141356403E-02  3.132535030E-02  3.125786836E-02  3.125786836E-02
  3.132535030E-02  3.141356403E-02  3.144868103E-02  3.136207981E-02  3.050146594E-02
  3.020107377E-02  2.983813324E-02  2.944016031E-02  2.904715215E-02  2.870642406E-02
  2.845906621E-02  2.833030801E-02  2.833030801E-02  2.845906621E-02  2.870642406E-02
  2.904715215E-02  2.944016031E-02  2.983813324E-02  3.020107377E-02  3.050146594E-02
  3.072066469E-02  3.084897143E-02  3.089393964E-02  3.088413856E-02  3.085792435E-02
  3.084552396E-02  3.085792435E-02  3.088413856E-02  3.089393964E-02  3.084897143E-02
  3.072066469E-02  3.013758143E-02  3.001432217E-02  2.983813324E-02  2.962835808E-02
  2.941926676E-02  2.924896770E-02  2.914240443E-02  2.910688634E-02  2.914240443E-02
  2.924896770E-02  2.941926676E-02  2.962835808E-02  2.983813324E-02  3.001432217E-02
  3.013758143E-02  3.020107377E-02  3.020623807E-02  3.016573348E-02  3.010473013E-02
  3.005083351E-02  3.002122338E-02  3.002122338E-02  3.005083351E-02  3.010473013E-02
  3.016573348E-02  3.020623807E-02  3.020107377E-02  3.013758143E-02  3.020107377E-02
  3.020623807E-02  3.016573348E-02  3.010473013E-02  3.005083351E-02  3.002122338E-02
  3.002122338E-02  3.005083351E-02  3.010473013E-02  3.016573348E-02  3.020623807E-02
  3.020107377E-02  3.013758143E-02  3.001432217E-02  2.983813324E-02  2.962835808E-02
  2.941926676E-02  2.924896770E-02  2.914240443E-02  2.910688634E-02  2.914240443E-02
  2.924896770E-02  2.941926676E-02  2.962835808E-02  2.983813324E-02  3.001432217E-02
  3.050146594E-02  3.072066469E-02  3.084897143E-02  3.089393964E-02  3.088413856E-02
  3.085792435E-02  3.084552396E-02  3.085792435E-02  3.088413856E-02  3.089393964E-02
  3.084897143E-02  3.072066469E-02  3.050146594E-02  3.020107377E-02  2.983813324E-02
  2.944016031E-02  2.904715215E-02  2.870642406E-02  2.845906621E-02  2.833030801E-02
  2.833030801E-02  2.845906621E-02  2.870642406E-02  2.904715215E-02  2.944016031E-02
  2.983813324E-02  3.020107377E-02  3.111788215E-02  3.136207981E-02  3.144868103E-02
  3.141356403E-02  3.132535030E-02  3.125786836E-02  3.125786836E-02  3.132535030E-02
  3.141356403E-02  3.144868103E-02  3.136207981E-02  3.111788215E-02  3.072066469E-02
  3.020623807E-02  2.962835808E-02  2.904715215E-02  2.851972086E-02  2.809599727E-02
  2.781923695E-02  2.772262769E-02  2.781923695E-02  2.809599727E-02  2.851972086E-02
  2.904715215E-02  2.962835808E-02  3.020623807E-02  3.072066469E-02  3.162840202E-02
  3.163459361E-02  3.143929298E-02  3.115623107E-02  3.091675368E-02  3.082399098E-02
  3.091675368E-02  3.115623107E-02  3.143929298E-02  3.163459361E-02  3.162840202E-02
  3.136207981E-02  3.084897143E-02  3.016573348E-02  2.941926676E-02  2.870642406E-02
  2.809599727E-02  2.764144253E-02  2.739502465E-02  2.739502465E-02  2.764144253E-02
  2.809599727E-02  2.870642406E-02  2.941926676E-02  3.016573348E-02  3.084897143E-02
  3.136207981E-02  3.142176980E-02  3.090209624E-02  3.025203653E-02  2.967319019E-02
  2.933566288E-02  2.933566288E-02  2.967319019E-02  3.025203653E-02  3.090209624E-02
  3.142176980E-02  3.163459361E-02  3.144868103E-02  3.089393964E-02  3.010473013E-02
  2.924896770E-02  2.845906621E-02  2.781923695E-02  2.739502465E-02  2.724497720E-02
  2.739502465E-02  2.781923695E-02  2.845906621E-02  2.924896770E-02  3.010473013E-02
  3.089393964E-02  3.144868103E-02  3.163459361E-02  2.992360765E-02  2.875116345E-02
  2.766556528E-02  2.690793175E-02  2.663702459E-02  2.690793175E-02  2.766556528E-02
  2.875116345E-02  2.992360765E-02  3.090209624E-02  3.143929298E-02  3.141356403E-02
  3.088413856E-02  3.005083351E-02  2.914240443E-02  2.833030801E-02  2.772262769E-02
  2.739502465E-02  2.739502465E-02  2.772262769E-02  2.833030801E-02  2.914240443E-02
  3.005083351E-02  3.088413856E-02  3.141356403E-02  3.143929298E-02  3.090209624E-02
  2.696579723E-02  2.525583541E-02  2.393237012E-02  2.321446673E-02  2.321446673E-02
  2.393237012E-02  2.525583541E-02  2.696579723E-02  2.875116345E-02  3.025203653E-02
  3.115623107E-02  3.132535030E-02  3.085792435E-02  3.002122338E-02  2.910688634E-02
  2.833030801E-02  2.781923695E-02  2.764144253E-02  2.781923695E-02  2.833030801E-02
  2.910688634E-02  3.002122338E-02  3.085792435E-02  3.132535030E-02  3.115623107E-02
  3.025203653E-02  2.875116345E-02  2.287481161E-02  2.089814611E-02  1.959998794E-02
  1.914813705E-02  1.959998794E-02  2.089814611E-02  2.287481161E-02  2.525583541E-02
  2.766556528E-02  2.967319019E-02  3.091675368E-02  3.125786836E-02  3.084552396E-02
  3.002122338E-02  2.914240443E-02  2.845906621E-02  2.809599727E-02  2.809599727E-02
  2.845906621E-02  2.914240443E-02  3.002122338E-02  3.084552396E-02  3.125786836E-02
  3.091675368E-02  2.967319019E-02  2.766556528E-02  2.525583541E-02  1.823732858E-02
  1.627198499E-02  1.522664354E-02  1.522664354E-02  1.627198499E-02  1.823732858E-02
  2.089814611E-02  2.393237012E-02  2.690793175E-02  2.933566288E-02  3.082399098E-02
  3.125786836E-02  3.085792435E-02  3.005083351E-02  2.924896770E-02  2.870642406E-02
  2.851972086E-02  2.870642406E-02  2.924896770E-02  3.005083351E-02  3.085792435E-02
  3.125786836E-02  3.082399098E-02  2.933566288E-02  2.690793175E-02  2.393237012E-02
  2.089814611E-02  1.358745273E-02  1.182487450E-02  1.120633339E-02  1.182487450E-02
  1.358745273E-02  1.627198499E-02  1.959998794E-02  2.321446673E-02  2.663702459E-02
  2.933566288E-02  3.091675368E-02  3.132535030E-02  3.088413856E-02  3.010473013E-02
  2.941926676E-02  2.904715215E-02  2.904715215E-02  2.941926676E-02  3.010473013E-02
  3.088413856E-02  3.132535030E-02  3.091675368E-02  2.933566288E-02  2.663702459E-02
  2.321446673E-02  1.959998794E-02  1.627198499E-02  9.247700958E-03  7.826776543E-03
  7.826776543E-03  9.247700958E-03  1.182487450E-02  1.522664354E-02  1.914813705E-02
  2.321446673E-02  2.690793175E-02  2.967319019E-02  3.115623107E-02  3.141356403E-02
  3.089393964E-02  3.016573348E-02  2.962835808E-02  2.944016031E-02  2.962835808E-02
  3.016573348E-02  3.089393964E-02  3.141356403E-02  3.115623107E-02  2.967319019E-02
  2.690793175E-02  2.321446673E-02  1.914813705E-02  1.522664354E-02  1.182487450E-02
  5.469972757E-03  4.607351012E-03  5.469972757E-03  7.826776543E-03  1.120633339E-02
  1.522664354E-02  1.959998794E-02  2.393237012E-02  2.766556528E-02  3.025203653E-02
  3.143929298E-02  3.144868103E-02  3.084897143E-02  3.020623807E-02  2.983813324E-02
  2.983813324E-02  3.020623807E-02  3.084897143E-02  3.144868103E-02  3.143929298E-02
  3.025203653E-02  2.766556528E-02  2.393237012E-02  1.959998794E-02  1.522664354E-02
  1.120633339E-02  7.826776543E-03  2.735084763E-03  2.735084763E-03  4.607351012E-03
  7.826776543E-03  1.182487450E-02  1.627198499E-02  2.089814611E-02  2.525583541E-02
  2.875116345E-02  3.090209624E-02  3.163459361E-02  3.136207981E-02  3.072066469E-02
  3.020107377E-02  3.001432217E-02  3.020107377E-02  3.072066469E-02  3.136207981E-02
  3.163459361E-02  3.090209624E-02  2.875116345E-02  2.525583541E-02  2.089814611E-02
  1.627198499E-02  1.182487450E-02  7.826776543E-03  4.607351012E-03  2.735084763E-03
  4.607351012E-03  7.826776543E-03  1.182487450E-02  1.627198499E-02  2.089814611E-02
  2.525583541E-02  2.875116345E-02  3.090209624E-02  3.163459361E-02  3.136207981E-02
  3.072066469E-02  3.020107377E-02  3.001432217E-02  3.020107377E-02  3.072066469E-02
  3.136207981E-02  3.163459361E-02  3.090209624E-02  2.875116345E-02  2.525583541E-02
  2.089814611E-02  1.627198499E-02  1.182487450E-02  7.826776543E-03  4.607351012E-03
  2.735084763E-03  4.607351012E-03  7.095461068E-03  1.061529239E-02  1.475023233E-02
  1.922346553E-02  2.366478612E-02  2.752383832E-02  3.023907980E-02  3.153266083E-02
  3.160871027E-02  3.103900310E-02  3.040533942E-02  3.003892264E-02  3.003892264E-02
  3.040533942E-02  3.103900310E-02  3.160871027E-02  3.153266083E-02  3.023907980E-02
  2.752383832E-02  2.366478612E-02  1.922346553E-02  1.475023233E-02  1.061529239E-02
  7.095461068E-03  4.607351012E-03  3.689222220E-03  7.826776543E-03  1.061529239E-02
  1.422301674E-02  1.833536818E-02  2.260679425E-02  2.653805755E-02  2.955728771E-02
  3.126620099E-02  3.167999815E-02  3.123991578E-02  3.053947784E-02  3.000831440E-02
  2.982092967E-02  3.000831440E-02  3.053947784E-02  3.123991578E-02  3.167999815E-02
  3.126620099E-02  2.955728771E-02  2.653805755E-02  2.260679425E-02  1.833536818E-02
  1.422301674E-02  1.061529239E-02  7.826776543E-03  6.261219235E-03  6.261219235E-03
  1.182487450E-02  1.475023233E-02  1.833536818E-02  2.223700771E-02  2.599343707E-02
  2.905578019E-02  3.097582823E-02  3.163674755E-02  3.133632776E-02  3.061165662E-02
  2.993988914E-02  2.957011937E-02  2.957011937E-02  2.993988914E-02  3.061165662E-02
  3.133632776E-02  3.163674755E-02  3.097582823E-02  2.905578019E-02  2.599343707E-02
  2.223700771E-02  1.833536818E-02  1.475023233E-02  1.182487450E-02  9.869290367E-03
  9.174005762E-03  9.869290367E-03  1.627198499E-02  1.922346553E-02  2.260679425E-02
  2.599343707E-02  2.887232550E-02  3.079192753E-02  3.156274842E-02  3.136435448E-02
  3.064225850E-02  2.986285352E-02  2.932409500E-02  2.913820291E-02  2.932409500E-02
  2.986285352E-02  3.064225850E-02  3.136435448E-02  3.156274842E-02  3.079192753E-02
  2.887232550E-02  2.599343707E-02  2.260679425E-02  1.922346553E-02  1.627198499E-02
  1.407885443E-02  1.290110179E-02  1.290110179E-02  1.407885443E-02  2.089814611E-02
  2.366478612E-02  2.653805755E-02  2.905578019E-02  3.079192753E-02  3.152892910E-02
  3.136531100E-02  3.065261422E-02  2.980372308E-02  2.912343780E-02  2.876100915E-02
  2.876100915E-02  2.912343780E-02  2.980372308E-02  3.065261422E-02  3.136531100E-02
  3.152892910E-02  3.079192753E-02  2.905578019E-02  2.653805755E-02  2.366478612E-02
  2.089814611E-02  1.862535651E-02  1.713448648E-02  1.661463584E-02  1.713448648E-02
  1.862535651E-02  2.525583541E-02  2.752383832E-02  2.955728771E-02  3.097582823E-02
  3.156274842E-02  3.136531100E-02  3.065498301E-02  2.977403779E-02  2.899604912E-02
  2.848148318E-02  2.830329570E-02  2.848148318E-02  2.899604912E-02  2.977403779E-02
  3.065498301E-02  3.136531100E-02  3.156274842E-02  3.097582823E-02  2.955728771E-02
  2.752383832E-02  2.525583541E-02  2.315518229E-02  2.155625051E-02  2.069487276E-02
  2.069487276E-02  2.155625051E-02  2.315518229E-02  2.875116345E-02  3.023907980E-02
  3.126620099E-02  3.163674755E-02  3.136435448E-02  3.065261422E-02  2.977403779E-02
  2.895296516E-02  2.833250263E-02  2.799918630E-02  2.799918630E-02  2.833250263E-02
  2.895296516E-02  2.977403779E-02  3.065261422E-02  3.136435448E-02  3.163674755E-02
  3.126620099E-02  3.023907980E-02  2.875116345E-02  2.712075333E-02  2.567874426E-02
  2.469627720E-02  2.434858692E-02  2.469627720E-02  2.567874426E-02  2.712075333E-02
  3.090209624E-02  3.153266083E-02  3.167999815E-02  3.133632776E-02  3.064225850E-02
  2.980372308E-02  2.899604912E-02  2.833250263E-02  2.789166529E-02  2.773587656E-02
  2.789166529E-02  2.833250263E-02  2.899604912E-02  2.980372308E-02  3.064225850E-02
  3.133632776E-02  3.167999815E-02  3.153266083E-02  3.090209624E-02  2.994708621E-02
  2.891261798E-02  2.805192530E-02  2.756635533E-02  2.756635533E-02  2.805192530E-02
  2.891261798E-02  2.994708621E-02  3.163459361E-02  3.160871027E-02  3.123991578E-02
  3.061165662E-02  2.986285352E-02  2.912343780E-02  2.848148318E-02  2.799918630E-02
  2.773587656E-02  2.773587656E-02  2.799918630E-02  2.848148318E-02  2.912343780E-02
  2.986285352E-02  3.061165662E-02  3.123991578E-02  3.160871027E-02  3.163459361E-02
  3.133368124E-02  3.081888667E-02  3.026165762E-02  2.983906573E-02  2.968217103E-02
  2.983906573E-02  3.026165762E-02  3.081888667E-02  3.133368124E-02  3.136207981E-02
  3.103900310E-02  3.053947784E-02  2.993988914E-02  2.932409500E-02  2.876100915E-02
  2.830329570E-02  2.799918630E-02  2.789166529E-02  2.799918630E-02  2.830329570E-02
  2.876100915E-02  2.932409500E-02  2.993988914E-02  3.053947784E-02  3.103900310E-02
  3.136207981E-02  3.146828370E-02  3.137227371E-02  3.114613215E-02  3.089992307E-02
  3.074310651E-02  3.074310651E-02  3.089992307E-02  3.114613215E-02  3.137227371E-02
  3.146828370E-02  3.072066469E-02  3.040533942E-02  3.000831440E-02  2.957011937E-02
  2.913820291E-02  2.876100915E-02  2.848148318E-02  2.833250263E-02  2.833250263E-02
  2.848148318E-02  2.876100915E-02  2.913820291E-02  2.957011937E-02  3.000831440E-02
  3.040533942E-02  3.072066469E-02  3.092421738E-02  3.100274985E-02  3.097106158E-02
  3.087623823E-02  3.078273613E-02  3.074465110E-02  3.078273613E-02  3.087623823E-02
  3.097106158E-02  3.100274985E-02  3.092421738E-02  3.020107377E-02  3.003892264E-02
  2.982092967E-02  2.957011937E-02  2.932409500E-02  2.912343780E-02  2.899604912E-02
  2.895296516E-02  2.899604912E-02  2.912343780E-02  2.932409500E-02  2.957011937E-02
  2.982092967E-02  3.003892264E-02  3.020107377E-02  3.029721195E-02  3.032461945E-02
  3.029100132E-02  3.022019323E-02  3.014693231E-02  3.010208571E-02  3.010208571E-02
  3.014693231E-02  3.022019323E-02  3.029100132E-02  3.032461945E-02  3.029721195E-02
  3.001432217E-02  3.003892264E-02  3.000831440E-02  2.993988914E-02  2.986285352E-02
  2.980372308E-02  2.977403779E-02  2.977403779E-02  2.980372308E-02  2.986285352E-02
  2.993988914E-02  3.000831440E-02  3.003892264E-02  3.001432217E-02  2.993126158E-02
  2.979597758E-02  2.962480847E-02  2.944700047E-02  2.929745154E-02  2.920165646E-02
  2.916931986E-02  2.920165646E-02  2.929745154E-02  2.944700047E-02  2.962480847E-02
  2.979597758E-02  2.993126158E-02  3.020107377E-02  3.040533942E-02  3.053947784E-02
  3.061165662E-02  3.064225850E-02  3.065261422E-02  3.065498301E-02  3.065261422E-02
  3.064225850E-02  3.061165662E-02  3.053947784E-02  3.040533942E-02  3.020107377E-02
  2.993126158E-02  2.960798904E-02  2.925234816E-02  2.889996106E-02  2.859615219E-02
  2.837926556E-02  2.826861993E-02  2.826861993E-02  2.837926556E-02  2.859615219E-02
  2.889996106E-02  2.925234816E-02  2.960798904E-02  2.993126158E-02  3.072066469E-02
  3.103900310E-02  3.123991578E-02  3.133632776E-02  3.136435448E-02  3.136531100E-02
  3.136531100E-02  3.136435448E-02  3.133632776E-02  3.123991578E-02  3.103900310E-02
  3.072066469E-02  3.029721195E-02  2.979597758E-02  2.925234816E-02  2.871035522E-02
  2.822114113E-02  2.783409566E-02  2.758708528E-02  2.750236478E-02  2.758708528E-02
  2.783409566E-02  2.822114113E-02  2.871035522E-02  2.925234816E-02  2.979597758E-02
  3.029721195E-02  3.136207981E-02  3.160871027E-02  3.167999815E-02  3.163674755E-02
  3.156274842E-02  3.152892910E-02  3.156274842E-02  3.163674755E-02  3.167999815E-02
  3.160871027E-02  3.136207981E-02  3.092421738E-02  3.032461945E-02  2.962480847E-02
  2.889996106E-02  2.822114113E-02  2.764647966E-02  2.722481139E-02  2.699956904E-02
  2.699956904E-02  2.722481139E-02  2.764647966E-02  2.822114113E-02  2.889996106E-02
  2.962480847E-02  3.032461945E-02  3.092421738E-02  3.163459361E-02  3.153266083E-02
  3.126620099E-02  3.097582823E-02  3.079192753E-02  3.079192753E-02  3.097582823E-02
  3.126620099E-02  3.153266083E-02  3.163459361E-02  3.146828370E-02  3.100274985E-02
  3.029100132E-02  2.944700047E-02  2.859615219E-02  2.783409566E-02  2.722481139E-02
  2.682375979E-02  2.668246540E-02  2.682375979E-02  2.722481139E-02  2.783409566E-02
  2.859615219E-02  2.944700047E-02  3.029100132E-02  3.100274985E-02  3.146828370E-02
  3.090209624E-02  3.023907980E-02  2.955728771E-02  2.905578019E-02  2.887232550E-02
  2.905578019E-02  2.955728771E-02  3.023907980E-02  3.090209624E-02  3.133368124E-02
  3.137227371E-02  3.097106158E-02  3.022019323E-02  2.929745154E-02  2.837926556E-02
  2.758708528E-02  2.699956904E-02  2.668246540E-02  2.668246540E-02  2.699956904E-02
  2.758708528E-02  2.837926556E-02  2.929745154E-02  3.022019323E-02  3.097106158E-02
  3.137227371E-02  3.133368124E-02  2.875116345E-02  2.752383832E-02  2.653805755E-02
  2.599343707E-02  2.599343707E-02  2.653805755E-02  2.752383832E-02  2.875116345E-02
  2.994708621E-02  3.081888667E-02  3.114613215E-02  3.087623823E-02  3.014693231E-02
  2.920165646E-02  2.826861993E-02  2.750236478E-02  2.699956904E-02  2.682375979E-02
  2.699956904E-02  2.750236478E-02  2.826861993E-02  2.920165646E-02  3.014693231E-02
  3.087623823E-02  3.114613215E-02  3.081888667E-02  2.994708621E-02  2.525583541E-02
  2.366478612E-02  2.260679425E-02  2.223700771E-02  2.260679425E-02  2.366478612E-02
  2.525583541E-02  2.712075333E-02  2.891261798E-02  3.026165762E-02  3.089992307E-02
  3.078273613E-02  3.010208571E-02  2.916931986E-02  2.826861993E-02  2.758708528E-02
  2.722481139E-02  2.722481139E-02  2.758708528E-02  2.826861993E-02  2.916931986E-02
  3.010208571E-02  3.078273613E-02  3.089992307E-02  3.026165762E-02  2.891261798E-02
  2.712075333E-02  2.089814611E-02  1.922346553E-02  1.833536818E-02  1.833536818E-02
  1.922346553E-02  2.089814611E-02  2.315518229E-02  2.567874426E-02  2.805192530E-02
  2.983906573E-02  3.074310651E-02  3.074465110E-02  3.010208571E-02  2.920165646E-02
  2.837926556E-02  2.783409566E-02  2.764647966E-02  2.783409566E-02  2.837926556E-02
  2.920165646E-02  3.010208571E-02  3.074465110E-02  3.074310651E-02  2.983906573E-02
  2.805192530E-02  2.567874426E-02  2.315518229E-02  1.627198499E-02  1.475023233E-02
  1.422301674E-02  1.475023233E-02  1.627198499E-02  1.862535651E-02  2.155625051E-02
  2.469627720E-02  2.756635533E-02  2.968217103E-02  3.074310651E-02  3.078273613E-02
  3.014693231E-02  2.929745154E-02  2.859615219E-02  2.822114113E-02  2.822114113E-02
  2.859615219E-02  2.929745154E-02  3.014693231E-02  3.078273613E-02  3.074310651E-02
  2.968217103E-02  2.756635533E-02  2.469627720E-02  2.155625051E-02  1.862535651E-02
  1.182487450E-02  1.061529239E-02  1.061529239E-02  1.182487450E-02  1.407885443E-02
  1.713448648E-02  2.069487276E-02  2.434858692E-02  2.756635533E-02  2.983906573E-02
  3.089992307E-02  3.087623823E-02  3.022019323E-02  2.944700047E-02  2.889996106E-02
  2.871035522E-02  2.889996106E-02  2.944700047E-02  3.022019323E-02  3.087623823E-02
  3.089992307E-02  2.983906573E-02  2.756635533E-02  2.434858692E-02  2.069487276E-02
  1.713448648E-02  1.407885443E-02  7.826776543E-03  7.095461068E-03  7.826776543E-03
  9.869290367E-03  1.290110179E-02  1.661463584E-02  2.069487276E-02  2.469627720E-02
  2.805192530E-02  3.026165762E-02  3.114613215E-02  3.097106158E-02  3.029100132E-02
  2.962480847E-02  2.925234816E-02  2.925234816E-02  2.962480847E-02  3.029100132E-02
  3.097106158E-02  3.114613215E-02  3.026165762E-02  2.805192530E-02  2.469627720E-02
  2.069487276E-02  1.661463584E-02  1.290110179E-02  9.869290367E-03  4.607351012E-03
  4.607351012E-03  6.261219235E-03  9.174005762E-03  1.290110179E-02  1.713448648E-02
  2.155625051E-02  2.567874426E-02  2.891261798E-02  3.081888667E-02  3.137227371E-02
  3.100274985E-02  3.032461945E-02  2.979597758E-02  2.960798904E-02  2.979597758E-02
  3.032461945E-02  3.100274985E-02  3.137227371E-02  3.081888667E-02  2.891261798E-02
  2.567874426E-02  2.155625051E-02  1.713448648E-02  1.290110179E-02  9.174005762E-03
  6.261219235E-03  2.735084763E-03  3.689222220E-03  6.261219235E-03  9.869290367E-03
  1.407885443E-02  1.862535651E-02  2.315518229E-02  2.712075333E-02  2.994708621E-02
  3.133368124E-02  3.146828370E-02  3.092421738E-02  3.029721195E-02  2.993126158E-02
  2.993126158E-02  3.029721195E-02  3.092421738E-02  3.146828370E-02  3.133368124E-02
  2.994708621E-02  2.712075333E-02  2.315518229E-02  1.862535651E-02  1.407885443E-02
  9.869290367E-03  6.261219235E-03  3.689222220E-03  5.469972757E-03  7.826776543E-03
  1.120633339E-02  1.522664354E-02  1.959998794E-02  2.393237012E-02  2.766556528E-02
  3.025203653E-02  3.143929298E-02  3.144868103E-02  3.084897143E-02  3.020623807E-02
  2.983813324E-02  2.983813324E-02  3.020623807E-02  3.084897143E-02  3.144868103E-02
  3.143929298E-02  3.025203653E-02  2.766556528E-02  2.393237012E-02  1.959998794E-02
  1.522664354E-02  1.120633339E-02  7.826776543E-03  5.469972757E-03  4.607351012E-03
  7.826776543E-03  1.061529239E-02  1.422301674E-02  1.833536818E-02  2.260679425E-02
  2.653805755E-02  2.955728771E-02  3.126620099E-02  3.167999815E-02  3.123991578E-02
  3.053947784E-02  3.000831440E-02  2.982092967E-02  3.000831440E-02  3.053947784E-02
  3.123991578E-02  3.167999815E-02  3.126620099E-02  2.955728771E-02  2.653805755E-02
  2.260679425E-02  1.833536818E-02  1.422301674E-02  1.061529239E-02  7.826776543E-03
  6.261219235E-03  6.261219235E-03  1.120633339E-02  1.422301674E-02  1.789910394E-02
  2.189720485E-02  2.576481063E-02  2.895013072E-02  3.098738436E-02  3.173773564E-02
  3.148862301E-02  3.078459848E-02  3.011819260E-02  2.974929922E-02  2.974929922E-02
  3.011819260E-02  3.078459848E-02  3.148862301E-02  3.173773564E-02  3.098738436E-02
  2.895013072E-02  2.576481063E-02  2.189720485E-02  1.789910394E-02  1.422301674E-02
  1.120633339E-02  9.174005762E-03  8.447583273E-03  9.174005762E-03  1.522664354E-02
  1.833536818E-02  2.189720485E-02  2.549092225E-02  2.860063926E-02  3.074727945E-02
  3.170151414E-02  3.161708466E-02  3.094548494E-02  3.018047865E-02  2.964425656E-02
  2.945877387E-02  2.964425656E-02  3.018047865E-02  3.094548494E-02  3.161708466E-02
  3.170151414E-02  3.074727945E-02  2.860063926E-02  2.549092225E-02  2.189720485E-02
  1.833536818E-02  1.522664354E-02  1.290110179E-02  1.164238953E-02  1.164238953E-02
  1.290110179E-02  1.959998794E-02  2.260679425E-02  2.576481063E-02  2.860063926E-02
  3.065400187E-02  3.165646658E-02  3.166762769E-02  3.103842010E-02  3.021485773E-02
  2.953854707E-02  2.917687908E-02  2.917687908E-02  2.953854707E-02  3.021485773E-02
  3.103842010E-02  3.166762769E-02  3.165646658E-02  3.065400187E-02  2.860063926E-02
  2.576481063E-02  2.260679425E-02  1.959998794E-02  1.713448648E-02  1.551142330E-02
  1.494333887E-02  1.551142330E-02  1.713448648E-02  2.393237012E-02  2.653805755E-02
  2.895013072E-02  3.074727945E-02  3.165646658E-02  3.167932177E-02  3.108034735E-02
  3.023461993E-02  2.946020802E-02  2.894485851E-02  2.876689896E-02  2.894485851E-02
  2.946020802E-02  3.023461993E-02  3.108034735E-02  3.167932177E-02  3.165646658E-02
  3.074727945E-02  2.895013072E-02  2.653805755E-02  2.393237012E-02  2.155625051E-02
  1.975792703E-02  1.878975561E-02  1.878975561E-02  1.975792703E-02  2.155625051E-02
  2.766556528E-02  2.955728771E-02  3.098738436E-02  3.170151414E-02  3.166762769E-02
  3.108034735E-02  3.024168659E-02  2.942092601E-02  2.879411586E-02  2.845845239E-02
  2.845845239E-02  2.879411586E-02  2.942092601E-02  3.024168659E-02  3.108034735E-02
  3.166762769E-02  3.170151414E-02  3.098738436E-02  2.955728771E-02  2.766556528E-02
  2.567874426E-02  2.395940712E-02  2.280009203E-02  2.239140291E-02  2.280009203E-02
  2.395940712E-02  2.567874426E-02  3.025203653E-02  3.126620099E-02  3.173773564E-02
  3.161708466E-02  3.103842010E-02  3.023461993E-02  2.942092601E-02  2.874210706E-02
  2.829112263E-02  2.813224961E-02  2.829112263E-02  2.874210706E-02  2.942092601E-02
  3.023461993E-02  3.103842010E-02  3.161708466E-02  3.173773564E-02  3.126620099E-02
  3.025203653E-02  2.891261798E-02  2.754634579E-02  2.644465901E-02  2.583270592E-02
  2.583270592E-02  2.644465901E-02  2.754634579E-02  2.891261798E-02  3.143929298E-02
  3.167999815E-02  3.148862301E-02  3.094548494E-02  3.021485773E-02  2.946020802E-02
  2.879411586E-02  2.829112263E-02  2.801612690E-02  2.801612690E-02  2.829112263E-02
  2.879411586E-02  2.946020802E-02  3.021485773E-02  3.094548494E-02  3.148862301E-02
  3.167999815E-02  3.143929298E-02  3.081888667E-02  2.998597701E-02  2.916396193E-02
  2.856792231E-02  2.835085092E-02  2.856792231E-02  2.916396193E-02  2.998597701E-02
  3.081888667E-02  3.144868103E-02  3.123991578E-02  3.078459848E-02  3.018047865E-02
  2.953854707E-02  2.894485851E-02  2.845845239E-02  2.813224961E-02  2.801612690E-02
  2.813224961E-02  2.845845239E-02  2.894485851E-02  2.953854707E-02  3.018047865E-02
  3.078459848E-02  3.123991578E-02  3.144868103E-02  3.137227371E-02  3.105350673E-02
  3.060743447E-02  3.018700584E-02  2.993436970E-02  2.993436970E-02  3.018700584E-02
  3.060743447E-02  3.105350673E-02  3.137227371E-02  3.084897143E-02  3.053947784E-02
  3.011819260E-02  2.964425656E-02  2.917687908E-02  2.876689896E-02  2.845845239E-02
  2.829112263E-02  2.829112263E-02  2.845845239E-02  2.876689896E-02  2.917687908E-02
  2.964425656E-02  3.011819260E-02  3.053947784E-02  3.084897143E-02  3.100274985E-02
  3.098803864E-02  3.083583763E-02  3.062061519E-02  3.043789148E-02  3.036683170E-02
  3.043789148E-02  3.062061519E-02  3.083583763E-02  3.098803864E-02  3.100274985E-02
  3.020623807E-02  3.000831440E-02  2.974929922E-02  2.945877387E-02  2.917687908E-02
  2.894485851E-02  2.879411586E-02  2.874210706E-02  2.879411586E-02  2.894485851E-02
  2.917687908E-02  2.945877387E-02  2.974929922E-02  3.000831440E-02  3.020623807E-02
  3.032461945E-02  3.035375252E-02  3.029816103E-02  3.018599911E-02  3.006644914E-02
  2.999083153E-02  2.999083153E-02  3.006644914E-02  3.018599911E-02  3.029816103E-02
  3.035375252E-02  3.032461945E-02  2.983813324E-02  2.982092967E-02  2.974929922E-02
  2.964425656E-02  2.953854707E-02  2.946020802E-02  2.942092601E-02  2.942092601E-02
  2.946020802E-02  2.953854707E-02  2.964425656E-02  2.974929922E-02  2.982092967E-02
  2.983813324E-02  2.979597758E-02  2.969922400E-02  2.955967150E-02  2.940035205E-02
  2.925449166E-02  2.915398407E-02  2.911848786E-02  2.915398407E-02  2.925449166E-02
  2.940035205E-02  2.955967150E-02  2.969922400E-02  2.979597758E-02  2.983813324E-02
  3.000831440E-02  3.011819260E-02  3.018047865E-02  3.021485773E-02  3.023461993E-02
  3.024168659E-02  3.023461993E-02  3.021485773E-02  3.018047865E-02  3.011819260E-02
  3.000831440E-02  2.983813324E-02  2.960798904E-02  2.932796430E-02  2.901679517E-02
  2.870567552E-02  2.843527775E-02  2.824128528E-02  2.814218069E-02  2.814218069E-02
  2.824128528E-02  2.843527775E-02  2.870567552E-02  2.901679517E-02  2.932796430E-02
  2.960798904E-02  3.020623807E-02  3.053947784E-02  3.078459848E-02  3.094548494E-02
  3.103842010E-02  3.108034735E-02  3.108034735E-02  3.103842010E-02  3.094548494E-02
  3.078459848E-02  3.053947784E-02  3.020623807E-02  2.979597758E-02  2.932796430E-02
  2.882678717E-02  2.832793437E-02  2.787921435E-02  2.752880373E-02  2.730965910E-02
  2.723567981E-02  2.730965910E-02  2.752880373E-02  2.787921435E-02  2.832793437E-02
  2.882678717E-02  2.932796430E-02  2.979597758E-02  3.084897143E-02  3.123991578E-02
  3.148862301E-02  3.161708466E-02  3.166762769E-02  3.167932177E-02  3.166762769E-02
  3.161708466E-02  3.148862301E-02  3.123991578E-02  3.084897143E-02  3.032461945E-02
  2.969922400E-02  2.901679517E-02  2.832793437E-02  2.768797688E-02  2.715152849E-02
  2.676524928E-02  2.656305110E-02  2.656305110E-02  2.676524928E-02  2.715152849E-02
  2.768797688E-02  2.832793437E-02  2.901679517E-02  2.969922400E-02  3.032461945E-02
  3.144868103E-02  3.167999815E-02  3.173773564E-02  3.170151414E-02  3.165646658E-02
  3.165646658E-02  3.170151414E-02  3.173773564E-02  3.167999815E-02  3.144868103E-02
  3.100274985E-02  3.035375252E-02  2.955967150E-02  2.870567552E-02  2.787921435E-02
  2.715152849E-02  2.657717392E-02  2.620439713E-02  2.607436837E-02  2.620439713E-02
  2.657717392E-02  2.715152849E-02  2.787921435E-02  2.870567552E-02  2.955967150E-02
  3.035375252E-02  3.100274985E-02  3.143929298E-02  3.126620099E-02  3.098738436E-02
  3.074727945E-02  3.065400187E-02  3.074727945E-02  3.098738436E-02  3.126620099E-02
  3.143929298E-02  3.137227371E-02  3.098803864E-02  3.029816103E-02  2.940035205E-02
  2.843527775E-02  2.752880373E-02  2.676524928E-02  2.620439713E-02  2.590297223E-02
  2.590297223E-02  2.620439713E-02  2.676524928E-02  2.752880373E-02  2.843527775E-02
  2.940035205E-02  3.029816103E-02  3.098803864E-02  3.137227371E-02  3.025203653E-02
  2.955728771E-02  2.895013072E-02  2.860063926E-02  2.860063926E-02  2.895013072E-02
  2.955728771E-02  3.025203653E-02  3.081888667E-02  3.105350673E-02  3.083583763E-02
  3.018599911E-02  2.925449166E-02  2.824128528E-02  2.730965910E-02  2.656305110E-02
  2.607436837E-02  2.590297223E-02  2.607436837E-02  2.656305110E-02  2.730965910E-02
  2.824128528E-02  2.925449166E-02  3.018599911E-02  3.083583763E-02  3.105350673E-02
  3.081888667E-02  2.766556528E-02  2.653805755E-02  2.576481063E-02  2.549092225E-02
  2.576481063E-02  2.653805755E-02  2.766556528E-02  2.891261798E-02  2.998597701E-02
  3.060743447E-02  3.062061519E-02  3.006644914E-02  2.915398407E-02  2.814218069E-02
  2.723567981E-02  2.656305110E-02  2.620439713E-02  2.620439713E-02  2.656305110E-02
  2.723567981E-02  2.814218069E-02  2.915398407E-02  3.006644914E-02  3.062061519E-02
  3.060743447E-02  2.998597701E-02  2.891261798E-02  2.393237012E-02  2.260679425E-02
  2.189720485E-02  2.189720485E-02  2.260679425E-02  2.393237012E-02  2.567874426E-02
  2.754634579E-02  2.916396193E-02  3.018700584E-02  3.043789148E-02  2.999083153E-02
  2.911848786E-02  2.814218069E-02  2.730965910E-02  2.676524928E-02  2.657717392E-02
  2.676524928E-02  2.730965910E-02  2.814218069E-02  2.911848786E-02  2.999083153E-02
  3.043789148E-02  3.018700584E-02  2.916396193E-02  2.754634579E-02  2.567874426E-02
  1.959998794E-02  1.833536818E-02  1.789910394E-02  1.833536818E-02  1.959998794E-02
  2.155625051E-02  2.395940712E-02  2.644465901E-02  2.856792231E-02  2.993436970E-02
  3.036683170E-02  2.999083153E-02  2.915398407E-02  2.824128528E-02  2.752880373E-02
  2.715152849E-02  2.715152849E-02  2.752880373E-02  2.824128528E-02  2.915398407E-02
  2.999083153E-02  3.036683170E-02  2.993436970E-02  2.856792231E-02  2.644465901E-02
  2.395940712E-02  2.155625051E-02  1.522664354E-02  1.422301674E-02  1.422301674E-02
  1.522664354E-02  1.713448648E-02  1.975792703E-02  2.280009203E-02  2.583270592E-02
  2.835085092E-02  2.993436970E-02  3.043789148E-02  3.006644914E-02  2.925449166E-02
  2.843527775E-02  2.787921435E-02  2.768797688E-02  2.787921435E-02  2.843527775E-02
  2.925449166E-02  3.006644914E-02  3.043789148E-02  2.993436970E-02  2.835085092E-02
  2.583270592E-02  2.280009203E-02  1.975792703E-02  1.713448648E-02  1.120633339E-02
  1.061529239E-02  1.120633339E-02  1.290110179E-02  1.551142330E-02  1.878975561E-02
  2.239140291E-02  2.583270592E-02  2.856792231E-02  3.018700584E-02  3.062061519E-02
  3.018599911E-02  2.940035205E-02  2.870567552E-02  2.832793437E-02  2.832793437E-02
  2.870567552E-02  2.940035205E-02  3.018599911E-02  3.062061519E-02  3.018700584E-02
  2.856792231E-02  2.583270592E-02  2.239140291E-02  1.878975561E-02  1.551142330E-02
  1.290110179E-02  7.826776543E-03  7.826776543E-03  9.174005762E-03  1.164238953E-02
  1.494333887E-02  1.878975561E-02  2.280009203E-02  2.644465901E-02  2.916396193E-02
  3.060743447E-02  3.083583763E-02  3.029816103E-02  2.955967150E-02  2.901679517E-02
  2.882678717E-02  2.901679517E-02  2.955967150E-02  3.029816103E-02  3.083583763E-02
  3.060743447E-02  2.916396193E-02  2.644465901E-02  2.280009203E-02  1.878975561E-02
  1.494333887E-02  1.164238953E-02  9.174005762E-03  5.469972757E-03  6.261219235E-03
  8.447583273E-03  1.164238953E-02  1.551142330E-02  1.975792703E-02  2.395940712E-02
  2.754634579E-02  2.998597701E-02  3.105350673E-02  3.098803864E-02  3.035375252E-02
  2.969922400E-02  2.932796430E-02  2.932796430E-02  2.969922400E-02  3.035375252E-02
  3.098803864E-02  3.105350673E-02  2.998597701E-02  2.754634579E-02  2.395940712E-02
  1.975792703E-02  1.551142330E-02  1.164238953E-02  8.447583273E-03  6.261219235E-03
  4.607351012E-03  6.261219235E-03  9.174005762E-03  1.290110179E-02  1.713448648E-02
  2.155625051E-02  2.567874426E-02  2.891261798E-02  3.081888667E-02  3.137227371E-02
  3.100274985E-02  3.032461945E-02  2.979597758E-02  2.960798904E-02  2.979597758E-02
  3.032461945E-02  3.100274985E-02  3.137227371E-02  3.081888667E-02  2.891261798E-02
  2.567874426E-02  2.155625051E-02  1.713448648E-02  1.290110179E-02  9.174005762E-03
  6.261219235E-03  4.607351012E-03  9.247700958E-03  1.182487450E-02  1.522664354E-02
  1.914813705E-02  2.321446673E-02  2.690793175E-02  2.967319019E-02  3.115623107E-02
  3.141356403E-02  3.089393964E-02  3.016573348E-02  2.962835808E-02  2.944016031E-02
  2.962835808E-02  3.016573348E-02  3.089393964E-02  3.141356403E-02  3.115623107E-02
  2.967319019E-02  2.690793175E-02  2.321446673E-02  1.914813705E-02  1.522664354E-02
  1.182487450E-02  9.247700958E-03  7.826776543E-03  7.826776543E-03  1.182487450E-02
  1.475023233E-02  1.833536818E-02  2.223700771E-02  2.599343707E-02  2.905578019E-02
  3.097582823E-02  3.163674755E-02  3.133632776E-02  3.061165662E-02  2.993988914E-02
  2.957011937E-02  2.957011937E-02  2.993988914E-02  3.061165662E-02  3.133632776E-02
  3.163674755E-02  3.097582823E-02  2.905578019E-02  2.599343707E-02  2.223700771E-02
  1.833536818E-02  1.475023233E-02  1.182487450E-02  9.869290367E-03  9.174005762E-03
  9.869290367E-03  1.522664354E-02  1.833536818E-02  2.189720485E-02  2.549092225E-02
  2.860063926E-02  3.074727945E-02  3.170151414E-02  3.161708466E-02  3.094548494E-02
  3.018047865E-02  2.964425656E-02  2.945877387E-02  2.964425656E-02  3.018047865E-02
  3.094548494E-02  3.161708466E-02  3.170151414E-02  3.074727945E-02  2.860063926E-02
  2.549092225E-02  2.189720485E-02  1.833536818E-02  1.522664354E-02  1.290110179E-02
  1.164238953E-02  1.164238953E-02  1.290110179E-02  1.914813705E-02  2.223700771E-02
  2.549092225E-02  2.843437721E-02  3.059676066E-02  3.169235252E-02  3.176628251E-02
  3.116795301E-02  3.035422110E-02  2.967960488E-02  2.931821559E-02  2.931821559E-02
  2.967960488E-02  3.035422110E-02  3.116795301E-02  3.176628251E-02  3.169235252E-02
  3.059676066E-02  2.843437721E-02  2.549092225E-02  2.223700771E-02  1.914813705E-02
  1.661463584E-02  1.494333887E-02  1.435730965E-02  1.494333887E-02  1.661463584E-02
  2.321446673E-02  2.599343707E-02  2.860063926E-02  3.059676066E-02  3.168019458E-02
  3.182627794E-02  3.129236632E-02  3.046897365E-02  2.969797591E-02  2.918265035E-02
  2.900489315E-02  2.918265035E-02  2.969797591E-02  3.046897365E-02  3.129236632E-02
  3.182627794E-02  3.168019458E-02  3.059676066E-02  2.860063926E-02  2.599343707E-02
  2.321446673E-02  2.069487276E-02  1.878975561E-02  1.776289832E-02  1.776289832E-02
  1.878975561E-02  2.069487276E-02  2.690793175E-02  2.905578019E-02  3.074727945E-02
  3.169235252E-02  3.182627794E-02  3.133211868E-02  3.052736840E-02  2.971068271E-02
  2.908147425E-02  2.874508166E-02  2.874508166E-02  2.908147425E-02  2.971068271E-02
  3.052736840E-02  3.133211868E-02  3.182627794E-02  3.169235252E-02  3.074727945E-02
  2.905578019E-02  2.690793175E-02  2.469627720E-02  2.280009203E-02  2.152589327E-02
  2.107703388E-02  2.152589327E-02  2.280009203E-02  2.469627720E-02  2.967319019E-02
  3.097582823E-02  3.170151414E-02  3.176628251E-02  3.129236632E-02  3.052736840E-02
  2.971597729E-02  2.902927687E-02  2.857298592E-02  2.841272681E-02  2.857298592E-02
  2.902927687E-02  2.971597729E-02  3.052736840E-02  3.129236632E-02  3.176628251E-02
  3.170151414E-02  3.097582823E-02  2.967319019E-02  2.805192530E-02  2.644465901E-02
  2.516744339E-02  2.446276630E-02  2.446276630E-02  2.516744339E-02  2.644465901E-02
  2.805192530E-02  3.115623107E-02  3.163674755E-02  3.161708466E-02  3.116795301E-02
  3.046897365E-02  2.971068271E-02  2.902927687E-02  2.851264383E-02  2.823042783E-02
  2.823042783E-02  2.851264383E-02  2.902927687E-02  2.971068271E-02  3.046897365E-02
  3.116795301E-02  3.161708466E-02  3.163674755E-02  3.115623107E-02  3.026165762E-02
  2.916396193E-02  2.812547720E-02  2.738888449E-02  2.712320298E-02  2.738888449E-02
  2.812547720E-02  2.916396193E-02  3.026165762E-02  3.141356403E-02  3.133632776E-02
  3.094548494E-02  3.035422110E-02  2.969797591E-02  2.908147425E-02  2.857298592E-02
  2.823042783E-02  2.810813921E-02  2.823042783E-02  2.857298592E-02  2.908147425E-02
  2.969797591E-02  3.035422110E-02  3.094548494E-02  3.133632776E-02  3.141356403E-02
  3.114613215E-02  3.060743447E-02  2.995321882E-02  2.937308255E-02  2.903440374E-02
  2.903440374E-02  2.937308255E-02  2.995321882E-02  3.060743447E-02  3.114613215E-02
  3.089393964E-02  3.061165662E-02  3.018047865E-02  2.967960488E-02  2.918265035E-02
  2.874508166E-02  2.841272681E-02  2.823042783E-02  2.823042783E-02  2.841272681E-02
  2.874508166E-02  2.918265035E-02  2.967960488E-02  3.018047865E-02  3.061165662E-02
  3.089393964E-02  3.097106158E-02  3.083583763E-02  3.054190028E-02  3.019457221E-02
  2.991872999E-02  2.981416282E-02  2.991872999E-02  3.019457221E-02  3.054190028E-02
  3.083583763E-02  3.097106158E-02  3.016573348E-02  2.993988914E-02  2.964425656E-02
  2.931821559E-02  2.900489315E-02  2.874508166E-02  2.857298592E-02  2.851264383E-02
  2.857298592E-02  2.874508166E-02  2.900489315E-02  2.931821559E-02  2.964425656E-02
  2.993988914E-02  3.016573348E-02  3.029100132E-02  3.029816103E-02  3.019278990E-02
  3.001411182E-02  2.983072709E-02  2.971580904E-02  2.971580904E-02  2.983072709E-02
  3.001411182E-02  3.019278990E-02  3.029816103E-02  3.029100132E-02  2.962835808E-02
  2.957011937E-02  2.945877387E-02  2.931821559E-02  2.918265035E-02  2.908147425E-02
  2.902927687E-02  2.902927687E-02  2.908147425E-02  2.918265035E-02  2.931821559E-02
  2.945877387E-02  2.957011937E-02  2.962835808E-02  2.962480847E-02  2.955967150E-02
  2.943880442E-02  2.928041759E-02  2.911983240E-02  2.900041903E-02  2.895639811E-02
  2.900041903E-02  2.911983240E-02  2.928041759E-02  2.943880442E-02  2.955967150E-02
  2.962480847E-02  2.944016031E-02  2.957011937E-02  2.964425656E-02  2.967960488E-02
  2.969797591E-02  2.971068271E-02  2.971597729E-02  2.971068271E-02  2.969797591E-02
  2.967960488E-02  2.964425656E-02  2.957011937E-02  2.944016031E-02  2.925234816E-02
  2.901679517E-02  2.875037408E-02  2.847796924E-02  2.823345257E-02  2.805136405E-02
  2.795538178E-02  2.795538178E-02  2.805136405E-02  2.823345257E-02  2.847796924E-02
  2.875037408E-02  2.901679517E-02  2.925234816E-02  2.962835808E-02  2.993988914E-02
  3.018047865E-02  3.035422110E-02  3.046897365E-02  3.052736840E-02  3.052736840E-02
  3.046897365E-02  3.035422110E-02  3.018047865E-02  2.993988914E-02  2.962835808E-02
  2.925234816E-02  2.882678717E-02  2.837267279E-02  2.792113324E-02  2.751515063E-02
  2.719889456E-02  2.700211373E-02  2.693598877E-02  2.700211373E-02  2.719889456E-02
  2.751515063E-02  2.792113324E-02  2.837267279E-02  2.882678717E-02  2.925234816E-02
  3.016573348E-02  3.061165662E-02  3.094548494E-02  3.116795301E-02  3.129236632E-02
  3.133211868E-02  3.129236632E-02  3.116795301E-02  3.094548494E-02  3.061165662E-02
  3.016573348E-02  2.962480847E-02  2.901679517E-02  2.837267279E-02  2.772889227E-02
  2.713278298E-02  2.663734801E-02  2.628676427E-02  2.610671118E-02  2.610671118E-02
  2.628676427E-02  2.663734801E-02  2.713278298E-02  2.772889227E-02  2.837267279E-02
  2.901679517E-02  2.962480847E-02  3.089393964E-02  3.133632776E-02  3.161708466E-02
  3.176628251E-02  3.182627794E-02  3.182627794E-02  3.176628251E-02  3.161708466E-02
  3.133632776E-02  3.089393964E-02  3.029100132E-02  2.955967150E-02  2.875037408E-02
  2.792113324E-02  2.713278298E-02  2.644450409E-02  2.590866867E-02  2.556758839E-02
  2.545033625E-02  2.556758839E-02  2.590866867E-02  2.644450409E-02  2.713278298E-02
  2.792113324E-02  2.875037408E-02  2.955967150E-02  3.029100132E-02  3.141356403E-02
  3.163674755E-02  3.170151414E-02  3.169235252E-02  3.168019458E-02  3.169235252E-02
  3.170151414E-02  3.163674755E-02  3.141356403E-02  3.097106158E-02  3.029816103E-02
  2.943880442E-02  2.847796924E-02  2.751515063E-02  2.663734801E-02  2.590866867E-02
  2.538023234E-02  2.509948721E-02  2.509948721E-02  2.538023234E-02  2.590866867E-02
  2.663734801E-02  2.751515063E-02  2.847796924E-02  2.943880442E-02  3.029816103E-02
  3.097106158E-02  3.115623107E-02  3.097582823E-02  3.074727945E-02  3.059676066E-02
  3.059676066E-02  3.074727945E-02  3.097582823E-02  3.115623107E-02  3.114613215E-02
  3.083583763E-02  3.019278990E-02  2.928041759E-02  2.823345257E-02  2.719889456E-02
  2.628676427E-02  2.556758839E-02  2.509948721E-02  2.493561049E-02  2.509948721E-02
  2.556758839E-02  2.628676427E-02  2.719889456E-02  2.823345257E-02  2.928041759E-02
  3.019278990E-02  3.083583763E-02  3.114613215E-02  2.967319019E-02  2.905578019E-02
  2.860063926E-02  2.843437721E-02  2.860063926E-02  2.905578019E-02  2.967319019E-02
  3.026165762E-02  3.060743447E-02  3.054190028E-02  3.001411182E-02  2.911983240E-02
  2.805136405E-02  2.700211373E-02  2.610671118E-02  2.545033625E-02  2.509948721E-02
  2.509948721E-02  2.545033625E-02  2.610671118E-02  2.700211373E-02  2.805136405E-02
  2.911983240E-02  3.001411182E-02  3.054190028E-02  3.060743447E-02  3.026165762E-02
  2.690793175E-02  2.599343707E-02  2.549092225E-02  2.549092225E-02  2.599343707E-02
  2.690793175E-02  2.805192530E-02  2.916396193E-02  2.995321882E-02  3.019457221E-02
  2.983072709E-02  2.900041903E-02  2.795538178E-02  2.693598877E-02  2.610671118E-02
  2.556758839E-02  2.538023234E-02  2.556758839E-02  2.610671118E-02  2.693598877E-02
  2.795538178E-02  2.900041903E-02  2.983072709E-02  3.019457221E-02  2.995321882E-02
  2.916396193E-02  2.805192530E-02  2.321446673E-02  2.223700771E-02  2.189720485E-02
  2.223700771E-02  2.321446673E-02  2.469627720E-02  2.644465901E-02  2.812547720E-02
  2.937308255E-02  2.991872999E-02  2.971580904E-02  2.895639811E-02  2.795538178E-02
  2.700211373E-02  2.628676427E-02  2.590866867E-02  2.590866867E-02  2.628676427E-02
  2.700211373E-02  2.795538178E-02  2.895639811E-02  2.971580904E-02  2.991872999E-02
  2.937308255E-02  2.812547720E-02  2.644465901E-02  2.469627720E-02  1.914813705E-02
  1.833536818E-02  1.833536818E-02  1.914813705E-02  2.069487276E-02  2.280009203E-02
  2.516744339E-02  2.738888449E-02  2.903440374E-02  2.981416282E-02  2.971580904E-02
  2.900041903E-02  2.805136405E-02  2.719889456E-02  2.663734801E-02  2.644450409E-02
  2.663734801E-02  2.719889456E-02  2.805136405E-02  2.900041903E-02  2.971580904E-02
  2.981416282E-02  2.903440374E-02  2.738888449E-02  2.516744339E-02  2.280009203E-02
  2.069487276E-02  1.522664354E-02  1.475023233E-02  1.522664354E-02  1.661463584E-02
  1.878975561E-02  2.152589327E-02  2.446276630E-02  2.712320298E-02  2.903440374E-02
  2.991872999E-02  2.983072709E-02  2.911983240E-02  2.823345257E-02  2.751515063E-02
  2.713278298E-02  2.713278298E-02  2.751515063E-02  2.823345257E-02  2.911983240E-02
  2.983072709E-02  2.991872999E-02  2.903440374E-02  2.712320298E-02  2.446276630E-02
  2.152589327E-02  1.878975561E-02  1.661463584E-02  1.182487450E-02  1.182487450E-02
  1.290110179E-02  1.494333887E-02  1.776289832E-02  2.107703388E-02  2.446276630E-02
  2.738888449E-02  2.937308255E-02  3.019457221E-02  3.001411182E-02  2.928041759E-02
  2.847796924E-02  2.792113324E-02  2.772889227E-02  2.792113324E-02  2.847796924E-02
  2.928041759E-02  3.001411182E-02  3.019457221E-02  2.937308255E-02  2.738888449E-02
  2.446276630E-02  2.107703388E-02  1.776289832E-02  1.494333887E-02  1.290110179E-02
  9.247700958E-03  9.869290367E-03  1.164238953E-02  1.435730965E-02  1.776289832E-02
  2.152589327E-02  2.516744339E-02  2.812547720E-02  2.995321882E-02  3.054190028E-02
  3.019278990E-02  2.943880442E-02  2.875037408E-02  2.837267279E-02  2.837267279E-02
  2.875037408E-02  2.943880442E-02  3.019278990E-02  3.054190028E-02  2.995321882E-02
  2.812547720E-02  2.516744339E-02  2.152589327E-02  1.776289832E-02  1.435730965E-02
  1.164238953E-02  9.869290367E-03  7.826776543E-03  9.174005762E-03  1.164238953E-02
  1.494333887E-02  1.878975561E-02  2.280009203E-02  2.644465901E-02  2.916396193E-02
  3.060743447E-02  3.083583763E-02  3.029816103E-02  2.955967150E-02  2.901679517E-02
  2.882678717E-02  2.901679517E-02  2.955967150E-02  3.029816103E-02  3.083583763E-02
  3.060743447E-02  2.916396193E-02  2.644465901E-02  2.280009203E-02  1.878975561E-02
  1.494333887E-02  1.164238953E-02  9.174005762E-03  7.826776543E-03  7.826776543E-03
  9.869290367E-03  1.290110179E-02  1.661463584E-02  2.069487276E-02  2.469627720E-02
  2.805192530E-02  3.026165762E-02  3.114613215E-02  3.097106158E-02  3.029100132E-02
  2.962480847E-02  2.925234816E-02  2.925234816E-02  2.962480847E-02  3.029100132E-02
  3.097106158E-02  3.114613215E-02  3.026165762E-02  2.805192530E-02  2.469627720E-02
  2.069487276E-02  1.661463584E-02  1.290110179E-02  9.869290367E-03  7.826776543E-03
  7.095461068E-03  1.358745273E-02  1.627198499E-02  1.959998794E-02  2.321446673E-02
  2.663702459E-02  2.933566288E-02  3.091675368E-02  3.132535030E-02  3.088413856E-02
  3.010473013E-02  2.941926676E-02  2.904715215E-02  2.904715215E-02  2.941926676E-02
  3.010473013E-02  3.088413856E-02  3.132535030E-02  3.091675368E-02  2.933566288E-02
  2.663702459E-02  2.321446673E-02  1.959998794E-02  1.627198499E-02  1.358745273E-02
  1.182487450E-02  1.120633339E-02  1.182487450E-02  1.627198499E-02  1.922346553E-02
  2.260679425E-02  2.599343707E-02  2.887232550E-02  3.079192753E-02  3.156274842E-02
  3.136435448E-02  3.064225850E-02  2.986285352E-02  2.932409500E-02  2.913820291E-02
  2.932409500E-02  2.986285352E-02  3.064225850E-02  3.136435448E-02  3.156274842E-02
  3.079192753E-02  2.887232550E-02  2.599343707E-02  2.260679425E-02  1.922346553E-02
  1.627198499E-02  1.407885443E-02  1.290110179E-02  1.290110179E-02  1.407885443E-02
  1.959998794E-02  2.260679425E-02  2.576481063E-02  2.860063926E-02  3.065400187E-02
  3.165646658E-02  3.166762769E-02  3.103842010E-02  3.021485773E-02  2.953854707E-02
  2.917687908E-02  2.917687908E-02  2.953854707E-02  3.021485773E-02  3.103842010E-02
  3.166762769E-02  3.165646658E-02  3.065400187E-02  2.860063926E-02  2.576481063E-02
  2.260679425E-02  1.959998794E-02  1.713448648E-02  1.551142330E-02  1.494333887E-02
  1.551142330E-02  1.713448648E-02  2.321446673E-02  2.599343707E-02  2.860063926E-02
  3.059676066E-02  3.168019458E-02  3.182627794E-02  3.129236632E-02  3.046897365E-02
  2.969797591E-02  2.918265035E-02  2.900489315E-02  2.918265035E-02  2.969797591E-02
  3.046897365E-02  3.129236632E-02  3.182627794E-02  3.168019458E-02  3.059676066E-02
  2.860063926E-02  2.599343707E-02  2.321446673E-02  2.069487276E-02  1.878975561E-02
  1.776289832E-02  1.776289832E-02  1.878975561E-02  2.069487276E-02  2.663702459E-02
  2.887232550E-02  3.065400187E-02  3.168019458E-02  3.187445310E-02  3.141479252E-02
  3.062329854E-02  2.980874428E-02  2.917897745E-02  2.884242948E-02  2.884242948E-02
  2.917897745E-02  2.980874428E-02  3.062329854E-02  3.141479252E-02  3.187445310E-02
  3.168019458E-02  3.065400187E-02  2.887232550E-02  2.663702459E-02  2.434858692E-02
  2.239140291E-02  2.107703388E-02  2.061399673E-02  2.107703388E-02  2.239140291E-02
  2.434858692E-02  2.933566288E-02  3.079192753E-02  3.165646658E-02  3.182627794E-02
  3.141479252E-02  3.067528973E-02  2.986769471E-02  2.917796362E-02  2.871944500E-02
  2.855866714E-02  2.871944500E-02  2.917796362E-02  2.986769471E-02  3.067528973E-02
  3.141479252E-02  3.182627794E-02  3.165646658E-02  3.079192753E-02  2.933566288E-02
  2.756635533E-02  2.583270592E-02  2.446276630E-02  2.370865796E-02  2.370865796E-02
  2.446276630E-02  2.583270592E-02  2.756635533E-02  3.091675368E-02  3.156274842E-02
  3.166762769E-02  3.129236632E-02  3.062329854E-02  2.986769471E-02  2.917855653E-02
  2.865424500E-02  2.836807389E-02  2.836807389E-02  2.865424500E-02  2.917855653E-02
  2.986769471E-02  3.062329854E-02  3.129236632E-02  3.166762769E-02  3.156274842E-02
  3.091675368E-02  2.983906573E-02  2.856792231E-02  2.738888449E-02  2.656119424E-02
  2.626398309E-02  2.656119424E-02  2.738888449E-02  2.856792231E-02  2.983906573E-02
  3.132535030E-02  3.136435448E-02  3.103842010E-02  3.046897365E-02  2.980874428E-02
  2.917796362E-02  2.865424500E-02  2.830049441E-02  2.817408246E-02  2.830049441E-02
  2.865424500E-02  2.917796362E-02  2.980874428E-02  3.046897365E-02  3.103842010E-02
  3.136435448E-02  3.132535030E-02  3.089992307E-02  3.018700584E-02  2.937308255E-02
  2.867329336E-02  2.827113614E-02  2.827113614E-02  2.867329336E-02  2.937308255E-02
  3.018700584E-02  3.089992307E-02  3.088413856E-02  3.064225850E-02  3.021485773E-02
  2.969797591E-02  2.917897745E-02  2.871944500E-02  2.836807389E-02  2.817408246E-02
  2.817408246E-02  2.836807389E-02  2.871944500E-02  2.917897745E-02  2.969797591E-02
  3.021485773E-02  3.064225850E-02  3.088413856E-02  3.087623823E-02  3.062061519E-02
  3.019457221E-02  2.973101566E-02  2.937690156E-02  2.924489247E-02  2.937690156E-02
  2.973101566E-02  3.019457221E-02  3.062061519E-02  3.087623823E-02  3.010473013E-02
  2.986285352E-02  2.953854707E-02  2.918265035E-02  2.884242948E-02  2.855866714E-02
  2.836807389E-02  2.830049441E-02  2.836807389E-02  2.855866714E-02  2.884242948E-02
  2.918265035E-02  2.953854707E-02  2.986285352E-02  3.010473013E-02  3.022019323E-02
  3.018599911E-02  3.001411182E-02  2.975984385E-02  2.951145585E-02  2.935915328E-02
  2.935915328E-02  2.951145585E-02  2.975984385E-02  3.001411182E-02  3.018599911E-02
  3.022019323E-02  2.941926676E-02  2.932409500E-02  2.917687908E-02  2.900489315E-02
  2.884242948E-02  2.871944500E-02  2.865424500E-02  2.865424500E-02  2.871944500E-02
  2.884242948E-02  2.900489315E-02  2.917687908E-02  2.932409500E-02  2.941926676E-02
  2.944700047E-02  2.940035205E-02  2.928041759E-02  2.910537041E-02  2.891728036E-02
  2.877233467E-02  2.871792482E-02  2.877233467E-02  2.891728036E-02  2.910537041E-02
  2.928041759E-02  2.940035205E-02  2.944700047E-02  2.904715215E-02  2.913820291E-02
  2.917687908E-02  2.918265035E-02  2.917897745E-02  2.917796362E-02  2.917855653E-02
  2.917796362E-02  2.917897745E-02  2.918265035E-02  2.917687908E-02  2.913820291E-02
  2.904715215E-02  2.889996106E-02  2.870567552E-02  2.847796924E-02  2.823516445E-02
  2.800550083E-02  2.782490730E-02  2.772558665E-02  2.772558665E-02  2.782490730E-02
  2.800550083E-02  2.823516445E-02  2.847796924E-02  2.870567552E-02  2.889996106E-02
  2.904715215E-02  2.932409500E-02  2.953854707E-02  2.969797591E-02  2.980874428E-02
  2.986769471E-02  2.986769471E-02  2.980874428E-02  2.969797591E-02  2.953854707E-02
  2.932409500E-02  2.904715215E-02  2.871035522E-02  2.832793437E-02  2.792113324E-02
  2.751760220E-02  2.715299569E-02  2.686539730E-02  2.668372933E-02  2.662204643E-02
  2.668372933E-02  2.686539730E-02  2.715299569E-02  2.751760220E-02  2.792113324E-02
  2.832793437E-02  2.871035522E-02  2.941926676E-02  2.986285352E-02  3.021485773E-02
  3.046897365E-02  3.062329854E-02  3.067528973E-02  3.062329854E-02  3.046897365E-02
  3.021485773E-02  2.986285352E-02  2.941926676E-02  2.889996106E-02  2.832793437E-02
  2.772889227E-02  2.713414950E-02  2.658616441E-02  2.613370020E-02  2.581657131E-02
  2.565528678E-02  2.565528678E-02  2.581657131E-02  2.613370020E-02  2.658616441E-02
  2.713414950E-02  2.772889227E-02  2.832793437E-02  2.889996106E-02  3.010473013E-02
  3.064225850E-02  3.103842010E-02  3.129236632E-02  3.141479252E-02  3.141479252E-02
  3.129236632E-02  3.103842010E-02  3.064225850E-02  3.010473013E-02  2.944700047E-02
  2.870567552E-02  2.792113324E-02  2.713414950E-02  2.639166698E-02  2.574787096E-02
  2.525390226E-02  2.494576690E-02  2.484143103E-02  2.494576690E-02  2.525390226E-02
  2.574787096E-02  2.639166698E-02  2.713414950E-02  2.792113324E-02  2.870567552E-02
  2.944700047E-02  3.088413856E-02  3.136435448E-02  3.166762769E-02  3.182627794E-02
  3.187445310E-02  3.182627794E-02  3.166762769E-02  3.136435448E-02  3.088413856E-02
  3.022019323E-02  2.940035205E-02  2.847796924E-02  2.751760220E-02  2.658616441E-02
  2.574787096E-02  2.505977581E-02  2.456944642E-02  2.431363241E-02  2.431363241E-02
  2.456944642E-02  2.505977581E-02  2.574787096E-02  2.658616441E-02  2.751760220E-02
  2.847796924E-02  2.940035205E-02  3.022019323E-02  3.132535030E-02  3.156274842E-02
  3.165646658E-02  3.168019458E-02  3.168019458E-02  3.165646658E-02  3.156274842E-02
  3.132535030E-02  3.087623823E-02  3.018599911E-02  2.928041759E-02  2.823516445E-02
  2.715299569E-02  2.613370020E-02  2.525390226E-02  2.456944642E-02  2.412950119E-02
  2.397680275E-02  2.412950119E-02  2.456944642E-02  2.525390226E-02  2.613370020E-02
  2.715299569E-02  2.823516445E-02  2.928041759E-02  3.018599911E-02  3.087623823E-02
  3.091675368E-02  3.079192753E-02  3.065400187E-02  3.059676066E-02  3.065400187E-02
  3.079192753E-02  3.091675368E-02  3.089992307E-02  3.062061519E-02  3.001411182E-02
  2.910537041E-02  2.800550083E-02  2.686539730E-02  2.581657131E-02  2.494576690E-02
  2.431363241E-02  2.397680275E-02  2.397680275E-02  2.431363241E-02  2.494576690E-02
  2.581657131E-02  2.686539730E-02  2.800550083E-02  2.910537041E-02  3.001411182E-02
  3.062061519E-02  3.089992307E-02  2.933566288E-02  2.887232550E-02  2.860063926E-02
  2.860063926E-02  2.887232550E-02  2.933566288E-02  2.983906573E-02  3.018700584E-02
  3.019457221E-02  2.975984385E-02  2.891728036E-02  2.782490730E-02  2.668372933E-02
  2.565528678E-02  2.484143103E-02  2.431363241E-02  2.412950119E-02  2.431363241E-02
  2.484143103E-02  2.565528678E-02  2.668372933E-02  2.782490730E-02  2.891728036E-02
  2.975984385E-02  3.019457221E-02  3.018700584E-02  2.983906573E-02  2.663702459E-02
  2.599343707E-02  2.576481063E-02  2.599343707E-02  2.663702459E-02  2.756635533E-02
  2.856792231E-02  2.937308255E-02  2.973101566E-02  2.951145585E-02  2.877233467E-02
  2.772558665E-02  2.662204643E-02  2.565528678E-02  2.494576690E-02  2.456944642E-02
  2.456944642E-02  2.494576690E-02  2.565528678E-02  2.662204643E-02  2.772558665E-02
  2.877233467E-02  2.951145585E-02  2.973101566E-02  2.937308255E-02  2.856792231E-02
  2.756635533E-02  2.321446673E-02  2.260679425E-02  2.260679425E-02  2.321446673E-02
  2.434858692E-02  2.583270592E-02  2.738888449E-02  2.867329336E-02  2.937690156E-02
  2.935915328E-02  2.871792482E-02  2.772558665E-02  2.668372933E-02  2.581657131E-02
  2.525390226E-02  2.505977581E-02  2.525390226E-02  2.581657131E-02  2.668372933E-02
  2.772558665E-02  2.871792482E-02  2.935915328E-02  2.937690156E-02  2.867329336E-02
  2.738888449E-02  2.583270592E-02  2.434858692E-02  1.959998794E-02  1.922346553E-02
  1.959998794E-02  2.069487276E-02  2.239140291E-02  2.446276630E-02  2.656119424E-02
  2.827113614E-02  2.924489247E-02  2.935915328E-02  2.877233467E-02  2.782490730E-02
  2.686539730E-02  2.613370020E-02  2.574787096E-02  2.574787096E-02  2.613370020E-02
  2.686539730E-02  2.782490730E-02  2.877233467E-02  2.935915328E-02  2.924489247E-02
  2.827113614E-02  2.656119424E-02  2.446276630E-02  2.239140291E-02  2.069487276E-02
  1.627198499E-02  1.627198499E-02  1.713448648E-02  1.878975561E-02  2.107703388E-02
  2.370865796E-02  2.626398309E-02  2.827113614E-02  2.937690156E-02  2.951145585E-02
  2.891728036E-02  2.800550083E-02  2.715299569E-02  2.658616441E-02  2.639166698E-02
  2.658616441E-02  2.715299569E-02  2.800550083E-02  2.891728036E-02  2.951145585E-02
  2.937690156E-02  2.827113614E-02  2.626398309E-02  2.370865796E-02  2.107703388E-02
  1.878975561E-02  1.713448648E-02  1.358745273E-02  1.407885443E-02  1.551142330E-02
  1.776289832E-02  2.061399673E-02  2.370865796E-02  2.656119424E-02  2.867329336E-02
  2.973101566E-02  2.975984385E-02  2.910537041E-02  2.823516445E-02  2.751760220E-02
  2.713414950E-02  2.713414950E-02  2.751760220E-02  2.823516445E-02  2.910537041E-02
  2.975984385E-02  2.973101566E-02  2.867329336E-02  2.656119424E-02  2.370865796E-02
  2.061399673E-02  1.776289832E-02  1.551142330E-02  1.407885443E-02  1.182487450E-02
  1.290110179E-02  1.494333887E-02  1.776289832E-02  2.107703388E-02  2.446276630E-02
  2.738888449E-02  2.937308255E-02  3.019457221E-02  3.001411182E-02  2.928041759E-02
  2.847796924E-02  2.792113324E-02  2.772889227E-02  2.792113324E-02  2.847796924E-02
  2.928041759E-02  3.001411182E-02  3.019457221E-02  2.937308255E-02  2.738888449E-02
  2.446276630E-02  2.107703388E-02  1.776289832E-02  1.494333887E-02  1.290110179E-02
  1.182487450E-02  1.120633339E-02  1.290110179E-02  1.551142330E-02  1.878975561E-02
  2.239140291E-02  2.583270592E-02  2.856792231E-02  3.018700584E-02  3.062061519E-02
  3.018599911E-02  2.940035205E-02  2.870567552E-02  2.832793437E-02  2.832793437E-02
  2.870567552E-02  2.940035205E-02  3.018599911E-02  3.062061519E-02  3.018700584E-02
  2.856792231E-02  2.583270592E-02  2.239140291E-02  1.878975561E-02  1.551142330E-02
  1.290110179E-02  1.120633339E-02  1.061529239E-02  1.182487450E-02  1.407885443E-02
  1.713448648E-02  2.069487276E-02  2.434858692E-02  2.756635533E-02  2.983906573E-02
  3.089992307E-02  3.087623823E-02  3.022019323E-02  2.944700047E-02  2.889996106E-02
  2.871035522E-02  2.889996106E-02  2.944700047E-02  3.022019323E-02  3.087623823E-02
  3.089992307E-02  2.983906573E-02  2.756635533E-02  2.434858692E-02  2.069487276E-02
  1.713448648E-02  1.407885443E-02  1.182487450E-02  1.061529239E-02  1.061529239E-02
  1.823732858E-02  2.089814611E-02  2.393237012E-02  2.690793175E-02  2.933566288E-02
  3.082399098E-02  3.125786836E-02  3.085792435E-02  3.005083351E-02  2.924896770E-02
  2.870642406E-02  2.851972086E-02  2.870642406E-02  2.924896770E-02  3.005083351E-02
  3.085792435E-02  3.125786836E-02  3.082399098E-02  2.933566288E-02  2.690793175E-02
  2.393237012E-02  2.089814611E-02  1.823732858E-02  1.627198499E-02  1.522664354E-02
  1.522664354E-02  1.627198499E-02  2.089814611E-02  2.366478612E-02  2.653805755E-02
  2.905578019E-02  3.079192753E-02  3.152892910E-02  3.136531100E-02  3.065261422E-02
  2.980372308E-02  2.912343780E-02  2.876100915E-02  2.876100915E-02  2.912343780E-02
  2.980372308E-02  3.065261422E-02  3.136531100E-02  3.152892910E-02  3.079192753E-02
  2.905578019E-02  2.653805755E-02  2.366478612E-02  2.089814611E-02  1.862535651E-02
  1.713448648E-02  1.661463584E-02  1.713448648E-02  1.862535651E-02  2.393237012E-02
  2.653805755E-02  2.895013072E-02  3.074727945E-02  3.165646658E-02  3.167932177E-02
  3.108034735E-02  3.023461993E-02  2.946020802E-02  2.894485851E-02  2.876689896E-02
  2.894485851E-02  2.946020802E-02  3.023461993E-02  3.108034735E-02  3.167932177E-02
  3.165646658E-02  3.074727945E-02  2.895013072E-02  2.653805755E-02  2.393237012E-02
  2.155625051E-02  1.975792703E-02  1.878975561E-02  1.878975561E-02  1.975792703E-02
  2.155625051E-02  2.690793175E-02  2.905578019E-02  3.074727945E-02  3.169235252E-02
  3.182627794E-02  3.133211868E-02  3.052736840E-02  2.971068271E-02  2.908147425E-02
  2.874508166E-02  2.874508166E-02  2.908147425E-02  2.971068271E-02  3.052736840E-02
  3.133211868E-02  3.182627794E-02  3.169235252E-02  3.074727945E-02  2.905578019E-02
  2.690793175E-02  2.469627720E-02  2.280009203E-02  2.152589327E-02  2.107703388E-02
  2.152589327E-02  2.280009203E-02  2.469627720E-02  2.933566288E-02  3.079192753E-02
  3.165646658E-02  3.182627794E-02  3.141479252E-02  3.067528973E-02  2.986769471E-02
  2.917796362E-02  2.871944500E-02  2.855866714E-02  2.871944500E-02  2.917796362E-02
  2.986769471E-02  3.067528973E-02  3.141479252E-02  3.182627794E-02  3.165646658E-02
  3.079192753E-02  2.933566288E-02  2.756635533E-02  2.583270592E-02  2.446276630E-02
  2.370865796E-02  2.370865796E-02  2.446276630E-02  2.583270592E-02  2.756635533E-02
  3.082399098E-02  3.152892910E-02  3.167932177E-02  3.133211868E-02  3.067528973E-02
  2.992164851E-02  2.923024771E-02  2.870343810E-02  2.841597876E-02  2.841597876E-02
  2.870343810E-02  2.923024771E-02  2.992164851E-02  3.067528973E-02  3.133211868E-02
  3.167932177E-02  3.152892910E-02  3.082399098E-02  2.968217103E-02  2.835085092E-02
  2.712320298E-02  2.626398309E-02  2.595584262E-02  2.626398309E-02  2.712320298E-02
  2.835085092E-02  2.968217103E-02  3.125786836E-02  3.136531100E-02  3.108034735E-02
  3.052736840E-02  2.986769471E-02  2.923024771E-02  2.869856780E-02  2.833888721E-02
  2.821030868E-02  2.833888721E-02  2.869856780E-02  2.923024771E-02  2.986769471E-02
  3.052736840E-02  3.108034735E-02  3.136531100E-02  3.125786836E-02  3.074310651E-02
  2.993436970E-02  2.903440374E-02  2.827113614E-02  2.783563332E-02  2.783563332E-02
  2.827113614E-02  2.903440374E-02  2.993436970E-02  3.074310651E-02  3.085792435E-02
  3.065261422E-02  3.023461993E-02  2.971068271E-02  2.917796362E-02  2.870343810E-02
  2.833888721E-02  2.813688650E-02  2.813688650E-02  2.833888721E-02  2.870343810E-02
  2.917796362E-02  2.971068271E-02  3.023461993E-02  3.065261422E-02  3.085792435E-02
  3.078273613E-02  3.043789148E-02  2.991872999E-02  2.937690156E-02  2.897210064E-02
  2.882273728E-02  2.897210064E-02  2.937690156E-02  2.991872999E-02  3.043789148E-02
  3.078273613E-02  3.005083351E-02  2.980372308E-02  2.946020802E-02  2.908147425E-02
  2.871944500E-02  2.841597876E-02  2.821030868E-02  2.813688650E-02  2.821030868E-02
  2.841597876E-02  2.871944500E-02  2.908147425E-02  2.946020802E-02  2.980372308E-02
  3.005083351E-02  3.014693231E-02  3.006644914E-02  2.983072709E-02  2.951145585E-02
  2.921222424E-02  2.903265114E-02  2.903265114E-02  2.921222424E-02  2.951145585E-02
  2.983072709E-02  3.006644914E-02  3.014693231E-02  2.924896770E-02  2.912343780E-02
  2.894485851E-02  2.874508166E-02  2.855866714E-02  2.841597876E-02  2.833888721E-02
  2.833888721E-02  2.841597876E-02  2.855866714E-02  2.874508166E-02  2.894485851E-02
  2.912343780E-02  2.924896770E-02  2.929745154E-02  2.925449166E-02  2.911983240E-02
  2.891728036E-02  2.869876455E-02  2.853064944E-02  2.846764109E-02  2.853064944E-02
  2.869876455E-02  2.891728036E-02  2.911983240E-02  2.925449166E-02  2.929745154E-02
  2.870642406E-02  2.876100915E-02  2.876689896E-02  2.874508166E-02  2.871944500E-02
  2.870343810E-02  2.869856780E-02  2.870343810E-02  2.871944500E-02  2.874508166E-02
  2.876689896E-02  2.876100915E-02  2.870642406E-02  2.859615219E-02  2.843527775E-02
  2.823345257E-02  2.800550083E-02  2.777872527E-02  2.759292217E-02  2.748788008E-02
  2.748788008E-02  2.759292217E-02  2.777872527E-02  2.800550083E-02  2.823345257E-02
  2.843527775E-02  2.859615219E-02  2.851972086E-02  2.876100915E-02  2.894485851E-02
  2.908147425E-02  2.917796362E-02  2.923024771E-02  2.923024771E-02  2.917796362E-02
  2.908147425E-02  2.894485851E-02  2.876100915E-02  2.851972086E-02  2.822114113E-02
  2.787921435E-02  2.751515063E-02  2.715299569E-02  2.682145184E-02  2.655366887E-02
  2.637998475E-02  2.631996053E-02  2.637998475E-02  2.655366887E-02  2.682145184E-02
  2.715299569E-02  2.751515063E-02  2.787921435E-02  2.822114113E-02  2.870642406E-02
  2.912343780E-02  2.946020802E-02  2.971068271E-02  2.986769471E-02  2.992164851E-02
  2.986769471E-02  2.971068271E-02  2.946020802E-02  2.912343780E-02  2.870642406E-02
  2.822114113E-02  2.768797688E-02  2.713278298E-02  2.658616441E-02  2.608578850E-02
  2.567330403E-02  2.538344810E-02  2.523548011E-02  2.523548011E-02  2.538344810E-02
  2.567330403E-02  2.608578850E-02  2.658616441E-02  2.713278298E-02  2.768797688E-02
  2.822114113E-02  2.924896770E-02  2.980372308E-02  3.023461993E-02  3.052736840E-02
  3.067528973E-02  3.067528973E-02  3.052736840E-02  3.023461993E-02  2.980372308E-02
  2.924896770E-02  2.859615219E-02  2.787921435E-02  2.713278298E-02  2.639166698E-02
  2.569778159E-02  2.510136230E-02  2.464927584E-02  2.437117784E-02  2.427794087E-02
  2.437117784E-02  2.464927584E-02  2.510136230E-02  2.569778159E-02  2.639166698E-02
  2.713278298E-02  2.787921435E-02  2.859615219E-02  3.005083351E-02  3.065261422E-02
  3.108034735E-02  3.133211868E-02  3.141479252E-02  3.133211868E-02  3.108034735E-02
  3.065261422E-02  3.005083351E-02  2.929745154E-02  2.843527775E-02  2.751515063E-02
  2.658616441E-02  2.569778159E-02  2.490466782E-02  2.426186108E-02  2.381297737E-02
  2.358349833E-02  2.358349833E-02  2.381297737E-02  2.426186108E-02  2.490466782E-02
  2.569778159E-02  2.658616441E-02  2.751515063E-02  2.843527775E-02  2.929745154E-02
  3.085792435E-02  3.136531100E-02  3.167932177E-02  3.182627794E-02  3.182627794E-02
  3.167932177E-02  3.136531100E-02  3.085792435E-02  3.014693231E-02  2.925449166E-02
  2.823345257E-02  2.715299569E-02  2.608578850E-02  2.510136230E-02  2.426186108E-02
  2.361922245E-02  2.321453675E-02  2.307614632E-02  2.321453675E-02  2.361922245E-02
  2.426186108E-02  2.510136230E-02  2.608578850E-02  2.715299569E-02  2.823345257E-02
  2.925449166E-02  3.014693231E-02  3.125786836E-02  3.152892910E-02  3.165646658E-02
  3.169235252E-02  3.165646658E-02  3.152892910E-02  3.125786836E-02  3.078273613E-02
  3.006644914E-02  2.911983240E-02  2.800550083E-02  2.682145184E-02  2.567330403E-02
  2.464927584E-02  2.381297737E-02  2.321453675E-02  2.289964424E-02  2.289964424E-02
  2.321453675E-02  2.381297737E-02  2.464927584E-02  2.567330403E-02  2.682145184E-02
  2.800550083E-02  2.911983240E-02  3.006644914E-02  3.078273613E-02  3.082399098E-02
  3.079192753E-02  3.074727945E-02  3.074727945E-02  3.079192753E-02  3.082399098E-02
  3.074310651E-02  3.043789148E-02  2.983072709E-02  2.891728036E-02  2.777872527E-02
  2.655366887E-02  2.538344810E-02  2.437117784E-02  2.358349833E-02  2.307614632E-02
  2.289964424E-02  2.307614632E-02  2.358349833E-02  2.437117784E-02  2.538344810E-02
  2.655366887E-02  2.777872527E-02  2.891728036E-02  2.983072709E-02  3.043789148E-02
  3.074310651E-02  2.933566288E-02  2.905578019E-02  2.895013072E-02  2.905578019E-02
  2.933566288E-02  2.968217103E-02  2.993436970E-02  2.991872999E-02  2.951145585E-02
  2.869876455E-02  2.759292217E-02  2.637998475E-02  2.523548011E-02  2.427794087E-02
  2.358349833E-02  2.321453675E-02  2.321453675E-02  2.358349833E-02  2.427794087E-02
  2.523548011E-02  2.637998475E-02  2.759292217E-02  2.869876455E-02  2.951145585E-02
  2.991872999E-02  2.993436970E-02  2.968217103E-02  2.690793175E-02  2.653805755E-02
  2.653805755E-02  2.690793175E-02  2.756635533E-02  2.835085092E-02  2.903440374E-02
  2.937690156E-02  2.921222424E-02  2.853064944E-02  2.748788008E-02  2.631996053E-02
  2.523548011E-02  2.437117784E-02  2.381297737E-02  2.361922245E-02  2.381297737E-02
  2.437117784E-02  2.523548011E-02  2.631996053E-02  2.748788008E-02  2.853064944E-02
  2.921222424E-02  2.937690156E-02  2.903440374E-02  2.835085092E-02  2.756635533E-02
  2.393237012E-02  2.366478612E-02  2.393237012E-02  2.469627720E-02  2.583270592E-02
  2.712320298E-02  2.827113614E-02  2.897210064E-02  2.903265114E-02  2.846764109E-02
  2.748788008E-02  2.637998475E-02  2.538344810E-02  2.464927584E-02  2.426186108E-02
  2.426186108E-02  2.464927584E-02  2.538344810E-02  2.637998475E-02  2.748788008E-02
  2.846764109E-02  2.903265114E-02  2.897210064E-02  2.827113614E-02  2.712320298E-02
  2.583270592E-02  2.469627720E-02  2.089814611E-02  2.089814611E-02  2.155625051E-02
  2.280009203E-02  2.446276630E-02  2.626398309E-02  2.783563332E-02  2.882273728E-02
  2.903265114E-02  2.853064944E-02  2.759292217E-02  2.655366887E-02  2.567330403E-02
  2.510136230E-02  2.490466782E-02  2.510136230E-02  2.567330403E-02  2.655366887E-02
  2.759292217E-02  2.853064944E-02  2.903265114E-02  2.882273728E-02  2.783563332E-02
  2.626398309E-02  2.446276630E-02  2.280009203E-02  2.155625051E-02  1.823732858E-02
  1.862535651E-02  1.975792703E-02  2.152589327E-02  2.370865796E-02  2.595584262E-02
  2.783563332E-02  2.897210064E-02  2.921222424E-02  2.869876455E-02  2.777872527E-02
  2.682145184E-02  2.608578850E-02  2.569778159E-02  2.569778159E-02  2.608578850E-02
  2.682145184E-02  2.777872527E-02  2.869876455E-02  2.921222424E-02  2.897210064E-02
  2.783563332E-02  2.595584262E-02  2.370865796E-02  2.152589327E-02  1.975792703E-02
  1.862535651E-02  1.627198499E-02  1.713448648E-02  1.878975561E-02  2.107703388E-02
  2.370865796E-02  2.626398309E-02  2.827113614E-02  2.937690156E-02  2.951145585E-02
  2.891728036E-02  2.800550083E-02  2.715299569E-02  2.658616441E-02  2.639166698E-02
  2.658616441E-02  2.715299569E-02  2.800550083E-02  2.891728036E-02  2.951145585E-02
  2.937690156E-02  2.827113614E-02  2.626398309E-02  2.370865796E-02  2.107703388E-02
  1.878975561E-02  1.713448648E-02  1.627198499E-02  1.522664354E-02  1.661463584E-02
  1.878975561E-02  2.152589327E-02  2.446276630E-02  2.712320298E-02  2.903440374E-02
  2.991872999E-02  2.983072709E-02  2.911983240E-02  2.823345257E-02  2.751515063E-02
  2.713278298E-02  2.713278298E-02  2.751515063E-02  2.823345257E-02  2.911983240E-02
  2.983072709E-02  2.991872999E-02  2.903440374E-02  2.712320298E-02  2.446276630E-02
  2.152589327E-02  1.878975561E-02  1.661463584E-02  1.522664354E-02  1.475023233E-02
  1.522664354E-02  1.713448648E-02  1.975792703E-02  2.280009203E-02  2.583270592E-02
  2.835085092E-02  2.993436970E-02  3.043789148E-02  3.006644914E-02  2.925449166E-02
  2.843527775E-02  2.787921435E-02  2.768797688E-02  2.787921435E-02  2.843527775E-02
  2.925449166E-02  3.006644914E-02  3.043789148E-02  2.993436970E-02  2.835085092E-02
  2.583270592E-02  2.280009203E-02  1.975792703E-02  1.713448648E-02  1.522664354E-02
  1.422301674E-02  1.422301674E-02  1.627198499E-02  1.862535651E-02  2.155625051E-02
  2.469627720E-02  2.756635533E-02  2.968217103E-02  3.074310651E-02  3.078273613E-02
  3.014693231E-02  2.929745154E-02  2.859615219E-02  2.822114113E-02  2.822114113E-02
  2.859615219E-02  2.929745154E-02  3.014693231E-02  3.078273613E-02  3.074310651E-02
  2.968217103E-02  2.756635533E-02  2.469627720E-02  2.155625051E-02  1.862535651E-02
  1.627198499E-02  1.475023233E-02  1.422301674E-02  1.475023233E-02  2.287481161E-02
  2.525583541E-02  2.766556528E-02  2.967319019E-02  3.091675368E-02  3.125786836E-02
  3.084552396E-02  3.002122338E-02  2.914240443E-02  2.845906621E-02  2.809599727E-02
  2.809599727E-02  2.845906621E-02  2.914240443E-02  3.002122338E-02  3.084552396E-02
  3.125786836E-02  3.091675368E-02  2.967319019E-02  2.766556528E-02  2.525583541E-02
  2.287481161E-02  2.089814611E-02  1.959998794E-02  1.914813705E-02  1.959998794E-02
  2.089814611E-02  2.525583541E-02  2.752383832E-02  2.955728771E-02  3.097582823E-02
  3.156274842E-02  3.136531100E-02  3.065498301E-02  2.977403779E-02  2.899604912E-02
  2.848148318E-02  2.830329570E-02  2.848148318E-02  2.899604912E-02  2.977403779E-02
  3.065498301E-02  3.136531100E-02  3.156274842E-02  3.097582823E-02  2.955728771E-02
  2.752383832E-02  2.525583541E-02  2.315518229E-02  2.155625051E-02  2.069487276E-02
  2.069487276E-02  2.155625051E-02  2.315518229E-02  2.766556528E-02  2.955728771E-02
  3.098738436E-02  3.170151414E-02  3.166762769E-02  3.108034735E-02  3.024168659E-02
  2.942092601E-02  2.879411586E-02  2.845845239E-02  2.845845239E-02  2.879411586E-02
  2.942092601E-02  3.024168659E-02  3.108034735E-02  3.166762769E-02  3.170151414E-02
  3.098738436E-02  2.955728771E-02  2.766556528E-02  2.567874426E-02  2.395940712E-02
  2.280009203E-02  2.239140291E-02  2.280009203E-02  2.395940712E-02  2.567874426E-02
  2.967319019E-02  3.097582823E-02  3.170151414E-02  3.176628251E-02  3.129236632E-02
  3.052736840E-02  2.971597729E-02  2.902927687E-02  2.857298592E-02  2.841272681E-02
  2.857298592E-02  2.902927687E-02  2.971597729E-02  3.052736840E-02  3.129236632E-02
  3.176628251E-02  3.170151414E-02  3.097582823E-02  2.967319019E-02  2.805192530E-02
  2.644465901E-02  2.516744339E-02  2.446276630E-02  2.446276630E-02  2.516744339E-02
  2.644465901E-02  2.805192530E-02  3.091675368E-02  3.156274842E-02  3.166762769E-02
  3.129236632E-02  3.062329854E-02  2.986769471E-02  2.917855653E-02  2.865424500E-02
  2.836807389E-02  2.836807389E-02  2.865424500E-02  2.917855653E-02  2.986769471E-02
  3.062329854E-02  3.129236632E-02  3.166762769E-02  3.156274842E-02  3.091675368E-02
  2.983906573E-02  2.856792231E-02  2.738888449E-02  2.656119424E-02  2.626398309E-02
  2.656119424E-02  2.738888449E-02  2.856792231E-02  2.983906573E-02  3.125786836E-02
  3.136531100E-02  3.108034735E-02  3.052736840E-02  2.986769471E-02  2.923024771E-02
  2.869856780E-02  2.833888721E-02  2.821030868E-02  2.833888721E-02  2.869856780E-02
  2.923024771E-02  2.986769471E-02  3.052736840E-02  3.108034735E-02  3.136531100E-02
  3.125786836E-02  3.074310651E-02  2.993436970E-02  2.903440374E-02  2.827113614E-02
  2.783563332E-02  2.783563332E-02  2.827113614E-02  2.903440374E-02  2.993436970E-02
  3.074310651E-02  3.084552396E-02  3.065498301E-02  3.024168659E-02  2.971597729E-02
  2.917855653E-02  2.869856780E-02  2.832915363E-02  2.812421126E-02  2.812421126E-02
  2.832915363E-02  2.869856780E-02  2.917855653E-02  2.971597729E-02  3.024168659E-02
  3.065498301E-02  3.084552396E-02  3.074465110E-02  3.036683170E-02  2.981416282E-02
  2.924489247E-02  2.882273728E-02  2.866752095E-02  2.882273728E-02  2.924489247E-02
  2.981416282E-02  3.036683170E-02  3.074465110E-02  3.002122338E-02  2.977403779E-02
  2.942092601E-02  2.902927687E-02  2.865424500E-02  2.833888721E-02  2.812421126E-02
  2.804733433E-02  2.812421126E-02  2.833888721E-02  2.865424500E-02  2.902927687E-02
  2.942092601E-02  2.977403779E-02  3.002122338E-02  3.010208571E-02  2.999083153E-02
  2.971580904E-02  2.935915328E-02  2.903265114E-02  2.883929364E-02  2.883929364E-02
  2.903265114E-02  2.935915328E-02  2.971580904E-02  2.999083153E-02  3.010208571E-02
  2.914240443E-02  2.899604912E-02  2.879411586E-02  2.857298592E-02  2.836807389E-02
  2.821030868E-02  2.812421126E-02  2.812421126E-02  2.821030868E-02  2.836807389E-02
  2.857298592E-02  2.879411586E-02  2.899604912E-02  2.914240443E-02  2.920165646E-02
  2.915398407E-02  2.900041903E-02  2.877233467E-02  2.853064944E-02  2.834751294E-02
  2.827945639E-02  2.834751294E-02  2.853064944E-02  2.877233467E-02  2.900041903E-02
  2.915398407E-02  2.920165646E-02  2.845906621E-02  2.848148318E-02  2.845845239E-02
  2.841272681E-02  2.836807389E-02  2.833888721E-02  2.832915363E-02  2.833888721E-02
  2.836807389E-02  2.841272681E-02  2.845845239E-02  2.848148318E-02  2.845906621E-02
  2.837926556E-02  2.824128528E-02  2.805136405E-02  2.782490730E-02  2.759292217E-02
  2.740006748E-02  2.729032453E-02  2.729032453E-02  2.740006748E-02  2.759292217E-02
  2.782490730E-02  2.805136405E-02  2.824128528E-02  2.837926556E-02  2.809599727E-02
  2.830329570E-02  2.845845239E-02  2.857298592E-02  2.865424500E-02  2.869856780E-02
  2.869856780E-02  2.865424500E-02  2.857298592E-02  2.845845239E-02  2.830329570E-02
  2.809599727E-02  2.783409566E-02  2.752880373E-02  2.719889456E-02  2.686539730E-02
  2.655366887E-02  2.629566195E-02  2.612449139E-02  2.606451406E-02  2.612449139E-02
  2.629566195E-02  2.655366887E-02  2.686539730E-02  2.719889456E-02  2.752880373E-02
  2.783409566E-02  2.809599727E-02  2.848148318E-02  2.879411586E-02  2.902927687E-02
  2.917855653E-02  2.923024771E-02  2.917855653E-02  2.902927687E-02  2.879411586E-02
  2.848148318E-02  2.809599727E-02  2.764647966E-02  2.715152849E-02  2.663734801E-02
  2.613370020E-02  2.567330403E-02  2.529108487E-02  2.501865586E-02  2.487756919E-02
  2.487756919E-02  2.501865586E-02  2.529108487E-02  2.567330403E-02  2.613370020E-02
  2.663734801E-02  2.715152849E-02  2.764647966E-02  2.845906621E-02  2.899604912E-02
  2.942092601E-02  2.971597729E-02  2.986769471E-02  2.986769471E-02  2.971597729E-02
  2.942092601E-02  2.899604912E-02  2.845906621E-02  2.783409566E-02  2.715152849E-02
  2.644450409E-02  2.574787096E-02  2.510136230E-02  2.454942834E-02  2.413238920E-02
  2.387593291E-02  2.378989986E-02  2.387593291E-02  2.413238920E-02  2.454942834E-02
  2.510136230E-02  2.574787096E-02  2.644450409E-02  2.715152849E-02  2.783409566E-02
  2.914240443E-02  2.977403779E-02  3.024168659E-02  3.052736840E-02  3.062329854E-02
  3.052736840E-02  3.024168659E-02  2.977403779E-02  2.914240443E-02  2.837926556E-02
  2.752880373E-02  2.663734801E-02  2.574787096E-02  2.490466782E-02  2.415867703E-02
  2.356129387E-02  2.315029711E-02  2.294299976E-02  2.294299976E-02  2.315029711E-02
  2.356129387E-02  2.415867703E-02  2.490466782E-02  2.574787096E-02  2.663734801E-02
  2.752880373E-02  2.837926556E-02  3.002122338E-02  3.065498301E-02  3.108034735E-02
  3.129236632E-02  3.129236632E-02  3.108034735E-02  3.065498301E-02  3.002122338E-02
  2.920165646E-02  2.824128528E-02  2.719889456E-02  2.613370020E-02  2.510136230E-02
  2.415867703E-02  2.336370265E-02  2.276626521E-02  2.239847631E-02  2.227472007E-02
  2.239847631E-02  2.276626521E-02  2.336370265E-02  2.415867703E-02  2.510136230E-02
  2.613370020E-02  2.719889456E-02  2.824128528E-02  2.920165646E-02  3.084552396E-02
  3.136531100E-02  3.166762769E-02  3.176628251E-02  3.166762769E-02  3.136531100E-02
  3.084552396E-02  3.010208571E-02  2.915398407E-02  2.805136405E-02  2.686539730E-02
  2.567330403E-02  2.454942834E-02  2.356129387E-02  2.276626521E-02  2.220929743E-02
  2.192224225E-02  2.192224225E-02  2.220929743E-02  2.276626521E-02  2.356129387E-02
  2.454942834E-02  2.567330403E-02  2.686539730E-02  2.805136405E-02  2.915398407E-02
  3.010208571E-02  3.125786836E-02  3.156274842E-02  3.170151414E-02  3.170151414E-02
  3.156274842E-02  3.125786836E-02  3.074465110E-02  2.999083153E-02  2.900041903E-02
  2.782490730E-02  2.655366887E-02  2.529108487E-02  2.413238920E-02  2.315029711E-02
  2.239847631E-02  2.192224225E-02  2.175846006E-02  2.192224225E-02  2.239847631E-02
  2.315029711E-02  2.413238920E-02  2.529108487E-02  2.655366887E-02  2.782490730E-02
  2.900041903E-02  2.999083153E-02  3.074465110E-02  3.091675368E-02  3.097582823E-02
  3.098738436E-02  3.097582823E-02  3.091675368E-02  3.074310651E-02  3.036683170E-02
  2.971580904E-02  2.877233467E-02  2.759292217E-02  2.629566195E-02  2.501865586E-02
  2.387593291E-02  2.294299976E-02  2.227472007E-02  2.192224225E-02  2.192224225E-02
  2.227472007E-02  2.294299976E-02  2.387593291E-02  2.501865586E-02  2.629566195E-02
  2.759292217E-02  2.877233467E-02  2.971580904E-02  3.036683170E-02  3.074310651E-02
  2.967319019E-02  2.955728771E-02  2.955728771E-02  2.967319019E-02  2.983906573E-02
  2.993436970E-02  2.981416282E-02  2.935915328E-02  2.853064944E-02  2.740006748E-02
  2.612449139E-02  2.487756919E-02  2.378989986E-02  2.294299976E-02  2.239847631E-02
  2.220929743E-02  2.239847631E-02  2.294299976E-02  2.378989986E-02  2.487756919E-02
  2.612449139E-02  2.740006748E-02  2.853064944E-02  2.935915328E-02  2.981416282E-02
  2.993436970E-02  2.983906573E-02  2.766556528E-02  2.752383832E-02  2.766556528E-02
  2.805192530E-02  2.856792231E-02  2.903440374E-02  2.924489247E-02  2.903265114E-02
  2.834751294E-02  2.729032453E-02  2.606451406E-02  2.487756919E-02  2.387593291E-02
  2.315029711E-02  2.276626521E-02  2.276626521E-02  2.315029711E-02  2.387593291E-02
  2.487756919E-02  2.606451406E-02  2.729032453E-02  2.834751294E-02  2.903265114E-02
  2.924489247E-02  2.903440374E-02  2.856792231E-02  2.805192530E-02  2.525583541E-02
  2.525583541E-02  2.567874426E-02  2.644465901E-02  2.738888449E-02  2.827113614E-02
  2.882273728E-02  2.883929364E-02  2.827945639E-02  2.729032453E-02  2.612449139E-02
  2.501865586E-02  2.413238920E-02  2.356129387E-02  2.336370265E-02  2.356129387E-02
  2.413238920E-02  2.501865586E-02  2.612449139E-02  2.729032453E-02  2.827945639E-02
  2.883929364E-02  2.882273728E-02  2.827113614E-02  2.738888449E-02  2.644465901E-02
  2.567874426E-02  2.287481161E-02  2.315518229E-02  2.395940712E-02  2.516744339E-02
  2.656119424E-02  2.783563332E-02  2.866752095E-02  2.883929364E-02  2.834751294E-02
  2.740006748E-02  2.629566195E-02  2.529108487E-02  2.454942834E-02  2.415867703E-02
  2.415867703E-02  2.454942834E-02  2.529108487E-02  2.629566195E-02  2.740006748E-02
  2.834751294E-02  2.883929364E-02  2.866752095E-02  2.783563332E-02  2.656119424E-02
  2.516744339E-02  2.395940712E-02  2.315518229E-02  2.089814611E-02  2.155625051E-02
  2.280009203E-02  2.446276630E-02  2.626398309E-02  2.783563332E-02  2.882273728E-02
  2.903265114E-02  2.853064944E-02  2.759292217E-02  2.655366887E-02  2.567330403E-02
  2.510136230E-02  2.490466782E-02  2.510136230E-02  2.567330403E-02  2.655366887E-02
  2.759292217E-02  2.853064944E-02  2.903265114E-02  2.882273728E-02  2.783563332E-02
  2.626398309E-02  2.446276630E-02  2.280009203E-02  2.155625051E-02  2.089814611E-02
  1.959998794E-02  2.069487276E-02  2.239140291E-02  2.446276630E-02  2.656119424E-02
  2.827113614E-02  2.924489247E-02  2.935915328E-02  2.877233467E-02  2.782490730E-02
  2.686539730E-02  2.613370020E-02  2.574787096E-02  2.574787096E-02  2.613370020E-02
  2.686539730E-02  2.782490730E-02  2.877233467E-02  2.935915328E-02  2.924489247E-02
  2.827113614E-02  2.656119424E-02  2.446276630E-02  2.239140291E-02  2.069487276E-02
  1.959998794E-02  1.922346553E-02  1.914813705E-02  2.069487276E-02  2.280009203E-02
  2.516744339E-02  2.738888449E-02  2.903440374E-02  2.981416282E-02  2.971580904E-02
  2.900041903E-02  2.805136405E-02  2.719889456E-02  2.663734801E-02  2.644450409E-02
  2.663734801E-02  2.719889456E-02  2.805136405E-02  2.900041903E-02  2.971580904E-02
  2.981416282E-02  2.903440374E-02  2.738888449E-02  2.516744339E-02  2.280009203E-02
  2.069487276E-02  1.914813705E-02  1.833536818E-02  1.833536818E-02  1.959998794E-02
  2.155625051E-02  2.395940712E-02  2.644465901E-02  2.856792231E-02  2.993436970E-02
  3.036683170E-02  2.999083153E-02  2.915398407E-02  2.824128528E-02  2.752880373E-02
  2.715152849E-02  2.715152849E-02  2.752880373E-02  2.824128528E-02  2.915398407E-02
  2.999083153E-02  3.036683170E-02  2.993436970E-02  2.856792231E-02  2.644465901E-02
  2.395940712E-02  2.155625051E-02  1.959998794E-02  1.833536818E-02  1.789910394E-02
  1.833536818E-02  2.089814611E-02  2.315518229E-02  2.567874426E-02  2.805192530E-02
  2.983906573E-02  3.074310651E-02  3.074465110E-02  3.010208571E-02  2.920165646E-02
  2.837926556E-02  2.783409566E-02  2.764647966E-02  2.783409566E-02  2.837926556E-02
  2.920165646E-02  3.010208571E-02  3.074465110E-02  3.074310651E-02  2.983906573E-02
  2.805192530E-02  2.567874426E-02  2.315518229E-02  2.089814611E-02  1.922346553E-02
  1.833536818E-02  1.833536818E-02  1.922346553E-02  2.696579723E-02  2.875116345E-02
  3.025203653E-02  3.115623107E-02  3.132535030E-02  3.085792435E-02  3.002122338E-02
  2.910688634E-02  2.833030801E-02  2.781923695E-02  2.764144253E-02  2.781923695E-02
  2.833030801E-02  2.910688634E-02  3.002122338E-02  3.085792435E-02  3.132535030E-02
  3.115623107E-02  3.025203653E-02  2.875116345E-02  2.696579723E-02  2.525583541E-02
  2.393237012E-02  2.321446673E-02  2.321446673E-02  2.393237012E-02  2.525583541E-02
  2.875116345E-02  3.023907980E-02  3.126620099E-02  3.163674755E-02  3.136435448E-02
  3.065261422E-02  2.977403779E-02  2.895296516E-02  2.833250263E-02  2.799918630E-02
  2.799918630E-02  2.833250263E-02  2.895296516E-02  2.977403779E-02  3.065261422E-02
  3.136435448E-02  3.163674755E-02  3.126620099E-02  3.023907980E-02  2.875116345E-02
  2.712075333E-02  2.567874426E-02  2.469627720E-02  2.434858692E-02  2.469627720E-02
  2.567874426E-02  2.712075333E-02  3.025203653E-02  3.126620099E-02  3.173773564E-02
  3.161708466E-02  3.103842010E-02  3.023461993E-02  2.942092601E-02  2.874210706E-02
  2.829112263E-02  2.813224961E-02  2.829112263E-02  2.874210706E-02  2.942092601E-02
  3.023461993E-02  3.103842010E-02  3.161708466E-02  3.173773564E-02  3.126620099E-02
  3.025203653E-02  2.891261798E-02  2.754634579E-02  2.644465901E-02  2.583270592E-02
  2.583270592E-02  2.644465901E-02  2.754634579E-02  2.891261798E-02  3.115623107E-02
  3.163674755E-02  3.161708466E-02  3.116795301E-02  3.046897365E-02  2.971068271E-02
  2.902927687E-02  2.851264383E-02  2.823042783E-02  2.823042783E-02  2.851264383E-02
  2.902927687E-02  2.971068271E-02  3.046897365E-02  3.116795301E-02  3.161708466E-02
  3.163674755E-02  3.115623107E-02  3.026165762E-02  2.916396193E-02  2.812547720E-02
  2.738888449E-02  2.712320298E-02  2.738888449E-02  2.812547720E-02  2.916396193E-02
  3.026165762E-02  3.132535030E-02  3.136435448E-02  3.103842010E-02  3.046897365E-02
  2.980874428E-02  2.917796362E-02  2.865424500E-02  2.830049441E-02  2.817408246E-02
  2.830049441E-02  2.865424500E-02  2.917796362E-02  2.980874428E-02  3.046897365E-02
  3.103842010E-02  3.136435448E-02  3.132535030E-02  3.089992307E-02  3.018700584E-02
  2.937308255E-02  2.867329336E-02  2.827113614E-02  2.827113614E-02  2.867329336E-02
  2.937308255E-02  3.018700584E-02  3.089992307E-02  3.085792435E-02  3.065261422E-02
  3.023461993E-02  2.971068271E-02  2.917796362E-02  2.870343810E-02  2.833888721E-02
  2.813688650E-02  2.813688650E-02  2.833888721E-02  2.870343810E-02  2.917796362E-02
  2.971068271E-02  3.023461993E-02  3.065261422E-02  3.085792435E-02  3.078273613E-02
  3.043789148E-02  2.991872999E-02  2.937690156E-02  2.897210064E-02  2.882273728E-02
  2.897210064E-02  2.937690156E-02  2.991872999E-02  3.043789148E-02  3.078273613E-02
  3.002122338E-02  2.977403779E-02  2.942092601E-02  2.902927687E-02  2.865424500E-02
  2.833888721E-02  2.812421126E-02  2.804733433E-02  2.812421126E-02  2.833888721E-02
  2.865424500E-02  2.902927687E-02  2.942092601E-02  2.977403779E-02  3.002122338E-02
  3.010208571E-02  2.999083153E-02  2.971580904E-02  2.935915328E-02  2.903265114E-02
  2.883929364E-02  2.883929364E-02  2.903265114E-02  2.935915328E-02  2.971580904E-02
  2.999083153E-02  3.010208571E-02  2.910688634E-02  2.895296516E-02  2.874210706E-02
  2.851264383E-02  2.830049441E-02  2.813688650E-02  2.804733433E-02  2.804733433E-02
  2.813688650E-02  2.830049441E-02  2.851264383E-02  2.874210706E-02  2.895296516E-02
  2.910688634E-02  2.916931986E-02  2.911848786E-02  2.895639811E-02  2.871792482E-02
  2.846764109E-02  2.827945639E-02  2.820982768E-02  2.827945639E-02  2.846764109E-02
  2.871792482E-02  2.895639811E-02  2.911848786E-02  2.916931986E-02  2.833030801E-02
  2.833250263E-02  2.829112263E-02  2.823042783E-02  2.817408246E-02  2.813688650E-02
  2.812421126E-02  2.813688650E-02  2.817408246E-02  2.823042783E-02  2.829112263E-02
  2.833250263E-02  2.833030801E-02  2.826861993E-02  2.814218069E-02  2.795538178E-02
  2.772558665E-02  2.748788008E-02  2.729032453E-02  2.717823137E-02  2.717823137E-02
  2.729032453E-02  2.748788008E-02  2.772558665E-02  2.795538178E-02  2.814218069E-02
  2.826861993E-02  2.781923695E-02  2.799918630E-02  2.813224961E-02  2.823042783E-02
  2.830049441E-02  2.833888721E-02  2.833888721E-02  2.830049441E-02  2.823042783E-02
  2.813224961E-02  2.799918630E-02  2.781923695E-02  2.758708528E-02  2.730965910E-02
  2.700211373E-02  2.668372933E-02  2.637998475E-02  2.612449139E-02  2.595304988E-02
  2.589261822E-02  2.595304988E-02  2.612449139E-02  2.637998475E-02  2.668372933E-02
  2.700211373E-02  2.730965910E-02  2.758708528E-02  2.764144253E-02  2.799918630E-02
  2.829112263E-02  2.851264383E-02  2.865424500E-02  2.870343810E-02  2.865424500E-02
  2.851264383E-02  2.829112263E-02  2.799918630E-02  2.764144253E-02  2.722481139E-02
  2.676524928E-02  2.628676427E-02  2.581657131E-02  2.538344810E-02  2.501865586E-02
  2.475373371E-02  2.461427760E-02  2.461427760E-02  2.475373371E-02  2.501865586E-02
  2.538344810E-02  2.581657131E-02  2.628676427E-02  2.676524928E-02  2.722481139E-02
  2.781923695E-02  2.833250263E-02  2.874210706E-02  2.902927687E-02  2.917796362E-02
  2.917796362E-02  2.902927687E-02  2.874210706E-02  2.833250263E-02  2.781923695E-02
  2.722481139E-02  2.657717392E-02  2.590866867E-02  2.525390226E-02  2.464927584E-02
  2.413238920E-02  2.373797002E-02  2.349190439E-02  2.340846749E-02  2.349190439E-02
  2.373797002E-02  2.413238920E-02  2.464927584E-02  2.525390226E-02  2.590866867E-02
  2.657717392E-02  2.722481139E-02  2.833030801E-02  2.895296516E-02  2.942092601E-02
  2.971068271E-02  2.980874428E-02  2.971068271E-02  2.942092601E-02  2.895296516E-02
  2.833030801E-02  2.758708528E-02  2.676524928E-02  2.590866867E-02  2.505977581E-02
  2.426186108E-02  2.356129387E-02  2.300244563E-02  2.261780841E-02  2.242332949E-02
  2.242332949E-02  2.261780841E-02  2.300244563E-02  2.356129387E-02  2.426186108E-02
  2.505977581E-02  2.590866867E-02  2.676524928E-02  2.758708528E-02  2.910688634E-02
  2.977403779E-02  3.023461993E-02  3.046897365E-02  3.046897365E-02  3.023461993E-02
  2.977403779E-02  2.910688634E-02  2.826861993E-02  2.730965910E-02  2.628676427E-02
  2.525390226E-02  2.426186108E-02  2.336370265E-02  2.261384564E-02  2.205707684E-02
  2.171849300E-02  2.160548370E-02  2.171849300E-02  2.205707684E-02  2.261384564E-02
  2.336370265E-02  2.426186108E-02  2.525390226E-02  2.628676427E-02  2.730965910E-02
  2.826861993E-02  3.002122338E-02  3.065261422E-02  3.103842010E-02  3.116795301E-02
  3.103842010E-02  3.065261422E-02  3.002122338E-02  2.916931986E-02  2.814218069E-02
  2.700211373E-02  2.581657131E-02  2.464927584E-02  2.356129387E-02  2.261384564E-02
  2.186262141E-02  2.134708927E-02  2.108654688E-02  2.108654688E-02  2.134708927E-02
  2.186262141E-02  2.261384564E-02  2.356129387E-02  2.464927584E-02  2.581657131E-02
  2.700211373E-02  2.814218069E-02  2.916931986E-02  3.085792435E-02  3.136435448E-02
  3.161708466E-02  3.161708466E-02  3.136435448E-02  3.085792435E-02  3.010208571E-02
  2.911848786E-02  2.795538178E-02  2.668372933E-02  2.538344810E-02  2.413238920E-02
  2.300244563E-02  2.205707684E-02  2.134708927E-02  2.090775029E-02  2.075914737E-02
  2.090775029E-02  2.134708927E-02  2.205707684E-02  2.300244563E-02  2.413238920E-02
  2.538344810E-02  2.668372933E-02  2.795538178E-02  2.911848786E-02  3.010208571E-02
  3.132535030E-02  3.163674755E-02  3.173773564E-02  3.163674755E-02  3.132535030E-02
  3.078273613E-02  2.999083153E-02  2.895639811E-02  2.772558665E-02  2.637998475E-02
  2.501865586E-02  2.373797002E-02  2.261780841E-02  2.171849300E-02  2.108654688E-02
  2.075914737E-02  2.075914737E-02  2.108654688E-02  2.171849300E-02  2.261780841E-02
  2.373797002E-02  2.501865586E-02  2.637998475E-02  2.772558665E-02  2.895639811E-02
  2.999083153E-02  3.078273613E-02  3.115623107E-02  3.126620099E-02  3.126620099E-02
  3.115623107E-02  3.089992307E-02  3.043789148E-02  2.971580904E-02  2.871792482E-02
  2.748788008E-02  2.612449139E-02  2.475373371E-02  2.349190439E-02  2.242332949E-02
  2.160548370E-02  2.108654688E-02  2.090775029E-02  2.108654688E-02  2.160548370E-02
  2.242332949E-02  2.349190439E-02  2.475373371E-02  2.612449139E-02  2.748788008E-02
  2.871792482E-02  2.971580904E-02  3.043789148E-02  3.089992307E-02  3.025203653E-02
  3.023907980E-02  3.025203653E-02  3.026165762E-02  3.018700584E-02  2.991872999E-02
  2.935915328E-02  2.846764109E-02  2.729032453E-02  2.595304988E-02  2.461427760E-02
  2.340846749E-02  2.242332949E-02  2.171849300E-02  2.134708927E-02  2.134708927E-02
  2.171849300E-02  2.242332949E-02  2.340846749E-02  2.461427760E-02  2.595304988E-02
  2.729032453E-02  2.846764109E-02  2.935915328E-02  2.991872999E-02  3.018700584E-02
  3.026165762E-02  2.875116345E-02  2.875116345E-02  2.891261798E-02  2.916396193E-02
  2.937308255E-02  2.937690156E-02  2.903265114E-02  2.827945639E-02  2.717823137E-02
  2.589261822E-02  2.461427760E-02  2.349190439E-02  2.261780841E-02  2.205707684E-02
  2.186262141E-02  2.205707684E-02  2.261780841E-02  2.349190439E-02  2.461427760E-02
  2.589261822E-02  2.717823137E-02  2.827945639E-02  2.903265114E-02  2.937690156E-02
  2.937308255E-02  2.916396193E-02  2.891261798E-02  2.696579723E-02  2.712075333E-02
  2.754634579E-02  2.812547720E-02  2.867329336E-02  2.897210064E-02  2.883929364E-02
  2.820982768E-02  2.717823137E-02  2.595304988E-02  2.475373371E-02  2.373797002E-02
  2.300244563E-02  2.261384564E-02  2.261384564E-02  2.300244563E-02  2.373797002E-02
  2.475373371E-02  2.595304988E-02  2.717823137E-02  2.820982768E-02  2.883929364E-02
  2.897210064E-02  2.867329336E-02  2.812547720E-02  2.754634579E-02  2.712075333E-02
  2.525583541E-02  2.567874426E-02  2.644465901E-02  2.738888449E-02  2.827113614E-02
  2.882273728E-02  2.883929364E-02  2.827945639E-02  2.729032453E-02  2.612449139E-02
  2.501865586E-02  2.413238920E-02  2.356129387E-02  2.336370265E-02  2.356129387E-02
  2.413238920E-02  2.501865586E-02  2.612449139E-02  2.729032453E-02  2.827945639E-02
  2.883929364E-02  2.882273728E-02  2.827113614E-02  2.738888449E-02  2.644465901E-02
  2.567874426E-02  2.525583541E-02  2.393237012E-02  2.469627720E-02  2.583270592E-02
  2.712320298E-02  2.827113614E-02  2.897210064E-02  2.903265114E-02  2.846764109E-02
  2.748788008E-02  2.637998475E-02  2.538344810E-02  2.464927584E-02  2.426186108E-02
  2.426186108E-02  2.464927584E-02  2.538344810E-02  2.637998475E-02  2.748788008E-02
  2.846764109E-02  2.903265114E-02  2.897210064E-02  2.827113614E-02  2.712320298E-02
  2.583270592E-02  2.469627720E-02  2.393237012E-02  2.366478612E-02  2.321446673E-02
  2.434858692E-02  2.583270592E-02  2.738888449E-02  2.867329336E-02  2.937690156E-02
  2.935915328E-02  2.871792482E-02  2.772558665E-02  2.668372933E-02  2.581657131E-02
  2.525390226E-02  2.505977581E-02  2.525390226E-02  2.581657131E-02  2.668372933E-02
  2.772558665E-02  2.871792482E-02  2.935915328E-02  2.937690156E-02  2.867329336E-02
  2.738888449E-02  2.583270592E-02  2.434858692E-02  2.321446673E-02  2.260679425E-02
  2.260679425E-02  2.321446673E-02  2.469627720E-02  2.644465901E-02  2.812547720E-02
  2.937308255E-02  2.991872999E-02  2.971580904E-02  2.895639811E-02  2.795538178E-02
  2.700211373E-02  2.628676427E-02  2.590866867E-02  2.590866867E-02  2.628676427E-02
  2.700211373E-02  2.795538178E-02  2.895639811E-02  2.971580904E-02  2.991872999E-02
  2.937308255E-02  2.812547720E-02  2.644465901E-02  2.469627720E-02  2.321446673E-02
  2.223700771E-02  2.189720485E-02  2.223700771E-02  2.393237012E-02  2.567874426E-02
  2.754634579E-02  2.916396193E-02  3.018700584E-02  3.043789148E-02  2.999083153E-02
  2.911848786E-02  2.814218069E-02  2.730965910E-02  2.676524928E-02  2.657717392E-02
  2.676524928E-02  2.730965910E-02  2.814218069E-02  2.911848786E-02  2.999083153E-02
  3.043789148E-02  3.018700584E-02  2.916396193E-02  2.754634579E-02  2.567874426E-02
  2.393237012E-02  2.260679425E-02  2.189720485E-02  2.189720485E-02  2.260679425E-02
  2.525583541E-02  2.712075333E-02  2.891261798E-02  3.026165762E-02  3.089992307E-02
  3.078273613E-02  3.010208571E-02  2.916931986E-02  2.826861993E-02  2.758708528E-02
  2.722481139E-02  2.722481139E-02  2.758708528E-02  2.826861993E-02  2.916931986E-02
  3.010208571E-02  3.078273613E-02  3.089992307E-02  3.026165762E-02  2.891261798E-02
  2.712075333E-02  2.525583541E-02  2.366478612E-02  2.260679425E-02  2.223700771E-02
  2.260679425E-02  2.366478612E-02  2.992360765E-02  3.090209624E-02  3.143929298E-02
  3.141356403E-02  3.088413856E-02  3.005083351E-02  2.914240443E-02  2.833030801E-02
  2.772262769E-02  2.739502465E-02  2.739502465E-02  2.772262769E-02  2.833030801E-02
  2.914240443E-02  3.005083351E-02  3.088413856E-02  3.141356403E-02  3.143929298E-02
  3.090209624E-02  2.992360765E-02  2.875116345E-02  2.766556528E-02  2.690793175E-02
  2.663702459E-02  2.690793175E-02  2.766556528E-02  2.875116345E-02  3.090209624E-02
  3.153266083E-02  3.167999815E-02  3.133632776E-02  3.064225850E-02  2.980372308E-02
  2.899604912E-02  2.833250263E-02  2.789166529E-02  2.773587656E-02  2.789166529E-02
  2.833250263E-02  2.899604912E-02  2.980372308E-02  3.064225850E-02  3.133632776E-02
  3.167999815E-02  3.153266083E-02  3.090209624E-02  2.994708621E-02  2.891261798E-02
  2.805192530E-02  2.756635533E-02  2.756635533E-02  2.805192530E-02  2.891261798E-02
  2.994708621E-02  3.143929298E-02  3.167999815E-02  3.148862301E-02  3.094548494E-02
  3.021485773E-02  2.946020802E-02  2.879411586E-02  2.829112263E-02  2.801612690E-02
  2.801612690E-02  2.829112263E-02  2.879411586E-02  2.946020802E-02  3.021485773E-02
  3.094548494E-02  3.148862301E-02  3.167999815E-02  3.143929298E-02  3.081888667E-02
  2.998597701E-02  2.916396193E-02  2.856792231E-02  2.835085092E-02  2.856792231E-02
  2.916396193E-02  2.998597701E-02  3.081888667E-02  3.141356403E-02  3.133632776E-02
  3.094548494E-02  3.035422110E-02  2.969797591E-02  2.908147425E-02  2.857298592E-02
  2.823042783E-02  2.810813921E-02  2.823042783E-02  2.857298592E-02  2.908147425E-02
  2.969797591E-02  3.035422110E-02  3.094548494E-02  3.133632776E-02  3.141356403E-02
  3.114613215E-02  3.060743447E-02  2.995321882E-02  2.937308255E-02  2.903440374E-02
  2.903440374E-02  2.937308255E-02  2.995321882E-02  3.060743447E-02  3.114613215E-02
  3.088413856E-02  3.064225850E-02  3.021485773E-02  2.969797591E-02  2.917897745E-02
  2.871944500E-02  2.836807389E-02  2.817408246E-02  2.817408246E-02  2.836807389E-02
  2.871944500E-02  2.917897745E-02  2.969797591E-02  3.021485773E-02  3.064225850E-02
  3.088413856E-02  3.087623823E-02  3.062061519E-02  3.019457221E-02  2.973101566E-02
  2.937690156E-02  2.924489247E-02  2.937690156E-02  2.973101566E-02  3.019457221E-02
  3.062061519E-02  3.087623823E-02  3.005083351E-02  2.980372308E-02  2.946020802E-02
  2.908147425E-02  2.871944500E-02  2.841597876E-02  2.821030868E-02  2.813688650E-02
  2.821030868E-02  2.841597876E-02  2.871944500E-02  2.908147425E-02  2.946020802E-02
  2.980372308E-02  3.005083351E-02  3.014693231E-02  3.006644914E-02  2.983072709E-02
  2.951145585E-02  2.921222424E-02  2.903265114E-02  2.903265114E-02  2.921222424E-02
  2.951145585E-02  2.983072709E-02  3.006644914E-02  3.014693231E-02  2.914240443E-02
  2.899604912E-02  2.879411586E-02  2.857298592E-02  2.836807389E-02  2.821030868E-02
  2.812421126E-02  2.812421126E-02  2.821030868E-02  2.836807389E-02  2.857298592E-02
  2.879411586E-02  2.899604912E-02  2.914240443E-02  2.920165646E-02  2.915398407E-02
  2.900041903E-02  2.877233467E-02  2.853064944E-02  2.834751294E-02  2.827945639E-02
  2.834751294E-02  2.853064944E-02  2.877233467E-02  2.900041903E-02  2.915398407E-02
  2.920165646E-02  2.833030801E-02  2.833250263E-02  2.829112263E-02  2.823042783E-02
  2.817408246E-02  2.813688650E-02  2.812421126E-02  2.813688650E-02  2.817408246E-02
  2.823042783E-02  2.829112263E-02  2.833250263E-02  2.833030801E-02  2.826861993E-02
  2.814218069E-02  2.795538178E-02  2.772558665E-02  2.748788008E-02  2.729032453E-02
  2.717823137E-02  2.717823137E-02  2.729032453E-02  2.748788008E-02  2.772558665E-02
  2.795538178E-02  2.814218069E-02  2.826861993E-02  2.772262769E-02  2.789166529E-02
  2.801612690E-02  2.810813921E-02  2.817408246E-02  2.821030868E-02  2.821030868E-02
  2.817408246E-02  2.810813921E-02  2.801612690E-02  2.789166529E-02  2.772262769E-02
  2.750236478E-02  2.723567981E-02  2.693598877E-02  2.662204643E-02  2.631996053E-02
  2.606451406E-02  2.589261822E-02  2.583195403E-02  2.589261822E-02  2.606451406E-02
  2.631996053E-02  2.662204643E-02  2.693598877E-02  2.723567981E-02  2.750236478E-02
  2.739502465E-02  2.773587656E-02  2.801612690E-02  2.823042783E-02  2.836807389E-02
  2.841597876E-02  2.836807389E-02  2.823042783E-02  2.801612690E-02  2.773587656E-02
  2.739502465E-02  2.699956904E-02  2.656305110E-02  2.610671118E-02  2.565528678E-02
  2.523548011E-02  2.487756919E-02  2.461427760E-02  2.447428103E-02  2.447428103E-02
  2.461427760E-02  2.487756919E-02  2.523548011E-02  2.565528678E-02  2.610671118E-02
  2.656305110E-02  2.699956904E-02  2.739502465E-02  2.789166529E-02  2.829112263E-02
  2.857298592E-02  2.871944500E-02  2.871944500E-02  2.857298592E-02  2.829112263E-02
  2.789166529E-02  2.739502465E-02  2.682375979E-02  2.620439713E-02  2.556758839E-02
  2.494576690E-02  2.437117784E-02  2.387593291E-02  2.349190439E-02  2.324780134E-02
  2.316397541E-02  2.324780134E-02  2.349190439E-02  2.387593291E-02  2.437117784E-02
  2.494576690E-02  2.556758839E-02  2.620439713E-02  2.682375979E-02  2.772262769E-02
  2.833250263E-02  2.879411586E-02  2.908147425E-02  2.917897745E-02  2.908147425E-02
  2.879411586E-02  2.833250263E-02  2.772262769E-02  2.699956904E-02  2.620439713E-02
  2.538023234E-02  2.456944642E-02  2.381297737E-02  2.315029711E-02  2.261780841E-02
  2.224555295E-02  2.205426701E-02  2.205426701E-02  2.224555295E-02  2.261780841E-02
  2.315029711E-02  2.381297737E-02  2.456944642E-02  2.538023234E-02  2.620439713E-02
  2.699956904E-02  2.833030801E-02  2.899604912E-02  2.946020802E-02  2.969797591E-02
  2.969797591E-02  2.946020802E-02  2.899604912E-02  2.833030801E-02  2.750236478E-02
  2.656305110E-02  2.556758839E-02  2.456944642E-02  2.361922245E-02  2.276626521E-02
  2.205707684E-02  2.152915710E-02  2.120582741E-02  2.109725520E-02  2.120582741E-02
  2.152915710E-02  2.205707684E-02  2.276626521E-02  2.361922245E-02  2.456944642E-02
  2.556758839E-02  2.656305110E-02  2.750236478E-02  2.914240443E-02  2.980372308E-02
  3.021485773E-02  3.035422110E-02  3.021485773E-02  2.980372308E-02  2.914240443E-02
  2.826861993E-02  2.723567981E-02  2.610671118E-02  2.494576690E-02  2.381297737E-02
  2.276626521E-02  2.186262141E-02  2.115201018E-02  2.066784514E-02  2.042442192E-02
  2.042442192E-02  2.066784514E-02  2.115201018E-02  2.186262141E-02  2.276626521E-02
  2.381297737E-02  2.494576690E-02  2.610671118E-02  2.723567981E-02  2.826861993E-02
  3.005083351E-02  3.064225850E-02  3.094548494E-02  3.094548494E-02  3.064225850E-02
  3.005083351E-02  2.920165646E-02  2.814218069E-02  2.693598877E-02  2.565528678E-02
  2.437117784E-02  2.315029711E-02  2.205707684E-02  2.115201018E-02  2.048251576E-02
  2.007529325E-02  1.993918387E-02  2.007529325E-02  2.048251576E-02  2.115201018E-02
  2.205707684E-02  2.315029711E-02  2.437117784E-02  2.565528678E-02  2.693598877E-02
  2.814218069E-02  2.920165646E-02  3.088413856E-02  3.133632776E-02  3.148862301E-02
  3.133632776E-02  3.088413856E-02  3.014693231E-02  2.915398407E-02  2.795538178E-02
  2.662204643E-02  2.523548011E-02  2.387593291E-02  2.261780841E-02  2.152915710E-02
  2.066784514E-02  2.007529325E-02  1.977453912E-02  1.977453912E-02  2.007529325E-02
  2.066784514E-02  2.152915710E-02  2.261780841E-02  2.387593291E-02  2.523548011E-02
  2.662204643E-02  2.795538178E-02  2.915398407E-02  3.014693231E-02  3.141356403E-02
  3.167999815E-02  3.167999815E-02  3.141356403E-02  3.087623823E-02  3.006644914E-02
  2.900041903E-02  2.772558665E-02  2.631996053E-02  2.487756919E-02  2.349190439E-02
  2.224555295E-02  2.120582741E-02  2.042442192E-02  1.993918387E-02  1.977453912E-02
  1.993918387E-02  2.042442192E-02  2.120582741E-02  2.224555295E-02  2.349190439E-02
  2.487756919E-02  2.631996053E-02  2.772558665E-02  2.900041903E-02  3.006644914E-02
  3.087623823E-02  3.143929298E-02  3.153266083E-02  3.143929298E-02  3.114613215E-02
  3.062061519E-02  2.983072709E-02  2.877233467E-02  2.748788008E-02  2.606451406E-02
  2.461427760E-02  2.324780134E-02  2.205426701E-02  2.109725520E-02  2.042442192E-02
  2.007529325E-02  2.007529325E-02  2.042442192E-02  2.109725520E-02  2.205426701E-02
  2.324780134E-02  2.461427760E-02  2.606451406E-02  2.748788008E-02  2.877233467E-02
  2.983072709E-02  3.062061519E-02  3.114613215E-02  3.090209624E-02  3.090209624E-02
  3.081888667E-02  3.060743447E-02  3.019457221E-02  2.951145585E-02  2.853064944E-02
  2.729032453E-02  2.589261822E-02  2.447428103E-02  2.316397541E-02  2.205426701E-02
  2.120582741E-02  2.066784514E-02  2.048251576E-02  2.066784514E-02  2.120582741E-02
  2.205426701E-02  2.316397541E-02  2.447428103E-02  2.589261822E-02  2.729032453E-02
  2.853064944E-02  2.951145585E-02  3.019457221E-02  3.060743447E-02  3.081888667E-02
  2.992360765E-02  2.994708621E-02  2.998597701E-02  2.995321882E-02  2.973101566E-02
  2.921222424E-02  2.834751294E-02  2.717823137E-02  2.583195403E-02  2.447428103E-02
  2.324780134E-02  2.224555295E-02  2.152915710E-02  2.115201018E-02  2.115201018E-02
  2.152915710E-02  2.224555295E-02  2.324780134E-02  2.447428103E-02  2.583195403E-02
  2.717823137E-02  2.834751294E-02  2.921222424E-02  2.973101566E-02  2.995321882E-02
  2.998597701E-02  2.994708621E-02  2.875116345E-02  2.891261798E-02  2.916396193E-02
  2.937308255E-02  2.937690156E-02  2.903265114E-02  2.827945639E-02  2.717823137E-02
  2.589261822E-02  2.461427760E-02  2.349190439E-02  2.261780841E-02  2.205707684E-02
  2.186262141E-02  2.205707684E-02  2.261780841E-02  2.349190439E-02  2.461427760E-02
  2.589261822E-02  2.717823137E-02  2.827945639E-02  2.903265114E-02  2.937690156E-02
  2.937308255E-02  2.916396193E-02  2.891261798E-02  2.875116345E-02  2.766556528E-02
  2.805192530E-02  2.856792231E-02  2.903440374E-02  2.924489247E-02  2.903265114E-02
  2.834751294E-02  2.729032453E-02  2.606451406E-02  2.487756919E-02  2.387593291E-02
  2.315029711E-02  2.276626521E-02  2.276626521E-02  2.315029711E-02  2.387593291E-02
  2.487756919E-02  2.606451406E-02  2.729032453E-02  2.834751294E-02  2.903265114E-02
  2.924489247E-02  2.903440374E-02  2.856792231E-02  2.805192530E-02  2.766556528E-02
  2.752383832E-02  2.690793175E-02  2.756635533E-02  2.835085092E-02  2.903440374E-02
  2.937690156E-02  2.921222424E-02  2.853064944E-02  2.748788008E-02  2.631996053E-02
  2.523548011E-02  2.437117784E-02  2.381297737E-02  2.361922245E-02  2.381297737E-02
  2.437117784E-02  2.523548011E-02  2.631996053E-02  2.748788008E-02  2.853064944E-02
  2.921222424E-02  2.937690156E-02  2.903440374E-02  2.835085092E-02  2.756635533E-02
  2.690793175E-02  2.653805755E-02  2.653805755E-02  2.663702459E-02  2.756635533E-02
  2.856792231E-02  2.937308255E-02  2.973101566E-02  2.951145585E-02  2.877233467E-02
  2.772558665E-02  2.662204643E-02  2.565528678E-02  2.494576690E-02  2.456944642E-02
  2.456944642E-02  2.494576690E-02  2.565528678E-02  2.662204643E-02  2.772558665E-02
  2.877233467E-02  2.951145585E-02  2.973101566E-02  2.937308255E-02  2.856792231E-02
  2.756635533E-02  2.663702459E-02  2.599343707E-02  2.576481063E-02  2.599343707E-02
  2.690793175E-02  2.805192530E-02  2.916396193E-02  2.995321882E-02  3.019457221E-02
  2.983072709E-02  2.900041903E-02  2.795538178E-02  2.693598877E-02  2.610671118E-02
  2.556758839E-02  2.538023234E-02  2.556758839E-02  2.610671118E-02  2.693598877E-02
  2.795538178E-02  2.900041903E-02  2.983072709E-02  3.019457221E-02  2.995321882E-02
  2.916396193E-02  2.805192530E-02  2.690793175E-02  2.599343707E-02  2.549092225E-02
  2.549092225E-02  2.599343707E-02  2.766556528E-02  2.891261798E-02  2.998597701E-02
  3.060743447E-02  3.062061519E-02  3.006644914E-02  2.915398407E-02  2.814218069E-02
  2.723567981E-02  2.656305110E-02  2.620439713E-02  2.620439713E-02  2.656305110E-02
  2.723567981E-02  2.814218069E-02  2.915398407E-02  3.006644914E-02  3.062061519E-02
  3.060743447E-02  2.998597701E-02  2.891261798E-02  2.766556528E-02  2.653805755E-02
  2.576481063E-02  2.549092225E-02  2.576481063E-02  2.653805755E-02  2.875116345E-02
  2.994708621E-02  3.081888667E-02  3.114613215E-02  3.087623823E-02  3.014693231E-02
  2.920165646E-02  2.826861993E-02  2.750236478E-02  2.699956904E-02  2.682375979E-02
  2.699956904E-02  2.750236478E-02  2.826861993E-02  2.920165646E-02  3.014693231E-02
  3.087623823E-02  3.114613215E-02  3.081888667E-02  2.994708621E-02  2.875116345E-02
  2.752383832E-02  2.653805755E-02  2.599343707E-02  2.599343707E-02  2.653805755E-02
  2.752383832E-02  3.142176980E-02  3.163459361E-02  3.144868103E-02  3.089393964E-02
  3.010473013E-02  2.924896770E-02  2.845906621E-02  2.781923695E-02  2.739502465E-02
  2.724497720E-02  2.739502465E-02  2.781923695E-02  2.845906621E-02  2.924896770E-02
  3.010473013E-02  3.089393964E-02  3.144868103E-02  3.163459361E-02  3.142176980E-02
  3.090209624E-02  3.025203653E-02  2.967319019E-02  2.933566288E-02  2.933566288E-02
  2.967319019E-02  3.025203653E-02  3.090209624E-02  3.163459361E-02  3.160871027E-02
  3.123991578E-02  3.061165662E-02  2.986285352E-02  2.912343780E-02  2.848148318E-02
  2.799918630E-02  2.773587656E-02  2.773587656E-02  2.799918630E-02  2.848148318E-02
  2.912343780E-02  2.986285352E-02  3.061165662E-02  3.123991578E-02  3.160871027E-02
  3.163459361E-02  3.133368124E-02  3.081888667E-02  3.026165762E-02  2.983906573E-02
  2.968217103E-02  2.983906573E-02  3.026165762E-02  3.081888667E-02  3.133368124E-02
  3.144868103E-02  3.123991578E-02  3.078459848E-02  3.018047865E-02  2.953854707E-02
  2.894485851E-02  2.845845239E-02  2.813224961E-02  2.801612690E-02  2.813224961E-02
  2.845845239E-02  2.894485851E-02  2.953854707E-02  3.018047865E-02  3.078459848E-02
  3.123991578E-02  3.144868103E-02  3.137227371E-02  3.105350673E-02  3.060743447E-02
  3.018700584E-02  2.993436970E-02  2.993436970E-02  3.018700584E-02  3.060743447E-02
  3.105350673E-02  3.137227371E-02  3.089393964E-02  3.061165662E-02  3.018047865E-02
  2.967960488E-02  2.918265035E-02  2.874508166E-02  2.841272681E-02  2.823042783E-02
  2.823042783E-02  2.841272681E-02  2.874508166E-02  2.918265035E-02  2.967960488E-02
  3.018047865E-02  3.061165662E-02  3.089393964E-02  3.097106158E-02  3.083583763E-02
  3.054190028E-02  3.019457221E-02  2.991872999E-02  2.981416282E-02  2.991872999E-02
  3.019457221E-02  3.054190028E-02  3.083583763E-02  3.097106158E-02  3.010473013E-02
  2.986285352E-02  2.953854707E-02  2.918265035E-02  2.884242948E-02  2.855866714E-02
  2.836807389E-02  2.830049441E-02  2.836807389E-02  2.855866714E-02  2.884242948E-02
  2.918265035E-02  2.953854707E-02  2.986285352E-02  3.010473013E-02  3.022019323E-02
  3.018599911E-02  3.001411182E-02  2.975984385E-02  2.951145585E-02  2.935915328E-02
  2.935915328E-02  2.951145585E-02  2.975984385E-02  3.001411182E-02  3.018599911E-02
  3.022019323E-02  2.924896770E-02  2.912343780E-02  2.894485851E-02  2.874508166E-02
  2.855866714E-02  2.841597876E-02  2.833888721E-02  2.833888721E-02  2.841597876E-02
  2.855866714E-02  2.874508166E-02  2.894485851E-02  2.912343780E-02  2.924896770E-02
  2.929745154E-02  2.925449166E-02  2.911983240E-02  2.891728036E-02  2.869876455E-02
  2.853064944E-02  2.846764109E-02  2.853064944E-02  2.869876455E-02  2.891728036E-02
  2.911983240E-02  2.925449166E-02  2.929745154E-02  2.845906621E-02  2.848148318E-02
  2.845845239E-02  2.841272681E-02  2.836807389E-02  2.833888721E-02  2.832915363E-02
  2.833888721E-02  2.836807389E-02  2.841272681E-02  2.845845239E-02  2.848148318E-02
  2.845906621E-02  2.837926556E-02  2.824128528E-02  2.805136405E-02  2.782490730E-02
  2.759292217E-02  2.740006748E-02  2.729032453E-02  2.729032453E-02  2.740006748E-02
  2.759292217E-02  2.782490730E-02  2.805136405E-02  2.824128528E-02  2.837926556E-02
  2.781923695E-02  2.799918630E-02  2.813224961E-02  2.823042783E-02  2.830049441E-02
  2.833888721E-02  2.833888721E-02  2.830049441E-02  2.823042783E-02  2.813224961E-02
  2.799918630E-02  2.781923695E-02  2.758708528E-02  2.730965910E-02  2.700211373E-02
  2.668372933E-02  2.637998475E-02  2.612449139E-02  2.595304988E-02  2.589261822E-02
  2.595304988E-02  2.612449139E-02  2.637998475E-02  2.668372933E-02  2.700211373E-02
  2.730965910E-02  2.758708528E-02  2.739502465E-02  2.773587656E-02  2.801612690E-02
  2.823042783E-02  2.836807389E-02  2.841597876E-02  2.836807389E-02  2.823042783E-02
  2.801612690E-02  2.773587656E-02  2.739502465E-02  2.699956904E-02  2.656305110E-02
  2.610671118E-02  2.565528678E-02  2.523548011E-02  2.487756919E-02  2.461427760E-02
  2.447428103E-02  2.447428103E-02  2.461427760E-02  2.487756919E-02  2.523548011E-02
  2.565528678E-02  2.610671118E-02  2.656305110E-02  2.699956904E-02  2.724497720E-02
  2.773587656E-02  2.813224961E-02  2.841272681E-02  2.855866714E-02  2.855866714E-02
  2.841272681E-02  2.813224961E-02  2.773587656E-02  2.724497720E-02  2.668246540E-02
  2.607436837E-02  2.545033625E-02  2.484143103E-02  2.427794087E-02  2.378989986E-02
  2.340846749E-02  2.316397541E-02  2.307956092E-02  2.316397541E-02  2.340846749E-02
  2.378989986E-02  2.427794087E-02  2.484143103E-02  2.545033625E-02  2.607436837E-02
  2.668246540E-02  2.739502465E-02  2.799918630E-02  2.845845239E-02  2.874508166E-02
  2.884242948E-02  2.874508166E-02  2.845845239E-02  2.799918630E-02  2.739502465E-02
  2.668246540E-02  2.590297223E-02  2.509948721E-02  2.431363241E-02  2.358349833E-02
  2.294299976E-02  2.242332949E-02  2.205426701E-02  2.186180548E-02  2.186180548E-02
  2.205426701E-02  2.242332949E-02  2.294299976E-02  2.358349833E-02  2.431363241E-02
  2.509948721E-02  2.590297223E-02  2.668246540E-02  2.781923695E-02  2.848148318E-02
  2.894485851E-02  2.918265035E-02  2.918265035E-02  2.894485851E-02  2.848148318E-02
  2.781923695E-02  2.699956904E-02  2.607436837E-02  2.509948721E-02  2.412950119E-02
  2.321453675E-02  2.239847631E-02  2.171849300E-02  2.120582741E-02  2.088612062E-02
  2.077734472E-02  2.088612062E-02  2.120582741E-02  2.171849300E-02  2.239847631E-02
  2.321453675E-02  2.412950119E-02  2.509948721E-02  2.607436837E-02  2.699956904E-02
  2.845906621E-02  2.912343780E-02  2.953854707E-02  2.967960488E-02  2.953854707E-02
  2.912343780E-02  2.845906621E-02  2.758708528E-02  2.656305110E-02  2.545033625E-02
  2.431363241E-02  2.321453675E-02  2.220929743E-02  2.134708927E-02  2.066784514E-02
  2.020046490E-02  1.996271181E-02  1.996271181E-02  2.020046490E-02  2.066784514E-02
  2.134708927E-02  2.220929743E-02  2.321453675E-02  2.431363241E-02  2.545033625E-02
  2.656305110E-02  2.758708528E-02  2.924896770E-02  2.986285352E-02  3.018047865E-02
  3.018047865E-02  2.986285352E-02  2.924896770E-02  2.837926556E-02  2.730965910E-02
  2.610671118E-02  2.484143103E-02  2.358349833E-02  2.239847631E-02  2.134708927E-02
  2.048251576E-02  1.984469475E-02  1.945649761E-02  1.932656369E-02  1.945649761E-02
  1.984469475E-02  2.048251576E-02  2.134708927E-02  2.239847631E-02  2.358349833E-02
  2.484143103E-02  2.610671118E-02  2.730965910E-02  2.837926556E-02  3.010473013E-02
  3.061165662E-02  3.078459848E-02  3.061165662E-02  3.010473013E-02  2.929745154E-02
  2.824128528E-02  2.700211373E-02  2.565528678E-02  2.427794087E-02  2.294299976E-02
  2.171849300E-02  2.066784514E-02  1.984469475E-02  1.928459475E-02  1.900299023E-02
  1.900299023E-02  1.928459475E-02  1.984469475E-02  2.066784514E-02  2.171849300E-02
  2.294299976E-02  2.427794087E-02  2.565528678E-02  2.700211373E-02  2.824128528E-02
  2.929745154E-02  3.089393964E-02  3.123991578E-02  3.123991578E-02  3.089393964E-02
  3.022019323E-02  2.925449166E-02  2.805136405E-02  2.668372933E-02  2.523548011E-02
  2.378989986E-02  2.242332949E-02  2.120582741E-02  2.020046490E-02  1.945649761E-02
  1.900299023E-02  1.885112183E-02  1.900299023E-02  1.945649761E-02  2.020046490E-02
  2.120582741E-02  2.242332949E-02  2.378989986E-02  2.523548011E-02  2.668372933E-02
  2.805136405E-02  2.925449166E-02  3.022019323E-02  3.144868103E-02  3.160871027E-02
  3.144868103E-02  3.097106158E-02  3.018599911E-02  2.911983240E-02  2.782490730E-02
  2.637998475E-02  2.487756919E-02  2.340846749E-02  2.205426701E-02  2.088612062E-02
  1.996271181E-02  1.932656369E-02  1.900299023E-02  1.900299023E-02  1.932656369E-02
  1.996271181E-02  2.088612062E-02  2.205426701E-02  2.340846749E-02  2.487756919E-02
  2.637998475E-02  2.782490730E-02  2.911983240E-02  3.018599911E-02  3.097106158E-02
  3.163459361E-02  3.163459361E-02  3.137227371E-02  3.083583763E-02  3.001411182E-02
  2.891728036E-02  2.759292217E-02  2.612449139E-02  2.461427760E-02  2.316397541E-02
  2.186180548E-02  2.077734472E-02  1.996271181E-02  1.945649761E-02  1.928459475E-02
  1.945649761E-02  1.996271181E-02  2.077734472E-02  2.186180548E-02  2.316397541E-02
  2.461427760E-02  2.612449139E-02  2.759292217E-02  2.891728036E-02  3.001411182E-02
  3.083583763E-02  3.137227371E-02  3.142176980E-02  3.133368124E-02  3.105350673E-02
  3.054190028E-02  2.975984385E-02  2.869876455E-02  2.740006748E-02  2.595304988E-02
  2.447428103E-02  2.307956092E-02  2.186180548E-02  2.088612062E-02  2.020046490E-02
  1.984469475E-02  1.984469475E-02  2.020046490E-02  2.088612062E-02  2.186180548E-02
  2.307956092E-02  2.447428103E-02  2.595304988E-02  2.740006748E-02  2.869876455E-02
  2.975984385E-02  3.054190028E-02  3.105350673E-02  3.133368124E-02  3.090209624E-02
  3.081888667E-02  3.060743447E-02  3.019457221E-02  2.951145585E-02  2.853064944E-02
  2.729032453E-02  2.589261822E-02  2.447428103E-02  2.316397541E-02  2.205426701E-02
  2.120582741E-02  2.066784514E-02  2.048251576E-02  2.066784514E-02  2.120582741E-02
  2.205426701E-02  2.316397541E-02  2.447428103E-02  2.589261822E-02  2.729032453E-02
  2.853064944E-02  2.951145585E-02  3.019457221E-02  3.060743447E-02  3.081888667E-02
  3.090209624E-02  3.025203653E-02  3.026165762E-02  3.018700584E-02  2.991872999E-02
  2.935915328E-02  2.846764109E-02  2.729032453E-02  2.595304988E-02  2.461427760E-02
  2.340846749E-02  2.242332949E-02  2.171849300E-02  2.134708927E-02  2.134708927E-02
  2.171849300E-02  2.242332949E-02  2.340846749E-02  2.461427760E-02  2.595304988E-02
  2.729032453E-02  2.846764109E-02  2.935915328E-02  2.991872999E-02  3.018700584E-02
  3.026165762E-02  3.025203653E-02  3.023907980E-02  2.967319019E-02  2.983906573E-02
  2.993436970E-02  2.981416282E-02  2.935915328E-02  2.853064944E-02  2.740006748E-02
  2.612449139E-02  2.487756919E-02  2.378989986E-02  2.294299976E-02  2.239847631E-02
  2.220929743E-02  2.239847631E-02  2.294299976E-02  2.378989986E-02  2.487756919E-02
  2.612449139E-02  2.740006748E-02  2.853064944E-02  2.935915328E-02  2.981416282E-02
  2.993436970E-02  2.983906573E-02  2.967319019E-02  2.955728771E-02  2.955728771E-02
  2.933566288E-02  2.968217103E-02  2.993436970E-02  2.991872999E-02  2.951145585E-02
  2.869876455E-02  2.759292217E-02  2.637998475E-02  2.523548011E-02  2.427794087E-02
  2.358349833E-02  2.321453675E-02  2.321453675E-02  2.358349833E-02  2.427794087E-02
  2.523548011E-02  2.637998475E-02  2.759292217E-02  2.869876455E-02  2.951145585E-02
  2.991872999E-02  2.993436970E-02  2.968217103E-02  2.933566288E-02  2.905578019E-02
  2.895013072E-02  2.905578019E-02  2.933566288E-02  2.983906573E-02  3.018700584E-02
  3.019457221E-02  2.975984385E-02  2.891728036E-02  2.782490730E-02  2.668372933E-02
  2.565528678E-02  2.484143103E-02  2.431363241E-02  2.412950119E-02  2.431363241E-02
  2.484143103E-02  2.565528678E-02  2.668372933E-02  2.782490730E-02  2.891728036E-02
  2.975984385E-02  3.019457221E-02  3.018700584E-02  2.983906573E-02  2.933566288E-02
  2.887232550E-02  2.860063926E-02  2.860063926E-02  2.887232550E-02  2.967319019E-02
  3.026165762E-02  3.060743447E-02  3.054190028E-02  3.001411182E-02  2.911983240E-02
  2.805136405E-02  2.700211373E-02  2.610671118E-02  2.545033625E-02  2.509948721E-02
  2.509948721E-02  2.545033625E-02  2.610671118E-02  2.700211373E-02  2.805136405E-02
  2.911983240E-02  3.001411182E-02  3.054190028E-02  3.060743447E-02  3.026165762E-02
  2.967319019E-02  2.905578019E-02  2.860063926E-02  2.843437721E-02  2.860063926E-02
  2.905578019E-02  3.025203653E-02  3.081888667E-02  3.105350673E-02  3.083583763E-02
  3.018599911E-02  2.925449166E-02  2.824128528E-02  2.730965910E-02  2.656305110E-02
  2.607436837E-02  2.590297223E-02  2.607436837E-02  2.656305110E-02  2.730965910E-02
  2.824128528E-02  2.925449166E-02  3.018599911E-02  3.083583763E-02  3.105350673E-02
  3.081888667E-02  3.025203653E-02  2.955728771E-02  2.895013072E-02  2.860063926E-02
  2.860063926E-02  2.895013072E-02  2.955728771E-02  3.090209624E-02  3.133368124E-02
  3.137227371E-02  3.097106158E-02  3.022019323E-02  2.929745154E-02  2.837926556E-02
  2.758708528E-02  2.699956904E-02  2.668246540E-02  2.668246540E-02  2.699956904E-02
  2.758708528E-02  2.837926556E-02  2.929745154E-02  3.022019323E-02  3.097106158E-02
  3.137227371E-02  3.133368124E-02  3.090209624E-02  3.023907980E-02  2.955728771E-02
  2.905578019E-02  2.887232550E-02  2.905578019E-02  2.955728771E-02  3.023907980E-02
  3.162840202E-02  3.136207981E-02  3.084897143E-02  3.016573348E-02  2.941926676E-02
  2.870642406E-02  2.809599727E-02  2.764144253E-02  2.739502465E-02  2.739502465E-02
  2.764144253E-02  2.809599727E-02  2.870642406E-02  2.941926676E-02  3.016573348E-02
  3.084897143E-02  3.136207981E-02  3.162840202E-02  3.163459361E-02  3.143929298E-02
  3.115623107E-02  3.091675368E-02  3.082399098E-02  3.091675368E-02  3.115623107E-02
  3.143929298E-02  3.163459361E-02  3.136207981E-02  3.103900310E-02  3.053947784E-02
  2.993988914E-02  2.932409500E-02  2.876100915E-02  2.830329570E-02  2.799918630E-02
  2.789166529E-02  2.799918630E-02  2.830329570E-02  2.876100915E-02  2.932409500E-02
  2.993988914E-02  3.053947784E-02  3.103900310E-02  3.136207981E-02  3.146828370E-02
  3.137227371E-02  3.114613215E-02  3.089992307E-02  3.074310651E-02  3.074310651E-02
  3.089992307E-02  3.114613215E-02  3.137227371E-02  3.146828370E-02  3.084897143E-02
  3.053947784E-02  3.011819260E-02  2.964425656E-02  2.917687908E-02  2.876689896E-02
  2.845845239E-02  2.829112263E-02  2.829112263E-02  2.845845239E-02  2.876689896E-02
  2.917687908E-02  2.964425656E-02  3.011819260E-02  3.053947784E-02  3.084897143E-02
  3.100274985E-02  3.098803864E-02  3.083583763E-02  3.062061519E-02  3.043789148E-02
  3.036683170E-02  3.043789148E-02  3.062061519E-02  3.083583763E-02  3.098803864E-02
  3.100274985E-02  3.016573348E-02  2.993988914E-02  2.964425656E-02  2.931821559E-02
  2.900489315E-02  2.874508166E-02  2.857298592E-02  2.851264383E-02  2.857298592E-02
  2.874508166E-02  2.900489315E-02  2.931821559E-02  2.964425656E-02  2.993988914E-02
  3.016573348E-02  3.029100132E-02  3.029816103E-02  3.019278990E-02  3.001411182E-02
  2.983072709E-02  2.971580904E-02  2.971580904E-02  2.983072709E-02  3.001411182E-02
  3.019278990E-02  3.029816103E-02  3.029100132E-02  2.941926676E-02  2.932409500E-02
  2.917687908E-02  2.900489315E-02  2.884242948E-02  2.871944500E-02  2.865424500E-02
  2.865424500E-02  2.871944500E-02  2.884242948E-02  2.900489315E-02  2.917687908E-02
  2.932409500E-02  2.941926676E-02  2.944700047E-02  2.940035205E-02  2.928041759E-02
  2.910537041E-02  2.891728036E-02  2.877233467E-02  2.871792482E-02  2.877233467E-02
  2.891728036E-02  2.910537041E-02  2.928041759E-02  2.940035205E-02  2.944700047E-02
  2.870642406E-02  2.876100915E-02  2.876689896E-02  2.874508166E-02  2.871944500E-02
  2.870343810E-02  2.869856780E-02  2.870343810E-02  2.871944500E-02  2.874508166E-02
  2.876689896E-02  2.876100915E-02  2.870642406E-02  2.859615219E-02  2.843527775E-02
  2.823345257E-02  2.800550083E-02  2.777872527E-02  2.759292217E-02  2.748788008E-02
  2.748788008E-02  2.759292217E-02  2.777872527E-02  2.800550083E-02  2.823345257E-02
  2.843527775E-02  2.859615219E-02  2.809599727E-02  2.830329570E-02  2.845845239E-02
  2.857298592E-02  2.865424500E-02  2.869856780E-02  2.869856780E-02  2.865424500E-02
  2.857298592E-02  2.845845239E-02  2.830329570E-02  2.809599727E-02  2.783409566E-02
  2.752880373E-02  2.719889456E-02  2.686539730E-02  2.655366887E-02  2.629566195E-02
  2.612449139E-02  2.606451406E-02  2.612449139E-02  2.629566195E-02  2.655366887E-02
  2.686539730E-02  2.719889456E-02  2.752880373E-02  2.783409566E-02  2.764144253E-02
  2.799918630E-02  2.829112263E-02  2.851264383E-02  2.865424500E-02  2.870343810E-02
  2.865424500E-02  2.851264383E-02  2.829112263E-02  2.799918630E-02  2.764144253E-02
  2.722481139E-02  2.676524928E-02  2.628676427E-02  2.581657131E-02  2.538344810E-02
  2.501865586E-02  2.475373371E-02  2.461427760E-02  2.461427760E-02  2.475373371E-02
  2.501865586E-02  2.538344810E-02  2.581657131E-02  2.628676427E-02  2.676524928E-02
  2.722481139E-02  2.739502465E-02  2.789166529E-02  2.829112263E-02  2.857298592E-02
  2.871944500E-02  2.871944500E-02  2.857298592E-02  2.829112263E-02  2.789166529E-02
  2.739502465E-02  2.682375979E-02  2.620439713E-02  2.556758839E-02  2.494576690E-02
  2.437117784E-02  2.387593291E-02  2.349190439E-02  2.324780134E-02  2.316397541E-02
  2.324780134E-02  2.349190439E-02  2.387593291E-02  2.437117784E-02  2.494576690E-02
  2.556758839E-02  2.620439713E-02  2.682375979E-02  2.739502465E-02  2.799918630E-02
  2.845845239E-02  2.874508166E-02  2.884242948E-02  2.874508166E-02  2.845845239E-02
  2.799918630E-02  2.739502465E-02  2.668246540E-02  2.590297223E-02  2.509948721E-02
  2.431363241E-02  2.358349833E-02  2.294299976E-02  2.242332949E-02  2.205426701E-02
  2.186180548E-02  2.186180548E-02  2.205426701E-02  2.242332949E-02  2.294299976E-02
  2.358349833E-02  2.431363241E-02  2.509948721E-02  2.590297223E-02  2.668246540E-02
  2.764144253E-02  2.830329570E-02  2.876689896E-02  2.900489315E-02  2.900489315E-02
  2.876689896E-02  2.830329570E-02  2.764144253E-02  2.682375979E-02  2.590297223E-02
  2.493561049E-02  2.397680275E-02  2.307614632E-02  2.227472007E-02  2.160548370E-02
  2.109725520E-02  2.077734472E-02  2.066779246E-02  2.077734472E-02  2.109725520E-02
  2.160548370E-02  2.227472007E-02  2.307614632E-02  2.397680275E-02  2.493561049E-02
  2.590297223E-02  2.682375979E-02  2.809599727E-02  2.876100915E-02  2.917687908E-02
  2.931821559E-02  2.917687908E-02  2.876100915E-02  2.809599727E-02  2.722481139E-02
  2.620439713E-02  2.509948721E-02  2.397680275E-02  2.289964424E-02  2.192224225E-02
  2.108654688E-02  2.042442192E-02  1.996271181E-02  1.972458259E-02  1.972458259E-02
  1.996271181E-02  2.042442192E-02  2.108654688E-02  2.192224225E-02  2.289964424E-02
  2.397680275E-02  2.509948721E-02  2.620439713E-02  2.722481139E-02  2.870642406E-02
  2.932409500E-02  2.964425656E-02  2.964425656E-02  2.932409500E-02  2.870642406E-02
  2.783409566E-02  2.676524928E-02  2.556758839E-02  2.431363241E-02  2.307614632E-02
  2.192224225E-02  2.090775029E-02  2.007529325E-02  1.945649761E-02  1.907481969E-02
  1.894574188E-02  1.907481969E-02  1.945649761E-02  2.007529325E-02  2.090775029E-02
  2.192224225E-02  2.307614632E-02  2.431363241E-02  2.556758839E-02  2.676524928E-02
  2.783409566E-02  2.941926676E-02  2.993988914E-02  3.011819260E-02  2.993988914E-02
  2.941926676E-02  2.859615219E-02  2.752880373E-02  2.628676427E-02  2.494576690E-02
  2.358349833E-02  2.227472007E-02  2.108654688E-02  2.007529325E-02  1.928459475E-02
  1.874422901E-02  1.847075631E-02  1.847075631E-02  1.874422901E-02  1.928459475E-02
  2.007529325E-02  2.108654688E-02  2.227472007E-02  2.358349833E-02  2.494576690E-02
  2.628676427E-02  2.752880373E-02  2.859615219E-02  3.016573348E-02  3.053947784E-02
  3.053947784E-02  3.016573348E-02  2.944700047E-02  2.843527775E-02  2.719889456E-02
  2.581657131E-02  2.437117784E-02  2.294299976E-02  2.160548370E-02  2.042442192E-02
  1.945649761E-02  1.874422901E-02  1.831162020E-02  1.816701475E-02  1.831162020E-02
  1.874422901E-02  1.945649761E-02  2.042442192E-02  2.160548370E-02  2.294299976E-02
  2.437117784E-02  2.581657131E-02  2.719889456E-02  2.843527775E-02  2.944700047E-02
  3.084897143E-02  3.103900310E-02  3.084897143E-02  3.029100132E-02  2.940035205E-02
  2.823345257E-02  2.686539730E-02  2.538344810E-02  2.387593291E-02  2.242332949E-02
  2.109725520E-02  1.996271181E-02  1.907481969E-02  1.847075631E-02  1.816701475E-02
  1.816701475E-02  1.847075631E-02  1.907481969E-02  1.996271181E-02  2.109725520E-02
  2.242332949E-02  2.387593291E-02  2.538344810E-02  2.686539730E-02  2.823345257E-02
  2.940035205E-02  3.029100132E-02  3.136207981E-02  3.136207981E-02  3.100274985E-02
  3.029816103E-02  2.928041759E-02  2.800550083E-02  2.655366887E-02  2.501865586E-02
  2.349190439E-02  2.205426701E-02  2.077734472E-02  1.972458259E-02  1.894574188E-02
  1.847075631E-02  1.831162020E-02  1.847075631E-02  1.894574188E-02  1.972458259E-02
  2.077734472E-02  2.205426701E-02  2.349190439E-02  2.501865586E-02  2.655366887E-02
  2.800550083E-02  2.928041759E-02  3.029816103E-02  3.100274985E-02  3.162840202E-02
  3.146828370E-02  3.098803864E-02  3.019278990E-02  2.910537041E-02  2.777872527E-02
  2.629566195E-02  2.475373371E-02  2.324780134E-02  2.186180548E-02  2.066779246E-02
  1.972458259E-02  1.907481969E-02  1.874422901E-02  1.874422901E-02  1.907481969E-02
  1.972458259E-02  2.066779246E-02  2.186180548E-02  2.324780134E-02  2.475373371E-02
  2.629566195E-02  2.777872527E-02  2.910537041E-02  3.019278990E-02  3.098803864E-02
  3.146828370E-02  3.163459361E-02  3.137227371E-02  3.083583763E-02  3.001411182E-02
  2.891728036E-02  2.759292217E-02  2.612449139E-02  2.461427760E-02  2.316397541E-02
  2.186180548E-02  2.077734472E-02  1.996271181E-02  1.945649761E-02  1.928459475E-02
  1.945649761E-02  1.996271181E-02  2.077734472E-02  2.186180548E-02  2.316397541E-02
  2.461427760E-02  2.612449139E-02  2.759292217E-02  2.891728036E-02  3.001411182E-02
  3.083583763E-02  3.137227371E-02  3.163459361E-02  3.143929298E-02  3.114613215E-02
  3.062061519E-02  2.983072709E-02  2.877233467E-02  2.748788008E-02  2.606451406E-02
  2.461427760E-02  2.324780134E-02  2.205426701E-02  2.109725520E-02  2.042442192E-02
  2.007529325E-02  2.007529325E-02  2.042442192E-02  2.109725520E-02  2.205426701E-02
  2.324780134E-02  2.461427760E-02  2.606451406E-02  2.748788008E-02  2.877233467E-02
  2.983072709E-02  3.062061519E-02  3.114613215E-02  3.143929298E-02  3.153266083E-02
  3.115623107E-02  3.089992307E-02  3.043789148E-02  2.971580904E-02  2.871792482E-02
  2.748788008E-02  2.612449139E-02  2.475373371E-02  2.349190439E-02  2.242332949E-02
  2.160548370E-02  2.108654688E-02  2.090775029E-02  2.108654688E-02  2.160548370E-02
  2.242332949E-02  2.349190439E-02  2.475373371E-02  2.612449139E-02  2.748788008E-02
  2.871792482E-02  2.971580904E-02  3.043789148E-02  3.089992307E-02  3.115623107E-02
  3.126620099E-02  3.126620099E-02  3.091675368E-02  3.074310651E-02  3.036683170E-02
  2.971580904E-02  2.877233467E-02  2.759292217E-02  2.629566195E-02  2.501865586E-02
  2.387593291E-02  2.294299976E-02  2.227472007E-02  2.192224225E-02  2.192224225E-02
  2.227472007E-02  2.294299976E-02  2.387593291E-02  2.501865586E-02  2.629566195E-02
  2.759292217E-02  2.877233467E-02  2.971580904E-02  3.036683170E-02  3.074310651E-02
  3.091675368E-02  3.097582823E-02  3.098738436E-02  3.097582823E-02  3.082399098E-02
  3.074310651E-02  3.043789148E-02  2.983072709E-02  2.891728036E-02  2.777872527E-02
  2.655366887E-02  2.538344810E-02  2.437117784E-02  2.358349833E-02  2.307614632E-02
  2.289964424E-02  2.307614632E-02  2.358349833E-02  2.437117784E-02  2.538344810E-02
  2.655366887E-02  2.777872527E-02  2.891728036E-02  2.983072709E-02  3.043789148E-02
  3.074310651E-02  3.082399098E-02  3.079192753E-02  3.074727945E-02  3.074727945E-02
  3.079192753E-02  3.091675368E-02  3.089992307E-02  3.062061519E-02  3.001411182E-02
  2.910537041E-02  2.800550083E-02  2.686539730E-02  2.581657131E-02  2.494576690E-02
  2.431363241E-02  2.397680275E-02  2.397680275E-02  2.431363241E-02  2.494576690E-02
  2.581657131E-02  2.686539730E-02  2.800550083E-02  2.910537041E-02  3.001411182E-02
  3.062061519E-02  3.089992307E-02  3.091675368E-02  3.079192753E-02  3.065400187E-02
  3.059676066E-02  3.065400187E-02  3.079192753E-02  3.115623107E-02  3.114613215E-02
  3.083583763E-02  3.019278990E-02  2.928041759E-02  2.823345257E-02  2.719889456E-02
  2.628676427E-02  2.556758839E-02  2.509948721E-02  2.493561049E-02  2.509948721E-02
  2.556758839E-02  2.628676427E-02  2.719889456E-02  2.823345257E-02  2.928041759E-02
  3.019278990E-02  3.083583763E-02  3.114613215E-02  3.115623107E-02  3.097582823E-02
  3.074727945E-02  3.059676066E-02  3.059676066E-02  3.074727945E-02  3.097582823E-02
  3.143929298E-02  3.137227371E-02  3.098803864E-02  3.029816103E-02  2.940035205E-02
  2.843527775E-02  2.752880373E-02  2.676524928E-02  2.620439713E-02  2.590297223E-02
  2.590297223E-02  2.620439713E-02  2.676524928E-02  2.752880373E-02  2.843527775E-02
  2.940035205E-02  3.029816103E-02  3.098803864E-02  3.137227371E-02  3.143929298E-02
  3.126620099E-02  3.098738436E-02  3.074727945E-02  3.065400187E-02  3.074727945E-02
  3.098738436E-02  3.126620099E-02  3.163459361E-02  3.146828370E-02  3.100274985E-02
  3.029100132E-02  2.944700047E-02  2.859615219E-02  2.783409566E-02  2.722481139E-02
  2.682375979E-02  2.668246540E-02  2.682375979E-02  2.722481139E-02  2.783409566E-02
  2.859615219E-02  2.944700047E-02  3.029100132E-02  3.100274985E-02  3.146828370E-02
  3.163459361E-02  3.153266083E-02  3.126620099E-02  3.097582823E-02  3.079192753E-02
  3.079192753E-02  3.097582823E-02  3.126620099E-02  3.153266083E-02  3.111788215E-02
  3.072066469E-02  3.020623807E-02  2.962835808E-02  2.904715215E-02  2.851972086E-02
  2.809599727E-02  2.781923695E-02  2.772262769E-02  2.781923695E-02  2.809599727E-02
  2.851972086E-02  2.904715215E-02  2.962835808E-02  3.020623807E-02  3.072066469E-02
  3.111788215E-02  3.136207981E-02  3.144868103E-02  3.141356403E-02  3.132535030E-02
  3.125786836E-02  3.125786836E-02  3.132535030E-02  3.141356403E-02  3.144868103E-02
  3.136207981E-02  3.072066469E-02  3.040533942E-02  3.000831440E-02  2.957011937E-02
  2.913820291E-02  2.876100915E-02  2.848148318E-02  2.833250263E-02  2.833250263E-02
  2.848148318E-02  2.876100915E-02  2.913820291E-02  2.957011937E-02  3.000831440E-02
  3.040533942E-02  3.072066469E-02  3.092421738E-02  3.100274985E-02  3.097106158E-02
  3.087623823E-02  3.078273613E-02  3.074465110E-02  3.078273613E-02  3.087623823E-02
  3.097106158E-02  3.100274985E-02  3.092421738E-02  3.020623807E-02  3.000831440E-02
  2.974929922E-02  2.945877387E-02  2.917687908E-02  2.894485851E-02  2.879411586E-02
  2.874210706E-02  2.879411586E-02  2.894485851E-02  2.917687908E-02  2.945877387E-02
  2.974929922E-02  3.000831440E-02  3.020623807E-02  3.032461945E-02  3.035375252E-02
  3.029816103E-02  3.018599911E-02  3.006644914E-02  2.999083153E-02  2.999083153E-02
  3.006644914E-02  3.018599911E-02  3.029816103E-02  3.035375252E-02  3.032461945E-02
  2.962835808E-02  2.957011937E-02  2.945877387E-02  2.931821559E-02  2.918265035E-02
  2.908147425E-02  2.902927687E-02  2.902927687E-02  2.908147425E-02  2.918265035E-02
  2.931821559E-02  2.945877387E-02  2.957011937E-02  2.962835808E-02  2.962480847E-02
  2.955967150E-02  2.943880442E-02  2.928041759E-02  2.911983240E-02  2.900041903E-02
  2.895639811E-02  2.900041903E-02  2.911983240E-02  2.928041759E-02  2.943880442E-02
  2.955967150E-02  2.962480847E-02  2.904715215E-02  2.913820291E-02  2.917687908E-02
  2.918265035E-02  2.917897745E-02  2.917796362E-02  2.917855653E-02  2.917796362E-02
  2.917897745E-02  2.918265035E-02  2.917687908E-02  2.913820291E-02  2.904715215E-02
  2.889996106E-02  2.870567552E-02  2.847796924E-02  2.823516445E-02  2.800550083E-02
  2.782490730E-02  2.772558665E-02  2.772558665E-02  2.782490730E-02  2.800550083E-02
  2.823516445E-02  2.847796924E-02  2.870567552E-02  2.889996106E-02  2.851972086E-02
  2.876100915E-02  2.894485851E-02  2.908147425E-02  2.917796362E-02  2.923024771E-02
  2.923024771E-02  2.917796362E-02  2.908147425E-02  2.894485851E-02  2.876100915E-02
  2.851972086E-02  2.822114113E-02  2.787921435E-02  2.751515063E-02  2.715299569E-02
  2.682145184E-02  2.655366887E-02  2.637998475E-02  2.631996053E-02  2.637998475E-02
  2.655366887E-02  2.682145184E-02  2.715299569E-02  2.751515063E-02  2.787921435E-02
  2.822114113E-02  2.809599727E-02  2.848148318E-02  2.879411586E-02  2.902927687E-02
  2.917855653E-02  2.923024771E-02  2.917855653E-02  2.902927687E-02  2.879411586E-02
  2.848148318E-02  2.809599727E-02  2.764647966E-02  2.715152849E-02  2.663734801E-02
  2.613370020E-02  2.567330403E-02  2.529108487E-02  2.501865586E-02  2.487756919E-02
  2.487756919E-02  2.501865586E-02  2.529108487E-02  2.567330403E-02  2.613370020E-02
  2.663734801E-02  2.715152849E-02  2.764647966E-02  2.781923695E-02  2.833250263E-02
  2.874210706E-02  2.902927687E-02  2.917796362E-02  2.917796362E-02  2.902927687E-02
  2.874210706E-02  2.833250263E-02  2.781923695E-02  2.722481139E-02  2.657717392E-02
  2.590866867E-02  2.525390226E-02  2.464927584E-02  2.413238920E-02  2.373797002E-02
  2.349190439E-02  2.340846749E-02  2.349190439E-02  2.373797002E-02  2.413238920E-02
  2.464927584E-02  2.525390226E-02  2.590866867E-02  2.657717392E-02  2.722481139E-02
  2.772262769E-02  2.833250263E-02  2.879411586E-02  2.908147425E-02  2.917897745E-02
  2.908147425E-02  2.879411586E-02  2.833250263E-02  2.772262769E-02  2.699956904E-02
  2.620439713E-02  2.538023234E-02  2.456944642E-02  2.381297737E-02  2.315029711E-02
  2.261780841E-02  2.224555295E-02  2.205426701E-02  2.205426701E-02  2.224555295E-02
  2.261780841E-02  2.315029711E-02  2.381297737E-02  2.456944642E-02  2.538023234E-02
  2.620439713E-02  2.699956904E-02  2.781923695E-02  2.848148318E-02  2.894485851E-02
  2.918265035E-02  2.918265035E-02  2.894485851E-02  2.848148318E-02  2.781923695E-02
  2.699956904E-02  2.607436837E-02  2.509948721E-02  2.412950119E-02  2.321453675E-02
  2.239847631E-02  2.171849300E-02  2.120582741E-02  2.088612062E-02  2.077734472E-02
  2.088612062E-02  2.120582741E-02  2.171849300E-02  2.239847631E-02  2.321453675E-02
  2.412950119E-02  2.509948721E-02  2.607436837E-02  2.699956904E-02  2.809599727E-02
  2.876100915E-02  2.917687908E-02  2.931821559E-02  2.917687908E-02  2.876100915E-02
  2.809599727E-02  2.722481139E-02  2.620439713E-02  2.509948721E-02  2.397680275E-02
  2.289964424E-02  2.192224225E-02  2.108654688E-02  2.042442192E-02  1.996271181E-02
  1.972458259E-02  1.972458259E-02  1.996271181E-02  2.042442192E-02  2.108654688E-02
  2.192224225E-02  2.289964424E-02  2.397680275E-02  2.509948721E-02  2.620439713E-02
  2.722481139E-02  2.851972086E-02  2.913820291E-02  2.945877387E-02  2.945877387E-02
  2.913820291E-02  2.851972086E-02  2.764647966E-02  2.657717392E-02  2.538023234E-02
  2.412950119E-02  2.289964424E-02  2.175846006E-02  2.075914737E-02  1.993918387E-02
  1.932656369E-02  1.894574188E-02  1.881621434E-02  1.894574188E-02  1.932656369E-02
  1.993918387E-02  2.075914737E-02  2.175846006E-02  2.289964424E-02  2.412950119E-02
  2.538023234E-02  2.657717392E-02  2.764647966E-02  2.904715215E-02  2.957011937E-02
  2.974929922E-02  2.957011937E-02  2.904715215E-02  2.822114113E-02  2.715152849E-02
  2.590866867E-02  2.456944642E-02  2.321453675E-02  2.192224225E-02  2.075914737E-02
  1.977453912E-02  1.900299023E-02  1.847075631E-02  1.819850761E-02  1.819850761E-02
  1.847075631E-02  1.900299023E-02  1.977453912E-02  2.075914737E-02  2.192224225E-02
  2.321453675E-02  2.456944642E-02  2.590866867E-02  2.715152849E-02  2.822114113E-02
  2.962835808E-02  3.000831440E-02  3.000831440E-02  2.962835808E-02  2.889996106E-02
  2.787921435E-02  2.663734801E-02  2.525390226E-02  2.381297737E-02  2.239847631E-02
  2.108654688E-02  1.993918387E-02  1.900299023E-02  1.831162020E-02  1.788801515E-02
  1.774539360E-02  1.788801515E-02  1.831162020E-02  1.900299023E-02  1.993918387E-02
  2.108654688E-02  2.239847631E-02  2.381297737E-02  2.525390226E-02  2.663734801E-02
  2.787921435E-02  2.889996106E-02  3.020623807E-02  3.040533942E-02  3.020623807E-02
  2.962480847E-02  2.870567552E-02  2.751515063E-02  2.613370020E-02  2.464927584E-02
  2.315029711E-02  2.171849300E-02  2.042442192E-02  1.932656369E-02  1.847075631E-02
  1.788801515E-02  1.759411372E-02  1.759411372E-02  1.788801515E-02  1.847075631E-02
  1.932656369E-02  2.042442192E-02  2.171849300E-02  2.315029711E-02  2.464927584E-02
  2.613370020E-02  2.751515063E-02  2.870567552E-02  2.962480847E-02  3.072066469E-02
  3.072066469E-02  3.032461945E-02  2.955967150E-02  2.847796924E-02  2.715299569E-02
  2.567330403E-02  2.413238920E-02  2.261780841E-02  2.120582741E-02  1.996271181E-02
  1.894574188E-02  1.819850761E-02  1.774539360E-02  1.759411372E-02  1.774539360E-02
  1.819850761E-02  1.894574188E-02  1.996271181E-02  2.120582741E-02  2.261780841E-02
  2.413238920E-02  2.567330403E-02  2.715299569E-02  2.847796924E-02  2.955967150E-02
  3.032461945E-02  3.111788215E-02  3.092421738E-02  3.035375252E-02  2.943880442E-02
  2.823516445E-02  2.682145184E-02  2.529108487E-02  2.373797002E-02  2.224555295E-02
  2.088612062E-02  1.972458259E-02  1.881621434E-02  1.819850761E-02  1.788801515E-02
  1.788801515E-02  1.819850761E-02  1.881621434E-02  1.972458259E-02  2.088612062E-02
  2.224555295E-02  2.373797002E-02  2.529108487E-02  2.682145184E-02  2.823516445E-02
  2.943880442E-02  3.035375252E-02  3.092421738E-02  3.136207981E-02  3.100274985E-02
  3.029816103E-02  2.928041759E-02  2.800550083E-02  2.655366887E-02  2.501865586E-02
  2.349190439E-02  2.205426701E-02  2.077734472E-02  1.972458259E-02  1.894574188E-02
  1.847075631E-02  1.831162020E-02  1.847075631E-02  1.894574188E-02  1.972458259E-02
  2.077734472E-02  2.205426701E-02  2.349190439E-02  2.501865586E-02  2.655366887E-02
  2.800550083E-02  2.928041759E-02  3.029816103E-02  3.100274985E-02  3.136207981E-02
  3.144868103E-02  3.097106158E-02  3.018599911E-02  2.911983240E-02  2.782490730E-02
  2.637998475E-02  2.487756919E-02  2.340846749E-02  2.205426701E-02  2.088612062E-02
  1.996271181E-02  1.932656369E-02  1.900299023E-02  1.900299023E-02  1.932656369E-02
  1.996271181E-02  2.088612062E-02  2.205426701E-02  2.340846749E-02  2.487756919E-02
  2.637998475E-02  2.782490730E-02  2.911983240E-02  3.018599911E-02  3.097106158E-02
  3.144868103E-02  3.160871027E-02  3.141356403E-02  3.087623823E-02  3.006644914E-02
  2.900041903E-02  2.772558665E-02  2.631996053E-02  2.487756919E-02  2.349190439E-02
  2.224555295E-02  2.120582741E-02  2.042442192E-02  1.993918387E-02  1.977453912E-02
  1.993918387E-02  2.042442192E-02  2.120582741E-02  2.224555295E-02  2.349190439E-02
  2.487756919E-02  2.631996053E-02  2.772558665E-02  2.900041903E-02  3.006644914E-02
  3.087623823E-02  3.141356403E-02  3.167999815E-02  3.167999815E-02  3.132535030E-02
  3.078273613E-02  2.999083153E-02  2.895639811E-02  2.772558665E-02  2.637998475E-02
  2.501865586E-02  2.373797002E-02  2.261780841E-02  2.171849300E-02  2.108654688E-02
  2.075914737E-02  2.075914737E-02  2.108654688E-02  2.171849300E-02  2.261780841E-02
  2.373797002E-02  2.501865586E-02  2.637998475E-02  2.772558665E-02  2.895639811E-02
  2.999083153E-02  3.078273613E-02  3.132535030E-02  3.163674755E-02  3.173773564E-02
  3.163674755E-02  3.125786836E-02  3.074465110E-02  2.999083153E-02  2.900041903E-02
  2.782490730E-02  2.655366887E-02  2.529108487E-02  2.413238920E-02  2.315029711E-02
  2.239847631E-02  2.192224225E-02  2.175846006E-02  2.192224225E-02  2.239847631E-02
  2.315029711E-02  2.413238920E-02  2.529108487E-02  2.655366887E-02  2.782490730E-02
  2.900041903E-02  2.999083153E-02  3.074465110E-02  3.125786836E-02  3.156274842E-02
  3.170151414E-02  3.170151414E-02  3.156274842E-02  3.125786836E-02  3.078273613E-02
  3.006644914E-02  2.911983240E-02  2.800550083E-02  2.682145184E-02  2.567330403E-02
  2.464927584E-02  2.381297737E-02  2.321453675E-02  2.289964424E-02  2.289964424E-02
  2.321453675E-02  2.381297737E-02  2.464927584E-02  2.567330403E-02  2.682145184E-02
  2.800550083E-02  2.911983240E-02  3.006644914E-02  3.078273613E-02  3.125786836E-02
  3.152892910E-02  3.165646658E-02  3.169235252E-02  3.165646658E-02  3.152892910E-02
  3.132535030E-02  3.087623823E-02  3.018599911E-02  2.928041759E-02  2.823516445E-02
  2.715299569E-02  2.613370020E-02  2.525390226E-02  2.456944642E-02  2.412950119E-02
  2.397680275E-02  2.412950119E-02  2.456944642E-02  2.525390226E-02  2.613370020E-02
  2.715299569E-02  2.823516445E-02  2.928041759E-02  3.018599911E-02  3.087623823E-02
  3.132535030E-02  3.156274842E-02  3.165646658E-02  3.168019458E-02  3.168019458E-02
  3.165646658E-02  3.156274842E-02  3.141356403E-02  3.097106158E-02  3.029816103E-02
  2.943880442E-02  2.847796924E-02  2.751515063E-02  2.663734801E-02  2.590866867E-02
  2.538023234E-02  2.509948721E-02  2.509948721E-02  2.538023234E-02  2.590866867E-02
  2.663734801E-02  2.751515063E-02  2.847796924E-02  2.943880442E-02  3.029816103E-02
  3.097106158E-02  3.141356403E-02  3.163674755E-02  3.170151414E-02  3.169235252E-02
  3.168019458E-02  3.169235252E-02  3.170151414E-02  3.163674755E-02  3.144868103E-02
  3.100274985E-02  3.035375252E-02  2.955967150E-02  2.870567552E-02  2.787921435E-02
  2.715152849E-02  2.657717392E-02  2.620439713E-02  2.607436837E-02  2.620439713E-02
  2.657717392E-02  2.715152849E-02  2.787921435E-02  2.870567552E-02  2.955967150E-02
  3.035375252E-02  3.100274985E-02  3.144868103E-02  3.167999815E-02  3.173773564E-02
  3.170151414E-02  3.165646658E-02  3.165646658E-02  3.170151414E-02  3.173773564E-02
  3.167999815E-02  3.136207981E-02  3.092421738E-02  3.032461945E-02  2.962480847E-02
  2.889996106E-02  2.822114113E-02  2.764647966E-02  2.722481139E-02  2.699956904E-02
  2.699956904E-02  2.722481139E-02  2.764647966E-02  2.822114113E-02  2.889996106E-02
  2.962480847E-02  3.032461945E-02  3.092421738E-02  3.136207981E-02  3.160871027E-02
  3.167999815E-02  3.163674755E-02  3.156274842E-02  3.152892910E-02  3.156274842E-02
  3.163674755E-02  3.167999815E-02  3.160871027E-02  3.050146594E-02  3.020107377E-02
  2.983813324E-02  2.944016031E-02  2.904715215E-02  2.870642406E-02  2.845906621E-02
  2.833030801E-02  2.833030801E-02  2.845906621E-02  2.870642406E-02  2.904715215E-02
  2.944016031E-02  2.983813324E-02  3.020107377E-02  3.050146594E-02  3.072066469E-02
  3.084897143E-02  3.089393964E-02  3.088413856E-02  3.085792435E-02  3.084552396E-02
  3.085792435E-02  3.088413856E-02  3.089393964E-02  3.084897143E-02  3.072066469E-02
  3.020107377E-02  3.003892264E-02  2.982092967E-02  2.957011937E-02  2.932409500E-02
  2.912343780E-02  2.899604912E-02  2.895296516E-02  2.899604912E-02  2.912343780E-02
  2.932409500E-02  2.957011937E-02  2.982092967E-02  3.003892264E-02  3.020107377E-02
  3.029721195E-02  3.032461945E-02  3.029100132E-02  3.022019323E-02  3.014693231E-02
  3.010208571E-02  3.010208571E-02  3.014693231E-02  3.022019323E-02  3.029100132E-02
  3.032461945E-02  3.029721195E-02  2.983813324E-02  2.982092967E-02  2.974929922E-02
  2.964425656E-02  2.953854707E-02  2.946020802E-02  2.942092601E-02  2.942092601E-02
  2.946020802E-02  2.953854707E-02  2.964425656E-02  2.974929922E-02  2.982092967E-02
  2.983813324E-02  2.979597758E-02  2.969922400E-02  2.955967150E-02  2.940035205E-02
  2.925449166E-02  2.915398407E-02  2.911848786E-02  2.915398407E-02  2.925449166E-02
  2.940035205E-02  2.955967150E-02  2.969922400E-02  2.979597758E-02  2.944016031E-02
  2.957011937E-02  2.964425656E-02  2.967960488E-02  2.969797591E-02  2.971068271E-02
  2.971597729E-02  2.971068271E-02  2.969797591E-02  2.967960488E-02  2.964425656E-02
  2.957011937E-02  2.944016031E-02  2.925234816E-02  2.901679517E-02  2.875037408E-02
  2.847796924E-02  2.823345257E-02  2.805136405E-02  2.795538178E-02  2.795538178E-02
  2.805136405E-02  2.823345257E-02  2.847796924E-02  2.875037408E-02  2.901679517E-02
  2.925234816E-02  2.904715215E-02  2.932409500E-02  2.953854707E-02  2.969797591E-02
  2.980874428E-02  2.986769471E-02  2.986769471E-02  2.980874428E-02  2.969797591E-02
  2.953854707E-02  2.932409500E-02  2.904715215E-02  2.871035522E-02  2.832793437E-02
  2.792113324E-02  2.751760220E-02  2.715299569E-02  2.686539730E-02  2.668372933E-02
  2.662204643E-02  2.668372933E-02  2.686539730E-02  2.715299569E-02  2.751760220E-02
  2.792113324E-02  2.832793437E-02  2.871035522E-02  2.870642406E-02  2.912343780E-02
  2.946020802E-02  2.971068271E-02  2.986769471E-02  2.992164851E-02  2.986769471E-02
  2.971068271E-02  2.946020802E-02  2.912343780E-02  2.870642406E-02  2.822114113E-02
  2.768797688E-02  2.713278298E-02  2.658616441E-02  2.608578850E-02  2.567330403E-02
  2.538344810E-02  2.523548011E-02  2.523548011E-02  2.538344810E-02  2.567330403E-02
  2.608578850E-02  2.658616441E-02  2.713278298E-02  2.768797688E-02  2.822114113E-02
  2.845906621E-02  2.899604912E-02  2.942092601E-02  2.971597729E-02  2.986769471E-02
  2.986769471E-02  2.971597729E-02  2.942092601E-02  2.899604912E-02  2.845906621E-02
  2.783409566E-02  2.715152849E-02  2.644450409E-02  2.574787096E-02  2.510136230E-02
  2.454942834E-02  2.413238920E-02  2.387593291E-02  2.378989986E-02  2.387593291E-02
  2.413238920E-02  2.454942834E-02  2.510136230E-02  2.574787096E-02  2.644450409E-02
  2.715152849E-02  2.783409566E-02  2.833030801E-02  2.895296516E-02  2.942092601E-02
  2.971068271E-02  2.980874428E-02  2.971068271E-02  2.942092601E-02  2.895296516E-02
  2.833030801E-02  2.758708528E-02  2.676524928E-02  2.590866867E-02  2.505977581E-02
  2.426186108E-02  2.356129387E-02  2.300244563E-02  2.261780841E-02  2.242332949E-02
  2.242332949E-02  2.261780841E-02  2.300244563E-02  2.356129387E-02  2.426186108E-02
  2.505977581E-02  2.590866867E-02  2.676524928E-02  2.758708528E-02  2.833030801E-02
  2.899604912E-02  2.946020802E-02  2.969797591E-02  2.969797591E-02  2.946020802E-02
  2.899604912E-02  2.833030801E-02  2.750236478E-02  2.656305110E-02  2.556758839E-02
  2.456944642E-02  2.361922245E-02  2.276626521E-02  2.205707684E-02  2.152915710E-02
  2.120582741E-02  2.109725520E-02  2.120582741E-02  2.152915710E-02  2.205707684E-02
  2.276626521E-02  2.361922245E-02  2.456944642E-02  2.556758839E-02  2.656305110E-02
  2.750236478E-02  2.845906621E-02  2.912343780E-02  2.953854707E-02  2.967960488E-02
  2.953854707E-02  2.912343780E-02  2.845906621E-02  2.758708528E-02  2.656305110E-02
  2.545033625E-02  2.431363241E-02  2.321453675E-02  2.220929743E-02  2.134708927E-02
  2.066784514E-02  2.020046490E-02  1.996271181E-02  1.996271181E-02  2.020046490E-02
  2.066784514E-02  2.134708927E-02  2.220929743E-02  2.321453675E-02  2.431363241E-02
  2.545033625E-02  2.656305110E-02  2.758708528E-02  2.870642406E-02  2.932409500E-02
  2.964425656E-02  2.964425656E-02  2.932409500E-02  2.870642406E-02  2.783409566E-02
  2.676524928E-02  2.556758839E-02  2.431363241E-02  2.307614632E-02  2.192224225E-02
  2.090775029E-02  2.007529325E-02  1.945649761E-02  1.907481969E-02  1.894574188E-02
  1.907481969E-02  1.945649761E-02  2.007529325E-02  2.090775029E-02  2.192224225E-02
  2.307614632E-02  2.431363241E-02  2.556758839E-02  2.676524928E-02  2.783409566E-02
  2.904715215E-02  2.957011937E-02  2.974929922E-02  2.957011937E-02  2.904715215E-02
  2.822114113E-02  2.715152849E-02  2.590866867E-02  2.456944642E-02  2.321453675E-02
  2.192224225E-02  2.075914737E-02  1.977453912E-02  1.900299023E-02  1.847075631E-02
  1.819850761E-02  1.819850761E-02  1.847075631E-02  1.900299023E-02  1.977453912E-02
  2.075914737E-02  2.192224225E-02  2.321453675E-02  2.456944642E-02  2.590866867E-02
  2.715152849E-02  2.822114113E-02  2.944016031E-02  2.982092967E-02  2.982092967E-02
  2.944016031E-02  2.871035522E-02  2.768797688E-02  2.644450409E-02  2.505977581E-02
  2.361922245E-02  2.220929743E-02  2.090775029E-02  1.977453912E-02  1.885112183E-02
  1.816701475E-02  1.774539360E-02  1.760279333E-02  1.774539360E-02  1.816701475E-02
  1.885112183E-02  1.977453912E-02  2.090775029E-02  2.220929743E-02  2.361922245E-02
  2.505977581E-02  2.644450409E-02  2.768797688E-02  2.871035522E-02  2.983813324E-02
  3.003892264E-02  2.983813324E-02  2.925234816E-02  2.832793437E-02  2.713278298E-02
  2.574787096E-02  2.426186108E-02  2.276626521E-02  2.134708927E-02  2.007529325E-02
  1.900299023E-02  1.816701475E-02  1.759411372E-02  1.730283626E-02  1.730283626E-02
  1.759411372E-02  1.816701475E-02  1.900299023E-02  2.007529325E-02  2.134708927E-02
  2.276626521E-02  2.426186108E-02  2.574787096E-02  2.713278298E-02  2.832793437E-02
  2.925234816E-02  3.020107377E-02  3.020107377E-02  2.979597758E-02  2.901679517E-02
  2.792113324E-02  2.658616441E-02  2.510136230E-02  2.356129387E-02  2.205707684E-02
  2.066784514E-02  1.945649761E-02  1.847075631E-02  1.774539360E-02  1.730283626E-02
  1.715428563E-02  1.730283626E-02  1.774539360E-02  1.847075631E-02  1.945649761E-02
  2.066784514E-02  2.205707684E-02  2.356129387E-02  2.510136230E-02  2.658616441E-02
  2.792113324E-02  2.901679517E-02  2.979597758E-02  3.050146594E-02  3.029721195E-02
  2.969922400E-02  2.875037408E-02  2.751760220E-02  2.608578850E-02  2.454942834E-02
  2.300244563E-02  2.152915710E-02  2.020046490E-02  1.907481969E-02  1.819850761E-02
  1.760279333E-02  1.730283626E-02  1.730283626E-02  1.760279333E-02  1.819850761E-02
  1.907481969E-02  2.020046490E-02  2.152915710E-02  2.300244563E-02  2.454942834E-02
  2.608578850E-02  2.751760220E-02  2.875037408E-02  2.969922400E-02  3.029721195E-02
  3.072066469E-02  3.032461945E-02  2.955967150E-02  2.847796924E-02  2.715299569E-02
  2.567330403E-02  2.413238920E-02  2.261780841E-02  2.120582741E-02  1.996271181E-02
  1.894574188E-02  1.819850761E-02  1.774539360E-02  1.759411372E-02  1.774539360E-02
  1.819850761E-02  1.894574188E-02  1.996271181E-02  2.120582741E-02  2.261780841E-02
  2.413238920E-02  2.567330403E-02  2.715299569E-02  2.847796924E-02  2.955967150E-02
  3.032461945E-02  3.072066469E-02  3.084897143E-02  3.029100132E-02  2.940035205E-02
  2.823345257E-02  2.686539730E-02  2.538344810E-02  2.387593291E-02  2.242332949E-02
  2.109725520E-02  1.996271181E-02  1.907481969E-02  1.847075631E-02  1.816701475E-02
  1.816701475E-02  1.847075631E-02  1.907481969E-02  1.996271181E-02  2.109725520E-02
  2.242332949E-02  2.387593291E-02  2.538344810E-02  2.686539730E-02  2.823345257E-02
  2.940035205E-02  3.029100132E-02  3.084897143E-02  3.103900310E-02  3.089393964E-02
  3.022019323E-02  2.925449166E-02  2.805136405E-02  2.668372933E-02  2.523548011E-02
  2.378989986E-02  2.242332949E-02  2.120582741E-02  2.020046490E-02  1.945649761E-02
  1.900299023E-02  1.885112183E-02  1.900299023E-02  1.945649761E-02  2.020046490E-02
  2.120582741E-02  2.242332949E-02  2.378989986E-02  2.523548011E-02  2.668372933E-02
  2.805136405E-02  2.925449166E-02  3.022019323E-02  3.089393964E-02  3.123991578E-02
  3.123991578E-02  3.088413856E-02  3.014693231E-02  2.915398407E-02  2.795538178E-02
  2.662204643E-02  2.523548011E-02  2.387593291E-02  2.261780841E-02  2.152915710E-02
  2.066784514E-02  2.007529325E-02  1.977453912E-02  1.977453912E-02  2.007529325E-02
  2.066784514E-02  2.152915710E-02  2.261780841E-02  2.387593291E-02  2.523548011E-02
  2.662204643E-02  2.795538178E-02  2.915398407E-02  3.014693231E-02  3.088413856E-02
  3.133632776E-02  3.148862301E-02  3.133632776E-02  3.085792435E-02  3.010208571E-02
  2.911848786E-02  2.795538178E-02  2.668372933E-02  2.538344810E-02  2.413238920E-02
  2.300244563E-02  2.205707684E-02  2.134708927E-02  2.090775029E-02  2.075914737E-02
  2.090775029E-02  2.134708927E-02  2.205707684E-02  2.300244563E-02  2.413238920E-02
  2.538344810E-02  2.668372933E-02  2.795538178E-02  2.911848786E-02  3.010208571E-02
  3.085792435E-02  3.136435448E-02  3.161708466E-02  3.161708466E-02  3.136435448E-02
  3.084552396E-02  3.010208571E-02  2.915398407E-02  2.805136405E-02  2.686539730E-02
  2.567330403E-02  2.454942834E-02  2.356129387E-02  2.276626521E-02  2.220929743E-02
  2.192224225E-02  2.192224225E-02  2.220929743E-02  2.276626521E-02  2.356129387E-02
  2.454942834E-02  2.567330403E-02  2.686539730E-02  2.805136405E-02  2.915398407E-02
  3.010208571E-02  3.084552396E-02  3.136531100E-02  3.166762769E-02  3.176628251E-02
  3.166762769E-02  3.136531100E-02  3.085792435E-02  3.014693231E-02  2.925449166E-02
  2.823345257E-02  2.715299569E-02  2.608578850E-02  2.510136230E-02  2.426186108E-02
  2.361922245E-02  2.321453675E-02  2.307614632E-02  2.321453675E-02  2.361922245E-02
  2.426186108E-02  2.510136230E-02  2.608578850E-02  2.715299569E-02  2.823345257E-02
  2.925449166E-02  3.014693231E-02  3.085792435E-02  3.136531100E-02  3.167932177E-02
  3.182627794E-02  3.182627794E-02  3.167932177E-02  3.136531100E-02  3.088413856E-02
  3.022019323E-02  2.940035205E-02  2.847796924E-02  2.751760220E-02  2.658616441E-02
  2.574787096E-02  2.505977581E-02  2.456944642E-02  2.431363241E-02  2.431363241E-02
  2.456944642E-02  2.505977581E-02  2.574787096E-02  2.658616441E-02  2.751760220E-02
  2.847796924E-02  2.940035205E-02  3.022019323E-02  3.088413856E-02  3.136435448E-02
  3.166762769E-02  3.182627794E-02  3.187445310E-02  3.182627794E-02  3.166762769E-02
  3.136435448E-02  3.089393964E-02  3.029100132E-02  2.955967150E-02  2.875037408E-02
  2.792113324E-02  2.713278298E-02  2.644450409E-02  2.590866867E-02  2.556758839E-02
  2.545033625E-02  2.556758839E-02  2.590866867E-02  2.644450409E-02  2.713278298E-02
  2.792113324E-02  2.875037408E-02  2.955967150E-02  3.029100132E-02  3.089393964E-02
  3.133632776E-02  3.161708466E-02  3.176628251E-02  3.182627794E-02  3.182627794E-02
  3.176628251E-02  3.161708466E-02  3.133632776E-02  3.084897143E-02  3.032461945E-02
  2.969922400E-02  2.901679517E-02  2.832793437E-02  2.768797688E-02  2.715152849E-02
  2.676524928E-02  2.656305110E-02  2.656305110E-02  2.676524928E-02  2.715152849E-02
  2.768797688E-02  2.832793437E-02  2.901679517E-02  2.969922400E-02  3.032461945E-02
  3.084897143E-02  3.123991578E-02  3.148862301E-02  3.161708466E-02  3.166762769E-02
  3.167932177E-02  3.166762769E-02  3.161708466E-02  3.148862301E-02  3.123991578E-02
  3.072066469E-02  3.029721195E-02  2.979597758E-02  2.925234816E-02  2.871035522E-02
  2.822114113E-02  2.783409566E-02  2.758708528E-02  2.750236478E-02  2.758708528E-02
  2.783409566E-02  2.822114113E-02  2.871035522E-02  2.925234816E-02  2.979597758E-02
  3.029721195E-02  3.072066469E-02  3.103900310E-02  3.123991578E-02  3.133632776E-02
  3.136435448E-02  3.136531100E-02  3.136531100E-02  3.136435448E-02  3.133632776E-02
  3.123991578E-02  3.103900310E-02  3.013758143E-02  3.001432217E-02  2.983813324E-02
  2.962835808E-02  2.941926676E-02  2.924896770E-02  2.914240443E-02  2.910688634E-02
  2.914240443E-02  2.924896770E-02  2.941926676E-02  2.962835808E-02  2.983813324E-02
  3.001432217E-02  3.013758143E-02  3.020107377E-02  3.020623807E-02  3.016573348E-02
  3.010473013E-02  3.005083351E-02  3.002122338E-02  3.002122338E-02  3.005083351E-02
  3.010473013E-02  3.016573348E-02  3.020623807E-02  3.020107377E-02  3.001432217E-02
  3.003892264E-02  3.000831440E-02  2.993988914E-02  2.986285352E-02  2.980372308E-02
  2.977403779E-02  2.977403779E-02  2.980372308E-02  2.986285352E-02  2.993988914E-02
  3.000831440E-02  3.003892264E-02  3.001432217E-02  2.993126158E-02  2.979597758E-02
  2.962480847E-02  2.944700047E-02  2.929745154E-02  2.920165646E-02  2.916931986E-02
  2.920165646E-02  2.929745154E-02  2.944700047E-02  2.962480847E-02  2.979597758E-02
  2.993126158E-02  2.983813324E-02  3.000831440E-02  3.011819260E-02  3.018047865E-02
  3.021485773E-02  3.023461993E-02  3.024168659E-02  3.023461993E-02  3.021485773E-02
  3.018047865E-02  3.011819260E-02  3.000831440E-02  2.983813324E-02  2.960798904E-02
  2.932796430E-02  2.901679517E-02  2.870567552E-02  2.843527775E-02  2.824128528E-02
  2.814218069E-02  2.814218069E-02  2.824128528E-02  2.843527775E-02  2.870567552E-02
  2.901679517E-02  2.932796430E-02  2.960798904E-02  2.962835808E-02  2.993988914E-02
  3.018047865E-02  3.035422110E-02  3.046897365E-02  3.052736840E-02  3.052736840E-02
  3.046897365E-02  3.035422110E-02  3.018047865E-02  2.993988914E-02  2.962835808E-02
  2.925234816E-02  2.882678717E-02  2.837267279E-02  2.792113324E-02  2.751515063E-02
  2.719889456E-02  2.700211373E-02  2.693598877E-02  2.700211373E-02  2.719889456E-02
  2.751515063E-02  2.792113324E-02  2.837267279E-02  2.882678717E-02  2.925234816E-02
  2.941926676E-02  2.986285352E-02  3.021485773E-02  3.046897365E-02  3.062329854E-02
  3.067528973E-02  3.062329854E-02  3.046897365E-02  3.021485773E-02  2.986285352E-02
  2.941926676E-02  2.889996106E-02  2.832793437E-02  2.772889227E-02  2.713414950E-02
  2.658616441E-02  2.613370020E-02  2.581657131E-02  2.565528678E-02  2.565528678E-02
  2.581657131E-02  2.613370020E-02  2.658616441E-02  2.713414950E-02  2.772889227E-02
  2.832793437E-02  2.889996106E-02  2.924896770E-02  2.980372308E-02  3.023461993E-02
  3.052736840E-02  3.067528973E-02  3.067528973E-02  3.052736840E-02  3.023461993E-02
  2.980372308E-02  2.924896770E-02  2.859615219E-02  2.787921435E-02  2.713278298E-02
  2.639166698E-02  2.569778159E-02  2.510136230E-02  2.464927584E-02  2.437117784E-02
  2.427794087E-02  2.437117784E-02  2.464927584E-02  2.510136230E-02  2.569778159E-02
  2.639166698E-02  2.713278298E-02  2.787921435E-02  2.859615219E-02  2.914240443E-02
  2.977403779E-02  3.024168659E-02  3.052736840E-02  3.062329854E-02  3.052736840E-02
  3.024168659E-02  2.977403779E-02  2.914240443E-02  2.837926556E-02  2.752880373E-02
  2.663734801E-02  2.574787096E-02  2.490466782E-02  2.415867703E-02  2.356129387E-02
  2.315029711E-02  2.294299976E-02  2.294299976E-02  2.315029711E-02  2.356129387E-02
  2.415867703E-02  2.490466782E-02  2.574787096E-02  2.663734801E-02  2.752880373E-02
  2.837926556E-02  2.910688634E-02  2.977403779E-02  3.023461993E-02  3.046897365E-02
  3.046897365E-02  3.023461993E-02  2.977403779E-02  2.910688634E-02  2.826861993E-02
  2.730965910E-02  2.628676427E-02  2.525390226E-02  2.426186108E-02  2.336370265E-02
  2.261384564E-02  2.205707684E-02  2.171849300E-02  2.160548370E-02  2.171849300E-02
  2.205707684E-02  2.261384564E-02  2.336370265E-02  2.426186108E-02  2.525390226E-02
  2.628676427E-02  2.730965910E-02  2.826861993E-02  2.914240443E-02  2.980372308E-02
  3.021485773E-02  3.035422110E-02  3.021485773E-02  2.980372308E-02  2.914240443E-02
  2.826861993E-02  2.723567981E-02  2.610671118E-02  2.494576690E-02  2.381297737E-02
  2.276626521E-02  2.186262141E-02  2.115201018E-02  2.066784514E-02  2.042442192E-02
  2.042442192E-02  2.066784514E-02  2.115201018E-02  2.186262141E-02  2.276626521E-02
  2.381297737E-02  2.494576690E-02  2.610671118E-02  2.723567981E-02  2.826861993E-02
  2.924896770E-02  2.986285352E-02  3.018047865E-02  3.018047865E-02  2.986285352E-02
  2.924896770E-02  2.837926556E-02  2.730965910E-02  2.610671118E-02  2.484143103E-02
  2.358349833E-02  2.239847631E-02  2.134708927E-02  2.048251576E-02  1.984469475E-02
  1.945649761E-02  1.932656369E-02  1.945649761E-02  1.984469475E-02  2.048251576E-02
  2.134708927E-02  2.239847631E-02  2.358349833E-02  2.484143103E-02  2.610671118E-02
  2.730965910E-02  2.837926556E-02  2.941926676E-02  2.993988914E-02  3.011819260E-02
  2.993988914E-02  2.941926676E-02  2.859615219E-02  2.752880373E-02  2.628676427E-02
  2.494576690E-02  2.358349833E-02  2.227472007E-02  2.108654688E-02  2.007529325E-02
  1.928459475E-02  1.874422901E-02  1.847075631E-02  1.847075631E-02  1.874422901E-02
  1.928459475E-02  2.007529325E-02  2.108654688E-02  2.227472007E-02  2.358349833E-02
  2.494576690E-02  2.628676427E-02  2.752880373E-02  2.859615219E-02  2.962835808E-02
  3.000831440E-02  3.000831440E-02  2.962835808E-02  2.889996106E-02  2.787921435E-02
  2.663734801E-02  2.525390226E-02  2.381297737E-02  2.239847631E-02  2.108654688E-02
  1.993918387E-02  1.900299023E-02  1.831162020E-02  1.788801515E-02  1.774539360E-02
  1.788801515E-02  1.831162020E-02  1.900299023E-02  1.993918387E-02  2.108654688E-02
  2.239847631E-02  2.381297737E-02  2.525390226E-02  2.663734801E-02  2.787921435E-02
  2.889996106E-02  2.983813324E-02  3.003892264E-02  2.983813324E-02  2.925234816E-02
  2.832793437E-02  2.713278298E-02  2.574787096E-02  2.426186108E-02  2.276626521E-02
  2.134708927E-02  2.007529325E-02  1.900299023E-02  1.816701475E-02  1.759411372E-02
  1.730283626E-02  1.730283626E-02  1.759411372E-02  1.816701475E-02  1.900299023E-02
  2.007529325E-02  2.134708927E-02  2.276626521E-02  2.426186108E-02  2.574787096E-02
  2.713278298E-02  2.832793437E-02  2.925234816E-02  3.001432217E-02  3.001432217E-02
  2.960798904E-02  2.882678717E-02  2.772889227E-02  2.639166698E-02  2.490466782E-02
  2.336370265E-02  2.186262141E-02  2.048251576E-02  1.928459475E-02  1.831162020E-02
  1.759411372E-02  1.715428563E-02  1.700609124E-02  1.715428563E-02  1.759411372E-02
  1.831162020E-02  1.928459475E-02  2.048251576E-02  2.186262141E-02  2.336370265E-02
  2.490466782E-02  2.639166698E-02  2.772889227E-02  2.882678717E-02  2.960798904E-02
  3.013758143E-02  2.993126158E-02  2.932796430E-02  2.837267279E-02  2.713414950E-02
  2.569778159E-02  2.415867703E-02  2.261384564E-02  2.115201018E-02  1.984469475E-02
  1.874422901E-02  1.788801515E-02  1.730283626E-02  1.700609124E-02  1.700609124E-02
  1.730283626E-02  1.788801515E-02  1.874422901E-02  1.984469475E-02  2.115201018E-02
  2.261384564E-02  2.415867703E-02  2.569778159E-02  2.713414950E-02  2.837267279E-02
  2.932796430E-02  2.993126158E-02  3.020107377E-02  2.979597758E-02  2.901679517E-02
  2.792113324E-02  2.658616441E-02  2.510136230E-02  2.356129387E-02  2.205707684E-02
  2.066784514E-02  1.945649761E-02  1.847075631E-02  1.774539360E-02  1.730283626E-02
  1.715428563E-02  1.730283626E-02  1.774539360E-02  1.847075631E-02  1.945649761E-02
  2.066784514E-02  2.205707684E-02  2.356129387E-02  2.510136230E-02  2.658616441E-02
  2.792113324E-02  2.901679517E-02  2.979597758E-02  3.020107377E-02  3.020623807E-02
  2.962480847E-02  2.870567552E-02  2.751515063E-02  2.613370020E-02  2.464927584E-02
  2.315029711E-02  2.171849300E-02  2.042442192E-02  1.932656369E-02  1.847075631E-02
  1.788801515E-02  1.759411372E-02  1.759411372E-02  1.788801515E-02  1.847075631E-02
  1.932656369E-02  2.042442192E-02  2.171849300E-02  2.315029711E-02  2.464927584E-02
  2.613370020E-02  2.751515063E-02  2.870567552E-02  2.962480847E-02  3.020623807E-02
  3.040533942E-02  3.016573348E-02  2.944700047E-02  2.843527775E-02  2.719889456E-02
  2.581657131E-02  2.437117784E-02  2.294299976E-02  2.160548370E-02  2.042442192E-02
  1.945649761E-02  1.874422901E-02  1.831162020E-02  1.816701475E-02  1.831162020E-02
  1.874422901E-02  1.945649761E-02  2.042442192E-02  2.160548370E-02  2.294299976E-02
  2.437117784E-02  2.581657131E-02  2.719889456E-02  2.843527775E-02  2.944700047E-02
  3.016573348E-02  3.053947784E-02  3.053947784E-02  3.010473013E-02  2.929745154E-02
  2.824128528E-02  2.700211373E-02  2.565528678E-02  2.427794087E-02  2.294299976E-02
  2.171849300E-02  2.066784514E-02  1.984469475E-02  1.928459475E-02  1.900299023E-02
  1.900299023E-02  1.928459475E-02  1.984469475E-02  2.066784514E-02  2.171849300E-02
  2.294299976E-02  2.427794087E-02  2.565528678E-02  2.700211373E-02  2.824128528E-02
  2.929745154E-02  3.010473013E-02  3.061165662E-02  3.078459848E-02  3.061165662E-02
  3.005083351E-02  2.920165646E-02  2.814218069E-02  2.693598877E-02  2.565528678E-02
  2.437117784E-02  2.315029711E-02  2.205707684E-02  2.115201018E-02  2.048251576E-02
  2.007529325E-02  1.993918387E-02  2.007529325E-02  2.048251576E-02  2.115201018E-02
  2.205707684E-02  2.315029711E-02  2.437117784E-02  2.565528678E-02  2.693598877E-02
  2.814218069E-02  2.920165646E-02  3.005083351E-02  3.064225850E-02  3.094548494E-02
  3.094548494E-02  3.064225850E-02  3.002122338E-02  2.916931986E-02  2.814218069E-02
  2.700211373E-02  2.581657131E-02  2.464927584E-02  2.356129387E-02  2.261384564E-02
  2.186262141E-02  2.134708927E-02  2.108654688E-02  2.108654688E-02  2.134708927E-02
  2.186262141E-02  2.261384564E-02  2.356129387E-02  2.464927584E-02  2.581657131E-02
  2.700211373E-02  2.814218069E-02  2.916931986E-02  3.002122338E-02  3.065261422E-02
  3.103842010E-02  3.116795301E-02  3.103842010E-02  3.065261422E-02  3.002122338E-02
  2.920165646E-02  2.824128528E-02  2.719889456E-02  2.613370020E-02  2.510136230E-02
  2.415867703E-02  2.336370265E-02  2.276626521E-02  2.239847631E-02  2.227472007E-02
  2.239847631E-02  2.276626521E-02  2.336370265E-02  2.415867703E-02  2.510136230E-02
  2.613370020E-02  2.719889456E-02  2.824128528E-02  2.920165646E-02  3.002122338E-02
  3.065498301E-02  3.108034735E-02  3.129236632E-02  3.129236632E-02  3.108034735E-02
  3.065498301E-02  3.005083351E-02  2.929745154E-02  2.843527775E-02  2.751515063E-02
  2.658616441E-02  2.569778159E-02  2.490466782E-02  2.426186108E-02  2.381297737E-02
  2.358349833E-02  2.358349833E-02  2.381297737E-02  2.426186108E-02  2.490466782E-02
  2.569778159E-02  2.658616441E-02  2.751515063E-02  2.843527775E-02  2.929745154E-02
  3.005083351E-02  3.065261422E-02  3.108034735E-02  3.133211868E-02  3.141479252E-02
  3.133211868E-02  3.108034735E-02  3.065261422E-02  3.010473013E-02  2.944700047E-02
  2.870567552E-02  2.792113324E-02  2.713414950E-02  2.639166698E-02  2.574787096E-02
  2.525390226E-02  2.494576690E-02  2.484143103E-02  2.494576690E-02  2.525390226E-02
  2.574787096E-02  2.639166698E-02  2.713414950E-02  2.792113324E-02  2.870567552E-02
  2.944700047E-02  3.010473013E-02  3.064225850E-02  3.103842010E-02  3.129236632E-02
  3.141479252E-02  3.141479252E-02  3.129236632E-02  3.103842010E-02  3.064225850E-02
  3.016573348E-02  2.962480847E-02  2.901679517E-02  2.837267279E-02  2.772889227E-02
  2.713278298E-02  2.663734801E-02  2.628676427E-02  2.610671118E-02  2.610671118E-02
  2.628676427E-02  2.663734801E-02  2.713278298E-02  2.772889227E-02  2.837267279E-02
  2.901679517E-02  2.962480847E-02  3.016573348E-02  3.061165662E-02  3.094548494E-02
  3.116795301E-02  3.129236632E-02  3.133211868E-02  3.129236632E-02  3.116795301E-02
  3.094548494E-02  3.061165662E-02  3.020623807E-02  2.979597758E-02  2.932796430E-02
  2.882678717E-02  2.832793437E-02  2.787921435E-02  2.752880373E-02  2.730965910E-02
  2.723567981E-02  2.730965910E-02  2.752880373E-02  2.787921435E-02  2.832793437E-02
  2.882678717E-02  2.932796430E-02  2.979597758E-02  3.020623807E-02  3.053947784E-02
  3.078459848E-02  3.094548494E-02  3.103842010E-02  3.108034735E-02  3.108034735E-02
  3.103842010E-02  3.094548494E-02  3.078459848E-02  3.053947784E-02  3.020107377E-02
  2.993126158E-02  2.960798904E-02  2.925234816E-02  2.889996106E-02  2.859615219E-02
  2.837926556E-02  2.826861993E-02  2.826861993E-02  2.837926556E-02  2.859615219E-02
  2.889996106E-02  2.925234816E-02  2.960798904E-02  2.993126158E-02  3.020107377E-02
  3.040533942E-02  3.053947784E-02  3.061165662E-02  3.064225850E-02  3.065261422E-02
  3.065498301E-02  3.065261422E-02  3.064225850E-02  3.061165662E-02  3.053947784E-02
  3.040533942E-02  3.013758143E-02  3.020107377E-02  3.020623807E-02  3.016573348E-02
  3.010473013E-02  3.005083351E-02  3.002122338E-02  3.002122338E-02  3.005083351E-02
  3.010473013E-02  3.016573348E-02  3.020623807E-02  3.020107377E-02  3.013758143E-02
  3.001432217E-02  2.983813324E-02  2.962835808E-02  2.941926676E-02  2.924896770E-02
  2.914240443E-02  2.910688634E-02  2.914240443E-02  2.924896770E-02  2.941926676E-02
  2.962835808E-02  2.983813324E-02  3.001432217E-02  3.020107377E-02  3.040533942E-02
  3.053947784E-02  3.061165662E-02  3.064225850E-02  3.065261422E-02  3.065498301E-02
  3.065261422E-02  3.064225850E-02  3.061165662E-02  3.053947784E-02  3.040533942E-02
  3.020107377E-02  2.993126158E-02  2.960798904E-02  2.925234816E-02  2.889996106E-02
  2.859615219E-02  2.837926556E-02  2.826861993E-02  2.826861993E-02  2.837926556E-02
  2.859615219E-02  2.889996106E-02  2.925234816E-02  2.960798904E-02  2.993126158E-02
  3.020623807E-02  3.053947784E-02  3.078459848E-02  3.094548494E-02  3.103842010E-02
  3.108034735E-02  3.108034735E-02  3.103842010E-02  3.094548494E-02  3.078459848E-02
  3.053947784E-02  3.020623807E-02  2.979597758E-02  2.932796430E-02  2.882678717E-02
  2.832793437E-02  2.787921435E-02  2.752880373E-02  2.730965910E-02  2.723567981E-02
  2.730965910E-02  2.752880373E-02  2.787921435E-02  2.832793437E-02  2.882678717E-02
  2.932796430E-02  2.979597758E-02  3.016573348E-02  3.061165662E-02  3.094548494E-02
  3.116795301E-02  3.129236632E-02  3.133211868E-02  3.129236632E-02  3.116795301E-02
  3.094548494E-02  3.061165662E-02  3.016573348E-02  2.962480847E-02  2.901679517E-02
  2.837267279E-02  2.772889227E-02  2.713278298E-02  2.663734801E-02  2.628676427E-02
  2.610671118E-02  2.610671118E-02  2.628676427E-02  2.663734801E-02  2.713278298E-02
  2.772889227E-02  2.837267279E-02  2.901679517E-02  2.962480847E-02  3.010473013E-02
  3.064225850E-02  3.103842010E-02  3.129236632E-02  3.141479252E-02  3.141479252E-02
  3.129236632E-02  3.103842010E-02  3.064225850E-02  3.010473013E-02  2.944700047E-02
  2.870567552E-02  2.792113324E-02  2.713414950E-02  2.639166698E-02  2.574787096E-02
  2.525390226E-02  2.494576690E-02  2.484143103E-02  2.494576690E-02  2.525390226E-02
  2.574787096E-02  2.639166698E-02  2.713414950E-02  2.792113324E-02  2.870567552E-02
  2.944700047E-02  3.005083351E-02  3.065261422E-02  3.108034735E-02  3.133211868E-02
  3.141479252E-02  3.133211868E-02  3.108034735E-02  3.065261422E-02  3.005083351E-02
  2.929745154E-02  2.843527775E-02  2.751515063E-02  2.658616441E-02  2.569778159E-02
  2.490466782E-02  2.426186108E-02  2.381297737E-02  2.358349833E-02  2.358349833E-02
  2.381297737E-02  2.426186108E-02  2.490466782E-02  2.569778159E-02  2.658616441E-02
  2.751515063E-02  2.843527775E-02  2.929745154E-02  3.002122338E-02  3.065498301E-02
  3.108034735E-02  3.129236632E-02  3.129236632E-02  3.108034735E-02  3.065498301E-02
  3.002122338E-02  2.920165646E-02  2.824128528E-02  2.719889456E-02  2.613370020E-02
  2.510136230E-02  2.415867703E-02  2.336370265E-02  2.276626521E-02  2.239847631E-02
  2.227472007E-02  2.239847631E-02  2.276626521E-02  2.336370265E-02  2.415867703E-02
  2.510136230E-02  2.613370020E-02  2.719889456E-02  2.824128528E-02  2.920165646E-02
  3.002122338E-02  3.065261422E-02  3.103842010E-02  3.116795301E-02  3.103842010E-02
  3.065261422E-02  3.002122338E-02  2.916931986E-02  2.814218069E-02  2.700211373E-02
  2.581657131E-02  2.464927584E-02  2.356129387E-02  2.261384564E-02  2.186262141E-02
  2.134708927E-02  2.108654688E-02  2.108654688E-02  2.134708927E-02  2.186262141E-02
  2.261384564E-02  2.356129387E-02  2.464927584E-02  2.581657131E-02  2.700211373E-02
  2.814218069E-02  2.916931986E-02  3.005083351E-02  3.064225850E-02  3.094548494E-02
  3.094548494E-02  3.064225850E-02  3.005083351E-02  2.920165646E-02  2.814218069E-02
  2.693598877E-02  2.565528678E-02  2.437117784E-02  2.315029711E-02  2.205707684E-02
  2.115201018E-02  2.048251576E-02  2.007529325E-02  1.993918387E-02  2.007529325E-02
  2.048251576E-02  2.115201018E-02  2.205707684E-02  2.315029711E-02  2.437117784E-02
  2.565528678E-02  2.693598877E-02  2.814218069E-02  2.920165646E-02  3.010473013E-02
  3.061165662E-02  3.078459848E-02  3.061165662E-02  3.010473013E-02  2.929745154E-02
  2.824128528E-02  2.700211373E-02  2.565528678E-02  2.427794087E-02  2.294299976E-02
  2.171849300E-02  2.066784514E-02  1.984469475E-02  1.928459475E-02  1.900299023E-02
  1.900299023E-02  1.928459475E-02  1.984469475E-02  2.066784514E-02  2.171849300E-02
  2.294299976E-02  2.427794087E-02  2.565528678E-02  2.700211373E-02  2.824128528E-02
  2.929745154E-02  3.016573348E-02  3.053947784E-02  3.053947784E-02  3.016573348E-02
  2.944700047E-02  2.843527775E-02  2.719889456E-02  2.581657131E-02  2.437117784E-02
  2.294299976E-02  2.160548370E-02  2.042442192E-02  1.945649761E-02  1.874422901E-02
  1.831162020E-02  1.816701475E-02  1.831162020E-02  1.874422901E-02  1.945649761E-02
  2.042442192E-02  2.160548370E-02  2.294299976E-02  2.437117784E-02  2.581657131E-02
  2.719889456E-02  2.843527775E-02  2.944700047E-02  3.020623807E-02  3.040533942E-02
  3.020623807E-02  2.962480847E-02  2.870567552E-02  2.751515063E-02  2.613370020E-02
  2.464927584E-02  2.315029711E-02  2.171849300E-02  2.042442192E-02  1.932656369E-02
  1.847075631E-02  1.788801515E-02  1.759411372E-02  1.759411372E-02  1.788801515E-02
  1.847075631E-02  1.932656369E-02  2.042442192E-02  2.171849300E-02  2.315029711E-02
  2.464927584E-02  2.613370020E-02  2.751515063E-02  2.870567552E-02  2.962480847E-02
  3.020107377E-02  3.020107377E-02  2.979597758E-02  2.901679517E-02  2.792113324E-02
  2.658616441E-02  2.510136230E-02  2.356129387E-02  2.205707684E-02  2.066784514E-02
  1.945649761E-02  1.847075631E-02  1.774539360E-02  1.730283626E-02  1.715428563E-02
  1.730283626E-02  1.774539360E-02  1.847075631E-02  1.945649761E-02  2.066784514E-02
  2.205707684E-02  2.356129387E-02  2.510136230E-02  2.658616441E-02  2.792113324E-02
  2.901679517E-02  2.979597758E-02  3.013758143E-02  2.993126158E-02  2.932796430E-02
  2.837267279E-02  2.713414950E-02  2.569778159E-02  2.415867703E-02  2.261384564E-02
  2.115201018E-02  1.984469475E-02  1.874422901E-02  1.788801515E-02  1.730283626E-02
  1.700609124E-02  1.700609124E-02  1.730283626E-02  1.788801515E-02  1.874422901E-02
  1.984469475E-02  2.115201018E-02  2.261384564E-02  2.415867703E-02  2.569778159E-02
  2.713414950E-02  2.837267279E-02  2.932796430E-02  2.993126158E-02  3.001432217E-02
  2.960798904E-02  2.882678717E-02  2.772889227E-02  2.639166698E-02  2.490466782E-02
  2.336370265E-02  2.186262141E-02  2.048251576E-02  1.928459475E-02  1.831162020E-02
  1.759411372E-02  1.715428563E-02  1.700609124E-02  1.715428563E-02  1.759411372E-02
  1.831162020E-02  1.928459475E-02  2.048251576E-02  2.186262141E-02  2.336370265E-02
  2.490466782E-02  2.639166698E-02  2.772889227E-02  2.882678717E-02  2.960798904E-02
  3.001432217E-02  2.983813324E-02  2.925234816E-02  2.832793437E-02  2.713278298E-02
  2.574787096E-02  2.426186108E-02  2.276626521E-02  2.134708927E-02  2.007529325E-02
  1.900299023E-02  1.816701475E-02  1.759411372E-02  1.730283626E-02  1.730283626E-02
  1.759411372E-02  1.816701475E-02  1.900299023E-02  2.007529325E-02  2.134708927E-02
  2.276626521E-02  2.426186108E-02  2.574787096E-02  2.713278298E-02  2.832793437E-02
  2.925234816E-02  2.983813324E-02  3.003892264E-02  2.962835808E-02  2.889996106E-02
  2.787921435E-02  2.663734801E-02  2.525390226E-02  2.381297737E-02  2.239847631E-02
  2.108654688E-02  1.993918387E-02  1.900299023E-02  1.831162020E-02  1.788801515E-02
  1.774539360E-02  1.788801515E-02  1.831162020E-02  1.900299023E-02  1.993918387E-02
  2.108654688E-02  2.239847631E-02  2.381297737E-02  2.525390226E-02  2.663734801E-02
  2.787921435E-02  2.889996106E-02  2.962835808E-02  3.000831440E-02  3.000831440E-02
  2.941926676E-02  2.859615219E-02  2.752880373E-02  2.628676427E-02  2.494576690E-02
  2.358349833E-02  2.227472007E-02  2.108654688E-02  2.007529325E-02  1.928459475E-02
  1.874422901E-02  1.847075631E-02  1.847075631E-02  1.874422901E-02  1.928459475E-02
  2.007529325E-02  2.108654688E-02  2.227472007E-02  2.358349833E-02  2.494576690E-02
  2.628676427E-02  2.752880373E-02  2.859615219E-02  2.941926676E-02  2.993988914E-02
  3.011819260E-02  2.993988914E-02  2.924896770E-02  2.837926556E-02  2.730965910E-02
  2.610671118E-02  2.484143103E-02  2.358349833E-02  2.239847631E-02  2.134708927E-02
  2.048251576E-02  1.984469475E-02  1.945649761E-02  1.932656369E-02  1.945649761E-02
  1.984469475E-02  2.048251576E-02  2.134708927E-02  2.239847631E-02  2.358349833E-02
  2.484143103E-02  2.610671118E-02  2.730965910E-02  2.837926556E-02  2.924896770E-02
  2.986285352E-02  3.018047865E-02  3.018047865E-02  2.986285352E-02  2.914240443E-02
  2.826861993E-02  2.723567981E-02  2.610671118E-02  2.494576690E-02  2.381297737E-02
  2.276626521E-02  2.186262141E-02  2.115201018E-02  2.066784514E-02  2.042442192E-02
  2.042442192E-02  2.066784514E-02  2.115201018E-02  2.186262141E-02  2.276626521E-02
  2.381297737E-02  2.494576690E-02  2.610671118E-02  2.723567981E-02  2.826861993E-02
  2.914240443E-02  2.980372308E-02  3.021485773E-02  3.035422110E-02  3.021485773E-02
  2.980372308E-02  2.910688634E-02  2.826861993E-02  2.730965910E-02  2.628676427E-02
  2.525390226E-02  2.426186108E-02  2.336370265E-02  2.261384564E-02  2.205707684E-02
  2.171849300E-02  2.160548370E-02  2.171849300E-02  2.205707684E-02  2.261384564E-02
  2.336370265E-02  2.426186108E-02  2.525390226E-02  2.628676427E-02  2.730965910E-02
  2.826861993E-02  2.910688634E-02  2.977403779E-02  3.023461993E-02  3.046897365E-02
  3.046897365E-02  3.023461993E-02  2.977403779E-02  2.914240443E-02  2.837926556E-02
  2.752880373E-02  2.663734801E-02  2.574787096E-02  2.490466782E-02  2.415867703E-02
  2.356129387E-02  2.315029711E-02  2.294299976E-02  2.294299976E-02  2.315029711E-02
  2.356129387E-02  2.415867703E-02  2.490466782E-02  2.574787096E-02  2.663734801E-02
  2.752880373E-02  2.837926556E-02  2.914240443E-02  2.977403779E-02  3.024168659E-02
  3.052736840E-02  3.062329854E-02  3.052736840E-02  3.024168659E-02  2.977403779E-02
  2.924896770E-02  2.859615219E-02  2.787921435E-02  2.713278298E-02  2.639166698E-02
  2.569778159E-02  2.510136230E-02  2.464927584E-02  2.437117784E-02  2.427794087E-02
  2.437117784E-02  2.464927584E-02  2.510136230E-02  2.569778159E-02  2.639166698E-02
  2.713278298E-02  2.787921435E-02  2.859615219E-02  2.924896770E-02  2.980372308E-02
  3.023461993E-02  3.052736840E-02  3.067528973E-02  3.067528973E-02  3.052736840E-02
  3.023461993E-02  2.980372308E-02  2.941926676E-02  2.889996106E-02  2.832793437E-02
  2.772889227E-02  2.713414950E-02  2.658616441E-02  2.613370020E-02  2.581657131E-02
  2.565528678E-02  2.565528678E-02  2.581657131E-02  2.613370020E-02  2.658616441E-02
  2.713414950E-02  2.772889227E-02  2.832793437E-02  2.889996106E-02  2.941926676E-02
  2.986285352E-02  3.021485773E-02  3.046897365E-02  3.062329854E-02  3.067528973E-02
  3.062329854E-02  3.046897365E-02  3.021485773E-02  2.986285352E-02  2.962835808E-02
  2.925234816E-02  2.882678717E-02  2.837267279E-02  2.792113324E-02  2.751515063E-02
  2.719889456E-02  2.700211373E-02  2.693598877E-02  2.700211373E-02  2.719889456E-02
  2.751515063E-02  2.792113324E-02  2.837267279E-02  2.882678717E-02  2.925234816E-02
  2.962835808E-02  2.993988914E-02  3.018047865E-02  3.035422110E-02  3.046897365E-02
  3.052736840E-02  3.052736840E-02  3.046897365E-02  3.035422110E-02  3.018047865E-02
  2.993988914E-02  2.983813324E-02  2.960798904E-02  2.932796430E-02  2.901679517E-02
  2.870567552E-02  2.843527775E-02  2.824128528E-02  2.814218069E-02  2.814218069E-02
  2.824128528E-02  2.843527775E-02  2.870567552E-02  2.901679517E-02  2.932796430E-02
  2.960798904E-02  2.983813324E-02  3.000831440E-02  3.011819260E-02  3.018047865E-02
  3.021485773E-02  3.023461993E-02  3.024168659E-02  3.023461993E-02  3.021485773E-02
  3.018047865E-02  3.011819260E-02  3.000831440E-02  3.001432217E-02  2.993126158E-02
  2.979597758E-02  2.962480847E-02  2.944700047E-02  2.929745154E-02  2.920165646E-02
  2.916931986E-02  2.920165646E-02  2.929745154E-02  2.944700047E-02  2.962480847E-02
  2.979597758E-02  2.993126158E-02  3.001432217E-02  3.003892264E-02  3.000831440E-02
  2.993988914E-02  2.986285352E-02  2.980372308E-02  2.977403779E-02  2.977403779E-02
  2.980372308E-02  2.986285352E-02  2.993988914E-02  3.000831440E-02  3.003892264E-02
  3.050146594E-02  3.072066469E-02  3.084897143E-02  3.089393964E-02  3.088413856E-02
  3.085792435E-02  3.084552396E-02  3.085792435E-02  3.088413856E-02  3.089393964E-02
  3.084897143E-02  3.072066469E-02  3.050146594E-02  3.020107377E-02  2.983813324E-02
  2.944016031E-02  2.904715215E-02  2.870642406E-02  2.845906621E-02  2.833030801E-02
  2.833030801E-02  2.845906621E-02  2.870642406E-02  2.904715215E-02  2.944016031E-02
  2.983813324E-02  3.020107377E-02  3.072066469E-02  3.103900310E-02  3.123991578E-02
  3.133632776E-02  3.136435448E-02  3.136531100E-02  3.136531100E-02  3.136435448E-02
  3.133632776E-02  3.123991578E-02  3.103900310E-02  3.072066469E-02  3.029721195E-02
  2.979597758E-02  2.925234816E-02  2.871035522E-02  2.822114113E-02  2.783409566E-02
  2.758708528E-02  2.750236478E-02  2.758708528E-02  2.783409566E-02  2.822114113E-02
  2.871035522E-02  2.925234816E-02  2.979597758E-02  3.029721195E-02  3.084897143E-02
  3.123991578E-02  3.148862301E-02  3.161708466E-02  3.166762769E-02  3.167932177E-02
  3.166762769E-02  3.161708466E-02  3.148862301E-02  3.123991578E-02  3.084897143E-02
  3.032461945E-02  2.969922400E-02  2.901679517E-02  2.832793437E-02  2.768797688E-02
  2.715152849E-02  2.676524928E-02  2.656305110E-02  2.656305110E-02  2.676524928E-02
  2.715152849E-02  2.768797688E-02  2.832793437E-02  2.901679517E-02  2.969922400E-02
  3.032461945E-02  3.089393964E-02  3.133632776E-02  3.161708466E-02  3.176628251E-02
  3.182627794E-02  3.182627794E-02  3.176628251E-02  3.161708466E-02  3.133632776E-02
  3.089393964E-02  3.029100132E-02  2.955967150E-02  2.875037408E-02  2.792113324E-02
  2.713278298E-02  2.644450409E-02  2.590866867E-02  2.556758839E-02  2.545033625E-02
  2.556758839E-02  2.590866867E-02  2.644450409E-02  2.713278298E-02  2.792113324E-02
  2.875037408E-02  2.955967150E-02  3.029100132E-02  3.088413856E-02  3.136435448E-02
  3.166762769E-02  3.182627794E-02  3.187445310E-02  3.182627794E-02  3.166762769E-02
  3.136435448E-02  3.088413856E-02  3.022019323E-02  2.940035205E-02  2.847796924E-02
  2.751760220E-02  2.658616441E-02  2.574787096E-02  2.505977581E-02  2.456944642E-02
  2.431363241E-02  2.431363241E-02  2.456944642E-02  2.505977581E-02  2.574787096E-02
  2.658616441E-02  2.751760220E-02  2.847796924E-02  2.940035205E-02  3.022019323E-02
  3.085792435E-02  3.136531100E-02  3.167932177E-02  3.182627794E-02  3.182627794E-02
  3.167932177E-02  3.136531100E-02  3.085792435E-02  3.014693231E-02  2.925449166E-02
  2.823345257E-02  2.715299569E-02  2.608578850E-02  2.510136230E-02  2.426186108E-02
  2.361922245E-02  2.321453675E-02  2.307614632E-02  2.321453675E-02  2.361922245E-02
  2.426186108E-02  2.510136230E-02  2.608578850E-02  2.715299569E-02  2.823345257E-02
  2.925449166E-02  3.014693231E-02  3.084552396E-02  3.136531100E-02  3.166762769E-02
  3.176628251E-02  3.166762769E-02  3.136531100E-02  3.084552396E-02  3.010208571E-02
  2.915398407E-02  2.805136405E-02  2.686539730E-02  2.567330403E-02  2.454942834E-02
  2.356129387E-02  2.276626521E-02  2.220929743E-02  2.192224225E-02  2.192224225E-02
  2.220929743E-02  2.276626521E-02  2.356129387E-02  2.454942834E-02  2.567330403E-02
  2.686539730E-02  2.805136405E-02  2.915398407E-02  3.010208571E-02  3.085792435E-02
  3.136435448E-02  3.161708466E-02  3.161708466E-02  3.136435448E-02  3.085792435E-02
  3.010208571E-02  2.911848786E-02  2.795538178E-02  2.668372933E-02  2.538344810E-02
  2.413238920E-02  2.300244563E-02  2.205707684E-02  2.134708927E-02  2.090775029E-02
  2.075914737E-02  2.090775029E-02  2.134708927E-02  2.205707684E-02  2.300244563E-02
  2.413238920E-02  2.538344810E-02  2.668372933E-02  2.795538178E-02  2.911848786E-02
  3.010208571E-02  3.088413856E-02  3.133632776E-02  3.148862301E-02  3.133632776E-02
  3.088413856E-02  3.014693231E-02  2.915398407E-02  2.795538178E-02  2.662204643E-02
  2.523548011E-02  2.387593291E-02  2.261780841E-02  2.152915710E-02  2.066784514E-02
  2.007529325E-02  1.977453912E-02  1.977453912E-02  2.007529325E-02  2.066784514E-02
  2.152915710E-02  2.261780841E-02  2.387593291E-02  2.523548011E-02  2.662204643E-02
  2.795538178E-02  2.915398407E-02  3.014693231E-02  3.089393964E-02  3.123991578E-02
  3.123991578E-02  3.089393964E-02  3.022019323E-02  2.925449166E-02  2.805136405E-02
  2.668372933E-02  2.523548011E-02  2.378989986E-02  2.242332949E-02  2.120582741E-02
  2.020046490E-02  1.945649761E-02  1.900299023E-02  1.885112183E-02  1.900299023E-02
  1.945649761E-02  2.020046490E-02  2.120582741E-02  2.242332949E-02  2.378989986E-02
  2.523548011E-02  2.668372933E-02  2.805136405E-02  2.925449166E-02  3.022019323E-02
  3.084897143E-02  3.103900310E-02  3.084897143E-02  3.029100132E-02  2.940035205E-02
  2.823345257E-02  2.686539730E-02  2.538344810E-02  2.387593291E-02  2.242332949E-02
  2.109725520E-02  1.996271181E-02  1.907481969E-02  1.847075631E-02  1.816701475E-02
  1.816701475E-02  1.847075631E-02  1.907481969E-02  1.996271181E-02  2.109725520E-02
  2.242332949E-02  2.387593291E-02  2.538344810E-02  2.686539730E-02  2.823345257E-02
  2.940035205E-02  3.029100132E-02  3.072066469E-02  3.072066469E-02  3.032461945E-02
  2.955967150E-02  2.847796924E-02  2.715299569E-02  2.567330403E-02  2.413238920E-02
  2.261780841E-02  2.120582741E-02  1.996271181E-02  1.894574188E-02  1.819850761E-02
  1.774539360E-02  1.759411372E-02  1.774539360E-02  1.819850761E-02  1.894574188E-02
  1.996271181E-02  2.120582741E-02  2.261780841E-02  2.413238920E-02  2.567330403E-02
  2.715299569E-02  2.847796924E-02  2.955967150E-02  3.032461945E-02  3.050146594E-02
  3.029721195E-02  2.969922400E-02  2.875037408E-02  2.751760220E-02  2.608578850E-02
  2.454942834E-02  2.300244563E-02  2.152915710E-02  2.020046490E-02  1.907481969E-02
  1.819850761E-02  1.760279333E-02  1.730283626E-02  1.730283626E-02  1.760279333E-02
  1.819850761E-02  1.907481969E-02  2.020046490E-02  2.152915710E-02  2.300244563E-02
  2.454942834E-02  2.608578850E-02  2.751760220E-02  2.875037408E-02  2.969922400E-02
  3.029721195E-02  3.020107377E-02  2.979597758E-02  2.901679517E-02  2.792113324E-02
  2.658616441E-02  2.510136230E-02  2.356129387E-02  2.205707684E-02  2.066784514E-02
  1.945649761E-02  1.847075631E-02  1.774539360E-02  1.730283626E-02  1.715428563E-02
  1.730283626E-02  1.774539360E-02  1.847075631E-02  1.945649761E-02  2.066784514E-02
  2.205707684E-02  2.356129387E-02  2.510136230E-02  2.658616441E-02  2.792113324E-02
  2.901679517E-02  2.979597758E-02  3.020107377E-02  2.983813324E-02  2.925234816E-02
  2.832793437E-02  2.713278298E-02  2.574787096E-02  2.426186108E-02  2.276626521E-02
  2.134708927E-02  2.007529325E-02  1.900299023E-02  1.816701475E-02  1.759411372E-02
  1.730283626E-02  1.730283626E-02  1.759411372E-02  1.816701475E-02  1.900299023E-02
  2.007529325E-02  2.134708927E-02  2.276626521E-02  2.426186108E-02  2.574787096E-02
  2.713278298E-02  2.832793437E-02  2.925234816E-02  2.983813324E-02  3.003892264E-02
  2.944016031E-02  2.871035522E-02  2.768797688E-02  2.644450409E-02  2.505977581E-02
  2.361922245E-02  2.220929743E-02  2.090775029E-02  1.977453912E-02  1.885112183E-02
  1.816701475E-02  1.774539360E-02  1.760279333E-02  1.774539360E-02  1.816701475E-02
  1.885112183E-02  1.977453912E-02  2.090775029E-02  2.220929743E-02  2.361922245E-02
  2.505977581E-02  2.644450409E-02  2.768797688E-02  2.871035522E-02  2.944016031E-02
  2.982092967E-02  2.982092967E-02  2.904715215E-02  2.822114113E-02  2.715152849E-02
  2.590866867E-02  2.456944642E-02  2.321453675E-02  2.192224225E-02  2.075914737E-02
  1.977453912E-02  1.900299023E-02  1.847075631E-02  1.819850761E-02  1.819850761E-02
  1.847075631E-02  1.900299023E-02  1.977453912E-02  2.075914737E-02  2.192224225E-02
  2.321453675E-02  2.456944642E-02  2.590866867E-02  2.715152849E-02  2.822114113E-02
  2.904715215E-02  2.957011937E-02  2.974929922E-02  2.957011937E-02  2.870642406E-02
  2.783409566E-02  2.676524928E-02  2.556758839E-02  2.431363241E-02  2.307614632E-02
  2.192224225E-02  2.090775029E-02  2.007529325E-02  1.945649761E-02  1.907481969E-02
  1.894574188E-02  1.907481969E-02  1.945649761E-02  2.007529325E-02  2.090775029E-02
  2.192224225E-02  2.307614632E-02  2.431363241E-02  2.556758839E-02  2.676524928E-02
  2.783409566E-02  2.870642406E-02  2.932409500E-02  2.964425656E-02  2.964425656E-02
  2.932409500E-02  2.845906621E-02  2.758708528E-02  2.656305110E-02  2.545033625E-02
  2.431363241E-02  2.321453675E-02  2.220929743E-02  2.134708927E-02  2.066784514E-02
  2.020046490E-02  1.996271181E-02  1.996271181E-02  2.020046490E-02  2.066784514E-02
  2.134708927E-02  2.220929743E-02  2.321453675E-02  2.431363241E-02  2.545033625E-02
  2.656305110E-02  2.758708528E-02  2.845906621E-02  2.912343780E-02  2.953854707E-02
  2.967960488E-02  2.953854707E-02  2.912343780E-02  2.833030801E-02  2.750236478E-02
  2.656305110E-02  2.556758839E-02  2.456944642E-02  2.361922245E-02  2.276626521E-02
  2.205707684E-02  2.152915710E-02  2.120582741E-02  2.109725520E-02  2.120582741E-02
  2.152915710E-02  2.205707684E-02  2.276626521E-02  2.361922245E-02  2.456944642E-02
  2.556758839E-02  2.656305110E-02  2.750236478E-02  2.833030801E-02  2.899604912E-02
  2.946020802E-02  2.969797591E-02  2.969797591E-02  2.946020802E-02  2.899604912E-02
  2.833030801E-02  2.758708528E-02  2.676524928E-02  2.590866867E-02  2.505977581E-02
  2.426186108E-02  2.356129387E-02  2.300244563E-02  2.261780841E-02  2.242332949E-02
  2.242332949E-02  2.261780841E-02  2.300244563E-02  2.356129387E-02  2.426186108E-02
  2.505977581E-02  2.590866867E-02  2.676524928E-02  2.758708528E-02  2.833030801E-02
  2.895296516E-02  2.942092601E-02  2.971068271E-02  2.980874428E-02  2.971068271E-02
  2.942092601E-02  2.895296516E-02  2.845906621E-02  2.783409566E-02  2.715152849E-02
  2.644450409E-02  2.574787096E-02  2.510136230E-02  2.454942834E-02  2.413238920E-02
  2.387593291E-02  2.378989986E-02  2.387593291E-02  2.413238920E-02  2.454942834E-02
  2.510136230E-02  2.574787096E-02  2.644450409E-02  2.715152849E-02  2.783409566E-02
  2.845906621E-02  2.899604912E-02  2.942092601E-02  2.971597729E-02  2.986769471E-02
  2.986769471E-02  2.971597729E-02  2.942092601E-02  2.899604912E-02  2.870642406E-02
  2.822114113E-02  2.768797688E-02  2.713278298E-02  2.658616441E-02  2.608578850E-02
  2.567330403E-02  2.538344810E-02  2.523548011E-02  2.523548011E-02  2.538344810E-02
  2.567330403E-02  2.608578850E-02  2.658616441E-02  2.713278298E-02  2.768797688E-02
  2.822114113E-02  2.870642406E-02  2.912343780E-02  2.946020802E-02  2.971068271E-02
  2.986769471E-02  2.992164851E-02  2.986769471E-02  2.971068271E-02  2.946020802E-02
  2.912343780E-02  2.904715215E-02  2.871035522E-02  2.832793437E-02  2.792113324E-02
  2.751760220E-02  2.715299569E-02  2.686539730E-02  2.668372933E-02  2.662204643E-02
  2.668372933E-02  2.686539730E-02  2.715299569E-02  2.751760220E-02  2.792113324E-02
  2.832793437E-02  2.871035522E-02  2.904715215E-02  2.932409500E-02  2.953854707E-02
  2.969797591E-02  2.980874428E-02  2.986769471E-02  2.986769471E-02  2.980874428E-02
  2.969797591E-02  2.953854707E-02  2.932409500E-02  2.944016031E-02  2.925234816E-02
  2.901679517E-02  2.875037408E-02  2.847796924E-02  2.823345257E-02  2.805136405E-02
  2.795538178E-02  2.795538178E-02  2.805136405E-02  2.823345257E-02  2.847796924E-02
  2.875037408E-02  2.901679517E-02  2.925234816E-02  2.944016031E-02  2.957011937E-02
  2.964425656E-02  2.967960488E-02  2.969797591E-02  2.971068271E-02  2.971597729E-02
  2.971068271E-02  2.969797591E-02  2.967960488E-02  2.964425656E-02  2.957011937E-02
  2.983813324E-02  2.979597758E-02  2.969922400E-02  2.955967150E-02  2.940035205E-02
  2.925449166E-02  2.915398407E-02  2.911848786E-02  2.915398407E-02  2.925449166E-02
  2.940035205E-02  2.955967150E-02  2.969922400E-02  2.979597758E-02  2.983813324E-02
  2.982092967E-02  2.974929922E-02  2.964425656E-02  2.953854707E-02  2.946020802E-02
  2.942092601E-02  2.942092601E-02  2.946020802E-02  2.953854707E-02  2.964425656E-02
  2.974929922E-02  2.982092967E-02  3.020107377E-02  3.029721195E-02  3.032461945E-02
  3.029100132E-02  3.022019323E-02  3.014693231E-02  3.010208571E-02  3.010208571E-02
  3.014693231E-02  3.022019323E-02  3.029100132E-02  3.032461945E-02  3.029721195E-02
  3.020107377E-02  3.003892264E-02  2.982092967E-02  2.957011937E-02  2.932409500E-02
  2.912343780E-02  2.899604912E-02  2.895296516E-02  2.899604912E-02  2.912343780E-02
  2.932409500E-02  2.957011937E-02  2.982092967E-02  3.003892264E-02  3.111788215E-02
  3.136207981E-02  3.144868103E-02  3.141356403E-02  3.132535030E-02  3.125786836E-02
  3.125786836E-02  3.132535030E-02  3.141356403E-02  3.144868103E-02  3.136207981E-02
  3.111788215E-02  3.072066469E-02  3.020623807E-02  2.962835808E-02  2.904715215E-02
  2.851972086E-02  2.809599727E-02  2.781923695E-02  2.772262769E-02  2.781923695E-02
  2.809599727E-02  2.851972086E-02  2.904715215E-02  2.962835808E-02  3.020623807E-02
  3.072066469E-02  3.136207981E-02  3.160871027E-02  3.167999815E-02  3.163674755E-02
  3.156274842E-02  3.152892910E-02  3.156274842E-02  3.163674755E-02  3.167999815E-02
  3.160871027E-02  3.136207981E-02  3.092421738E-02  3.032461945E-02  2.962480847E-02
  2.889996106E-02  2.822114113E-02  2.764647966E-02  2.722481139E-02  2.699956904E-02
  2.699956904E-02  2.722481139E-02  2.764647966E-02  2.822114113E-02  2.889996106E-02
  2.962480847E-02  3.032461945E-02  3.092421738E-02  3.144868103E-02  3.167999815E-02
  3.173773564E-02  3.170151414E-02  3.165646658E-02  3.165646658E-02  3.170151414E-02
  3.173773564E-02  3.167999815E-02  3.144868103E-02  3.100274985E-02  3.035375252E-02
  2.955967150E-02  2.870567552E-02  2.787921435E-02  2.715152849E-02  2.657717392E-02
  2.620439713E-02  2.607436837E-02  2.620439713E-02  2.657717392E-02  2.715152849E-02
  2.787921435E-02  2.870567552E-02  2.955967150E-02  3.035375252E-02  3.100274985E-02
  3.141356403E-02  3.163674755E-02  3.170151414E-02  3.169235252E-02  3.168019458E-02
  3.169235252E-02  3.170151414E-02  3.163674755E-02  3.141356403E-02  3.097106158E-02
  3.029816103E-02  2.943880442E-02  2.847796924E-02  2.751515063E-02  2.663734801E-02
  2.590866867E-02  2.538023234E-02  2.509948721E-02  2.509948721E-02  2.538023234E-02
  2.590866867E-02  2.663734801E-02  2.751515063E-02  2.847796924E-02  2.943880442E-02
  3.029816103E-02  3.097106158E-02  3.132535030E-02  3.156274842E-02  3.165646658E-02
  3.168019458E-02  3.168019458E-02  3.165646658E-02  3.156274842E-02  3.132535030E-02
  3.087623823E-02  3.018599911E-02  2.928041759E-02  2.823516445E-02  2.715299569E-02
  2.613370020E-02  2.525390226E-02  2.456944642E-02  2.412950119E-02  2.397680275E-02
  2.412950119E-02  2.456944642E-02  2.525390226E-02  2.613370020E-02  2.715299569E-02
  2.823516445E-02  2.928041759E-02  3.018599911E-02  3.087623823E-02  3.125786836E-02
  3.152892910E-02  3.165646658E-02  3.169235252E-02  3.165646658E-02  3.152892910E-02
  3.125786836E-02  3.078273613E-02  3.006644914E-02  2.911983240E-02  2.800550083E-02
  2.682145184E-02  2.567330403E-02  2.464927584E-02  2.381297737E-02  2.321453675E-02
  2.289964424E-02  2.289964424E-02  2.321453675E-02  2.381297737E-02  2.464927584E-02
  2.567330403E-02  2.682145184E-02  2.800550083E-02  2.911983240E-02  3.006644914E-02
  3.078273613E-02  3.125786836E-02  3.156274842E-02  3.170151414E-02  3.170151414E-02
  3.156274842E-02  3.125786836E-02  3.074465110E-02  2.999083153E-02  2.900041903E-02
  2.782490730E-02  2.655366887E-02  2.529108487E-02  2.413238920E-02  2.315029711E-02
  2.239847631E-02  2.192224225E-02  2.175846006E-02  2.192224225E-02  2.239847631E-02
  2.315029711E-02  2.413238920E-02  2.529108487E-02  2.655366887E-02  2.782490730E-02
  2.900041903E-02  2.999083153E-02  3.074465110E-02  3.132535030E-02  3.163674755E-02
  3.173773564E-02  3.163674755E-02  3.132535030E-02  3.078273613E-02  2.999083153E-02
  2.895639811E-02  2.772558665E-02  2.637998475E-02  2.501865586E-02  2.373797002E-02
  2.261780841E-02  2.171849300E-02  2.108654688E-02  2.075914737E-02  2.075914737E-02
  2.108654688E-02  2.171849300E-02  2.261780841E-02  2.373797002E-02  2.501865586E-02
  2.637998475E-02  2.772558665E-02  2.895639811E-02  2.999083153E-02  3.078273613E-02
  3.141356403E-02  3.167999815E-02  3.167999815E-02  3.141356403E-02  3.087623823E-02
  3.006644914E-02  2.900041903E-02  2.772558665E-02  2.631996053E-02  2.487756919E-02
  2.349190439E-02  2.224555295E-02  2.120582741E-02  2.042442192E-02  1.993918387E-02
  1.977453912E-02  1.993918387E-02  2.042442192E-02  2.120582741E-02  2.224555295E-02
  2.349190439E-02  2.487756919E-02  2.631996053E-02  2.772558665E-02  2.900041903E-02
  3.006644914E-02  3.087623823E-02  3.144868103E-02  3.160871027E-02  3.144868103E-02
  3.097106158E-02  3.018599911E-02  2.911983240E-02  2.782490730E-02  2.637998475E-02
  2.487756919E-02  2.340846749E-02  2.205426701E-02  2.088612062E-02  1.996271181E-02
  1.932656369E-02  1.900299023E-02  1.900299023E-02  1.932656369E-02  1.996271181E-02
  2.088612062E-02  2.205426701E-02  2.340846749E-02  2.487756919E-02  2.637998475E-02
  2.782490730E-02  2.911983240E-02  3.018599911E-02  3.097106158E-02  3.136207981E-02
  3.136207981E-02  3.100274985E-02  3.029816103E-02  2.928041759E-02  2.800550083E-02
  2.655366887E-02  2.501865586E-02  2.349190439E-02  2.205426701E-02  2.077734472E-02
  1.972458259E-02  1.894574188E-02  1.847075631E-02  1.831162020E-02  1.847075631E-02
  1.894574188E-02  1.972458259E-02  2.077734472E-02  2.205426701E-02  2.349190439E-02
  2.501865586E-02  2.655366887E-02  2.800550083E-02  2.928041759E-02  3.029816103E-02
  3.100274985E-02  3.111788215E-02  3.092421738E-02  3.035375252E-02  2.943880442E-02
  2.823516445E-02  2.682145184E-02  2.529108487E-02  2.373797002E-02  2.224555295E-02
  2.088612062E-02  1.972458259E-02  1.881621434E-02  1.819850761E-02  1.788801515E-02
  1.788801515E-02  1.819850761E-02  1.881621434E-02  1.972458259E-02  2.088612062E-02
  2.224555295E-02  2.373797002E-02  2.529108487E-02  2.682145184E-02  2.823516445E-02
  2.943880442E-02  3.035375252E-02  3.092421738E-02  3.072066469E-02  3.032461945E-02
  2.955967150E-02  2.847796924E-02  2.715299569E-02  2.567330403E-02  2.413238920E-02
  2.261780841E-02  2.120582741E-02  1.996271181E-02  1.894574188E-02  1.819850761E-02
  1.774539360E-02  1.759411372E-02  1.774539360E-02  1.819850761E-02  1.894574188E-02
  1.996271181E-02  2.120582741E-02  2.261780841E-02  2.413238920E-02  2.567330403E-02
  2.715299569E-02  2.847796924E-02  2.955967150E-02  3.032461945E-02  3.072066469E-02
  3.020623807E-02  2.962480847E-02  2.870567552E-02  2.751515063E-02  2.613370020E-02
  2.464927584E-02  2.315029711E-02  2.171849300E-02  2.042442192E-02  1.932656369E-02
  1.847075631E-02  1.788801515E-02  1.759411372E-02  1.759411372E-02  1.788801515E-02
  1.847075631E-02  1.932656369E-02  2.042442192E-02  2.171849300E-02  2.315029711E-02
  2.464927584E-02  2.613370020E-02  2.751515063E-02  2.870567552E-02  2.962480847E-02
  3.020623807E-02  3.040533942E-02  2.962835808E-02  2.889996106E-02  2.787921435E-02
  2.663734801E-02  2.525390226E-02  2.381297737E-02  2.239847631E-02  2.108654688E-02
  1.993918387E-02  1.900299023E-02  1.831162020E-02  1.788801515E-02  1.774539360E-02
  1.788801515E-02  1.831162020E-02  1.900299023E-02  1.993918387E-02  2.108654688E-02
  2.239847631E-02  2.381297737E-02  2.525390226E-02  2.663734801E-02  2.787921435E-02
  2.889996106E-02  2.962835808E-02  3.000831440E-02  3.000831440E-02  2.904715215E-02
  2.822114113E-02  2.715152849E-02  2.590866867E-02  2.456944642E-02  2.321453675E-02
  2.192224225E-02  2.075914737E-02  1.977453912E-02  1.900299023E-02  1.847075631E-02
  1.819850761E-02  1.819850761E-02  1.847075631E-02  1.900299023E-02  1.977453912E-02
  2.075914737E-02  2.192224225E-02  2.321453675E-02  2.456944642E-02  2.590866867E-02
  2.715152849E-02  2.822114113E-02  2.904715215E-02  2.957011937E-02  2.974929922E-02
  2.957011937E-02  2.851972086E-02  2.764647966E-02  2.657717392E-02  2.538023234E-02
  2.412950119E-02  2.289964424E-02  2.175846006E-02  2.075914737E-02  1.993918387E-02
  1.932656369E-02  1.894574188E-02  1.881621434E-02  1.894574188E-02  1.932656369E-02
  1.993918387E-02  2.075914737E-02  2.175846006E-02  2.289964424E-02  2.412950119E-02
  2.538023234E-02  2.657717392E-02  2.764647966E-02  2.851972086E-02  2.913820291E-02
  2.945877387E-02  2.945877387E-02  2.913820291E-02  2.809599727E-02  2.722481139E-02
  2.620439713E-02  2.509948721E-02  2.397680275E-02  2.289964424E-02  2.192224225E-02
  2.108654688E-02  2.042442192E-02  1.996271181E-02  1.972458259E-02  1.972458259E-02
  1.996271181E-02  2.042442192E-02  2.108654688E-02  2.192224225E-02  2.289964424E-02
  2.397680275E-02  2.509948721E-02  2.620439713E-02  2.722481139E-02  2.809599727E-02
  2.876100915E-02  2.917687908E-02  2.931821559E-02  2.917687908E-02  2.876100915E-02
  2.781923695E-02  2.699956904E-02  2.607436837E-02  2.509948721E-02  2.412950119E-02
  2.321453675E-02  2.239847631E-02  2.171849300E-02  2.120582741E-02  2.088612062E-02
  2.077734472E-02  2.088612062E-02  2.120582741E-02  2.171849300E-02  2.239847631E-02
  2.321453675E-02  2.412950119E-02  2.509948721E-02  2.607436837E-02  2.699956904E-02
  2.781923695E-02  2.848148318E-02  2.894485851E-02  2.918265035E-02  2.918265035E-02
  2.894485851E-02  2.848148318E-02  2.772262769E-02  2.699956904E-02  2.620439713E-02
  2.538023234E-02  2.456944642E-02  2.381297737E-02  2.315029711E-02  2.261780841E-02
  2.224555295E-02  2.205426701E-02  2.205426701E-02  2.224555295E-02  2.261780841E-02
  2.315029711E-02  2.381297737E-02  2.456944642E-02  2.538023234E-02  2.620439713E-02
  2.699956904E-02  2.772262769E-02  2.833250263E-02  2.879411586E-02  2.908147425E-02
  2.917897745E-02  2.908147425E-02  2.879411586E-02  2.833250263E-02  2.781923695E-02
  2.722481139E-02  2.657717392E-02  2.590866867E-02  2.525390226E-02  2.464927584E-02
  2.413238920E-02  2.373797002E-02  2.349190439E-02  2.340846749E-02  2.349190439E-02
  2.373797002E-02  2.413238920E-02  2.464927584E-02  2.525390226E-02  2.590866867E-02
  2.657717392E-02  2.722481139E-02  2.781923695E-02  2.833250263E-02  2.874210706E-02
  2.902927687E-02  2.917796362E-02  2.917796362E-02  2.902927687E-02  2.874210706E-02
  2.833250263E-02  2.809599727E-02  2.764647966E-02  2.715152849E-02  2.663734801E-02
  2.613370020E-02  2.567330403E-02  2.529108487E-02  2.501865586E-02  2.487756919E-02
  2.487756919E-02  2.501865586E-02  2.529108487E-02  2.567330403E-02  2.613370020E-02
  2.663734801E-02  2.715152849E-02  2.764647966E-02  2.809599727E-02  2.848148318E-02
  2.879411586E-02  2.902927687E-02  2.917855653E-02  2.923024771E-02  2.917855653E-02
  2.902927687E-02  2.879411586E-02  2.848148318E-02  2.851972086E-02  2.822114113E-02
  2.787921435E-02  2.751515063E-02  2.715299569E-02  2.682145184E-02  2.655366887E-02
  2.637998475E-02  2.631996053E-02  2.637998475E-02  2.655366887E-02  2.682145184E-02
  2.715299569E-02  2.751515063E-02  2.787921435E-02  2.822114113E-02  2.851972086E-02
  2.876100915E-02  2.894485851E-02  2.908147425E-02  2.917796362E-02  2.923024771E-02
  2.923024771E-02  2.917796362E-02  2.908147425E-02  2.894485851E-02  2.876100915E-02
  2.904715215E-02  2.889996106E-02  2.870567552E-02  2.847796924E-02  2.823516445E-02
  2.800550083E-02  2.782490730E-02  2.772558665E-02  2.772558665E-02  2.782490730E-02
  2.800550083E-02  2.823516445E-02  2.847796924E-02  2.870567552E-02  2.889996106E-02
  2.904715215E-02  2.913820291E-02  2.917687908E-02  2.918265035E-02  2.917897745E-02
  2.917796362E-02  2.917855653E-02  2.917796362E-02  2.917897745E-02  2.918265035E-02
  2.917687908E-02  2.913820291E-02  2.962835808E-02  2.962480847E-02  2.955967150E-02
  2.943880442E-02  2.928041759E-02  2.911983240E-02  2.900041903E-02  2.895639811E-02
  2.900041903E-02  2.911983240E-02  2.928041759E-02  2.943880442E-02  2.955967150E-02
  2.962480847E-02  2.962835808E-02  2.957011937E-02  2.945877387E-02  2.931821559E-02
  2.918265035E-02  2.908147425E-02  2.902927687E-02  2.902927687E-02  2.908147425E-02
  2.918265035E-02  2.931821559E-02  2.945877387E-02  2.957011937E-02  3.020623807E-02
  3.032461945E-02  3.035375252E-02  3.029816103E-02  3.018599911E-02  3.006644914E-02
  2.999083153E-02  2.999083153E-02  3.006644914E-02  3.018599911E-02  3.029816103E-02
  3.035375252E-02  3.032461945E-02  3.020623807E-02  3.000831440E-02  2.974929922E-02
  2.945877387E-02  2.917687908E-02  2.894485851E-02  2.879411586E-02  2.874210706E-02
  2.879411586E-02  2.894485851E-02  2.917687908E-02  2.945877387E-02  2.974929922E-02
  3.000831440E-02  3.072066469E-02  3.092421738E-02  3.100274985E-02  3.097106158E-02
  3.087623823E-02  3.078273613E-02  3.074465110E-02  3.078273613E-02  3.087623823E-02
  3.097106158E-02  3.100274985E-02  3.092421738E-02  3.072066469E-02  3.040533942E-02
  3.000831440E-02  2.957011937E-02  2.913820291E-02  2.876100915E-02  2.848148318E-02
  2.833250263E-02  2.833250263E-02  2.848148318E-02  2.876100915E-02  2.913820291E-02
  2.957011937E-02  3.000831440E-02  3.040533942E-02  3.162840202E-02  3.163459361E-02
  3.143929298E-02  3.115623107E-02  3.091675368E-02  3.082399098E-02  3.091675368E-02
  3.115623107E-02  3.143929298E-02  3.163459361E-02  3.162840202E-02  3.136207981E-02
  3.084897143E-02  3.016573348E-02  2.941926676E-02  2.870642406E-02  2.809599727E-02
  2.764144253E-02  2.739502465E-02  2.739502465E-02  2.764144253E-02  2.809599727E-02
  2.870642406E-02  2.941926676E-02  3.016573348E-02  3.084897143E-02  3.136207981E-02
  3.163459361E-02  3.153266083E-02  3.126620099E-02  3.097582823E-02  3.079192753E-02
  3.079192753E-02  3.097582823E-02  3.126620099E-02  3.153266083E-02  3.163459361E-02
  3.146828370E-02  3.100274985E-02  3.029100132E-02  2.944700047E-02  2.859615219E-02
  2.783409566E-02  2.722481139E-02  2.682375979E-02  2.668246540E-02  2.682375979E-02
  2.722481139E-02  2.783409566E-02  2.859615219E-02  2.944700047E-02  3.029100132E-02
  3.100274985E-02  3.146828370E-02  3.143929298E-02  3.126620099E-02  3.098738436E-02
  3.074727945E-02  3.065400187E-02  3.074727945E-02  3.098738436E-02  3.126620099E-02
  3.143929298E-02  3.137227371E-02  3.098803864E-02  3.029816103E-02  2.940035205E-02
  2.843527775E-02  2.752880373E-02  2.676524928E-02  2.620439713E-02  2.590297223E-02
  2.590297223E-02  2.620439713E-02  2.676524928E-02  2.752880373E-02  2.843527775E-02
  2.940035205E-02  3.029816103E-02  3.098803864E-02  3.137227371E-02  3.115623107E-02
  3.097582823E-02  3.074727945E-02  3.059676066E-02  3.059676066E-02  3.074727945E-02
  3.097582823E-02  3.115623107E-02  3.114613215E-02  3.083583763E-02  3.019278990E-02
  2.928041759E-02  2.823345257E-02  2.719889456E-02  2.628676427E-02  2.556758839E-02
  2.509948721E-02  2.493561049E-02  2.509948721E-02  2.556758839E-02  2.628676427E-02
  2.719889456E-02  2.823345257E-02  2.928041759E-02  3.019278990E-02  3.083583763E-02
  3.114613215E-02  3.091675368E-02  3.079192753E-02  3.065400187E-02  3.059676066E-02
  3.065400187E-02  3.079192753E-02  3.091675368E-02  3.089992307E-02  3.062061519E-02
  3.001411182E-02  2.910537041E-02  2.800550083E-02  2.686539730E-02  2.581657131E-02
  2.494576690E-02  2.431363241E-02  2.397680275E-02  2.397680275E-02  2.431363241E-02
  2.494576690E-02  2.581657131E-02  2.686539730E-02  2.800550083E-02  2.910537041E-02
  3.001411182E-02  3.062061519E-02  3.089992307E-02  3.082399098E-02  3.079192753E-02
  3.074727945E-02  3.074727945E-02  3.079192753E-02  3.082399098E-02  3.074310651E-02
  3.043789148E-02  2.983072709E-02  2.891728036E-02  2.777872527E-02  2.655366887E-02
  2.538344810E-02  2.437117784E-02  2.358349833E-02  2.307614632E-02  2.289964424E-02
  2.307614632E-02  2.358349833E-02  2.437117784E-02  2.538344810E-02  2.655366887E-02
  2.777872527E-02  2.891728036E-02  2.983072709E-02  3.043789148E-02  3.074310651E-02
  3.091675368E-02  3.097582823E-02  3.098738436E-02  3.097582823E-02  3.091675368E-02
  3.074310651E-02  3.036683170E-02  2.971580904E-02  2.877233467E-02  2.759292217E-02
  2.629566195E-02  2.501865586E-02  2.387593291E-02  2.294299976E-02  2.227472007E-02
  2.192224225E-02  2.192224225E-02  2.227472007E-02  2.294299976E-02  2.387593291E-02
  2.501865586E-02  2.629566195E-02  2.759292217E-02  2.877233467E-02  2.971580904E-02
  3.036683170E-02  3.074310651E-02  3.115623107E-02  3.126620099E-02  3.126620099E-02
  3.115623107E-02  3.089992307E-02  3.043789148E-02  2.971580904E-02  2.871792482E-02
  2.748788008E-02  2.612449139E-02  2.475373371E-02  2.349190439E-02  2.242332949E-02
  2.160548370E-02  2.108654688E-02  2.090775029E-02  2.108654688E-02  2.160548370E-02
  2.242332949E-02  2.349190439E-02  2.475373371E-02  2.612449139E-02  2.748788008E-02
  2.871792482E-02  2.971580904E-02  3.043789148E-02  3.089992307E-02  3.143929298E-02
  3.153266083E-02  3.143929298E-02  3.114613215E-02  3.062061519E-02  2.983072709E-02
  2.877233467E-02  2.748788008E-02  2.606451406E-02  2.461427760E-02  2.324780134E-02
  2.205426701E-02  2.109725520E-02  2.042442192E-02  2.007529325E-02  2.007529325E-02
  2.042442192E-02  2.109725520E-02  2.205426701E-02  2.324780134E-02  2.461427760E-02
  2.606451406E-02  2.748788008E-02  2.877233467E-02  2.983072709E-02  3.062061519E-02
  3.114613215E-02  3.163459361E-02  3.163459361E-02  3.137227371E-02  3.083583763E-02
  3.001411182E-02  2.891728036E-02  2.759292217E-02  2.612449139E-02  2.461427760E-02
  2.316397541E-02  2.186180548E-02  2.077734472E-02  1.996271181E-02  1.945649761E-02
  1.928459475E-02  1.945649761E-02  1.996271181E-02  2.077734472E-02  2.186180548E-02
  2.316397541E-02  2.461427760E-02  2.612449139E-02  2.759292217E-02  2.891728036E-02
  3.001411182E-02  3.083583763E-02  3.137227371E-02  3.162840202E-02  3.146828370E-02
  3.098803864E-02  3.019278990E-02  2.910537041E-02  2.777872527E-02  2.629566195E-02
  2.475373371E-02  2.324780134E-02  2.186180548E-02  2.066779246E-02  1.972458259E-02
  1.907481969E-02  1.874422901E-02  1.874422901E-02  1.907481969E-02  1.972458259E-02
  2.066779246E-02  2.186180548E-02  2.324780134E-02  2.475373371E-02  2.629566195E-02
  2.777872527E-02  2.910537041E-02  3.019278990E-02  3.098803864E-02  3.146828370E-02
  3.136207981E-02  3.100274985E-02  3.029816103E-02  2.928041759E-02  2.800550083E-02
  2.655366887E-02  2.501865586E-02  2.349190439E-02  2.205426701E-02  2.077734472E-02
  1.972458259E-02  1.894574188E-02  1.847075631E-02  1.831162020E-02  1.847075631E-02
  1.894574188E-02  1.972458259E-02  2.077734472E-02  2.205426701E-02  2.349190439E-02
  2.501865586E-02  2.655366887E-02  2.800550083E-02  2.928041759E-02  3.029816103E-02
  3.100274985E-02  3.136207981E-02  3.084897143E-02  3.029100132E-02  2.940035205E-02
  2.823345257E-02  2.686539730E-02  2.538344810E-02  2.387593291E-02  2.242332949E-02
  2.109725520E-02  1.996271181E-02  1.907481969E-02  1.847075631E-02  1.816701475E-02
  1.816701475E-02  1.847075631E-02  1.907481969E-02  1.996271181E-02  2.109725520E-02
  2.242332949E-02  2.387593291E-02  2.538344810E-02  2.686539730E-02  2.823345257E-02
  2.940035205E-02  3.029100132E-02  3.084897143E-02  3.103900310E-02  3.016573348E-02
  2.944700047E-02  2.843527775E-02  2.719889456E-02  2.581657131E-02  2.437117784E-02
  2.294299976E-02  2.160548370E-02  2.042442192E-02  1.945649761E-02  1.874422901E-02
  1.831162020E-02  1.816701475E-02  1.831162020E-02  1.874422901E-02  1.945649761E-02
  2.042442192E-02  2.160548370E-02  2.294299976E-02  2.437117784E-02  2.581657131E-02
  2.719889456E-02  2.843527775E-02  2.944700047E-02  3.016573348E-02  3.053947784E-02
  3.053947784E-02  2.941926676E-02  2.859615219E-02  2.752880373E-02  2.628676427E-02
  2.494576690E-02  2.358349833E-02  2.227472007E-02  2.108654688E-02  2.007529325E-02
  1.928459475E-02  1.874422901E-02  1.847075631E-02  1.847075631E-02  1.874422901E-02
  1.928459475E-02  2.007529325E-02  2.108654688E-02  2.227472007E-02  2.358349833E-02
  2.494576690E-02  2.628676427E-02  2.752880373E-02  2.859615219E-02  2.941926676E-02
  2.993988914E-02  3.011819260E-02  2.993988914E-02  2.870642406E-02  2.783409566E-02
  2.676524928E-02  2.556758839E-02  2.431363241E-02  2.307614632E-02  2.192224225E-02
  2.090775029E-02  2.007529325E-02  1.945649761E-02  1.907481969E-02  1.894574188E-02
  1.907481969E-02  1.945649761E-02  2.007529325E-02  2.090775029E-02  2.192224225E-02
  2.307614632E-02  2.431363241E-02  2.556758839E-02  2.676524928E-02  2.783409566E-02
  2.870642406E-02  2.932409500E-02  2.964425656E-02  2.964425656E-02  2.932409500E-02
  2.809599727E-02  2.722481139E-02  2.620439713E-02  2.509948721E-02  2.397680275E-02
  2.289964424E-02  2.192224225E-02  2.108654688E-02  2.042442192E-02  1.996271181E-02
  1.972458259E-02  1.972458259E-02  1.996271181E-02  2.042442192E-02  2.108654688E-02
  2.192224225E-02  2.289964424E-02  2.397680275E-02  2.509948721E-02  2.620439713E-02
  2.722481139E-02  2.809599727E-02  2.876100915E-02  2.917687908E-02  2.931821559E-02
  2.917687908E-02  2.876100915E-02  2.764144253E-02  2.682375979E-02  2.590297223E-02
  2.493561049E-02  2.397680275E-02  2.307614632E-02  2.227472007E-02  2.160548370E-02
  2.109725520E-02  2.077734472E-02  2.066779246E-02  2.077734472E-02  2.109725520E-02
  2.160548370E-02  2.227472007E-02  2.307614632E-02  2.397680275E-02  2.493561049E-02
  2.590297223E-02  2.682375979E-02  2.764144253E-02  2.830329570E-02  2.876689896E-02
  2.900489315E-02  2.900489315E-02  2.876689896E-02  2.830329570E-02  2.739502465E-02
  2.668246540E-02  2.590297223E-02  2.509948721E-02  2.431363241E-02  2.358349833E-02
  2.294299976E-02  2.242332949E-02  2.205426701E-02  2.186180548E-02  2.186180548E-02
  2.205426701E-02  2.242332949E-02  2.294299976E-02  2.358349833E-02  2.431363241E-02
  2.509948721E-02  2.590297223E-02  2.668246540E-02  2.739502465E-02  2.799918630E-02
  2.845845239E-02  2.874508166E-02  2.884242948E-02  2.874508166E-02  2.845845239E-02
  2.799918630E-02  2.739502465E-02  2.682375979E-02  2.620439713E-02  2.556758839E-02
  2.494576690E-02  2.437117784E-02  2.387593291E-02  2.349190439E-02  2.324780134E-02
  2.316397541E-02  2.324780134E-02  2.349190439E-02  2.387593291E-02  2.437117784E-02
  2.494576690E-02  2.556758839E-02  2.620439713E-02  2.682375979E-02  2.739502465E-02
  2.789166529E-02  2.829112263E-02  2.857298592E-02  2.871944500E-02  2.871944500E-02
  2.857298592E-02  2.829112263E-02  2.789166529E-02  2.764144253E-02  2.722481139E-02
  2.676524928E-02  2.628676427E-02  2.581657131E-02  2.538344810E-02  2.501865586E-02
  2.475373371E-02  2.461427760E-02  2.461427760E-02  2.475373371E-02  2.501865586E-02
  2.538344810E-02  2.581657131E-02  2.628676427E-02  2.676524928E-02  2.722481139E-02
  2.764144253E-02  2.799918630E-02  2.829112263E-02  2.851264383E-02  2.865424500E-02
  2.870343810E-02  2.865424500E-02  2.851264383E-02  2.829112263E-02  2.799918630E-02
  2.809599727E-02  2.783409566E-02  2.752880373E-02  2.719889456E-02  2.686539730E-02
  2.655366887E-02  2.629566195E-02  2.612449139E-02  2.606451406E-02  2.612449139E-02
  2.629566195E-02  2.655366887E-02  2.686539730E-02  2.719889456E-02  2.752880373E-02
  2.783409566E-02  2.809599727E-02  2.830329570E-02  2.845845239E-02  2.857298592E-02
  2.865424500E-02  2.869856780E-02  2.869856780E-02  2.865424500E-02  2.857298592E-02
  2.845845239E-02  2.830329570E-02  2.870642406E-02  2.859615219E-02  2.843527775E-02
  2.823345257E-02  2.800550083E-02  2.777872527E-02  2.759292217E-02  2.748788008E-02
  2.748788008E-02  2.759292217E-02  2.777872527E-02  2.800550083E-02  2.823345257E-02
  2.843527775E-02  2.859615219E-02  2.870642406E-02  2.876100915E-02  2.876689896E-02
  2.874508166E-02  2.871944500E-02  2.870343810E-02  2.869856780E-02  2.870343810E-02
  2.871944500E-02  2.874508166E-02  2.876689896E-02  2.876100915E-02  2.941926676E-02
  2.944700047E-02  2.940035205E-02  2.928041759E-02  2.910537041E-02  2.891728036E-02
  2.877233467E-02  2.871792482E-02  2.877233467E-02  2.891728036E-02  2.910537041E-02
  2.928041759E-02  2.940035205E-02  2.944700047E-02  2.941926676E-02  2.932409500E-02
  2.917687908E-02  2.900489315E-02  2.884242948E-02  2.871944500E-02  2.865424500E-02
  2.865424500E-02  2.871944500E-02  2.884242948E-02  2.900489315E-02  2.917687908E-02
  2.932409500E-02  3.016573348E-02  3.029100132E-02  3.029816103E-02  3.019278990E-02
  3.001411182E-02  2.983072709E-02  2.971580904E-02  2.971580904E-02  2.983072709E-02
  3.001411182E-02  3.019278990E-02  3.029816103E-02  3.029100132E-02  3.016573348E-02
  2.993988914E-02  2.964425656E-02  2.931821559E-02  2.900489315E-02  2.874508166E-02
  2.857298592E-02  2.851264383E-02  2.857298592E-02  2.874508166E-02  2.900489315E-02
  2.931821559E-02  2.964425656E-02  2.993988914E-02  3.084897143E-02  3.100274985E-02
  3.098803864E-02  3.083583763E-02  3.062061519E-02  3.043789148E-02  3.036683170E-02
  3.043789148E-02  3.062061519E-02  3.083583763E-02  3.098803864E-02  3.100274985E-02
  3.084897143E-02  3.053947784E-02  3.011819260E-02  2.964425656E-02  2.917687908E-02
  2.876689896E-02  2.845845239E-02  2.829112263E-02  2.829112263E-02  2.845845239E-02
  2.876689896E-02  2.917687908E-02  2.964425656E-02  3.011819260E-02  3.053947784E-02
  3.136207981E-02  3.146828370E-02  3.137227371E-02  3.114613215E-02  3.089992307E-02
  3.074310651E-02  3.074310651E-02  3.089992307E-02  3.114613215E-02  3.137227371E-02
  3.146828370E-02  3.136207981E-02  3.103900310E-02  3.053947784E-02  2.993988914E-02
  2.932409500E-02  2.876100915E-02  2.830329570E-02  2.799918630E-02  2.789166529E-02
  2.799918630E-02  2.830329570E-02  2.876100915E-02  2.932409500E-02  2.993988914E-02
  3.053947784E-02  3.103900310E-02  3.142176980E-02  3.090209624E-02  3.025203653E-02
  2.967319019E-02  2.933566288E-02  2.933566288E-02  2.967319019E-02  3.025203653E-02
  3.090209624E-02  3.142176980E-02  3.163459361E-02  3.144868103E-02  3.089393964E-02
  3.010473013E-02  2.924896770E-02  2.845906621E-02  2.781923695E-02  2.739502465E-02
  2.724497720E-02  2.739502465E-02  2.781923695E-02  2.845906621E-02  2.924896770E-02
  3.010473013E-02  3.089393964E-02  3.144868103E-02  3.163459361E-02  3.090209624E-02
  3.023907980E-02  2.955728771E-02  2.905578019E-02  2.887232550E-02  2.905578019E-02
  2.955728771E-02  3.023907980E-02  3.090209624E-02  3.133368124E-02  3.137227371E-02
  3.097106158E-02  3.022019323E-02  2.929745154E-02  2.837926556E-02  2.758708528E-02
  2.699956904E-02  2.668246540E-02  2.668246540E-02  2.699956904E-02  2.758708528E-02
  2.837926556E-02  2.929745154E-02  3.022019323E-02  3.097106158E-02  3.137227371E-02
  3.133368124E-02  3.025203653E-02  2.955728771E-02  2.895013072E-02  2.860063926E-02
  2.860063926E-02  2.895013072E-02  2.955728771E-02  3.025203653E-02  3.081888667E-02
  3.105350673E-02  3.083583763E-02  3.018599911E-02  2.925449166E-02  2.824128528E-02
  2.730965910E-02  2.656305110E-02  2.607436837E-02  2.590297223E-02  2.607436837E-02
  2.656305110E-02  2.730965910E-02  2.824128528E-02  2.925449166E-02  3.018599911E-02
  3.083583763E-02  3.105350673E-02  3.081888667E-02  2.967319019E-02  2.905578019E-02
  2.860063926E-02  2.843437721E-02  2.860063926E-02  2.905578019E-02  2.967319019E-02
  3.026165762E-02  3.060743447E-02  3.054190028E-02  3.001411182E-02  2.911983240E-02
  2.805136405E-02  2.700211373E-02  2.610671118E-02  2.545033625E-02  2.509948721E-02
  2.509948721E-02  2.545033625E-02  2.610671118E-02  2.700211373E-02  2.805136405E-02
  2.911983240E-02  3.001411182E-02  3.054190028E-02  3.060743447E-02  3.026165762E-02
  2.933566288E-02  2.887232550E-02  2.860063926E-02  2.860063926E-02  2.887232550E-02
  2.933566288E-02  2.983906573E-02  3.018700584E-02  3.019457221E-02  2.975984385E-02
  2.891728036E-02  2.782490730E-02  2.668372933E-02  2.565528678E-02  2.484143103E-02
  2.431363241E-02  2.412950119E-02  2.431363241E-02  2.484143103E-02  2.565528678E-02
  2.668372933E-02  2.782490730E-02  2.891728036E-02  2.975984385E-02  3.019457221E-02
  3.018700584E-02  2.983906573E-02  2.933566288E-02  2.905578019E-02  2.895013072E-02
  2.905578019E-02  2.933566288E-02  2.968217103E-02  2.993436970E-02  2.991872999E-02
  2.951145585E-02  2.869876455E-02  2.759292217E-02  2.637998475E-02  2.523548011E-02
  2.427794087E-02  2.358349833E-02  2.321453675E-02  2.321453675E-02  2.358349833E-02
  2.427794087E-02  2.523548011E-02  2.637998475E-02  2.759292217E-02  2.869876455E-02
  2.951145585E-02  2.991872999E-02  2.993436970E-02  2.968217103E-02  2.967319019E-02
  2.955728771E-02  2.955728771E-02  2.967319019E-02  2.983906573E-02  2.993436970E-02
  2.981416282E-02  2.935915328E-02  2.853064944E-02  2.740006748E-02  2.612449139E-02
  2.487756919E-02  2.378989986E-02  2.294299976E-02  2.239847631E-02  2.220929743E-02
  2.239847631E-02  2.294299976E-02  2.378989986E-02  2.487756919E-02  2.612449139E-02
  2.740006748E-02  2.853064944E-02  2.935915328E-02  2.981416282E-02  2.993436970E-02
  2.983906573E-02  3.025203653E-02  3.023907980E-02  3.025203653E-02  3.026165762E-02
  3.018700584E-02  2.991872999E-02  2.935915328E-02  2.846764109E-02  2.729032453E-02
  2.595304988E-02  2.461427760E-02  2.340846749E-02  2.242332949E-02  2.171849300E-02
  2.134708927E-02  2.134708927E-02  2.171849300E-02  2.242332949E-02  2.340846749E-02
  2.461427760E-02  2.595304988E-02  2.729032453E-02  2.846764109E-02  2.935915328E-02
  2.991872999E-02  3.018700584E-02  3.026165762E-02  3.090209624E-02  3.090209624E-02
  3.081888667E-02  3.060743447E-02  3.019457221E-02  2.951145585E-02  2.853064944E-02
  2.729032453E-02  2.589261822E-02  2.447428103E-02  2.316397541E-02  2.205426701E-02
  2.120582741E-02  2.066784514E-02  2.048251576E-02  2.066784514E-02  2.120582741E-02
  2.205426701E-02  2.316397541E-02  2.447428103E-02  2.589261822E-02  2.729032453E-02
  2.853064944E-02  2.951145585E-02  3.019457221E-02  3.060743447E-02  3.081888667E-02
  3.142176980E-02  3.133368124E-02  3.105350673E-02  3.054190028E-02  2.975984385E-02
  2.869876455E-02  2.740006748E-02  2.595304988E-02  2.447428103E-02  2.307956092E-02
  2.186180548E-02  2.088612062E-02  2.020046490E-02  1.984469475E-02  1.984469475E-02
  2.020046490E-02  2.088612062E-02  2.186180548E-02  2.307956092E-02  2.447428103E-02
  2.595304988E-02  2.740006748E-02  2.869876455E-02  2.975984385E-02  3.054190028E-02
  3.105350673E-02  3.133368124E-02  3.163459361E-02  3.137227371E-02  3.083583763E-02
  3.001411182E-02  2.891728036E-02  2.759292217E-02  2.612449139E-02  2.461427760E-02
  2.316397541E-02  2.186180548E-02  2.077734472E-02  1.996271181E-02  1.945649761E-02
  1.928459475E-02  1.945649761E-02  1.996271181E-02  2.077734472E-02  2.186180548E-02
  2.316397541E-02  2.461427760E-02  2.612449139E-02  2.759292217E-02  2.891728036E-02
  3.001411182E-02  3.083583763E-02  3.137227371E-02  3.163459361E-02  3.144868103E-02
  3.097106158E-02  3.018599911E-02  2.911983240E-02  2.782490730E-02  2.637998475E-02
  2.487756919E-02  2.340846749E-02  2.205426701E-02  2.088612062E-02  1.996271181E-02
  1.932656369E-02  1.900299023E-02  1.900299023E-02  1.932656369E-02  1.996271181E-02
  2.088612062E-02  2.205426701E-02  2.340846749E-02  2.487756919E-02  2.637998475E-02
  2.782490730E-02  2.911983240E-02  3.018599911E-02  3.097106158E-02  3.144868103E-02
  3.160871027E-02  3.089393964E-02  3.022019323E-02  2.925449166E-02  2.805136405E-02
  2.668372933E-02  2.523548011E-02  2.378989986E-02  2.242332949E-02  2.120582741E-02
  2.020046490E-02  1.945649761E-02  1.900299023E-02  1.885112183E-02  1.900299023E-02
  1.945649761E-02  2.020046490E-02  2.120582741E-02  2.242332949E-02  2.378989986E-02
  2.523548011E-02  2.668372933E-02  2.805136405E-02  2.925449166E-02  3.022019323E-02
  3.089393964E-02  3.123991578E-02  3.123991578E-02  3.010473013E-02  2.929745154E-02
  2.824128528E-02  2.700211373E-02  2.565528678E-02  2.427794087E-02  2.294299976E-02
  2.171849300E-02  2.066784514E-02  1.984469475E-02  1.928459475E-02  1.900299023E-02
  1.900299023E-02  1.928459475E-02  1.984469475E-02  2.066784514E-02  2.171849300E-02
  2.294299976E-02  2.427794087E-02  2.565528678E-02  2.700211373E-02  2.824128528E-02
  2.929745154E-02  3.010473013E-02  3.061165662E-02  3.078459848E-02  3.061165662E-02
  2.924896770E-02  2.837926556E-02  2.730965910E-02  2.610671118E-02  2.484143103E-02
  2.358349833E-02  2.239847631E-02  2.134708927E-02  2.048251576E-02  1.984469475E-02
  1.945649761E-02  1.932656369E-02  1.945649761E-02  1.984469475E-02  2.048251576E-02
  2.134708927E-02  2.239847631E-02  2.358349833E-02  2.484143103E-02  2.610671118E-02
  2.730965910E-02  2.837926556E-02  2.924896770E-02  2.986285352E-02  3.018047865E-02
  3.018047865E-02  2.986285352E-02  2.845906621E-02  2.758708528E-02  2.656305110E-02
  2.545033625E-02  2.431363241E-02  2.321453675E-02  2.220929743E-02  2.134708927E-02
  2.066784514E-02  2.020046490E-02  1.996271181E-02  1.996271181E-02  2.020046490E-02
  2.066784514E-02  2.134708927E-02  2.220929743E-02  2.321453675E-02  2.431363241E-02
  2.545033625E-02  2.656305110E-02  2.758708528E-02  2.845906621E-02  2.912343780E-02
  2.953854707E-02  2.967960488E-02  2.953854707E-02  2.912343780E-02  2.781923695E-02
  2.699956904E-02  2.607436837E-02  2.509948721E-02  2.412950119E-02  2.321453675E-02
  2.239847631E-02  2.171849300E-02  2.120582741E-02  2.088612062E-02  2.077734472E-02
  2.088612062E-02  2.120582741E-02  2.171849300E-02  2.239847631E-02  2.321453675E-02
  2.412950119E-02  2.509948721E-02  2.607436837E-02  2.699956904E-02  2.781923695E-02
  2.848148318E-02  2.894485851E-02  2.918265035E-02  2.918265035E-02  2.894485851E-02
  2.848148318E-02  2.739502465E-02  2.668246540E-02  2.590297223E-02  2.509948721E-02
  2.431363241E-02  2.358349833E-02  2.294299976E-02  2.242332949E-02  2.205426701E-02
  2.186180548E-02  2.186180548E-02  2.205426701E-02  2.242332949E-02  2.294299976E-02
  2.358349833E-02  2.431363241E-02  2.509948721E-02  2.590297223E-02  2.668246540E-02
  2.739502465E-02  2.799918630E-02  2.845845239E-02  2.874508166E-02  2.884242948E-02
  2.874508166E-02  2.845845239E-02  2.799918630E-02  2.724497720E-02  2.668246540E-02
  2.607436837E-02  2.545033625E-02  2.484143103E-02  2.427794087E-02  2.378989986E-02
  2.340846749E-02  2.316397541E-02  2.307956092E-02  2.316397541E-02  2.340846749E-02
  2.378989986E-02  2.427794087E-02  2.484143103E-02  2.545033625E-02  2.607436837E-02
  2.668246540E-02  2.724497720E-02  2.773587656E-02  2.813224961E-02  2.841272681E-02
  2.855866714E-02  2.855866714E-02  2.841272681E-02  2.813224961E-02  2.773587656E-02
  2.739502465E-02  2.699956904E-02  2.656305110E-02  2.610671118E-02  2.565528678E-02
  2.523548011E-02  2.487756919E-02  2.461427760E-02  2.447428103E-02  2.447428103E-02
  2.461427760E-02  2.487756919E-02  2.523548011E-02  2.565528678E-02  2.610671118E-02
  2.656305110E-02  2.699956904E-02  2.739502465E-02  2.773587656E-02  2.801612690E-02
  2.823042783E-02  2.836807389E-02  2.841597876E-02  2.836807389E-02  2.823042783E-02
  2.801612690E-02  2.773587656E-02  2.781923695E-02  2.758708528E-02  2.730965910E-02
  2.700211373E-02  2.668372933E-02  2.637998475E-02  2.612449139E-02  2.595304988E-02
  2.589261822E-02  2.595304988E-02  2.612449139E-02  2.637998475E-02  2.668372933E-02
  2.700211373E-02  2.730965910E-02  2.758708528E-02  2.781923695E-02  2.799918630E-02
  2.813224961E-02  2.823042783E-02  2.830049441E-02  2.833888721E-02  2.833888721E-02
  2.830049441E-02  2.823042783E-02  2.813224961E-02  2.799918630E-02  2.845906621E-02
  2.837926556E-02  2.824128528E-02  2.805136405E-02  2.782490730E-02  2.759292217E-02
  2.740006748E-02  2.729032453E-02  2.729032453E-02  2.740006748E-02  2.759292217E-02
  2.782490730E-02  2.805136405E-02  2.824128528E-02  2.837926556E-02  2.845906621E-02
  2.848148318E-02  2.845845239E-02  2.841272681E-02  2.836807389E-02  2.833888721E-02
  2.832915363E-02  2.833888721E-02  2.836807389E-02  2.841272681E-02  2.845845239E-02
  2.848148318E-02  2.924896770E-02  2.929745154E-02  2.925449166E-02  2.911983240E-02
  2.891728036E-02  2.869876455E-02  2.853064944E-02  2.846764109E-02  2.853064944E-02
  2.869876455E-02  2.891728036E-02  2.911983240E-02  2.925449166E-02  2.929745154E-02
  2.924896770E-02  2.912343780E-02  2.894485851E-02  2.874508166E-02  2.855866714E-02
  2.841597876E-02  2.833888721E-02  2.833888721E-02  2.841597876E-02  2.855866714E-02
  2.874508166E-02  2.894485851E-02  2.912343780E-02  3.010473013E-02  3.022019323E-02
  3.018599911E-02  3.001411182E-02  2.975984385E-02  2.951145585E-02  2.935915328E-02
  2.935915328E-02  2.951145585E-02  2.975984385E-02  3.001411182E-02  3.018599911E-02
  3.022019323E-02  3.010473013E-02  2.986285352E-02  2.953854707E-02  2.918265035E-02
  2.884242948E-02  2.855866714E-02  2.836807389E-02  2.830049441E-02  2.836807389E-02
  2.855866714E-02  2.884242948E-02  2.918265035E-02  2.953854707E-02  2.986285352E-02
  3.089393964E-02  3.097106158E-02  3.083583763E-02  3.054190028E-02  3.019457221E-02
  2.991872999E-02  2.981416282E-02  2.991872999E-02  3.019457221E-02  3.054190028E-02
  3.083583763E-02  3.097106158E-02  3.089393964E-02  3.061165662E-02  3.018047865E-02
  2.967960488E-02  2.918265035E-02  2.874508166E-02  2.841272681E-02  2.823042783E-02
  2.823042783E-02  2.841272681E-02  2.874508166E-02  2.918265035E-02  2.967960488E-02
  3.018047865E-02  3.061165662E-02  3.144868103E-02  3.137227371E-02  3.105350673E-02
  3.060743447E-02  3.018700584E-02  2.993436970E-02  2.993436970E-02  3.018700584E-02
  3.060743447E-02  3.105350673E-02  3.137227371E-02  3.144868103E-02  3.123991578E-02
  3.078459848E-02  3.018047865E-02  2.953854707E-02  2.894485851E-02  2.845845239E-02
  2.813224961E-02  2.801612690E-02  2.813224961E-02  2.845845239E-02  2.894485851E-02
  2.953854707E-02  3.018047865E-02  3.078459848E-02  3.123991578E-02  3.163459361E-02
  3.133368124E-02  3.081888667E-02  3.026165762E-02  2.983906573E-02  2.968217103E-02
  2.983906573E-02  3.026165762E-02  3.081888667E-02  3.133368124E-02  3.163459361E-02
  3.160871027E-02  3.123991578E-02  3.061165662E-02  2.986285352E-02  2.912343780E-02
  2.848148318E-02  2.799918630E-02  2.773587656E-02  2.773587656E-02  2.799918630E-02
  2.848148318E-02  2.912343780E-02  2.986285352E-02  3.061165662E-02  3.123991578E-02
  3.160871027E-02  2.992360765E-02  2.875116345E-02  2.766556528E-02  2.690793175E-02
  2.663702459E-02  2.690793175E-02  2.766556528E-02  2.875116345E-02  2.992360765E-02
  3.090209624E-02  3.143929298E-02  3.141356403E-02  3.088413856E-02  3.005083351E-02
  2.914240443E-02  2.833030801E-02  2.772262769E-02  2.739502465E-02  2.739502465E-02
  2.772262769E-02  2.833030801E-02  2.914240443E-02  3.005083351E-02  3.088413856E-02
  3.141356403E-02  3.143929298E-02  3.090209624E-02  2.875116345E-02  2.752383832E-02
  2.653805755E-02  2.599343707E-02  2.599343707E-02  2.653805755E-02  2.752383832E-02
  2.875116345E-02  2.994708621E-02  3.081888667E-02  3.114613215E-02  3.087623823E-02
  3.014693231E-02  2.920165646E-02  2.826861993E-02  2.750236478E-02  2.699956904E-02
  2.682375979E-02  2.699956904E-02  2.750236478E-02  2.826861993E-02  2.920165646E-02
  3.014693231E-02  3.087623823E-02  3.114613215E-02  3.081888667E-02  2.994708621E-02
  2.766556528E-02  2.653805755E-02  2.576481063E-02  2.549092225E-02  2.576481063E-02
  2.653805755E-02  2.766556528E-02  2.891261798E-02  2.998597701E-02  3.060743447E-02
  3.062061519E-02  3.006644914E-02  2.915398407E-02  2.814218069E-02  2.723567981E-02
  2.656305110E-02  2.620439713E-02  2.620439713E-02  2.656305110E-02  2.723567981E-02
  2.814218069E-02  2.915398407E-02  3.006644914E-02  3.062061519E-02  3.060743447E-02
  2.998597701E-02  2.891261798E-02  2.690793175E-02  2.599343707E-02  2.549092225E-02
  2.549092225E-02  2.599343707E-02  2.690793175E-02  2.805192530E-02  2.916396193E-02
  2.995321882E-02  3.019457221E-02  2.983072709E-02  2.900041903E-02  2.795538178E-02
  2.693598877E-02  2.610671118E-02  2.556758839E-02  2.538023234E-02  2.556758839E-02
  2.610671118E-02  2.693598877E-02  2.795538178E-02  2.900041903E-02  2.983072709E-02
  3.019457221E-02  2.995321882E-02  2.916396193E-02  2.805192530E-02  2.663702459E-02
  2.599343707E-02  2.576481063E-02  2.599343707E-02  2.663702459E-02  2.756635533E-02
  2.856792231E-02  2.937308255E-02  2.973101566E-02  2.951145585E-02  2.877233467E-02
  2.772558665E-02  2.662204643E-02  2.565528678E-02  2.494576690E-02  2.456944642E-02
  2.456944642E-02  2.494576690E-02  2.565528678E-02  2.662204643E-02  2.772558665E-02
  2.877233467E-02  2.951145585E-02  2.973101566E-02  2.937308255E-02  2.856792231E-02
  2.756635533E-02  2.690793175E-02  2.653805755E-02  2.653805755E-02  2.690793175E-02
  2.756635533E-02  2.835085092E-02  2.903440374E-02  2.937690156E-02  2.921222424E-02
  2.853064944E-02  2.748788008E-02  2.631996053E-02  2.523548011E-02  2.437117784E-02
  2.381297737E-02  2.361922245E-02  2.381297737E-02  2.437117784E-02  2.523548011E-02
  2.631996053E-02  2.748788008E-02  2.853064944E-02  2.921222424E-02  2.937690156E-02
  2.903440374E-02  2.835085092E-02  2.756635533E-02  2.766556528E-02  2.752383832E-02
  2.766556528E-02  2.805192530E-02  2.856792231E-02  2.903440374E-02  2.924489247E-02
  2.903265114E-02  2.834751294E-02  2.729032453E-02  2.606451406E-02  2.487756919E-02
  2.387593291E-02  2.315029711E-02  2.276626521E-02  2.276626521E-02  2.315029711E-02
  2.387593291E-02  2.487756919E-02  2.606451406E-02  2.729032453E-02  2.834751294E-02
  2.903265114E-02  2.924489247E-02  2.903440374E-02  2.856792231E-02  2.805192530E-02
  2.875116345E-02  2.875116345E-02  2.891261798E-02  2.916396193E-02  2.937308255E-02
  2.937690156E-02  2.903265114E-02  2.827945639E-02  2.717823137E-02  2.589261822E-02
  2.461427760E-02  2.349190439E-02  2.261780841E-02  2.205707684E-02  2.186262141E-02
  2.205707684E-02  2.261780841E-02  2.349190439E-02  2.461427760E-02  2.589261822E-02
  2.717823137E-02  2.827945639E-02  2.903265114E-02  2.937690156E-02  2.937308255E-02
  2.916396193E-02  2.891261798E-02  2.992360765E-02  2.994708621E-02  2.998597701E-02
  2.995321882E-02  2.973101566E-02  2.921222424E-02  2.834751294E-02  2.717823137E-02
  2.583195403E-02  2.447428103E-02  2.324780134E-02  2.224555295E-02  2.152915710E-02
  2.115201018E-02  2.115201018E-02  2.152915710E-02  2.224555295E-02  2.324780134E-02
  2.447428103E-02  2.583195403E-02  2.717823137E-02  2.834751294E-02  2.921222424E-02
  2.973101566E-02  2.995321882E-02  2.998597701E-02  2.994708621E-02  3.090209624E-02
  3.081888667E-02  3.060743447E-02  3.019457221E-02  2.951145585E-02  2.853064944E-02
  2.729032453E-02  2.589261822E-02  2.447428103E-02  2.316397541E-02  2.205426701E-02
  2.120582741E-02  2.066784514E-02  2.048251576E-02  2.066784514E-02  2.120582741E-02
  2.205426701E-02  2.316397541E-02  2.447428103E-02  2.589261822E-02  2.729032453E-02
  2.853064944E-02  2.951145585E-02  3.019457221E-02  3.060743447E-02  3.081888667E-02
  3.090209624E-02  3.143929298E-02  3.114613215E-02  3.062061519E-02  2.983072709E-02
  2.877233467E-02  2.748788008E-02  2.606451406E-02  2.461427760E-02  2.324780134E-02
  2.205426701E-02  2.109725520E-02  2.042442192E-02  2.007529325E-02  2.007529325E-02
  2.042442192E-02  2.109725520E-02  2.205426701E-02  2.324780134E-02  2.461427760E-02
  2.606451406E-02  2.748788008E-02  2.877233467E-02  2.983072709E-02  3.062061519E-02
  3.114613215E-02  3.143929298E-02  3.153266083E-02  3.141356403E-02  3.087623823E-02
  3.006644914E-02  2.900041903E-02  2.772558665E-02  2.631996053E-02  2.487756919E-02
  2.349190439E-02  2.224555295E-02  2.120582741E-02  2.042442192E-02  1.993918387E-02
  1.977453912E-02  1.993918387E-02  2.042442192E-02  2.120582741E-02  2.224555295E-02
  2.349190439E-02  2.487756919E-02  2.631996053E-02  2.772558665E-02  2.900041903E-02
  3.006644914E-02  3.087623823E-02  3.141356403E-02  3.167999815E-02  3.167999815E-02
  3.088413856E-02  3.014693231E-02  2.915398407E-02  2.795538178E-02  2.662204643E-02
  2.523548011E-02  2.387593291E-02  2.261780841E-02  2.152915710E-02  2.066784514E-02
  2.007529325E-02  1.977453912E-02  1.977453912E-02  2.007529325E-02  2.066784514E-02
  2.152915710E-02  2.261780841E-02  2.387593291E-02  2.523548011E-02  2.662204643E-02
  2.795538178E-02  2.915398407E-02  3.014693231E-02  3.088413856E-02  3.133632776E-02
  3.148862301E-02  3.133632776E-02  3.005083351E-02  2.920165646E-02  2.814218069E-02
  2.693598877E-02  2.565528678E-02  2.437117784E-02  2.315029711E-02  2.205707684E-02
  2.115201018E-02  2.048251576E-02  2.007529325E-02  1.993918387E-02  2.007529325E-02
  2.048251576E-02  2.115201018E-02  2.205707684E-02  2.315029711E-02  2.437117784E-02
  2.565528678E-02  2.693598877E-02  2.814218069E-02  2.920165646E-02  3.005083351E-02
  3.064225850E-02  3.094548494E-02  3.094548494E-02  3.064225850E-02  2.914240443E-02
  2.826861993E-02  2.723567981E-02  2.610671118E-02  2.494576690E-02  2.381297737E-02
  2.276626521E-02  2.186262141E-02  2.115201018E-02  2.066784514E-02  2.042442192E-02
  2.042442192E-02  2.066784514E-02  2.115201018E-02  2.186262141E-02  2.276626521E-02
  2.381297737E-02  2.494576690E-02  2.610671118E-02  2.723567981E-02  2.826861993E-02
  2.914240443E-02  2.980372308E-02  3.021485773E-02  3.035422110E-02  3.021485773E-02
  2.980372308E-02  2.833030801E-02  2.750236478E-02  2.656305110E-02  2.556758839E-02
  2.456944642E-02  2.361922245E-02  2.276626521E-02  2.205707684E-02  2.152915710E-02
  2.120582741E-02  2.109725520E-02  2.120582741E-02  2.152915710E-02  2.205707684E-02
  2.276626521E-02  2.361922245E-02  2.456944642E-02  2.556758839E-02  2.656305110E-02
  2.750236478E-02  2.833030801E-02  2.899604912E-02  2.946020802E-02  2.969797591E-02
  2.969797591E-02  2.946020802E-02  2.899604912E-02  2.772262769E-02  2.699956904E-02
  2.620439713E-02  2.538023234E-02  2.456944642E-02  2.381297737E-02  2.315029711E-02
  2.261780841E-02  2.224555295E-02  2.205426701E-02  2.205426701E-02  2.224555295E-02
  2.261780841E-02  2.315029711E-02  2.381297737E-02  2.456944642E-02  2.538023234E-02
  2.620439713E-02  2.699956904E-02  2.772262769E-02  2.833250263E-02  2.879411586E-02
  2.908147425E-02  2.917897745E-02  2.908147425E-02  2.879411586E-02  2.833250263E-02
  2.739502465E-02  2.682375979E-02  2.620439713E-02  2.556758839E-02  2.494576690E-02
  2.437117784E-02  2.387593291E-02  2.349190439E-02  2.324780134E-02  2.316397541E-02
  2.324780134E-02  2.349190439E-02  2.387593291E-02  2.437117784E-02  2.494576690E-02
  2.556758839E-02  2.620439713E-02  2.682375979E-02  2.739502465E-02  2.789166529E-02
  2.829112263E-02  2.857298592E-02  2.871944500E-02  2.871944500E-02  2.857298592E-02
  2.829112263E-02  2.789166529E-02  2.739502465E-02  2.699956904E-02  2.656305110E-02
  2.610671118E-02  2.565528678E-02  2.523548011E-02  2.487756919E-02  2.461427760E-02
  2.447428103E-02  2.447428103E-02  2.461427760E-02  2.487756919E-02  2.523548011E-02
  2.565528678E-02  2.610671118E-02  2.656305110E-02  2.699956904E-02  2.739502465E-02
  2.773587656E-02  2.801612690E-02  2.823042783E-02  2.836807389E-02  2.841597876E-02
  2.836807389E-02  2.823042783E-02  2.801612690E-02  2.773587656E-02  2.772262769E-02
  2.750236478E-02  2.723567981E-02  2.693598877E-02  2.662204643E-02  2.631996053E-02
  2.606451406E-02  2.589261822E-02  2.583195403E-02  2.589261822E-02  2.606451406E-02
  2.631996053E-02  2.662204643E-02  2.693598877E-02  2.723567981E-02  2.750236478E-02
  2.772262769E-02  2.789166529E-02  2.801612690E-02  2.810813921E-02  2.817408246E-02
  2.821030868E-02  2.821030868E-02  2.817408246E-02  2.810813921E-02  2.801612690E-02
  2.789166529E-02  2.833030801E-02  2.826861993E-02  2.814218069E-02  2.795538178E-02
  2.772558665E-02  2.748788008E-02  2.729032453E-02  2.717823137E-02  2.717823137E-02
  2.729032453E-02  2.748788008E-02  2.772558665E-02  2.795538178E-02  2.814218069E-02
  2.826861993E-02  2.833030801E-02  2.833250263E-02  2.829112263E-02  2.823042783E-02
  2.817408246E-02  2.813688650E-02  2.812421126E-02  2.813688650E-02  2.817408246E-02
  2.823042783E-02  2.829112263E-02  2.833250263E-02  2.914240443E-02  2.920165646E-02
  2.915398407E-02  2.900041903E-02  2.877233467E-02  2.853064944E-02  2.834751294E-02
  2.827945639E-02  2.834751294E-02  2.853064944E-02  2.877233467E-02  2.900041903E-02
  2.915398407E-02  2.920165646E-02  2.914240443E-02  2.899604912E-02  2.879411586E-02
  2.857298592E-02  2.836807389E-02  2.821030868E-02  2.812421126E-02  2.812421126E-02
  2.821030868E-02  2.836807389E-02  2.857298592E-02  2.879411586E-02  2.899604912E-02
  3.005083351E-02  3.014693231E-02  3.006644914E-02  2.983072709E-02  2.951145585E-02
  2.921222424E-02  2.903265114E-02  2.903265114E-02  2.921222424E-02  2.951145585E-02
  2.983072709E-02  3.006644914E-02  3.014693231E-02  3.005083351E-02  2.980372308E-02
  2.946020802E-02  2.908147425E-02  2.871944500E-02  2.841597876E-02  2.821030868E-02
  2.813688650E-02  2.821030868E-02  2.841597876E-02  2.871944500E-02  2.908147425E-02
  2.946020802E-02  2.980372308E-02  3.088413856E-02  3.087623823E-02  3.062061519E-02
  3.019457221E-02  2.973101566E-02  2.937690156E-02  2.924489247E-02  2.937690156E-02
  2.973101566E-02  3.019457221E-02  3.062061519E-02  3.087623823E-02  3.088413856E-02
  3.064225850E-02  3.021485773E-02  2.969797591E-02  2.917897745E-02  2.871944500E-02
  2.836807389E-02  2.817408246E-02  2.817408246E-02  2.836807389E-02  2.871944500E-02
  2.917897745E-02  2.969797591E-02  3.021485773E-02  3.064225850E-02  3.141356403E-02
  3.114613215E-02  3.060743447E-02  2.995321882E-02  2.937308255E-02  2.903440374E-02
  2.903440374E-02  2.937308255E-02  2.995321882E-02  3.060743447E-02  3.114613215E-02
  3.141356403E-02  3.133632776E-02  3.094548494E-02  3.035422110E-02  2.969797591E-02
  2.908147425E-02  2.857298592E-02  2.823042783E-02  2.810813921E-02  2.823042783E-02
  2.857298592E-02  2.908147425E-02  2.969797591E-02  3.035422110E-02  3.094548494E-02
  3.133632776E-02  3.143929298E-02  3.081888667E-02  2.998597701E-02  2.916396193E-02
  2.856792231E-02  2.835085092E-02  2.856792231E-02  2.916396193E-02  2.998597701E-02
  3.081888667E-02  3.143929298E-02  3.167999815E-02  3.148862301E-02  3.094548494E-02
  3.021485773E-02  2.946020802E-02  2.879411586E-02  2.829112263E-02  2.801612690E-02
  2.801612690E-02  2.829112263E-02  2.879411586E-02  2.946020802E-02  3.021485773E-02
  3.094548494E-02  3.148862301E-02  3.167999815E-02  3.090209624E-02  2.994708621E-02
  2.891261798E-02  2.805192530E-02  2.756635533E-02  2.756635533E-02  2.805192530E-02
  2.891261798E-02  2.994708621E-02  3.090209624E-02  3.153266083E-02  3.167999815E-02
  3.133632776E-02  3.064225850E-02  2.980372308E-02  2.899604912E-02  2.833250263E-02
  2.789166529E-02  2.773587656E-02  2.789166529E-02  2.833250263E-02  2.899604912E-02
  2.980372308E-02  3.064225850E-02  3.133632776E-02  3.167999815E-02  3.153266083E-02
  2.696579723E-02  2.525583541E-02  2.393237012E-02  2.321446673E-02  2.321446673E-02
  2.393237012E-02  2.525583541E-02  2.696579723E-02  2.875116345E-02  3.025203653E-02
  3.115623107E-02  3.132535030E-02  3.085792435E-02  3.002122338E-02  2.910688634E-02
  2.833030801E-02  2.781923695E-02  2.764144253E-02  2.781923695E-02  2.833030801E-02
  2.910688634E-02  3.002122338E-02  3.085792435E-02  3.132535030E-02  3.115623107E-02
  3.025203653E-02  2.875116345E-02  2.525583541E-02  2.366478612E-02  2.260679425E-02
  2.223700771E-02  2.260679425E-02  2.366478612E-02  2.525583541E-02  2.712075333E-02
  2.891261798E-02  3.026165762E-02  3.089992307E-02  3.078273613E-02  3.010208571E-02
  2.916931986E-02  2.826861993E-02  2.758708528E-02  2.722481139E-02  2.722481139E-02
  2.758708528E-02  2.826861993E-02  2.916931986E-02  3.010208571E-02  3.078273613E-02
  3.089992307E-02  3.026165762E-02  2.891261798E-02  2.712075333E-02  2.393237012E-02
  2.260679425E-02  2.189720485E-02  2.189720485E-02  2.260679425E-02  2.393237012E-02
  2.567874426E-02  2.754634579E-02  2.916396193E-02  3.018700584E-02  3.043789148E-02
  2.999083153E-02  2.911848786E-02  2.814218069E-02  2.730965910E-02  2.676524928E-02
  2.657717392E-02  2.676524928E-02  2.730965910E-02  2.814218069E-02  2.911848786E-02
  2.999083153E-02  3.043789148E-02  3.018700584E-02  2.916396193E-02  2.754634579E-02
  2.567874426E-02  2.321446673E-02  2.223700771E-02  2.189720485E-02  2.223700771E-02
  2.321446673E-02  2.469627720E-02  2.644465901E-02  2.812547720E-02  2.937308255E-02
  2.991872999E-02  2.971580904E-02  2.895639811E-02  2.795538178E-02  2.700211373E-02
  2.628676427E-02  2.590866867E-02  2.590866867E-02  2.628676427E-02  2.700211373E-02
  2.795538178E-02  2.895639811E-02  2.971580904E-02  2.991872999E-02  2.937308255E-02
  2.812547720E-02  2.644465901E-02  2.469627720E-02  2.321446673E-02  2.260679425E-02
  2.260679425E-02  2.321446673E-02  2.434858692E-02  2.583270592E-02  2.738888449E-02
  2.867329336E-02  2.937690156E-02  2.935915328E-02  2.871792482E-02  2.772558665E-02
  2.668372933E-02  2.581657131E-02  2.525390226E-02  2.505977581E-02  2.525390226E-02
  2.581657131E-02  2.668372933E-02  2.772558665E-02  2.871792482E-02  2.935915328E-02
  2.937690156E-02  2.867329336E-02  2.738888449E-02  2.583270592E-02  2.434858692E-02
  2.393237012E-02  2.366478612E-02  2.393237012E-02  2.469627720E-02  2.583270592E-02
  2.712320298E-02  2.827113614E-02  2.897210064E-02  2.903265114E-02  2.846764109E-02
  2.748788008E-02  2.637998475E-02  2.538344810E-02  2.464927584E-02  2.426186108E-02
  2.426186108E-02  2.464927584E-02  2.538344810E-02  2.637998475E-02  2.748788008E-02
  2.846764109E-02  2.903265114E-02  2.897210064E-02  2.827113614E-02  2.712320298E-02
  2.583270592E-02  2.469627720E-02  2.525583541E-02  2.525583541E-02  2.567874426E-02
  2.644465901E-02  2.738888449E-02  2.827113614E-02  2.882273728E-02  2.883929364E-02
  2.827945639E-02  2.729032453E-02  2.612449139E-02  2.501865586E-02  2.413238920E-02
  2.356129387E-02  2.336370265E-02  2.356129387E-02  2.413238920E-02  2.501865586E-02
  2.612449139E-02  2.729032453E-02  2.827945639E-02  2.883929364E-02  2.882273728E-02
  2.827113614E-02  2.738888449E-02  2.644465901E-02  2.567874426E-02  2.696579723E-02
  2.712075333E-02  2.754634579E-02  2.812547720E-02  2.867329336E-02  2.897210064E-02
  2.883929364E-02  2.820982768E-02  2.717823137E-02  2.595304988E-02  2.475373371E-02
  2.373797002E-02  2.300244563E-02  2.261384564E-02  2.261384564E-02  2.300244563E-02
  2.373797002E-02  2.475373371E-02  2.595304988E-02  2.717823137E-02  2.820982768E-02
  2.883929364E-02  2.897210064E-02  2.867329336E-02  2.812547720E-02  2.754634579E-02
  2.712075333E-02  2.875116345E-02  2.891261798E-02  2.916396193E-02  2.937308255E-02
  2.937690156E-02  2.903265114E-02  2.827945639E-02  2.717823137E-02  2.589261822E-02
  2.461427760E-02  2.349190439E-02  2.261780841E-02  2.205707684E-02  2.186262141E-02
  2.205707684E-02  2.261780841E-02  2.349190439E-02  2.461427760E-02  2.589261822E-02
  2.717823137E-02  2.827945639E-02  2.903265114E-02  2.937690156E-02  2.937308255E-02
  2.916396193E-02  2.891261798E-02  2.875116345E-02  3.025203653E-02  3.026165762E-02
  3.018700584E-02  2.991872999E-02  2.935915328E-02  2.846764109E-02  2.729032453E-02
  2.595304988E-02  2.461427760E-02  2.340846749E-02  2.242332949E-02  2.171849300E-02
  2.134708927E-02  2.134708927E-02  2.171849300E-02  2.242332949E-02  2.340846749E-02
  2.461427760E-02  2.595304988E-02  2.729032453E-02  2.846764109E-02  2.935915328E-02
  2.991872999E-02  3.018700584E-02  3.026165762E-02  3.025203653E-02  3.023907980E-02
  3.115623107E-02  3.089992307E-02  3.043789148E-02  2.971580904E-02  2.871792482E-02
  2.748788008E-02  2.612449139E-02  2.475373371E-02  2.349190439E-02  2.242332949E-02
  2.160548370E-02  2.108654688E-02  2.090775029E-02  2.108654688E-02  2.160548370E-02
  2.242332949E-02  2.349190439E-02  2.475373371E-02  2.612449139E-02  2.748788008E-02
  2.871792482E-02  2.971580904E-02  3.043789148E-02  3.089992307E-02  3.115623107E-02
  3.126620099E-02  3.126620099E-02  3.132535030E-02  3.078273613E-02  2.999083153E-02
  2.895639811E-02  2.772558665E-02  2.637998475E-02  2.501865586E-02  2.373797002E-02
  2.261780841E-02  2.171849300E-02  2.108654688E-02  2.075914737E-02  2.075914737E-02
  2.108654688E-02  2.171849300E-02  2.261780841E-02  2.373797002E-02  2.501865586E-02
  2.637998475E-02  2.772558665E-02  2.895639811E-02  2.999083153E-02  3.078273613E-02
  3.132535030E-02  3.163674755E-02  3.173773564E-02  3.163674755E-02  3.085792435E-02
  3.010208571E-02  2.911848786E-02  2.795538178E-02  2.668372933E-02  2.538344810E-02
  2.413238920E-02  2.300244563E-02  2.205707684E-02  2.134708927E-02  2.090775029E-02
  2.075914737E-02  2.090775029E-02  2.134708927E-02  2.205707684E-02  2.300244563E-02
  2.413238920E-02  2.538344810E-02  2.668372933E-02  2.795538178E-02  2.911848786E-02
  3.010208571E-02  3.085792435E-02  3.136435448E-02  3.161708466E-02  3.161708466E-02
  3.136435448E-02  3.002122338E-02  2.916931986E-02  2.814218069E-02  2.700211373E-02
  2.581657131E-02  2.464927584E-02  2.356129387E-02  2.261384564E-02  2.186262141E-02
  2.134708927E-02  2.108654688E-02  2.108654688E-02  2.134708927E-02  2.186262141E-02
  2.261384564E-02  2.356129387E-02  2.464927584E-02  2.581657131E-02  2.700211373E-02
  2.814218069E-02  2.916931986E-02  3.002122338E-02  3.065261422E-02  3.103842010E-02
  3.116795301E-02  3.103842010E-02  3.065261422E-02  2.910688634E-02  2.826861993E-02
  2.730965910E-02  2.628676427E-02  2.525390226E-02  2.426186108E-02  2.336370265E-02
  2.261384564E-02  2.205707684E-02  2.171849300E-02  2.160548370E-02  2.171849300E-02
  2.205707684E-02  2.261384564E-02  2.336370265E-02  2.426186108E-02  2.525390226E-02
  2.628676427E-02  2.730965910E-02  2.826861993E-02  2.910688634E-02  2.977403779E-02
  3.023461993E-02  3.046897365E-02  3.046897365E-02  3.023461993E-02  2.977403779E-02
  2.833030801E-02  2.758708528E-02  2.676524928E-02  2.590866867E-02  2.505977581E-02
  2.426186108E-02  2.356129387E-02  2.300244563E-02  2.261780841E-02  2.242332949E-02
  2.242332949E-02  2.261780841E-02  2.300244563E-02  2.356129387E-02  2.426186108E-02
  2.505977581E-02  2.590866867E-02  2.676524928E-02  2.758708528E-02  2.833030801E-02
  2.895296516E-02  2.942092601E-02  2.971068271E-02  2.980874428E-02  2.971068271E-02
  2.942092601E-02  2.895296516E-02  2.781923695E-02  2.722481139E-02  2.657717392E-02
  2.590866867E-02  2.525390226E-02  2.464927584E-02  2.413238920E-02  2.373797002E-02
  2.349190439E-02  2.340846749E-02  2.349190439E-02  2.373797002E-02  2.413238920E-02
  2.464927584E-02  2.525390226E-02  2.590866867E-02  2.657717392E-02  2.722481139E-02
  2.781923695E-02  2.833250263E-02  2.874210706E-02  2.902927687E-02  2.917796362E-02
  2.917796362E-02  2.902927687E-02  2.874210706E-02  2.833250263E-02  2.764144253E-02
  2.722481139E-02  2.676524928E-02  2.628676427E-02  2.581657131E-02  2.538344810E-02
  2.501865586E-02  2.475373371E-02  2.461427760E-02  2.461427760E-02  2.475373371E-02
  2.501865586E-02  2.538344810E-02  2.581657131E-02  2.628676427E-02  2.676524928E-02
  2.722481139E-02  2.764144253E-02  2.799918630E-02  2.829112263E-02  2.851264383E-02
  2.865424500E-02  2.870343810E-02  2.865424500E-02  2.851264383E-02  2.829112263E-02
  2.799918630E-02  2.781923695E-02  2.758708528E-02  2.730965910E-02  2.700211373E-02
  2.668372933E-02  2.637998475E-02  2.612449139E-02  2.595304988E-02  2.589261822E-02
  2.595304988E-02  2.612449139E-02  2.637998475E-02  2.668372933E-02  2.700211373E-02
  2.730965910E-02  2.758708528E-02  2.781923695E-02  2.799918630E-02  2.813224961E-02
  2.823042783E-02  2.830049441E-02  2.833888721E-02  2.833888721E-02  2.830049441E-02
  2.823042783E-02  2.813224961E-02  2.799918630E-02  2.833030801E-02  2.826861993E-02
  2.814218069E-02  2.795538178E-02  2.772558665E-02  2.748788008E-02  2.729032453E-02
  2.717823137E-02  2.717823137E-02  2.729032453E-02  2.748788008E-02  2.772558665E-02
  2.795538178E-02  2.814218069E-02  2.826861993E-02  2.833030801E-02  2.833250263E-02
  2.829112263E-02  2.823042783E-02  2.817408246E-02  2.813688650E-02  2.812421126E-02
  2.813688650E-02  2.817408246E-02  2.823042783E-02  2.829112263E-02  2.833250263E-02
  2.910688634E-02  2.916931986E-02  2.911848786E-02  2.895639811E-02  2.871792482E-02
  2.846764109E-02  2.827945639E-02  2.820982768E-02  2.827945639E-02  2.846764109E-02
  2.871792482E-02  2.895639811E-02  2.911848786E-02  2.916931986E-02  2.910688634E-02
  2.895296516E-02  2.874210706E-02  2.851264383E-02  2.830049441E-02  2.813688650E-02
  2.804733433E-02  2.804733433E-02  2.813688650E-02  2.830049441E-02  2.851264383E-02
  2.874210706E-02  2.895296516E-02  3.002122338E-02  3.010208571E-02  2.999083153E-02
  2.971580904E-02  2.935915328E-02  2.903265114E-02  2.883929364E-02  2.883929364E-02
  2.903265114E-02  2.935915328E-02  2.971580904E-02  2.999083153E-02  3.010208571E-02
  3.002122338E-02  2.977403779E-02  2.942092601E-02  2.902927687E-02  2.865424500E-02
  2.833888721E-02  2.812421126E-02  2.804733433E-02  2.812421126E-02  2.833888721E-02
  2.865424500E-02  2.902927687E-02  2.942092601E-02  2.977403779E-02  3.085792435E-02
  3.078273613E-02  3.043789148E-02  2.991872999E-02  2.937690156E-02  2.897210064E-02
  2.882273728E-02  2.897210064E-02  2.937690156E-02  2.991872999E-02  3.043789148E-02
  3.078273613E-02  3.085792435E-02  3.065261422E-02  3.023461993E-02  2.971068271E-02
  2.917796362E-02  2.870343810E-02  2.833888721E-02  2.813688650E-02  2.813688650E-02
  2.833888721E-02  2.870343810E-02  2.917796362E-02  2.971068271E-02  3.023461993E-02
  3.065261422E-02  3.132535030E-02  3.089992307E-02  3.018700584E-02  2.937308255E-02
  2.867329336E-02  2.827113614E-02  2.827113614E-02  2.867329336E-02  2.937308255E-02
  3.018700584E-02  3.089992307E-02  3.132535030E-02  3.136435448E-02  3.103842010E-02
  3.046897365E-02  2.980874428E-02  2.917796362E-02  2.865424500E-02  2.830049441E-02
  2.817408246E-02  2.830049441E-02  2.865424500E-02  2.917796362E-02  2.980874428E-02
  3.046897365E-02  3.103842010E-02  3.136435448E-02  3.115623107E-02  3.026165762E-02
  2.916396193E-02  2.812547720E-02  2.738888449E-02  2.712320298E-02  2.738888449E-02
  2.812547720E-02  2.916396193E-02  3.026165762E-02  3.115623107E-02  3.163674755E-02
  3.161708466E-02  3.116795301E-02  3.046897365E-02  2.971068271E-02  2.902927687E-02
  2.851264383E-02  2.823042783E-02  2.823042783E-02  2.851264383E-02  2.902927687E-02
  2.971068271E-02  3.046897365E-02  3.116795301E-02  3.161708466E-02  3.163674755E-02
  3.025203653E-02  2.891261798E-02  2.754634579E-02  2.644465901E-02  2.583270592E-02
  2.583270592E-02  2.644465901E-02  2.754634579E-02  2.891261798E-02  3.025203653E-02
  3.126620099E-02  3.173773564E-02  3.161708466E-02  3.103842010E-02  3.023461993E-02
  2.942092601E-02  2.874210706E-02  2.829112263E-02  2.813224961E-02  2.829112263E-02
  2.874210706E-02  2.942092601E-02  3.023461993E-02  3.103842010E-02  3.161708466E-02
  3.173773564E-02  3.126620099E-02  2.875116345E-02  2.712075333E-02  2.567874426E-02
  2.469627720E-02  2.434858692E-02  2.469627720E-02  2.567874426E-02  2.712075333E-02
  2.875116345E-02  3.023907980E-02  3.126620099E-02  3.163674755E-02  3.136435448E-02
  3.065261422E-02  2.977403779E-02  2.895296516E-02  2.833250263E-02  2.799918630E-02
  2.799918630E-02  2.833250263E-02  2.895296516E-02  2.977403779E-02  3.065261422E-02
  3.136435448E-02  3.163674755E-02  3.126620099E-02  3.023907980E-02  2.287481161E-02
  2.089814611E-02  1.959998794E-02  1.914813705E-02  1.959998794E-02  2.089814611E-02
  2.287481161E-02  2.525583541E-02  2.766556528E-02  2.967319019E-02  3.091675368E-02
  3.125786836E-02  3.084552396E-02  3.002122338E-02  2.914240443E-02  2.845906621E-02
  2.809599727E-02  2.809599727E-02  2.845906621E-02  2.914240443E-02  3.002122338E-02
  3.084552396E-02  3.125786836E-02  3.091675368E-02  2.967319019E-02  2.766556528E-02
  2.525583541E-02  2.089814611E-02  1.922346553E-02  1.833536818E-02  1.833536818E-02
  1.922346553E-02  2.089814611E-02  2.315518229E-02  2.567874426E-02  2.805192530E-02
  2.983906573E-02  3.074310651E-02  3.074465110E-02  3.010208571E-02  2.920165646E-02
  2.837926556E-02  2.783409566E-02  2.764647966E-02  2.783409566E-02  2.837926556E-02
  2.920165646E-02  3.010208571E-02  3.074465110E-02  3.074310651E-02  2.983906573E-02
  2.805192530E-02  2.567874426E-02  2.315518229E-02  1.959998794E-02  1.833536818E-02
  1.789910394E-02  1.833536818E-02  1.959998794E-02  2.155625051E-02  2.395940712E-02
  2.644465901E-02  2.856792231E-02  2.993436970E-02  3.036683170E-02  2.999083153E-02
  2.915398407E-02  2.824128528E-02  2.752880373E-02  2.715152849E-02  2.715152849E-02
  2.752880373E-02  2.824128528E-02  2.915398407E-02  2.999083153E-02  3.036683170E-02
  2.993436970E-02  2.856792231E-02  2.644465901E-02  2.395940712E-02  2.155625051E-02
  1.914813705E-02  1.833536818E-02  1.833536818E-02  1.914813705E-02  2.069487276E-02
  2.280009203E-02  2.516744339E-02  2.738888449E-02  2.903440374E-02  2.981416282E-02
  2.971580904E-02  2.900041903E-02  2.805136405E-02  2.719889456E-02  2.663734801E-02
  2.644450409E-02  2.663734801E-02  2.719889456E-02  2.805136405E-02  2.900041903E-02
  2.971580904E-02  2.981416282E-02  2.903440374E-02  2.738888449E-02  2.516744339E-02
  2.280009203E-02  2.069487276E-02  1.959998794E-02  1.922346553E-02  1.959998794E-02
  2.069487276E-02  2.239140291E-02  2.446276630E-02  2.656119424E-02  2.827113614E-02
  2.924489247E-02  2.935915328E-02  2.877233467E-02  2.782490730E-02  2.686539730E-02
  2.613370020E-02  2.574787096E-02  2.574787096E-02  2.613370020E-02  2.686539730E-02
  2.782490730E-02  2.877233467E-02  2.935915328E-02  2.924489247E-02  2.827113614E-02
  2.656119424E-02  2.446276630E-02  2.239140291E-02  2.069487276E-02  2.089814611E-02
  2.089814611E-02  2.155625051E-02  2.280009203E-02  2.446276630E-02  2.626398309E-02
  2.783563332E-02  2.882273728E-02  2.903265114E-02  2.853064944E-02  2.759292217E-02
  2.655366887E-02  2.567330403E-02  2.510136230E-02  2.490466782E-02  2.510136230E-02
  2.567330403E-02  2.655366887E-02  2.759292217E-02  2.853064944E-02  2.903265114E-02
  2.882273728E-02  2.783563332E-02  2.626398309E-02  2.446276630E-02  2.280009203E-02
  2.155625051E-02  2.287481161E-02  2.315518229E-02  2.395940712E-02  2.516744339E-02
  2.656119424E-02  2.783563332E-02  2.866752095E-02  2.883929364E-02  2.834751294E-02
  2.740006748E-02  2.629566195E-02  2.529108487E-02  2.454942834E-02  2.415867703E-02
  2.415867703E-02  2.454942834E-02  2.529108487E-02  2.629566195E-02  2.740006748E-02
  2.834751294E-02  2.883929364E-02  2.866752095E-02  2.783563332E-02  2.656119424E-02
  2.516744339E-02  2.395940712E-02  2.315518229E-02  2.525583541E-02  2.567874426E-02
  2.644465901E-02  2.738888449E-02  2.827113614E-02  2.882273728E-02  2.883929364E-02
  2.827945639E-02  2.729032453E-02  2.612449139E-02  2.501865586E-02  2.413238920E-02
  2.356129387E-02  2.336370265E-02  2.356129387E-02  2.413238920E-02  2.501865586E-02
  2.612449139E-02  2.729032453E-02  2.827945639E-02  2.883929364E-02  2.882273728E-02
  2.827113614E-02  2.738888449E-02  2.644465901E-02  2.567874426E-02  2.525583541E-02
  2.766556528E-02  2.805192530E-02  2.856792231E-02  2.903440374E-02  2.924489247E-02
  2.903265114E-02  2.834751294E-02  2.729032453E-02  2.606451406E-02  2.487756919E-02
  2.387593291E-02  2.315029711E-02  2.276626521E-02  2.276626521E-02  2.315029711E-02
  2.387593291E-02  2.487756919E-02  2.606451406E-02  2.729032453E-02  2.834751294E-02
  2.903265114E-02  2.924489247E-02  2.903440374E-02  2.856792231E-02  2.805192530E-02
  2.766556528E-02  2.752383832E-02  2.967319019E-02  2.983906573E-02  2.993436970E-02
  2.981416282E-02  2.935915328E-02  2.853064944E-02  2.740006748E-02  2.612449139E-02
  2.487756919E-02  2.378989986E-02  2.294299976E-02  2.239847631E-02  2.220929743E-02
  2.239847631E-02  2.294299976E-02  2.378989986E-02  2.487756919E-02  2.612449139E-02
  2.740006748E-02  2.853064944E-02  2.935915328E-02  2.981416282E-02  2.993436970E-02
  2.983906573E-02  2.967319019E-02  2.955728771E-02  2.955728771E-02  3.091675368E-02
  3.074310651E-02  3.036683170E-02  2.971580904E-02  2.877233467E-02  2.759292217E-02
  2.629566195E-02  2.501865586E-02  2.387593291E-02  2.294299976E-02  2.227472007E-02
  2.192224225E-02  2.192224225E-02  2.227472007E-02  2.294299976E-02  2.387593291E-02
  2.501865586E-02  2.629566195E-02  2.759292217E-02  2.877233467E-02  2.971580904E-02
  3.036683170E-02  3.074310651E-02  3.091675368E-02  3.097582823E-02  3.098738436E-02
  3.097582823E-02  3.125786836E-02  3.074465110E-02  2.999083153E-02  2.900041903E-02
  2.782490730E-02  2.655366887E-02  2.529108487E-02  2.413238920E-02  2.315029711E-02
  2.239847631E-02  2.192224225E-02  2.175846006E-02  2.192224225E-02  2.239847631E-02
  2.315029711E-02  2.413238920E-02  2.529108487E-02  2.655366887E-02  2.782490730E-02
  2.900041903E-02  2.999083153E-02  3.074465110E-02  3.125786836E-02  3.156274842E-02
  3.170151414E-02  3.170151414E-02  3.156274842E-02  3.084552396E-02  3.010208571E-02
  2.915398407E-02  2.805136405E-02  2.686539730E-02  2.567330403E-02  2.454942834E-02
  2.356129387E-02  2.276626521E-02  2.220929743E-02  2.192224225E-02  2.192224225E-02
  2.220929743E-02  2.276626521E-02  2.356129387E-02  2.454942834E-02  2.567330403E-02
  2.686539730E-02  2.805136405E-02  2.915398407E-02  3.010208571E-02  3.084552396E-02
  3.136531100E-02  3.166762769E-02  3.176628251E-02  3.166762769E-02  3.136531100E-02
  3.002122338E-02  2.920165646E-02  2.824128528E-02  2.719889456E-02  2.613370020E-02
  2.510136230E-02  2.415867703E-02  2.336370265E-02  2.276626521E-02  2.239847631E-02
  2.227472007E-02  2.239847631E-02  2.276626521E-02  2.336370265E-02  2.415867703E-02
  2.510136230E-02  2.613370020E-02  2.719889456E-02  2.824128528E-02  2.920165646E-02
  3.002122338E-02  3.065498301E-02  3.108034735E-02  3.129236632E-02  3.129236632E-02
  3.108034735E-02  3.065498301E-02  2.914240443E-02  2.837926556E-02  2.752880373E-02
  2.663734801E-02  2.574787096E-02  2.490466782E-02  2.415867703E-02  2.356129387E-02
  2.315029711E-02  2.294299976E-02  2.294299976E-02  2.315029711E-02  2.356129387E-02
  2.415867703E-02  2.490466782E-02  2.574787096E-02  2.663734801E-02  2.752880373E-02
  2.837926556E-02  2.914240443E-02  2.977403779E-02  3.024168659E-02  3.052736840E-02
  3.062329854E-02  3.052736840E-02  3.024168659E-02  2.977403779E-02  2.845906621E-02
  2.783409566E-02  2.715152849E-02  2.644450409E-02  2.574787096E-02  2.510136230E-02
  2.454942834E-02  2.413238920E-02  2.387593291E-02  2.378989986E-02  2.387593291E-02
  2.413238920E-02  2.454942834E-02  2.510136230E-02  2.574787096E-02  2.644450409E-02
  2.715152849E-02  2.783409566E-02  2.845906621E-02  2.899604912E-02  2.942092601E-02
  2.971597729E-02  2.986769471E-02  2.986769471E-02  2.971597729E-02  2.942092601E-02
  2.899604912E-02  2.809599727E-02  2.764647966E-02  2.715152849E-02  2.663734801E-02
  2.613370020E-02  2.567330403E-02  2.529108487E-02  2.501865586E-02  2.487756919E-02
  2.487756919E-02  2.501865586E-02  2.529108487E-02  2.567330403E-02  2.613370020E-02
  2.663734801E-02  2.715152849E-02  2.764647966E-02  2.809599727E-02  2.848148318E-02
  2.879411586E-02  2.902927687E-02  2.917855653E-02  2.923024771E-02  2.917855653E-02
  2.902927687E-02  2.879411586E-02  2.848148318E-02  2.809599727E-02  2.783409566E-02
  2.752880373E-02  2.719889456E-02  2.686539730E-02  2.655366887E-02  2.629566195E-02
  2.612449139E-02  2.606451406E-02  2.612449139E-02  2.629566195E-02  2.655366887E-02
  2.686539730E-02  2.719889456E-02  2.752880373E-02  2.783409566E-02  2.809599727E-02
  2.830329570E-02  2.845845239E-02  2.857298592E-02  2.865424500E-02  2.869856780E-02
  2.869856780E-02  2.865424500E-02  2.857298592E-02  2.845845239E-02  2.830329570E-02
  2.845906621E-02  2.837926556E-02  2.824128528E-02  2.805136405E-02  2.782490730E-02
  2.759292217E-02  2.740006748E-02  2.729032453E-02  2.729032453E-02  2.740006748E-02
  2.759292217E-02  2.782490730E-02  2.805136405E-02  2.824128528E-02  2.837926556E-02
  2.845906621E-02  2.848148318E-02  2.845845239E-02  2.841272681E-02  2.836807389E-02
  2.833888721E-02  2.832915363E-02  2.833888721E-02  2.836807389E-02  2.841272681E-02
  2.845845239E-02  2.848148318E-02  2.914240443E-02  2.920165646E-02  2.915398407E-02
  2.900041903E-02  2.877233467E-02  2.853064944E-02  2.834751294E-02  2.827945639E-02
  2.834751294E-02  2.853064944E-02  2.877233467E-02  2.900041903E-02  2.915398407E-02
  2.920165646E-02  2.914240443E-02  2.899604912E-02  2.879411586E-02  2.857298592E-02
  2.836807389E-02  2.821030868E-02  2.812421126E-02  2.812421126E-02  2.821030868E-02
  2.836807389E-02  2.857298592E-02  2.879411586E-02  2.899604912E-02  3.002122338E-02
  3.010208571E-02  2.999083153E-02  2.971580904E-02  2.935915328E-02  2.903265114E-02
  2.883929364E-02  2.883929364E-02  2.903265114E-02  2.935915328E-02  2.971580904E-02
  2.999083153E-02  3.010208571E-02  3.002122338E-02  2.977403779E-02  2.942092601E-02
  2.902927687E-02  2.865424500E-02  2.833888721E-02  2.812421126E-02  2.804733433E-02
  2.812421126E-02  2.833888721E-02  2.865424500E-02  2.902927687E-02  2.942092601E-02
  2.977403779E-02  3.084552396E-02  3.074465110E-02  3.036683170E-02  2.981416282E-02
  2.924489247E-02  2.882273728E-02  2.866752095E-02  2.882273728E-02  2.924489247E-02
  2.981416282E-02  3.036683170E-02  3.074465110E-02  3.084552396E-02  3.065498301E-02
  3.024168659E-02  2.971597729E-02  2.917855653E-02  2.869856780E-02  2.832915363E-02
  2.812421126E-02  2.812421126E-02  2.832915363E-02  2.869856780E-02  2.917855653E-02
  2.971597729E-02  3.024168659E-02  3.065498301E-02  3.125786836E-02  3.074310651E-02
  2.993436970E-02  2.903440374E-02  2.827113614E-02  2.783563332E-02  2.783563332E-02
  2.827113614E-02  2.903440374E-02  2.993436970E-02  3.074310651E-02  3.125786836E-02
  3.136531100E-02  3.108034735E-02  3.052736840E-02  2.986769471E-02  2.923024771E-02
  2.869856780E-02  2.833888721E-02  2.821030868E-02  2.833888721E-02  2.869856780E-02
  2.923024771E-02  2.986769471E-02  3.052736840E-02  3.108034735E-02  3.136531100E-02
  3.091675368E-02  2.983906573E-02  2.856792231E-02  2.738888449E-02  2.656119424E-02
  2.626398309E-02  2.656119424E-02  2.738888449E-02  2.856792231E-02  2.983906573E-02
  3.091675368E-02  3.156274842E-02  3.166762769E-02  3.129236632E-02  3.062329854E-02
  2.986769471E-02  2.917855653E-02  2.865424500E-02  2.836807389E-02  2.836807389E-02
  2.865424500E-02  2.917855653E-02  2.986769471E-02  3.062329854E-02  3.129236632E-02
  3.166762769E-02  3.156274842E-02  2.967319019E-02  2.805192530E-02  2.644465901E-02
  2.516744339E-02  2.446276630E-02  2.446276630E-02  2.516744339E-02  2.644465901E-02
  2.805192530E-02  2.967319019E-02  3.097582823E-02  3.170151414E-02  3.176628251E-02
  3.129236632E-02  3.052736840E-02  2.971597729E-02  2.902927687E-02  2.857298592E-02
  2.841272681E-02  2.857298592E-02  2.902927687E-02  2.971597729E-02  3.052736840E-02
  3.129236632E-02  3.176628251E-02  3.170151414E-02  3.097582823E-02  2.766556528E-02
  2.567874426E-02  2.395940712E-02  2.280009203E-02  2.239140291E-02  2.280009203E-02
  2.395940712E-02  2.567874426E-02  2.766556528E-02  2.955728771E-02  3.098738436E-02
  3.170151414E-02  3.166762769E-02  3.108034735E-02  3.024168659E-02  2.942092601E-02
  2.879411586E-02  2.845845239E-02  2.845845239E-02  2.879411586E-02  2.942092601E-02
  3.024168659E-02  3.108034735E-02  3.166762769E-02  3.170151414E-02  3.098738436E-02
  2.955728771E-02  2.525583541E-02  2.315518229E-02  2.155625051E-02  2.069487276E-02
  2.069487276E-02  2.155625051E-02  2.315518229E-02  2.525583541E-02  2.752383832E-02
  2.955728771E-02  3.097582823E-02  3.156274842E-02  3.136531100E-02  3.065498301E-02
  2.977403779E-02  2.899604912E-02  2.848148318E-02  2.830329570E-02  2.848148318E-02
  2.899604912E-02  2.977403779E-02  3.065498301E-02  3.136531100E-02  3.156274842E-02
  3.097582823E-02  2.955728771E-02  2.752383832E-02  1.823732858E-02  1.627198499E-02
  1.522664354E-02  1.522664354E-02  1.627198499E-02  1.823732858E-02  2.089814611E-02
  2.393237012E-02  2.690793175E-02  2.933566288E-02  3.082399098E-02  3.125786836E-02
  3.085792435E-02  3.005083351E-02  2.924896770E-02  2.870642406E-02  2.851972086E-02
  2.870642406E-02  2.924896770E-02  3.005083351E-02  3.085792435E-02  3.125786836E-02
  3.082399098E-02  2.933566288E-02  2.690793175E-02  2.393237012E-02  2.089814611E-02
  1.627198499E-02  1.475023233E-02  1.422301674E-02  1.475023233E-02  1.627198499E-02
  1.862535651E-02  2.155625051E-02  2.469627720E-02  2.756635533E-02  2.968217103E-02
  3.074310651E-02  3.078273613E-02  3.014693231E-02  2.929745154E-02  2.859615219E-02
  2.822114113E-02  2.822114113E-02  2.859615219E-02  2.929745154E-02  3.014693231E-02
  3.078273613E-02  3.074310651E-02  2.968217103E-02  2.756635533E-02  2.469627720E-02
  2.155625051E-02  1.862535651E-02  1.522664354E-02  1.422301674E-02  1.422301674E-02
  1.522664354E-02  1.713448648E-02  1.975792703E-02  2.280009203E-02  2.583270592E-02
  2.835085092E-02  2.993436970E-02  3.043789148E-02  3.006644914E-02  2.925449166E-02
  2.843527775E-02  2.787921435E-02  2.768797688E-02  2.787921435E-02  2.843527775E-02
  2.925449166E-02  3.006644914E-02  3.043789148E-02  2.993436970E-02  2.835085092E-02
  2.583270592E-02  2.280009203E-02  1.975792703E-02  1.713448648E-02  1.522664354E-02
  1.475023233E-02  1.522664354E-02  1.661463584E-02  1.878975561E-02  2.152589327E-02
  2.446276630E-02  2.712320298E-02  2.903440374E-02  2.991872999E-02  2.983072709E-02
  2.911983240E-02  2.823345257E-02  2.751515063E-02  2.713278298E-02  2.713278298E-02
  2.751515063E-02  2.823345257E-02  2.911983240E-02  2.983072709E-02  2.991872999E-02
  2.903440374E-02  2.712320298E-02  2.446276630E-02  2.152589327E-02  1.878975561E-02
  1.661463584E-02  1.627198499E-02  1.627198499E-02  1.713448648E-02  1.878975561E-02
  2.107703388E-02  2.370865796E-02  2.626398309E-02  2.827113614E-02  2.937690156E-02
  2.951145585E-02  2.891728036E-02  2.800550083E-02  2.715299569E-02  2.658616441E-02
  2.639166698E-02  2.658616441E-02  2.715299569E-02  2.800550083E-02  2.891728036E-02
  2.951145585E-02  2.937690156E-02  2.827113614E-02  2.626398309E-02  2.370865796E-02
  2.107703388E-02  1.878975561E-02  1.713448648E-02  1.823732858E-02  1.862535651E-02
  1.975792703E-02  2.152589327E-02  2.370865796E-02  2.595584262E-02  2.783563332E-02
  2.897210064E-02  2.921222424E-02  2.869876455E-02  2.777872527E-02  2.682145184E-02
  2.608578850E-02  2.569778159E-02  2.569778159E-02  2.608578850E-02  2.682145184E-02
  2.777872527E-02  2.869876455E-02  2.921222424E-02  2.897210064E-02  2.783563332E-02
  2.595584262E-02  2.370865796E-02  2.152589327E-02  1.975792703E-02  1.862535651E-02
  2.089814611E-02  2.155625051E-02  2.280009203E-02  2.446276630E-02  2.626398309E-02
  2.783563332E-02  2.882273728E-02  2.903265114E-02  2.853064944E-02  2.759292217E-02
  2.655366887E-02  2.567330403E-02  2.510136230E-02  2.490466782E-02  2.510136230E-02
  2.567330403E-02  2.655366887E-02  2.759292217E-02  2.853064944E-02  2.903265114E-02
  2.882273728E-02  2.783563332E-02  2.626398309E-02  2.446276630E-02  2.280009203E-02
  2.155625051E-02  2.089814611E-02  2.393237012E-02  2.469627720E-02  2.583270592E-02
  2.712320298E-02  2.827113614E-02  2.897210064E-02  2.903265114E-02  2.846764109E-02
  2.748788008E-02  2.637998475E-02  2.538344810E-02  2.464927584E-02  2.426186108E-02
  2.426186108E-02  2.464927584E-02  2.538344810E-02  2.637998475E-02  2.748788008E-02
  2.846764109E-02  2.903265114E-02  2.897210064E-02  2.827113614E-02  2.712320298E-02
  2.583270592E-02  2.469627720E-02  2.393237012E-02  2.366478612E-02  2.690793175E-02
  2.756635533E-02  2.835085092E-02  2.903440374E-02  2.937690156E-02  2.921222424E-02
  2.853064944E-02  2.748788008E-02  2.631996053E-02  2.523548011E-02  2.437117784E-02
  2.381297737E-02  2.361922245E-02  2.381297737E-02  2.437117784E-02  2.523548011E-02
  2.631996053E-02  2.748788008E-02  2.853064944E-02  2.921222424E-02  2.937690156E-02
  2.903440374E-02  2.835085092E-02  2.756635533E-02  2.690793175E-02  2.653805755E-02
  2.653805755E-02  2.933566288E-02  2.968217103E-02  2.993436970E-02  2.991872999E-02
  2.951145585E-02  2.869876455E-02  2.759292217E-02  2.637998475E-02  2.523548011E-02
  2.427794087E-02  2.358349833E-02  2.321453675E-02  2.321453675E-02  2.358349833E-02
  2.427794087E-02  2.523548011E-02  2.637998475E-02  2.759292217E-02  2.869876455E-02
  2.951145585E-02  2.991872999E-02  2.993436970E-02  2.968217103E-02  2.933566288E-02
  2.905578019E-02  2.895013072E-02  2.905578019E-02  3.082399098E-02  3.074310651E-02
  3.043789148E-02  2.983072709E-02  2.891728036E-02  2.777872527E-02  2.655366887E-02
  2.538344810E-02  2.437117784E-02  2.358349833E-02  2.307614632E-02  2.289964424E-02
  2.307614632E-02  2.358349833E-02  2.437117784E-02  2.538344810E-02  2.655366887E-02
  2.777872527E-02  2.891728036E-02  2.983072709E-02  3.043789148E-02  3.074310651E-02
  3.082399098E-02  3.079192753E-02  3.074727945E-02  3.074727945E-02  3.079192753E-02
  3.125786836E-02  3.078273613E-02  3.006644914E-02  2.911983240E-02  2.800550083E-02
  2.682145184E-02  2.567330403E-02  2.464927584E-02  2.381297737E-02  2.321453675E-02
  2.289964424E-02  2.289964424E-02  2.321453675E-02  2.381297737E-02  2.464927584E-02
  2.567330403E-02  2.682145184E-02  2.800550083E-02  2.911983240E-02  3.006644914E-02
  3.078273613E-02  3.125786836E-02  3.152892910E-02  3.165646658E-02  3.169235252E-02
  3.165646658E-02  3.152892910E-02  3.085792435E-02  3.014693231E-02  2.925449166E-02
  2.823345257E-02  2.715299569E-02  2.608578850E-02  2.510136230E-02  2.426186108E-02
  2.361922245E-02  2.321453675E-02  2.307614632E-02  2.321453675E-02  2.361922245E-02
  2.426186108E-02  2.510136230E-02  2.608578850E-02  2.715299569E-02  2.823345257E-02
  2.925449166E-02  3.014693231E-02  3.085792435E-02  3.136531100E-02  3.167932177E-02
  3.182627794E-02  3.182627794E-02  3.167932177E-02  3.136531100E-02  3.005083351E-02
  2.929745154E-02  2.843527775E-02  2.751515063E-02  2.658616441E-02  2.569778159E-02
  2.490466782E-02  2.426186108E-02  2.381297737E-02  2.358349833E-02  2.358349833E-02
  2.381297737E-02  2.426186108E-02  2.490466782E-02  2.569778159E-02  2.658616441E-02
  2.751515063E-02  2.843527775E-02  2.929745154E-02  3.005083351E-02  3.065261422E-02
  3.108034735E-02  3.133211868E-02  3.141479252E-02  3.133211868E-02  3.108034735E-02
  3.065261422E-02  2.924896770E-02  2.859615219E-02  2.787921435E-02  2.713278298E-02
  2.639166698E-02  2.569778159E-02  2.510136230E-02  2.464927584E-02  2.437117784E-02
  2.427794087E-02  2.437117784E-02  2.464927584E-02  2.510136230E-02  2.569778159E-02
  2.639166698E-02  2.713278298E-02  2.787921435E-02  2.859615219E-02  2.924896770E-02
  2.980372308E-02  3.023461993E-02  3.052736840E-02  3.067528973E-02  3.067528973E-02
  3.052736840E-02  3.023461993E-02  2.980372308E-02  2.870642406E-02  2.822114113E-02
  2.768797688E-02  2.713278298E-02  2.658616441E-02  2.608578850E-02  2.567330403E-02
  2.538344810E-02  2.523548011E-02  2.523548011E-02  2.538344810E-02  2.567330403E-02
  2.608578850E-02  2.658616441E-02  2.713278298E-02  2.768797688E-02  2.822114113E-02
  2.870642406E-02  2.912343780E-02  2.946020802E-02  2.971068271E-02  2.986769471E-02
  2.992164851E-02  2.986769471E-02  2.971068271E-02  2.946020802E-02  2.912343780E-02
  2.851972086E-02  2.822114113E-02  2.787921435E-02  2.751515063E-02  2.715299569E-02
  2.682145184E-02  2.655366887E-02  2.637998475E-02  2.631996053E-02  2.637998475E-02
  2.655366887E-02  2.682145184E-02  2.715299569E-02  2.751515063E-02  2.787921435E-02
  2.822114113E-02  2.851972086E-02  2.876100915E-02  2.894485851E-02  2.908147425E-02
  2.917796362E-02  2.923024771E-02  2.923024771E-02  2.917796362E-02  2.908147425E-02
  2.894485851E-02  2.876100915E-02  2.870642406E-02  2.859615219E-02  2.843527775E-02
  2.823345257E-02  2.800550083E-02  2.777872527E-02  2.759292217E-02  2.748788008E-02
  2.748788008E-02  2.759292217E-02  2.777872527E-02  2.800550083E-02  2.823345257E-02
  2.843527775E-02  2.859615219E-02  2.870642406E-02  2.876100915E-02  2.876689896E-02
  2.874508166E-02  2.871944500E-02  2.870343810E-02  2.869856780E-02  2.870343810E-02
  2.871944500E-02  2.874508166E-02  2.876689896E-02  2.876100915E-02  2.924896770E-02
  2.929745154E-02  2.925449166E-02  2.911983240E-02  2.891728036E-02  2.869876455E-02
  2.853064944E-02  2.846764109E-02  2.853064944E-02  2.869876455E-02  2.891728036E-02
  2.911983240E-02  2.925449166E-02  2.929745154E-02  2.924896770E-02  2.912343780E-02
  2.894485851E-02  2.874508166E-02  2.855866714E-02  2.841597876E-02  2.833888721E-02
  2.833888721E-02  2.841597876E-02  2.855866714E-02  2.874508166E-02  2.894485851E-02
  2.912343780E-02  3.005083351E-02  3.014693231E-02  3.006644914E-02  2.983072709E-02
  2.951145585E-02  2.921222424E-02  2.903265114E-02  2.903265114E-02  2.921222424E-02
  2.951145585E-02  2.983072709E-02  3.006644914E-02  3.014693231E-02  3.005083351E-02
  2.980372308E-02  2.946020802E-02  2.908147425E-02  2.871944500E-02  2.841597876E-02
  2.821030868E-02  2.813688650E-02  2.821030868E-02  2.841597876E-02  2.871944500E-02
  2.908147425E-02  2.946020802E-02  2.980372308E-02  3.085792435E-02  3.078273613E-02
  3.043789148E-02  2.991872999E-02  2.937690156E-02  2.897210064E-02  2.882273728E-02
  2.897210064E-02  2.937690156E-02  2.991872999E-02  3.043789148E-02  3.078273613E-02
  3.085792435E-02  3.065261422E-02  3.023461993E-02  2.971068271E-02  2.917796362E-02
  2.870343810E-02  2.833888721E-02  2.813688650E-02  2.813688650E-02  2.833888721E-02
  2.870343810E-02  2.917796362E-02  2.971068271E-02  3.023461993E-02  3.065261422E-02
  3.125786836E-02  3.074310651E-02  2.993436970E-02  2.903440374E-02  2.827113614E-02
  2.783563332E-02  2.783563332E-02  2.827113614E-02  2.903440374E-02  2.993436970E-02
  3.074310651E-02  3.125786836E-02  3.136531100E-02  3.108034735E-02  3.052736840E-02
  2.986769471E-02  2.923024771E-02  2.869856780E-02  2.833888721E-02  2.821030868E-02
  2.833888721E-02  2.869856780E-02  2.923024771E-02  2.986769471E-02  3.052736840E-02
  3.108034735E-02  3.136531100E-02  3.082399098E-02  2.968217103E-02  2.835085092E-02
  2.712320298E-02  2.626398309E-02  2.595584262E-02  2.626398309E-02  2.712320298E-02
  2.835085092E-02  2.968217103E-02  3.082399098E-02  3.152892910E-02  3.167932177E-02
  3.133211868E-02  3.067528973E-02  2.992164851E-02  2.923024771E-02  2.870343810E-02
  2.841597876E-02  2.841597876E-02  2.870343810E-02  2.923024771E-02  2.992164851E-02
  3.067528973E-02  3.133211868E-02  3.167932177E-02  3.152892910E-02  2.933566288E-02
  2.756635533E-02  2.583270592E-02  2.446276630E-02  2.370865796E-02  2.370865796E-02
  2.446276630E-02  2.583270592E-02  2.756635533E-02  2.933566288E-02  3.079192753E-02
  3.165646658E-02  3.182627794E-02  3.141479252E-02  3.067528973E-02  2.986769471E-02
  2.917796362E-02  2.871944500E-02  2.855866714E-02  2.871944500E-02  2.917796362E-02
  2.986769471E-02  3.067528973E-02  3.141479252E-02  3.182627794E-02  3.165646658E-02
  3.079192753E-02  2.690793175E-02  2.469627720E-02  2.280009203E-02  2.152589327E-02
  2.107703388E-02  2.152589327E-02  2.280009203E-02  2.469627720E-02  2.690793175E-02
  2.905578019E-02  3.074727945E-02  3.169235252E-02  3.182627794E-02  3.133211868E-02
  3.052736840E-02  2.971068271E-02  2.908147425E-02  2.874508166E-02  2.874508166E-02
  2.908147425E-02  2.971068271E-02  3.052736840E-02  3.133211868E-02  3.182627794E-02
  3.169235252E-02  3.074727945E-02  2.905578019E-02  2.393237012E-02  2.155625051E-02
  1.975792703E-02  1.878975561E-02  1.878975561E-02  1.975792703E-02  2.155625051E-02
  2.393237012E-02  2.653805755E-02  2.895013072E-02  3.074727945E-02  3.165646658E-02
  3.167932177E-02  3.108034735E-02  3.023461993E-02  2.946020802E-02  2.894485851E-02
  2.876689896E-02  2.894485851E-02  2.946020802E-02  3.023461993E-02  3.108034735E-02
  3.167932177E-02  3.165646658E-02  3.074727945E-02  2.895013072E-02  2.653805755E-02
  2.089814611E-02  1.862535651E-02  1.713448648E-02  1.661463584E-02  1.713448648E-02
  1.862535651E-02  2.089814611E-02  2.366478612E-02  2.653805755E-02  2.905578019E-02
  3.079192753E-02  3.152892910E-02  3.136531100E-02  3.065261422E-02  2.980372308E-02
  2.912343780E-02  2.876100915E-02  2.876100915E-02  2.912343780E-02  2.980372308E-02
  3.065261422E-02  3.136531100E-02  3.152892910E-02  3.079192753E-02  2.905578019E-02
  2.653805755E-02  2.366478612E-02  1.358745273E-02  1.182487450E-02  1.120633339E-02
  1.182487450E-02  1.358745273E-02  1.627198499E-02  1.959998794E-02  2.321446673E-02
  2.663702459E-02  2.933566288E-02  3.091675368E-02  3.132535030E-02  3.088413856E-02
  3.010473013E-02  2.941926676E-02  2.904715215E-02  2.904715215E-02  2.941926676E-02
  3.010473013E-02  3.088413856E-02  3.132535030E-02  3.091675368E-02  2.933566288E-02
  2.663702459E-02  2.321446673E-02  1.959998794E-02  1.627198499E-02  1.182487450E-02
  1.061529239E-02  1.061529239E-02  1.182487450E-02  1.407885443E-02  1.713448648E-02
  2.069487276E-02  2.434858692E-02  2.756635533E-02  2.983906573E-02  3.089992307E-02
  3.087623823E-02  3.022019323E-02  2.944700047E-02  2.889996106E-02  2.871035522E-02
  2.889996106E-02  2.944700047E-02  3.022019323E-02  3.087623823E-02  3.089992307E-02
  2.983906573E-02  2.756635533E-02  2.434858692E-02  2.069487276E-02  1.713448648E-02
  1.407885443E-02  1.120633339E-02  1.061529239E-02  1.120633339E-02  1.290110179E-02
  1.551142330E-02  1.878975561E-02  2.239140291E-02  2.583270592E-02  2.856792231E-02
  3.018700584E-02  3.062061519E-02  3.018599911E-02  2.940035205E-02  2.870567552E-02
  2.832793437E-02  2.832793437E-02  2.870567552E-02  2.940035205E-02  3.018599911E-02
  3.062061519E-02  3.018700584E-02  2.856792231E-02  2.583270592E-02  2.239140291E-02
  1.878975561E-02  1.551142330E-02  1.290110179E-02  1.182487450E-02  1.182487450E-02
  1.290110179E-02  1.494333887E-02  1.776289832E-02  2.107703388E-02  2.446276630E-02
  2.738888449E-02  2.937308255E-02  3.019457221E-02  3.001411182E-02  2.928041759E-02
  2.847796924E-02  2.792113324E-02  2.772889227E-02  2.792113324E-02  2.847796924E-02
  2.928041759E-02  3.001411182E-02  3.019457221E-02  2.937308255E-02  2.738888449E-02
  2.446276630E-02  2.107703388E-02  1.776289832E-02  1.494333887E-02  1.290110179E-02
  1.358745273E-02  1.407885443E-02  1.551142330E-02  1.776289832E-02  2.061399673E-02
  2.370865796E-02  2.656119424E-02  2.867329336E-02  2.973101566E-02  2.975984385E-02
  2.910537041E-02  2.823516445E-02  2.751760220E-02  2.713414950E-02  2.713414950E-02
  2.751760220E-02  2.823516445E-02  2.910537041E-02  2.975984385E-02  2.973101566E-02
  2.867329336E-02  2.656119424E-02  2.370865796E-02  2.061399673E-02  1.776289832E-02
  1.551142330E-02  1.407885443E-02  1.627198499E-02  1.713448648E-02  1.878975561E-02
  2.107703388E-02  2.370865796E-02  2.626398309E-02  2.827113614E-02  2.937690156E-02
  2.951145585E-02  2.891728036E-02  2.800550083E-02  2.715299569E-02  2.658616441E-02
  2.639166698E-02  2.658616441E-02  2.715299569E-02  2.800550083E-02  2.891728036E-02
  2.951145585E-02  2.937690156E-02  2.827113614E-02  2.626398309E-02  2.370865796E-02
  2.107703388E-02  1.878975561E-02  1.713448648E-02  1.627198499E-02  1.959998794E-02
  2.069487276E-02  2.239140291E-02  2.446276630E-02  2.656119424E-02  2.827113614E-02
  2.924489247E-02  2.935915328E-02  2.877233467E-02  2.782490730E-02  2.686539730E-02
  2.613370020E-02  2.574787096E-02  2.574787096E-02  2.613370020E-02  2.686539730E-02
  2.782490730E-02  2.877233467E-02  2.935915328E-02  2.924489247E-02  2.827113614E-02
  2.656119424E-02  2.446276630E-02  2.239140291E-02  2.069487276E-02  1.959998794E-02
  1.922346553E-02  2.321446673E-02  2.434858692E-02  2.583270592E-02  2.738888449E-02
  2.867329336E-02  2.937690156E-02  2.935915328E-02  2.871792482E-02  2.772558665E-02
  2.668372933E-02  2.581657131E-02  2.525390226E-02  2.505977581E-02  2.525390226E-02
  2.581657131E-02  2.668372933E-02  2.772558665E-02  2.871792482E-02  2.935915328E-02
  2.937690156E-02  2.867329336E-02  2.738888449E-02  2.583270592E-02  2.434858692E-02
  2.321446673E-02  2.260679425E-02  2.260679425E-02  2.663702459E-02  2.756635533E-02
  2.856792231E-02  2.937308255E-02  2.973101566E-02  2.951145585E-02  2.877233467E-02
  2.772558665E-02  2.662204643E-02  2.565528678E-02  2.494576690E-02  2.456944642E-02
  2.456944642E-02  2.494576690E-02  2.565528678E-02  2.662204643E-02  2.772558665E-02
  2.877233467E-02  2.951145585E-02  2.973101566E-02  2.937308255E-02  2.856792231E-02
  2.756635533E-02  2.663702459E-02  2.599343707E-02  2.576481063E-02  2.599343707E-02
  2.933566288E-02  2.983906573E-02  3.018700584E-02  3.019457221E-02  2.975984385E-02
  2.891728036E-02  2.782490730E-02  2.668372933E-02  2.565528678E-02  2.484143103E-02
  2.431363241E-02  2.412950119E-02  2.431363241E-02  2.484143103E-02  2.565528678E-02
  2.668372933E-02  2.782490730E-02  2.891728036E-02  2.975984385E-02  3.019457221E-02
  3.018700584E-02  2.983906573E-02  2.933566288E-02  2.887232550E-02  2.860063926E-02
  2.860063926E-02  2.887232550E-02  3.091675368E-02  3.089992307E-02  3.062061519E-02
  3.001411182E-02  2.910537041E-02  2.800550083E-02  2.686539730E-02  2.581657131E-02
  2.494576690E-02  2.431363241E-02  2.397680275E-02  2.397680275E-02  2.431363241E-02
  2.494576690E-02  2.581657131E-02  2.686539730E-02  2.800550083E-02  2.910537041E-02
  3.001411182E-02  3.062061519E-02  3.089992307E-02  3.091675368E-02  3.079192753E-02
  3.065400187E-02  3.059676066E-02  3.065400187E-02  3.079192753E-02  3.132535030E-02
  3.087623823E-02  3.018599911E-02  2.928041759E-02  2.823516445E-02  2.715299569E-02
  2.613370020E-02  2.525390226E-02  2.456944642E-02  2.412950119E-02  2.397680275E-02
  2.412950119E-02  2.456944642E-02  2.525390226E-02  2.613370020E-02  2.715299569E-02
  2.823516445E-02  2.928041759E-02  3.018599911E-02  3.087623823E-02  3.132535030E-02
  3.156274842E-02  3.165646658E-02  3.168019458E-02  3.168019458E-02  3.165646658E-02
  3.156274842E-02  3.088413856E-02  3.022019323E-02  2.940035205E-02  2.847796924E-02
  2.751760220E-02  2.658616441E-02  2.574787096E-02  2.505977581E-02  2.456944642E-02
  2.431363241E-02  2.431363241E-02  2.456944642E-02  2.505977581E-02  2.574787096E-02
  2.658616441E-02  2.751760220E-02  2.847796924E-02  2.940035205E-02  3.022019323E-02
  3.088413856E-02  3.136435448E-02  3.166762769E-02  3.182627794E-02  3.187445310E-02
  3.182627794E-02  3.166762769E-02  3.136435448E-02  3.010473013E-02  2.944700047E-02
  2.870567552E-02  2.792113324E-02  2.713414950E-02  2.639166698E-02  2.574787096E-02
  2.525390226E-02  2.494576690E-02  2.484143103E-02  2.494576690E-02  2.525390226E-02
  2.574787096E-02  2.639166698E-02  2.713414950E-02  2.792113324E-02  2.870567552E-02
  2.944700047E-02  3.010473013E-02  3.064225850E-02  3.103842010E-02  3.129236632E-02
  3.141479252E-02  3.141479252E-02  3.129236632E-02  3.103842010E-02  3.064225850E-02
  2.941926676E-02  2.889996106E-02  2.832793437E-02  2.772889227E-02  2.713414950E-02
  2.658616441E-02  2.613370020E-02  2.581657131E-02  2.565528678E-02  2.565528678E-02
  2.581657131E-02  2.613370020E-02  2.658616441E-02  2.713414950E-02  2.772889227E-02
  2.832793437E-02  2.889996106E-02  2.941926676E-02  2.986285352E-02  3.021485773E-02
  3.046897365E-02  3.062329854E-02  3.067528973E-02  3.062329854E-02  3.046897365E-02
  3.021485773E-02  2.986285352E-02  2.904715215E-02  2.871035522E-02  2.832793437E-02
  2.792113324E-02  2.751760220E-02  2.715299569E-02  2.686539730E-02  2.668372933E-02
  2.662204643E-02  2.668372933E-02  2.686539730E-02  2.715299569E-02  2.751760220E-02
  2.792113324E-02  2.832793437E-02  2.871035522E-02  2.904715215E-02  2.932409500E-02
  2.953854707E-02  2.969797591E-02  2.980874428E-02  2.986769471E-02  2.986769471E-02
  2.980874428E-02  2.969797591E-02  2.953854707E-02  2.932409500E-02  2.904715215E-02
  2.889996106E-02  2.870567552E-02  2.847796924E-02  2.823516445E-02  2.800550083E-02
  2.782490730E-02  2.772558665E-02  2.772558665E-02  2.782490730E-02  2.800550083E-02
  2.823516445E-02  2.847796924E-02  2.870567552E-02  2.889996106E-02  2.904715215E-02
  2.913820291E-02  2.917687908E-02  2.918265035E-02  2.917897745E-02  2.917796362E-02
  2.917855653E-02  2.917796362E-02  2.917897745E-02  2.918265035E-02  2.917687908E-02
  2.913820291E-02  2.941926676E-02  2.944700047E-02  2.940035205E-02  2.928041759E-02
  2.910537041E-02  2.891728036E-02  2.877233467E-02  2.871792482E-02  2.877233467E-02
  2.891728036E-02  2.910537041E-02  2.928041759E-02  2.940035205E-02  2.944700047E-02
  2.941926676E-02  2.932409500E-02  2.917687908E-02  2.900489315E-02  2.884242948E-02
  2.871944500E-02  2.865424500E-02  2.865424500E-02  2.871944500E-02  2.884242948E-02
  2.900489315E-02  2.917687908E-02  2.932409500E-02  3.010473013E-02  3.022019323E-02
  3.018599911E-02  3.001411182E-02  2.975984385E-02  2.951145585E-02  2.935915328E-02
  2.935915328E-02  2.951145585E-02  2.975984385E-02  3.001411182E-02  3.018599911E-02
  3.022019323E-02  3.010473013E-02  2.986285352E-02  2.953854707E-02  2.918265035E-02
  2.884242948E-02  2.855866714E-02  2.836807389E-02  2.830049441E-02  2.836807389E-02
  2.855866714E-02  2.884242948E-02  2.918265035E-02  2.953854707E-02  2.986285352E-02
  3.088413856E-02  3.087623823E-02  3.062061519E-02  3.019457221E-02  2.973101566E-02
  2.937690156E-02  2.924489247E-02  2.937690156E-02  2.973101566E-02  3.019457221E-02
  3.062061519E-02  3.087623823E-02  3.088413856E-02  3.064225850E-02  3.021485773E-02
  2.969797591E-02  2.917897745E-02  2.871944500E-02  2.836807389E-02  2.817408246E-02
  2.817408246E-02  2.836807389E-02  2.871944500E-02  2.917897745E-02  2.969797591E-02
  3.021485773E-02  3.064225850E-02  3.132535030E-02  3.089992307E-02  3.018700584E-02
  2.937308255E-02  2.867329336E-02  2.827113614E-02  2.827113614E-02  2.867329336E-02
  2.937308255E-02  3.018700584E-02  3.089992307E-02  3.132535030E-02  3.136435448E-02
  3.103842010E-02  3.046897365E-02  2.980874428E-02  2.917796362E-02  2.865424500E-02
  2.830049441E-02  2.817408246E-02  2.830049441E-02  2.865424500E-02  2.917796362E-02
  2.980874428E-02  3.046897365E-02  3.103842010E-02  3.136435448E-02  3.091675368E-02
  2.983906573E-02  2.856792231E-02  2.738888449E-02  2.656119424E-02  2.626398309E-02
  2.656119424E-02  2.738888449E-02  2.856792231E-02  2.983906573E-02  3.091675368E-02
  3.156274842E-02  3.166762769E-02  3.129236632E-02  3.062329854E-02  2.986769471E-02
  2.917855653E-02  2.865424500E-02  2.836807389E-02  2.836807389E-02  2.865424500E-02
  2.917855653E-02  2.986769471E-02  3.062329854E-02  3.129236632E-02  3.166762769E-02
  3.156274842E-02  2.933566288E-02  2.756635533E-02  2.583270592E-02  2.446276630E-02
  2.370865796E-02  2.370865796E-02  2.446276630E-02  2.583270592E-02  2.756635533E-02
  2.933566288E-02  3.079192753E-02  3.165646658E-02  3.182627794E-02  3.141479252E-02
  3.067528973E-02  2.986769471E-02  2.917796362E-02  2.871944500E-02  2.855866714E-02
  2.871944500E-02  2.917796362E-02  2.986769471E-02  3.067528973E-02  3.141479252E-02
  3.182627794E-02  3.165646658E-02  3.079192753E-02  2.663702459E-02  2.434858692E-02
  2.239140291E-02  2.107703388E-02  2.061399673E-02  2.107703388E-02  2.239140291E-02
  2.434858692E-02  2.663702459E-02  2.887232550E-02  3.065400187E-02  3.168019458E-02
  3.187445310E-02  3.141479252E-02  3.062329854E-02  2.980874428E-02  2.917897745E-02
  2.884242948E-02  2.884242948E-02  2.917897745E-02  2.980874428E-02  3.062329854E-02
  3.141479252E-02  3.187445310E-02  3.168019458E-02  3.065400187E-02  2.887232550E-02
  2.321446673E-02  2.069487276E-02  1.878975561E-02  1.776289832E-02  1.776289832E-02
  1.878975561E-02  2.069487276E-02  2.321446673E-02  2.599343707E-02  2.860063926E-02
  3.059676066E-02  3.168019458E-02  3.182627794E-02  3.129236632E-02  3.046897365E-02
  2.969797591E-02  2.918265035E-02  2.900489315E-02  2.918265035E-02  2.969797591E-02
  3.046897365E-02  3.129236632E-02  3.182627794E-02  3.168019458E-02  3.059676066E-02
  2.860063926E-02  2.599343707E-02  1.959998794E-02  1.713448648E-02  1.551142330E-02
  1.494333887E-02  1.551142330E-02  1.713448648E-02  1.959998794E-02  2.260679425E-02
  2.576481063E-02  2.860063926E-02  3.065400187E-02  3.165646658E-02  3.166762769E-02
  3.103842010E-02  3.021485773E-02  2.953854707E-02  2.917687908E-02  2.917687908E-02
  2.953854707E-02  3.021485773E-02  3.103842010E-02  3.166762769E-02  3.165646658E-02
  3.065400187E-02  2.860063926E-02  2.576481063E-02  2.260679425E-02  1.627198499E-02
  1.407885443E-02  1.290110179E-02  1.290110179E-02  1.407885443E-02  1.627198499E-02
  1.922346553E-02  2.260679425E-02  2.599343707E-02  2.887232550E-02  3.079192753E-02
  3.156274842E-02  3.136435448E-02  3.064225850E-02  2.986285352E-02  2.932409500E-02
  2.913820291E-02  2.932409500E-02  2.986285352E-02  3.064225850E-02  3.136435448E-02
  3.156274842E-02  3.079192753E-02  2.887232550E-02  2.599343707E-02  2.260679425E-02
  1.922346553E-02  9.247700958E-03  7.826776543E-03  7.826776543E-03  9.247700958E-03
  1.182487450E-02  1.522664354E-02  1.914813705E-02  2.321446673E-02  2.690793175E-02
  2.967319019E-02  3.115623107E-02  3.141356403E-02  3.089393964E-02  3.016573348E-02
  2.962835808E-02  2.944016031E-02  2.962835808E-02  3.016573348E-02  3.089393964E-02
  3.141356403E-02  3.115623107E-02  2.967319019E-02  2.690793175E-02  2.321446673E-02
  1.914813705E-02  1.522664354E-02  1.182487450E-02  7.826776543E-03  7.095461068E-03
  7.826776543E-03  9.869290367E-03  1.290110179E-02  1.661463584E-02  2.069487276E-02
  2.469627720E-02  2.805192530E-02  3.026165762E-02  3.114613215E-02  3.097106158E-02
  3.029100132E-02  2.962480847E-02  2.925234816E-02  2.925234816E-02  2.962480847E-02
  3.029100132E-02  3.097106158E-02  3.114613215E-02  3.026165762E-02  2.805192530E-02
  2.469627720E-02  2.069487276E-02  1.661463584E-02  1.290110179E-02  9.869290367E-03
  7.826776543E-03  7.826776543E-03  9.174005762E-03  1.164238953E-02  1.494333887E-02
  1.878975561E-02  2.280009203E-02  2.644465901E-02  2.916396193E-02  3.060743447E-02
  3.083583763E-02  3.029816103E-02  2.955967150E-02  2.901679517E-02  2.882678717E-02
  2.901679517E-02  2.955967150E-02  3.029816103E-02  3.083583763E-02  3.060743447E-02
  2.916396193E-02  2.644465901E-02  2.280009203E-02  1.878975561E-02  1.494333887E-02
  1.164238953E-02  9.174005762E-03  9.247700958E-03  9.869290367E-03  1.164238953E-02
  1.435730965E-02  1.776289832E-02  2.152589327E-02  2.516744339E-02  2.812547720E-02
  2.995321882E-02  3.054190028E-02  3.019278990E-02  2.943880442E-02  2.875037408E-02
  2.837267279E-02  2.837267279E-02  2.875037408E-02  2.943880442E-02  3.019278990E-02
  3.054190028E-02  2.995321882E-02  2.812547720E-02  2.516744339E-02  2.152589327E-02
  1.776289832E-02  1.435730965E-02  1.164238953E-02  9.869290367E-03  1.182487450E-02
  1.290110179E-02  1.494333887E-02  1.776289832E-02  2.107703388E-02  2.446276630E-02
  2.738888449E-02  2.937308255E-02  3.019457221E-02  3.001411182E-02  2.928041759E-02
  2.847796924E-02  2.792113324E-02  2.772889227E-02  2.792113324E-02  2.847796924E-02
  2.928041759E-02  3.001411182E-02  3.019457221E-02  2.937308255E-02  2.738888449E-02
  2.446276630E-02  2.107703388E-02  1.776289832E-02  1.494333887E-02  1.290110179E-02
  1.182487450E-02  1.522664354E-02  1.661463584E-02  1.878975561E-02  2.152589327E-02
  2.446276630E-02  2.712320298E-02  2.903440374E-02  2.991872999E-02  2.983072709E-02
  2.911983240E-02  2.823345257E-02  2.751515063E-02  2.713278298E-02  2.713278298E-02
  2.751515063E-02  2.823345257E-02  2.911983240E-02  2.983072709E-02  2.991872999E-02
  2.903440374E-02  2.712320298E-02  2.446276630E-02  2.152589327E-02  1.878975561E-02
  1.661463584E-02  1.522664354E-02  1.475023233E-02  1.914813705E-02  2.069487276E-02
  2.280009203E-02  2.516744339E-02  2.738888449E-02  2.903440374E-02  2.981416282E-02
  2.971580904E-02  2.900041903E-02  2.805136405E-02  2.719889456E-02  2.663734801E-02
  2.644450409E-02  2.663734801E-02  2.719889456E-02  2.805136405E-02  2.900041903E-02
  2.971580904E-02  2.981416282E-02  2.903440374E-02  2.738888449E-02  2.516744339E-02
  2.280009203E-02  2.069487276E-02  1.914813705E-02  1.833536818E-02  1.833536818E-02
  2.321446673E-02  2.469627720E-02  2.644465901E-02  2.812547720E-02  2.937308255E-02
  2.991872999E-02  2.971580904E-02  2.895639811E-02  2.795538178E-02  2.700211373E-02
  2.628676427E-02  2.590866867E-02  2.590866867E-02  2.628676427E-02  2.700211373E-02
  2.795538178E-02  2.895639811E-02  2.971580904E-02  2.991872999E-02  2.937308255E-02
  2.812547720E-02  2.644465901E-02  2.469627720E-02  2.321446673E-02  2.223700771E-02
  2.189720485E-02  2.223700771E-02  2.690793175E-02  2.805192530E-02  2.916396193E-02
  2.995321882E-02  3.019457221E-02  2.983072709E-02  2.900041903E-02  2.795538178E-02
  2.693598877E-02  2.610671118E-02  2.556758839E-02  2.538023234E-02  2.556758839E-02
  2.610671118E-02  2.693598877E-02  2.795538178E-02  2.900041903E-02  2.983072709E-02
  3.019457221E-02  2.995321882E-02  2.916396193E-02  2.805192530E-02  2.690793175E-02
  2.599343707E-02  2.549092225E-02  2.549092225E-02  2.599343707E-02  2.967319019E-02
  3.026165762E-02  3.060743447E-02  3.054190028E-02  3.001411182E-02  2.911983240E-02
  2.805136405E-02  2.700211373E-02  2.610671118E-02  2.545033625E-02  2.509948721E-02
  2.509948721E-02  2.545033625E-02  2.610671118E-02  2.700211373E-02  2.805136405E-02
  2.911983240E-02  3.001411182E-02  3.054190028E-02  3.060743447E-02  3.026165762E-02
  2.967319019E-02  2.905578019E-02  2.860063926E-02  2.843437721E-02  2.860063926E-02
  2.905578019E-02  3.115623107E-02  3.114613215E-02  3.083583763E-02  3.019278990E-02
  2.928041759E-02  2.823345257E-02  2.719889456E-02  2.628676427E-02  2.556758839E-02
  2.509948721E-02  2.493561049E-02  2.509948721E-02  2.556758839E-02  2.628676427E-02
  2.719889456E-02  2.823345257E-02  2.928041759E-02  3.019278990E-02  3.083583763E-02
  3.114613215E-02  3.115623107E-02  3.097582823E-02  3.074727945E-02  3.059676066E-02
  3.059676066E-02  3.074727945E-02  3.097582823E-02  3.141356403E-02  3.097106158E-02
  3.029816103E-02  2.943880442E-02  2.847796924E-02  2.751515063E-02  2.663734801E-02
  2.590866867E-02  2.538023234E-02  2.509948721E-02  2.509948721E-02  2.538023234E-02
  2.590866867E-02  2.663734801E-02  2.751515063E-02  2.847796924E-02  2.943880442E-02
  3.029816103E-02  3.097106158E-02  3.141356403E-02  3.163674755E-02  3.170151414E-02
  3.169235252E-02  3.168019458E-02  3.169235252E-02  3.170151414E-02  3.163674755E-02
  3.089393964E-02  3.029100132E-02  2.955967150E-02  2.875037408E-02  2.792113324E-02
  2.713278298E-02  2.644450409E-02  2.590866867E-02  2.556758839E-02  2.545033625E-02
  2.556758839E-02  2.590866867E-02  2.644450409E-02  2.713278298E-02  2.792113324E-02
  2.875037408E-02  2.955967150E-02  3.029100132E-02  3.089393964E-02  3.133632776E-02
  3.161708466E-02  3.176628251E-02  3.182627794E-02  3.182627794E-02  3.176628251E-02
  3.161708466E-02  3.133632776E-02  3.016573348E-02  2.962480847E-02  2.901679517E-02
  2.837267279E-02  2.772889227E-02  2.713278298E-02  2.663734801E-02  2.628676427E-02
  2.610671118E-02  2.610671118E-02  2.628676427E-02  2.663734801E-02  2.713278298E-02
  2.772889227E-02  2.837267279E-02  2.901679517E-02  2.962480847E-02  3.016573348E-02
  3.061165662E-02  3.094548494E-02  3.116795301E-02  3.129236632E-02  3.133211868E-02
  3.129236632E-02  3.116795301E-02  3.094548494E-02  3.061165662E-02  2.962835808E-02
  2.925234816E-02  2.882678717E-02  2.837267279E-02  2.792113324E-02  2.751515063E-02
  2.719889456E-02  2.700211373E-02  2.693598877E-02  2.700211373E-02  2.719889456E-02
  2.751515063E-02  2.792113324E-02  2.837267279E-02  2.882678717E-02  2.925234816E-02
  2.962835808E-02  2.993988914E-02  3.018047865E-02  3.035422110E-02  3.046897365E-02
  3.052736840E-02  3.052736840E-02  3.046897365E-02  3.035422110E-02  3.018047865E-02
  2.993988914E-02  2.944016031E-02  2.925234816E-02  2.901679517E-02  2.875037408E-02
  2.847796924E-02  2.823345257E-02  2.805136405E-02  2.795538178E-02  2.795538178E-02
  2.805136405E-02  2.823345257E-02  2.847796924E-02  2.875037408E-02  2.901679517E-02
  2.925234816E-02  2.944016031E-02  2.957011937E-02  2.964425656E-02  2.967960488E-02
  2.969797591E-02  2.971068271E-02  2.971597729E-02  2.971068271E-02  2.969797591E-02
  2.967960488E-02  2.964425656E-02  2.957011937E-02  2.962835808E-02  2.962480847E-02
  2.955967150E-02  2.943880442E-02  2.928041759E-02  2.911983240E-02  2.900041903E-02
  2.895639811E-02  2.900041903E-02  2.911983240E-02  2.928041759E-02  2.943880442E-02
  2.955967150E-02  2.962480847E-02  2.962835808E-02  2.957011937E-02  2.945877387E-02
  2.931821559E-02  2.918265035E-02  2.908147425E-02  2.902927687E-02  2.902927687E-02
  2.908147425E-02  2.918265035E-02  2.931821559E-02  2.945877387E-02  2.957011937E-02
  3.016573348E-02  3.029100132E-02  3.029816103E-02  3.019278990E-02  3.001411182E-02
  2.983072709E-02  2.971580904E-02  2.971580904E-02  2.983072709E-02  3.001411182E-02
  3.019278990E-02  3.029816103E-02  3.029100132E-02  3.016573348E-02  2.993988914E-02
  2.964425656E-02  2.931821559E-02  2.900489315E-02  2.874508166E-02  2.857298592E-02
  2.851264383E-02  2.857298592E-02  2.874508166E-02  2.900489315E-02  2.931821559E-02
  2.964425656E-02  2.993988914E-02  3.089393964E-02  3.097106158E-02  3.083583763E-02
  3.054190028E-02  3.019457221E-02  2.991872999E-02  2.981416282E-02  2.991872999E-02
  3.019457221E-02  3.054190028E-02  3.083583763E-02  3.097106158E-02  3.089393964E-02
  3.061165662E-02  3.018047865E-02  2.967960488E-02  2.918265035E-02  2.874508166E-02
  2.841272681E-02  2.823042783E-02  2.823042783E-02  2.841272681E-02  2.874508166E-02
  2.918265035E-02  2.967960488E-02  3.018047865E-02  3.061165662E-02  3.141356403E-02
  3.114613215E-02  3.060743447E-02  2.995321882E-02  2.937308255E-02  2.903440374E-02
  2.903440374E-02  2.937308255E-02  2.995321882E-02  3.060743447E-02  3.114613215E-02
  3.141356403E-02  3.133632776E-02  3.094548494E-02  3.035422110E-02  2.969797591E-02
  2.908147425E-02  2.857298592E-02  2.823042783E-02  2.810813921E-02  2.823042783E-02
  2.857298592E-02  2.908147425E-02  2.969797591E-02  3.035422110E-02  3.094548494E-02
  3.133632776E-02  3.115623107E-02  3.026165762E-02  2.916396193E-02  2.812547720E-02
  2.738888449E-02  2.712320298E-02  2.738888449E-02  2.812547720E-02  2.916396193E-02
  3.026165762E-02  3.115623107E-02  3.163674755E-02  3.161708466E-02  3.116795301E-02
  3.046897365E-02  2.971068271E-02  2.902927687E-02  2.851264383E-02  2.823042783E-02
  2.823042783E-02  2.851264383E-02  2.902927687E-02  2.971068271E-02  3.046897365E-02
  3.116795301E-02  3.161708466E-02  3.163674755E-02  2.967319019E-02  2.805192530E-02
  2.644465901E-02  2.516744339E-02  2.446276630E-02  2.446276630E-02  2.516744339E-02
  2.644465901E-02  2.805192530E-02  2.967319019E-02  3.097582823E-02  3.170151414E-02
  3.176628251E-02  3.129236632E-02  3.052736840E-02  2.971597729E-02  2.902927687E-02
  2.857298592E-02  2.841272681E-02  2.857298592E-02  2.902927687E-02  2.971597729E-02
  3.052736840E-02  3.129236632E-02  3.176628251E-02  3.170151414E-02  3.097582823E-02
  2.690793175E-02  2.469627720E-02  2.280009203E-02  2.152589327E-02  2.107703388E-02
  2.152589327E-02  2.280009203E-02  2.469627720E-02  2.690793175E-02  2.905578019E-02
  3.074727945E-02  3.169235252E-02  3.182627794E-02  3.133211868E-02  3.052736840E-02
  2.971068271E-02  2.908147425E-02  2.874508166E-02  2.874508166E-02  2.908147425E-02
  2.971068271E-02  3.052736840E-02  3.133211868E-02  3.182627794E-02  3.169235252E-02
  3.074727945E-02  2.905578019E-02  2.321446673E-02  2.069487276E-02  1.878975561E-02
  1.776289832E-02  1.776289832E-02  1.878975561E-02  2.069487276E-02  2.321446673E-02
  2.599343707E-02  2.860063926E-02  3.059676066E-02  3.168019458E-02  3.182627794E-02
  3.129236632E-02  3.046897365E-02  2.969797591E-02  2.918265035E-02  2.900489315E-02
  2.918265035E-02  2.969797591E-02  3.046897365E-02  3.129236632E-02  3.182627794E-02
  3.168019458E-02  3.059676066E-02  2.860063926E-02  2.599343707E-02  1.914813705E-02
  1.661463584E-02  1.494333887E-02  1.435730965E-02  1.494333887E-02  1.661463584E-02
  1.914813705E-02  2.223700771E-02  2.549092225E-02  2.843437721E-02  3.059676066E-02
  3.169235252E-02  3.176628251E-02  3.116795301E-02  3.035422110E-02  2.967960488E-02
  2.931821559E-02  2.931821559E-02  2.967960488E-02  3.035422110E-02  3.116795301E-02
  3.176628251E-02  3.169235252E-02  3.059676066E-02  2.843437721E-02  2.549092225E-02
  2.223700771E-02  1.522664354E-02  1.290110179E-02  1.164238953E-02  1.164238953E-02
  1.290110179E-02  1.522664354E-02  1.833536818E-02  2.189720485E-02  2.549092225E-02
  2.860063926E-02  3.074727945E-02  3.170151414E-02  3.161708466E-02  3.094548494E-02
  3.018047865E-02  2.964425656E-02  2.945877387E-02  2.964425656E-02  3.018047865E-02
  3.094548494E-02  3.161708466E-02  3.170151414E-02  3.074727945E-02  2.860063926E-02
  2.549092225E-02  2.189720485E-02  1.833536818E-02  1.182487450E-02  9.869290367E-03
  9.174005762E-03  9.869290367E-03  1.182487450E-02  1.475023233E-02  1.833536818E-02
  2.223700771E-02  2.599343707E-02  2.905578019E-02  3.097582823E-02  3.163674755E-02
  3.133632776E-02  3.061165662E-02  2.993988914E-02  2.957011937E-02  2.957011937E-02
  2.993988914E-02  3.061165662E-02  3.133632776E-02  3.163674755E-02  3.097582823E-02
  2.905578019E-02  2.599343707E-02  2.223700771E-02  1.833536818E-02  1.475023233E-02
  5.469972757E-03  4.607351012E-03  5.469972757E-03  7.826776543E-03  1.120633339E-02
  1.522664354E-02  1.959998794E-02  2.393237012E-02  2.766556528E-02  3.025203653E-02
  3.143929298E-02  3.144868103E-02  3.084897143E-02  3.020623807E-02  2.983813324E-02
  2.983813324E-02  3.020623807E-02  3.084897143E-02  3.144868103E-02  3.143929298E-02
  3.025203653E-02  2.766556528E-02  2.393237012E-02  1.959998794E-02  1.522664354E-02
  1.120633339E-02  7.826776543E-03  4.607351012E-03  4.607351012E-03  6.261219235E-03
  9.174005762E-03  1.290110179E-02  1.713448648E-02  2.155625051E-02  2.567874426E-02
  2.891261798E-02  3.081888667E-02  3.137227371E-02  3.100274985E-02  3.032461945E-02
  2.979597758E-02  2.960798904E-02  2.979597758E-02  3.032461945E-02  3.100274985E-02
  3.137227371E-02  3.081888667E-02  2.891261798E-02  2.567874426E-02  2.155625051E-02
  1.713448648E-02  1.290110179E-02  9.174005762E-03  6.261219235E-03  5.469972757E-03
  6.261219235E-03  8.447583273E-03  1.164238953E-02  1.551142330E-02  1.975792703E-02
  2.395940712E-02  2.754634579E-02  2.998597701E-02  3.105350673E-02  3.098803864E-02
  3.035375252E-02  2.969922400E-02  2.932796430E-02  2.932796430E-02  2.969922400E-02
  3.035375252E-02  3.098803864E-02  3.105350673E-02  2.998597701E-02  2.754634579E-02
  2.395940712E-02  1.975792703E-02  1.551142330E-02  1.164238953E-02  8.447583273E-03
  6.261219235E-03  7.826776543E-03  9.174005762E-03  1.164238953E-02  1.494333887E-02
  1.878975561E-02  2.280009203E-02  2.644465901E-02  2.916396193E-02  3.060743447E-02
  3.083583763E-02  3.029816103E-02  2.955967150E-02  2.901679517E-02  2.882678717E-02
  2.901679517E-02  2.955967150E-02  3.029816103E-02  3.083583763E-02  3.060743447E-02
  2.916396193E-02  2.644465901E-02  2.280009203E-02  1.878975561E-02  1.494333887E-02
  1.164238953E-02  9.174005762E-03  7.826776543E-03  1.120633339E-02  1.290110179E-02
  1.551142330E-02  1.878975561E-02  2.239140291E-02  2.583270592E-02  2.856792231E-02
  3.018700584E-02  3.062061519E-02  3.018599911E-02  2.940035205E-02  2.870567552E-02
  2.832793437E-02  2.832793437E-02  2.870567552E-02  2.940035205E-02  3.018599911E-02
  3.062061519E-02  3.018700584E-02  2.856792231E-02  2.583270592E-02  2.239140291E-02
  1.878975561E-02  1.551142330E-02  1.290110179E-02  1.120633339E-02  1.061529239E-02
  1.522664354E-02  1.713448648E-02  1.975792703E-02  2.280009203E-02  2.583270592E-02
  2.835085092E-02  2.993436970E-02  3.043789148E-02  3.006644914E-02  2.925449166E-02
  2.843527775E-02  2.787921435E-02  2.768797688E-02  2.787921435E-02  2.843527775E-02
  2.925449166E-02  3.006644914E-02  3.043789148E-02  2.993436970E-02  2.835085092E-02
  2.583270592E-02  2.280009203E-02  1.975792703E-02  1.713448648E-02  1.522664354E-02
  1.422301674E-02  1.422301674E-02  1.959998794E-02  2.155625051E-02  2.395940712E-02
  2.644465901E-02  2.856792231E-02  2.993436970E-02  3.036683170E-02  2.999083153E-02
  2.915398407E-02  2.824128528E-02  2.752880373E-02  2.715152849E-02  2.715152849E-02
  2.752880373E-02  2.824128528E-02  2.915398407E-02  2.999083153E-02  3.036683170E-02
  2.993436970E-02  2.856792231E-02  2.644465901E-02  2.395940712E-02  2.155625051E-02
  1.959998794E-02  1.833536818E-02  1.789910394E-02  1.833536818E-02  2.393237012E-02
  2.567874426E-02  2.754634579E-02  2.916396193E-02  3.018700584E-02  3.043789148E-02
  2.999083153E-02  2.911848786E-02  2.814218069E-02  2.730965910E-02  2.676524928E-02
  2.657717392E-02  2.676524928E-02  2.730965910E-02  2.814218069E-02  2.911848786E-02
  2.999083153E-02  3.043789148E-02  3.018700584E-02  2.916396193E-02  2.754634579E-02
  2.567874426E-02  2.393237012E-02  2.260679425E-02  2.189720485E-02  2.189720485E-02
  2.260679425E-02  2.766556528E-02  2.891261798E-02  2.998597701E-02  3.060743447E-02
  3.062061519E-02  3.006644914E-02  2.915398407E-02  2.814218069E-02  2.723567981E-02
  2.656305110E-02  2.620439713E-02  2.620439713E-02  2.656305110E-02  2.723567981E-02
  2.814218069E-02  2.915398407E-02  3.006644914E-02  3.062061519E-02  3.060743447E-02
  2.998597701E-02  2.891261798E-02  2.766556528E-02  2.653805755E-02  2.576481063E-02
  2.549092225E-02  2.576481063E-02  2.653805755E-02  3.025203653E-02  3.081888667E-02
  3.105350673E-02  3.083583763E-02  3.018599911E-02  2.925449166E-02  2.824128528E-02
  2.730965910E-02  2.656305110E-02  2.607436837E-02  2.590297223E-02  2.607436837E-02
  2.656305110E-02  2.730965910E-02  2.824128528E-02  2.925449166E-02  3.018599911E-02
  3.083583763E-02  3.105350673E-02  3.081888667E-02  3.025203653E-02  2.955728771E-02
  2.895013072E-02  2.860063926E-02  2.860063926E-02  2.895013072E-02  2.955728771E-02
  3.143929298E-02  3.137227371E-02  3.098803864E-02  3.029816103E-02  2.940035205E-02
  2.843527775E-02  2.752880373E-02  2.676524928E-02  2.620439713E-02  2.590297223E-02
  2.590297223E-02  2.620439713E-02  2.676524928E-02  2.752880373E-02  2.843527775E-02
  2.940035205E-02  3.029816103E-02  3.098803864E-02  3.137227371E-02  3.143929298E-02
  3.126620099E-02  3.098738436E-02  3.074727945E-02  3.065400187E-02  3.074727945E-02
  3.098738436E-02  3.126620099E-02  3.144868103E-02  3.100274985E-02  3.035375252E-02
  2.955967150E-02  2.870567552E-02  2.787921435E-02  2.715152849E-02  2.657717392E-02
  2.620439713E-02  2.607436837E-02  2.620439713E-02  2.657717392E-02  2.715152849E-02
  2.787921435E-02  2.870567552E-02  2.955967150E-02  3.035375252E-02  3.100274985E-02
  3.144868103E-02  3.167999815E-02  3.173773564E-02  3.170151414E-02  3.165646658E-02
  3.165646658E-02  3.170151414E-02  3.173773564E-02  3.167999815E-02  3.084897143E-02
  3.032461945E-02  2.969922400E-02  2.901679517E-02  2.832793437E-02  2.768797688E-02
  2.715152849E-02  2.676524928E-02  2.656305110E-02  2.656305110E-02  2.676524928E-02
  2.715152849E-02  2.768797688E-02  2.832793437E-02  2.901679517E-02  2.969922400E-02
  3.032461945E-02  3.084897143E-02  3.123991578E-02  3.148862301E-02  3.161708466E-02
  3.166762769E-02  3.167932177E-02  3.166762769E-02  3.161708466E-02  3.148862301E-02
  3.123991578E-02  3.020623807E-02  2.979597758E-02  2.932796430E-02  2.882678717E-02
  2.832793437E-02  2.787921435E-02  2.752880373E-02  2.730965910E-02  2.723567981E-02
  2.730965910E-02  2.752880373E-02  2.787921435E-02  2.832793437E-02  2.882678717E-02
  2.932796430E-02  2.979597758E-02  3.020623807E-02  3.053947784E-02  3.078459848E-02
  3.094548494E-02  3.103842010E-02  3.108034735E-02  3.108034735E-02  3.103842010E-02
  3.094548494E-02  3.078459848E-02  3.053947784E-02  2.983813324E-02  2.960798904E-02
  2.932796430E-02  2.901679517E-02  2.870567552E-02  2.843527775E-02  2.824128528E-02
  2.814218069E-02  2.814218069E-02  2.824128528E-02  2.843527775E-02  2.870567552E-02
  2.901679517E-02  2.932796430E-02  2.960798904E-02  2.983813324E-02  3.000831440E-02
  3.011819260E-02  3.018047865E-02  3.021485773E-02  3.023461993E-02  3.024168659E-02
  3.023461993E-02  3.021485773E-02  3.018047865E-02  3.011819260E-02  3.000831440E-02
  2.983813324E-02  2.979597758E-02  2.969922400E-02  2.955967150E-02  2.940035205E-02
  2.925449166E-02  2.915398407E-02  2.911848786E-02  2.915398407E-02  2.925449166E-02
  2.940035205E-02  2.955967150E-02  2.969922400E-02  2.979597758E-02  2.983813324E-02
  2.982092967E-02  2.974929922E-02  2.964425656E-02  2.953854707E-02  2.946020802E-02
  2.942092601E-02  2.942092601E-02  2.946020802E-02  2.953854707E-02  2.964425656E-02
  2.974929922E-02  2.982092967E-02  3.020623807E-02  3.032461945E-02  3.035375252E-02
  3.029816103E-02  3.018599911E-02  3.006644914E-02  2.999083153E-02  2.999083153E-02
  3.006644914E-02  3.018599911E-02  3.029816103E-02  3.035375252E-02  3.032461945E-02
  3.020623807E-02  3.000831440E-02  2.974929922E-02  2.945877387E-02  2.917687908E-02
  2.894485851E-02  2.879411586E-02  2.874210706E-02  2.879411586E-02  2.894485851E-02
  2.917687908E-02  2.945877387E-02  2.974929922E-02  3.000831440E-02  3.084897143E-02
  3.100274985E-02  3.098803864E-02  3.083583763E-02  3.062061519E-02  3.043789148E-02
  3.036683170E-02  3.043789148E-02  3.062061519E-02  3.083583763E-02  3.098803864E-02
  3.100274985E-02  3.084897143E-02  3.053947784E-02  3.011819260E-02  2.964425656E-02
  2.917687908E-02  2.876689896E-02  2.845845239E-02  2.829112263E-02  2.829112263E-02
  2.845845239E-02  2.876689896E-02  2.917687908E-02  2.964425656E-02  3.011819260E-02
  3.053947784E-02  3.144868103E-02  3.137227371E-02  3.105350673E-02  3.060743447E-02
  3.018700584E-02  2.993436970E-02  2.993436970E-02  3.018700584E-02  3.060743447E-02
  3.105350673E-02  3.137227371E-02  3.144868103E-02  3.123991578E-02  3.078459848E-02
  3.018047865E-02  2.953854707E-02  2.894485851E-02  2.845845239E-02  2.813224961E-02
  2.801612690E-02  2.813224961E-02  2.845845239E-02  2.894485851E-02  2.953854707E-02
  3.018047865E-02  3.078459848E-02  3.123991578E-02  3.143929298E-02  3.081888667E-02
  2.998597701E-02  2.916396193E-02  2.856792231E-02  2.835085092E-02  2.856792231E-02
  2.916396193E-02  2.998597701E-02  3.081888667E-02  3.143929298E-02  3.167999815E-02
  3.148862301E-02  3.094548494E-02  3.021485773E-02  2.946020802E-02  2.879411586E-02
  2.829112263E-02  2.801612690E-02  2.801612690E-02  2.829112263E-02  2.879411586E-02
  2.946020802E-02  3.021485773E-02  3.094548494E-02  3.148862301E-02  3.167999815E-02
  3.025203653E-02  2.891261798E-02  2.754634579E-02  2.644465901E-02  2.583270592E-02
  2.583270592E-02  2.644465901E-02  2.754634579E-02  2.891261798E-02  3.025203653E-02
  3.126620099E-02  3.173773564E-02  3.161708466E-02  3.103842010E-02  3.023461993E-02
  2.942092601E-02  2.874210706E-02  2.829112263E-02  2.813224961E-02  2.829112263E-02
  2.874210706E-02  2.942092601E-02  3.023461993E-02  3.103842010E-02  3.161708466E-02
  3.173773564E-02  3.126620099E-02  2.766556528E-02  2.567874426E-02  2.395940712E-02
  2.280009203E-02  2.239140291E-02  2.280009203E-02  2.395940712E-02  2.567874426E-02
  2.766556528E-02  2.955728771E-02  3.098738436E-02  3.170151414E-02  3.166762769E-02
  3.108034735E-02  3.024168659E-02  2.942092601E-02  2.879411586E-02  2.845845239E-02
  2.845845239E-02  2.879411586E-02  2.942092601E-02  3.024168659E-02  3.108034735E-02
  3.166762769E-02  3.170151414E-02  3.098738436E-02  2.955728771E-02  2.393237012E-02
  2.155625051E-02  1.975792703E-02  1.878975561E-02  1.878975561E-02  1.975792703E-02
  2.155625051E-02  2.393237012E-02  2.653805755E-02  2.895013072E-02  3.074727945E-02
  3.165646658E-02  3.167932177E-02  3.108034735E-02  3.023461993E-02  2.946020802E-02
  2.894485851E-02  2.876689896E-02  2.894485851E-02  2.946020802E-02  3.023461993E-02
  3.108034735E-02  3.167932177E-02  3.165646658E-02  3.074727945E-02  2.895013072E-02
  2.653805755E-02  1.959998794E-02  1.713448648E-02  1.551142330E-02  1.494333887E-02
  1.551142330E-02  1.713448648E-02  1.959998794E-02  2.260679425E-02  2.576481063E-02
  2.860063926E-02  3.065400187E-02  3.165646658E-02  3.166762769E-02  3.103842010E-02
  3.021485773E-02  2.953854707E-02  2.917687908E-02  2.917687908E-02  2.953854707E-02
  3.021485773E-02  3.103842010E-02  3.166762769E-02  3.165646658E-02  3.065400187E-02
  2.860063926E-02  2.576481063E-02  2.260679425E-02  1.522664354E-02  1.290110179E-02
  1.164238953E-02  1.164238953E-02  1.290110179E-02  1.522664354E-02  1.833536818E-02
  2.189720485E-02  2.549092225E-02  2.860063926E-02  3.074727945E-02  3.170151414E-02
  3.161708466E-02  3.094548494E-02  3.018047865E-02  2.964425656E-02  2.945877387E-02
  2.964425656E-02  3.018047865E-02  3.094548494E-02  3.161708466E-02  3.170151414E-02
  3.074727945E-02  2.860063926E-02  2.549092225E-02  2.189720485E-02  1.833536818E-02
  1.120633339E-02  9.174005762E-03  8.447583273E-03  9.174005762E-03  1.120633339E-02
  1.422301674E-02  1.789910394E-02  2.189720485E-02  2.576481063E-02  2.895013072E-02
  3.098738436E-02  3.173773564E-02  3.148862301E-02  3.078459848E-02  3.011819260E-02
  2.974929922E-02  2.974929922E-02  3.011819260E-02  3.078459848E-02  3.148862301E-02
  3.173773564E-02  3.098738436E-02  2.895013072E-02  2.576481063E-02  2.189720485E-02
  1.789910394E-02  1.422301674E-02  7.826776543E-03  6.261219235E-03  6.261219235E-03
  7.826776543E-03  1.061529239E-02  1.422301674E-02  1.833536818E-02  2.260679425E-02
  2.653805755E-02  2.955728771E-02  3.126620099E-02  3.167999815E-02  3.123991578E-02
  3.053947784E-02  3.000831440E-02  2.982092967E-02  3.000831440E-02  3.053947784E-02
  3.123991578E-02  3.167999815E-02  3.126620099E-02  2.955728771E-02  2.653805755E-02
  2.260679425E-02  1.833536818E-02  1.422301674E-02  1.061529239E-02  2.735084763E-03
  2.735084763E-03  4.607351012E-03  7.826776543E-03  1.182487450E-02  1.627198499E-02
  2.089814611E-02  2.525583541E-02  2.875116345E-02  3.090209624E-02  3.163459361E-02
  3.136207981E-02  3.072066469E-02  3.020107377E-02  3.001432217E-02  3.020107377E-02
  3.072066469E-02  3.136207981E-02  3.163459361E-02  3.090209624E-02  2.875116345E-02
  2.525583541E-02  2.089814611E-02  1.627198499E-02  1.182487450E-02  7.826776543E-03
  4.607351012E-03  2.735084763E-03  3.689222220E-03  6.261219235E-03  9.869290367E-03
  1.407885443E-02  1.862535651E-02  2.315518229E-02  2.712075333E-02  2.994708621E-02
  3.133368124E-02  3.146828370E-02  3.092421738E-02  3.029721195E-02  2.993126158E-02
  2.993126158E-02  3.029721195E-02  3.092421738E-02  3.146828370E-02  3.133368124E-02
  2.994708621E-02  2.712075333E-02  2.315518229E-02  1.862535651E-02  1.407885443E-02
  9.869290367E-03  6.261219235E-03  3.689222220E-03  4.607351012E-03  6.261219235E-03
  9.174005762E-03  1.290110179E-02  1.713448648E-02  2.155625051E-02  2.567874426E-02
  2.891261798E-02  3.081888667E-02  3.137227371E-02  3.100274985E-02  3.032461945E-02
  2.979597758E-02  2.960798904E-02  2.979597758E-02  3.032461945E-02  3.100274985E-02
  3.137227371E-02  3.081888667E-02  2.891261798E-02  2.567874426E-02  2.155625051E-02
  1.713448648E-02  1.290110179E-02  9.174005762E-03  6.261219235E-03  4.607351012E-03
  7.826776543E-03  9.869290367E-03  1.290110179E-02  1.661463584E-02  2.069487276E-02
  2.469627720E-02  2.805192530E-02  3.026165762E-02  3.114613215E-02  3.097106158E-02
  3.029100132E-02  2.962480847E-02  2.925234816E-02  2.925234816E-02  2.962480847E-02
  3.029100132E-02  3.097106158E-02  3.114613215E-02  3.026165762E-02  2.805192530E-02
  2.469627720E-02  2.069487276E-02  1.661463584E-02  1.290110179E-02  9.869290367E-03
  7.826776543E-03  7.095461068E-03  1.182487450E-02  1.407885443E-02  1.713448648E-02
  2.069487276E-02  2.434858692E-02  2.756635533E-02  2.983906573E-02  3.089992307E-02
  3.087623823E-02  3.022019323E-02  2.944700047E-02  2.889996106E-02  2.871035522E-02
  2.889996106E-02  2.944700047E-02  3.022019323E-02  3.087623823E-02  3.089992307E-02
  2.983906573E-02  2.756635533E-02  2.434858692E-02  2.069487276E-02  1.713448648E-02
  1.407885443E-02  1.182487450E-02  1.061529239E-02  1.061529239E-02  1.627198499E-02
  1.862535651E-02  2.155625051E-02  2.469627720E-02  2.756635533E-02  2.968217103E-02
  3.074310651E-02  3.078273613E-02  3.014693231E-02  2.929745154E-02  2.859615219E-02
  2.822114113E-02  2.822114113E-02  2.859615219E-02  2.929745154E-02  3.014693231E-02
  3.078273613E-02  3.074310651E-02  2.968217103E-02  2.756635533E-02  2.469627720E-02
  2.155625051E-02  1.862535651E-02  1.627198499E-02  1.475023233E-02  1.422301674E-02
  1.475023233E-02  2.089814611E-02  2.315518229E-02  2.567874426E-02  2.805192530E-02
  2.983906573E-02  3.074310651E-02  3.074465110E-02  3.010208571E-02  2.920165646E-02
  2.837926556E-02  2.783409566E-02  2.764647966E-02  2.783409566E-02  2.837926556E-02
  2.920165646E-02  3.010208571E-02  3.074465110E-02  3.074310651E-02  2.983906573E-02
  2.805192530E-02  2.567874426E-02  2.315518229E-02  2.089814611E-02  1.922346553E-02
  1.833536818E-02  1.833536818E-02  1.922346553E-02  2.525583541E-02  2.712075333E-02
  2.891261798E-02  3.026165762E-02  3.089992307E-02  3.078273613E-02  3.010208571E-02
  2.916931986E-02  2.826861993E-02  2.758708528E-02  2.722481139E-02  2.722481139E-02
  2.758708528E-02  2.826861993E-02  2.916931986E-02  3.010208571E-02  3.078273613E-02
  3.089992307E-02  3.026165762E-02  2.891261798E-02  2.712075333E-02  2.525583541E-02
  2.366478612E-02  2.260679425E-02  2.223700771E-02  2.260679425E-02  2.366478612E-02
  2.875116345E-02  2.994708621E-02  3.081888667E-02  3.114613215E-02  3.087623823E-02
  3.014693231E-02  2.920165646E-02  2.826861993E-02  2.750236478E-02  2.699956904E-02
  2.682375979E-02  2.699956904E-02  2.750236478E-02  2.826861993E-02  2.920165646E-02
  3.014693231E-02  3.087623823E-02  3.114613215E-02  3.081888667E-02  2.994708621E-02
  2.875116345E-02  2.752383832E-02  2.653805755E-02  2.599343707E-02  2.599343707E-02
  2.653805755E-02  2.752383832E-02  3.090209624E-02  3.133368124E-02  3.137227371E-02
  3.097106158E-02  3.022019323E-02  2.929745154E-02  2.837926556E-02  2.758708528E-02
  2.699956904E-02  2.668246540E-02  2.668246540E-02  2.699956904E-02  2.758708528E-02
  2.837926556E-02  2.929745154E-02  3.022019323E-02  3.097106158E-02  3.137227371E-02
  3.133368124E-02  3.090209624E-02  3.023907980E-02  2.955728771E-02  2.905578019E-02
  2.887232550E-02  2.905578019E-02  2.955728771E-02  3.023907980E-02  3.163459361E-02
  3.146828370E-02  3.100274985E-02  3.029100132E-02  2.944700047E-02  2.859615219E-02
  2.783409566E-02  2.722481139E-02  2.682375979E-02  2.668246540E-02  2.682375979E-02
  2.722481139E-02  2.783409566E-02  2.859615219E-02  2.944700047E-02  3.029100132E-02
  3.100274985E-02  3.146828370E-02  3.163459361E-02  3.153266083E-02  3.126620099E-02
  3.097582823E-02  3.079192753E-02  3.079192753E-02  3.097582823E-02  3.126620099E-02
  3.153266083E-02  3.136207981E-02  3.092421738E-02  3.032461945E-02  2.962480847E-02
  2.889996106E-02  2.822114113E-02  2.764647966E-02  2.722481139E-02  2.699956904E-02
  2.699956904E-02  2.722481139E-02  2.764647966E-02  2.822114113E-02  2.889996106E-02
  2.962480847E-02  3.032461945E-02  3.092421738E-02  3.136207981E-02  3.160871027E-02
  3.167999815E-02  3.163674755E-02  3.156274842E-02  3.152892910E-02  3.156274842E-02
  3.163674755E-02  3.167999815E-02  3.160871027E-02  3.072066469E-02  3.029721195E-02
  2.979597758E-02  2.925234816E-02  2.871035522E-02  2.822114113E-02  2.783409566E-02
  2.758708528E-02  2.750236478E-02  2.758708528E-02  2.783409566E-02  2.822114113E-02
  2.871035522E-02  2.925234816E-02  2.979597758E-02  3.029721195E-02  3.072066469E-02
  3.103900310E-02  3.123991578E-02  3.133632776E-02  3.136435448E-02  3.136531100E-02
  3.136531100E-02  3.136435448E-02  3.133632776E-02  3.123991578E-02  3.103900310E-02
  3.020107377E-02  2.993126158E-02  2.960798904E-02  2.925234816E-02  2.889996106E-02
  2.859615219E-02  2.837926556E-02  2.826861993E-02  2.826861993E-02  2.837926556E-02
  2.859615219E-02  2.889996106E-02  2.925234816E-02  2.960798904E-02  2.993126158E-02
  3.020107377E-02  3.040533942E-02  3.053947784E-02  3.061165662E-02  3.064225850E-02
  3.065261422E-02  3.065498301E-02  3.065261422E-02  3.064225850E-02  3.061165662E-02
  3.053947784E-02  3.040533942E-02  3.001432217E-02  2.993126158E-02  2.979597758E-02
  2.962480847E-02  2.944700047E-02  2.929745154E-02  2.920165646E-02  2.916931986E-02
  2.920165646E-02  2.929745154E-02  2.944700047E-02  2.962480847E-02  2.979597758E-02
  2.993126158E-02  3.001432217E-02  3.003892264E-02  3.000831440E-02  2.993988914E-02
  2.986285352E-02  2.980372308E-02  2.977403779E-02  2.977403779E-02  2.980372308E-02
  2.986285352E-02  2.993988914E-02  3.000831440E-02  3.003892264E-02  3.020107377E-02
  3.029721195E-02  3.032461945E-02  3.029100132E-02  3.022019323E-02  3.014693231E-02
  3.010208571E-02  3.010208571E-02  3.014693231E-02  3.022019323E-02  3.029100132E-02
  3.032461945E-02  3.029721195E-02  3.020107377E-02  3.003892264E-02  2.982092967E-02
  2.957011937E-02  2.932409500E-02  2.912343780E-02  2.899604912E-02  2.895296516E-02
  2.899604912E-02  2.912343780E-02  2.932409500E-02  2.957011937E-02  2.982092967E-02
  3.003892264E-02  3.072066469E-02  3.092421738E-02  3.100274985E-02  3.097106158E-02
  3.087623823E-02  3.078273613E-02  3.074465110E-02  3.078273613E-02  3.087623823E-02
  3.097106158E-02  3.100274985E-02  3.092421738E-02  3.072066469E-02  3.040533942E-02
  3.000831440E-02  2.957011937E-02  2.913820291E-02  2.876100915E-02  2.848148318E-02
  2.833250263E-02  2.833250263E-02  2.848148318E-02  2.876100915E-02  2.913820291E-02
  2.957011937E-02  3.000831440E-02  3.040533942E-02  3.136207981E-02  3.146828370E-02
  3.137227371E-02  3.114613215E-02  3.089992307E-02  3.074310651E-02  3.074310651E-02
  3.089992307E-02  3.114613215E-02  3.137227371E-02  3.146828370E-02  3.136207981E-02
  3.103900310E-02  3.053947784E-02  2.993988914E-02  2.932409500E-02  2.876100915E-02
  2.830329570E-02  2.799918630E-02  2.789166529E-02  2.799918630E-02  2.830329570E-02
  2.876100915E-02  2.932409500E-02  2.993988914E-02  3.053947784E-02  3.103900310E-02
  3.163459361E-02  3.133368124E-02  3.081888667E-02  3.026165762E-02  2.983906573E-02
  2.968217103E-02  2.983906573E-02  3.026165762E-02  3.081888667E-02  3.133368124E-02
  3.163459361E-02  3.160871027E-02  3.123991578E-02  3.061165662E-02  2.986285352E-02
  2.912343780E-02  2.848148318E-02  2.799918630E-02  2.773587656E-02  2.773587656E-02
  2.799918630E-02  2.848148318E-02  2.912343780E-02  2.986285352E-02  3.061165662E-02
  3.123991578E-02  3.160871027E-02  3.090209624E-02  2.994708621E-02  2.891261798E-02
  2.805192530E-02  2.756635533E-02  2.756635533E-02  2.805192530E-02  2.891261798E-02
  2.994708621E-02  3.090209624E-02  3.153266083E-02  3.167999815E-02  3.133632776E-02
  3.064225850E-02  2.980372308E-02  2.899604912E-02  2.833250263E-02  2.789166529E-02
  2.773587656E-02  2.789166529E-02  2.833250263E-02  2.899604912E-02  2.980372308E-02
  3.064225850E-02  3.133632776E-02  3.167999815E-02  3.153266083E-02  2.875116345E-02
  2.712075333E-02  2.567874426E-02  2.469627720E-02  2.434858692E-02  2.469627720E-02
  2.567874426E-02  2.712075333E-02  2.875116345E-02  3.023907980E-02  3.126620099E-02
  3.163674755E-02  3.136435448E-02  3.065261422E-02  2.977403779E-02  2.895296516E-02
  2.833250263E-02  2.799918630E-02  2.799918630E-02  2.833250263E-02  2.895296516E-02
  2.977403779E-02  3.065261422E-02  3.136435448E-02  3.163674755E-02  3.126620099E-02
  3.023907980E-02  2.525583541E-02  2.315518229E-02  2.155625051E-02  2.069487276E-02
  2.069487276E-02  2.155625051E-02  2.315518229E-02  2.525583541E-02  2.752383832E-02
  2.955728771E-02  3.097582823E-02  3.156274842E-02  3.136531100E-02  3.065498301E-02
  2.977403779E-02  2.899604912E-02  2.848148318E-02  2.830329570E-02  2.848148318E-02
  2.899604912E-02  2.977403779E-02  3.065498301E-02  3.136531100E-02  3.156274842E-02
  3.097582823E-02  2.955728771E-02  2.752383832E-02  2.089814611E-02  1.862535651E-02
  1.713448648E-02  1.661463584E-02  1.713448648E-02  1.862535651E-02  2.089814611E-02
  2.366478612E-02  2.653805755E-02  2.905578019E-02  3.079192753E-02  3.152892910E-02
  3.136531100E-02  3.065261422E-02  2.980372308E-02  2.912343780E-02  2.876100915E-02
  2.876100915E-02  2.912343780E-02  2.980372308E-02  3.065261422E-02  3.136531100E-02
  3.152892910E-02  3.079192753E-02  2.905578019E-02  2.653805755E-02  2.366478612E-02
  1.627198499E-02  1.407885443E-02  1.290110179E-02  1.290110179E-02  1.407885443E-02
  1.627198499E-02  1.922346553E-02  2.260679425E-02  2.599343707E-02  2.887232550E-02
  3.079192753E-02  3.156274842E-02  3.136435448E-02  3.064225850E-02  2.986285352E-02
  2.932409500E-02  2.913820291E-02  2.932409500E-02  2.986285352E-02  3.064225850E-02
  3.136435448E-02  3.156274842E-02  3.079192753E-02  2.887232550E-02  2.599343707E-02
  2.260679425E-02  1.922346553E-02  1.182487450E-02  9.869290367E-03  9.174005762E-03
  9.869290367E-03  1.182487450E-02  1.475023233E-02  1.833536818E-02  2.223700771E-02
  2.599343707E-02  2.905578019E-02  3.097582823E-02  3.163674755E-02  3.133632776E-02
  3.061165662E-02  2.993988914E-02  2.957011937E-02  2.957011937E-02  2.993988914E-02
  3.061165662E-02  3.133632776E-02  3.163674755E-02  3.097582823E-02  2.905578019E-02
  2.599343707E-02  2.223700771E-02  1.833536818E-02  1.475023233E-02  7.826776543E-03
  6.261219235E-03  6.261219235E-03  7.826776543E-03  1.061529239E-02  1.422301674E-02
  1.833536818E-02  2.260679425E-02  2.653805755E-02  2.955728771E-02  3.126620099E-02
  3.167999815E-02  3.123991578E-02  3.053947784E-02  3.000831440E-02  2.982092967E-02
  3.000831440E-02  3.053947784E-02  3.123991578E-02  3.167999815E-02  3.126620099E-02
  2.955728771E-02  2.653805755E-02  2.260679425E-02  1.833536818E-02  1.422301674E-02
  1.061529239E-02  4.607351012E-03  3.689222220E-03  4.607351012E-03  7.095461068E-03
  1.061529239E-02  1.475023233E-02  1.922346553E-02  2.366478612E-02  2.752383832E-02
  3.023907980E-02  3.153266083E-02  3.160871027E-02  3.103900310E-02  3.040533942E-02
  3.003892264E-02  3.003892264E-02  3.040533942E-02  3.103900310E-02  3.160871027E-02
  3.153266083E-02  3.023907980E-02  2.752383832E-02  2.366478612E-02  1.922346553E-02
  1.475023233E-02  1.061529239E-02  7.095461068E-03
