
     Program PROJWFC v.7.5 starts on 27Aug2026 at 12:26:10 

     This program is part of the open-source Quantum ESPRESSO suite
     for quantum simulation of materials; please cite
         "P. Giannozzi et al., J. Phys.:Condens. Matter 21 395502 (2009);
         "P. Giannozzi et al., J. Phys.:Condens. Matter 29 465901 (2017);
         "P. Giannozzi et al., J. Chem. Phys. 152 154105 (2020);
          URL http://www.quantum-espresso.org", 
     in publications or presentations arising from this work. More details at
     http://www.quantum-espresso.org/quote

     Parallel version (MPI & OpenMP), running on       8 processor cores
     Number of MPI processes:                 4
     Threads/MPI process:                     2

     MPI processes distributed on     1 nodes
     R & G space division:  proc/nbgrp/npool/nimage =       4
     3045 MiB available memory on the printing compute node when the environment starts


     Reading xml data from directory:

     ./tmp/Al_Electronic.save/

     IMPORTANT: XC functional enforced from input :
     Exchange-correlation= PBE
                           (   1   4   3   4   0   0   0)
     Any further DFT definition will be discarded
     Please, verify this is what you really want


     Parallelization info
     --------------------
     sticks:   dense  smooth     PW     G-vecs:    dense   smooth      PW
     Min         127     127     40                 1947     1947     362
     Max         128     128     41                 1951     1951     366
     Sum         511     511    163                 7799     7799    1459

     Using Slab Decomposition


     Gaussian broadening (read from input): ngauss,degauss=   0    0.010000


     Calling projwave .... 
     Subspace diagonalization in iterative solution of the eigenvalue problem:
     one sub-group per band group will be used
     ELPA distributed-memory algorithm (size of sub-group:  2*  2 procs)

     linear algebra parallelized on   4 procs

  Problem Sizes 
  natomwfc =            4
  nx       =            2
  nbnd     =            6
  nkstot   =          752
  npwx     =          255
  nkb      =           18


     Atomic states used for projection
     (read from pseudopotential files):

     state #   1: atom   1 (Al ), wfc  1 (l=0 m= 1)
     state #   2: atom   1 (Al ), wfc  2 (l=1 m= 1)
     state #   3: atom   1 (Al ), wfc  2 (l=1 m= 2)
     state #   4: atom   1 (Al ), wfc  2 (l=1 m= 3)

 k =   0.0000000000  0.0000000000  0.0000000000
==== e(   1) =    -3.20278 eV ==== 
     psi = 0.998*[#   1]
    |psi|^2 = 0.998
==== e(   2) =    20.56822 eV ==== 

    |psi|^2 = 0.000
==== e(   3) =    20.56822 eV ==== 

    |psi|^2 = 0.000
==== e(   4) =    20.56822 eV ==== 

    |psi|^2 = 0.000
==== e(   5) =    22.05424 eV ==== 
     psi = 0.308*[#   2]+0.308*[#   3]+0.308*[#   4]
    |psi|^2 = 0.924
==== e(   6) =    22.05424 eV ==== 
     psi = 0.308*[#   2]+0.308*[#   3]+0.308*[#   4]
    |psi|^2 = 0.924

 k =   0.0235702260  0.0235702260 -0.0235702260
==== e(   1) =    -3.17254 eV ==== 
     psi = 0.960*[#   1]+0.013*[#   2]+0.013*[#   3]+0.013*[#   4]
    |psi|^2 = 0.998
==== e(   2) =    19.86136 eV ==== 
     psi = 0.079*[#   2]+0.079*[#   3]+0.079*[#   4]+0.010*[#   1]
    |psi|^2 = 0.246
==== e(   3) =    20.43709 eV ==== 
     psi = 0.037*[#   2]+0.037*[#   3]+0.037*[#   4]
    |psi|^2 = 0.112
==== e(   4) =    20.43709 eV ==== 
     psi = 0.037*[#   2]+0.037*[#   3]+0.037*[#   4]
    |psi|^2 = 0.112
==== e(   5) =    22.23254 eV ==== 
     psi = 0.271*[#   2]+0.271*[#   3]+0.271*[#   4]
    |psi|^2 = 0.813
==== e(   6) =    22.23254 eV ==== 
     psi = 0.271*[#   2]+0.271*[#   3]+0.271*[#   4]
    |psi|^2 = 0.813

 k =   0.0471404521  0.0471404521 -0.0471404521
==== e(   1) =    -3.08186 eV ==== 
     psi = 0.863*[#   1]+0.045*[#   2]+0.045*[#   3]+0.045*[#   4]
    |psi|^2 = 0.998
==== e(   2) =    18.61942 eV ==== 
     psi = 0.122*[#   2]+0.122*[#   3]+0.122*[#   4]+0.058*[#   1]
    |psi|^2 = 0.425
==== e(   3) =    20.15507 eV ==== 
     psi = 0.092*[#   2]+0.092*[#   3]+0.092*[#   4]
    |psi|^2 = 0.277
==== e(   4) =    20.15507 eV ==== 
     psi = 0.092*[#   2]+0.092*[#   3]+0.092*[#   4]
    |psi|^2 = 0.277
==== e(   5) =    22.65355 eV ==== 
     psi = 0.218*[#   2]+0.218*[#   3]+0.218*[#   4]
    |psi|^2 = 0.653
==== e(   6) =    22.65355 eV ==== 
     psi = 0.218*[#   2]+0.218*[#   3]+0.218*[#   4]
    |psi|^2 = 0.653

 k =   0.0707106781  0.0707106781 -0.0707106781
==== e(   1) =    -2.93084 eV ==== 
     psi = 0.746*[#   1]+0.084*[#   2]+0.084*[#   3]+0.084*[#   4]
    |psi|^2 = 0.998
==== e(   2) =    17.28128 eV ==== 
     psi = 0.139*[#   1]+0.136*[#   2]+0.136*[#   3]+0.136*[#   4]
    |psi|^2 = 0.547
==== e(   3) =    19.84515 eV ==== 
     psi = 0.133*[#   2]+0.133*[#   3]+0.133*[#   4]
    |psi|^2 = 0.400
==== e(   4) =    19.84515 eV ==== 
     psi = 0.133*[#   2]+0.133*[#   3]+0.133*[#   4]
    |psi|^2 = 0.400
==== e(   5) =    22.71795 eV ==== 
     psi = 0.089*[#   1]+0.083*[#   2]+0.083*[#   3]+0.083*[#   4]
    |psi|^2 = 0.337
==== e(   6) =    23.18216 eV ==== 
     psi = 0.180*[#   2]+0.180*[#   3]+0.180*[#   4]
    |psi|^2 = 0.540

 k =   0.0942809042  0.0942809042 -0.0942809042
==== e(   1) =    -2.71970 eV ==== 
     psi = 0.638*[#   1]+0.120*[#   2]+0.120*[#   3]+0.120*[#   4]
    |psi|^2 = 0.998
==== e(   2) =    15.92987 eV ==== 
     psi = 0.234*[#   1]+0.136*[#   2]+0.136*[#   3]+0.136*[#   4]
    |psi|^2 = 0.643
==== e(   3) =    19.55448 eV ==== 
     psi = 0.163*[#   2]+0.163*[#   3]+0.163*[#   4]
    |psi|^2 = 0.488
==== e(   4) =    19.55448 eV ==== 
     psi = 0.163*[#   2]+0.163*[#   3]+0.163*[#   4]
    |psi|^2 = 0.488
==== e(   5) =    22.64670 eV ==== 
     psi = 0.095*[#   1]+0.052*[#   2]+0.052*[#   3]+0.052*[#   4]
    |psi|^2 = 0.250
==== e(   6) =    23.71922 eV ==== 
     psi = 0.159*[#   2]+0.159*[#   3]+0.159*[#   4]
    |psi|^2 = 0.476

 k =   0.1178511302  0.1178511302 -0.1178511302
==== e(   1) =    -2.44867 eV ==== 
     psi = 0.549*[#   1]+0.150*[#   2]+0.150*[#   3]+0.150*[#   4]
    |psi|^2 = 0.997
==== e(   2) =    14.59319 eV ==== 
     psi = 0.326*[#   1]+0.132*[#   2]+0.132*[#   3]+0.132*[#   4]
    |psi|^2 = 0.722
==== e(   3) =    19.29991 eV ==== 
     psi = 0.183*[#   2]+0.183*[#   3]+0.183*[#   4]
    |psi|^2 = 0.550
==== e(   4) =    19.29991 eV ==== 
     psi = 0.183*[#   2]+0.183*[#   3]+0.183*[#   4]
    |psi|^2 = 0.550
==== e(   5) =    22.54157 eV ==== 
     psi = 0.089*[#   1]+0.033*[#   2]+0.033*[#   3]+0.033*[#   4]
    |psi|^2 = 0.187
==== e(   6) =    23.96686 eV ==== 
     psi = 0.131*[#   2]+0.131*[#   3]+0.131*[#   4]
    |psi|^2 = 0.393

 k =   0.1414213562  0.1414213562 -0.1414213562
==== e(   1) =    -2.11811 eV ==== 
     psi = 0.481*[#   1]+0.172*[#   2]+0.172*[#   3]+0.172*[#   4]
    |psi|^2 = 0.997
==== e(   2) =    13.28437 eV ==== 
     psi = 0.406*[#   1]+0.126*[#   2]+0.126*[#   3]+0.126*[#   4]
    |psi|^2 = 0.785
==== e(   3) =    19.08838 eV ==== 
     psi = 0.197*[#   2]+0.197*[#   3]+0.197*[#   4]
    |psi|^2 = 0.592
==== e(   4) =    19.08838 eV ==== 
     psi = 0.197*[#   2]+0.197*[#   3]+0.197*[#   4]
    |psi|^2 = 0.592
==== e(   5) =    22.43503 eV ==== 
     psi = 0.077*[#   1]+0.021*[#   2]+0.021*[#   3]+0.021*[#   4]
    |psi|^2 = 0.139
==== e(   6) =    23.58621 eV ==== 
     psi = 0.091*[#   2]+0.091*[#   3]+0.091*[#   4]
    |psi|^2 = 0.274

 k =   0.1649915823  0.1649915823 -0.1649915823
==== e(   1) =    -1.72841 eV ==== 
     psi = 0.432*[#   1]+0.188*[#   2]+0.188*[#   3]+0.188*[#   4]
    |psi|^2 = 0.997
==== e(   2) =    12.01084 eV ==== 
     psi = 0.472*[#   1]+0.121*[#   2]+0.121*[#   3]+0.121*[#   4]
    |psi|^2 = 0.836
==== e(   3) =    18.92320 eV ==== 
     psi = 0.206*[#   2]+0.206*[#   3]+0.206*[#   4]
    |psi|^2 = 0.618
==== e(   4) =    18.92320 eV ==== 
     psi = 0.206*[#   2]+0.206*[#   3]+0.206*[#   4]
    |psi|^2 = 0.618
==== e(   5) =    22.34600 eV ==== 
     psi = 0.064*[#   1]+0.013*[#   2]+0.013*[#   3]+0.013*[#   4]
    |psi|^2 = 0.103
==== e(   6) =    23.00160 eV ==== 
     psi = 0.082*[#   2]+0.082*[#   3]+0.082*[#   4]
    |psi|^2 = 0.247

 k =   0.1885618083  0.1885618083 -0.1885618083
==== e(   1) =    -1.28004 eV ==== 
     psi = 0.399*[#   1]+0.199*[#   2]+0.199*[#   3]+0.199*[#   4]
    |psi|^2 = 0.997
==== e(   2) =    10.77730 eV ==== 
     psi = 0.523*[#   1]+0.118*[#   2]+0.118*[#   3]+0.118*[#   4]
    |psi|^2 = 0.877
==== e(   3) =    18.80612 eV ==== 
     psi = 0.211*[#   2]+0.211*[#   3]+0.211*[#   4]
    |psi|^2 = 0.632
==== e(   4) =    18.80612 eV ==== 
     psi = 0.211*[#   2]+0.211*[#   3]+0.211*[#   4]
    |psi|^2 = 0.632
==== e(   5) =    22.28681 eV ==== 
     psi = 0.051*[#   1]+0.008*[#   2]+0.008*[#   3]+0.008*[#   4]
    |psi|^2 = 0.076
==== e(   6) =    22.40577 eV ==== 
     psi = 0.084*[#   2]+0.084*[#   3]+0.084*[#   4]
    |psi|^2 = 0.253

 k =   0.2121320344  0.2121320344 -0.2121320344
==== e(   1) =    -0.77355 eV ==== 
     psi = 0.379*[#   1]+0.206*[#   2]+0.206*[#   3]+0.206*[#   4]
    |psi|^2 = 0.997
==== e(   2) =     9.58699 eV ==== 
     psi = 0.558*[#   1]+0.117*[#   2]+0.117*[#   3]+0.117*[#   4]
    |psi|^2 = 0.908
==== e(   3) =    18.73814 eV ==== 
     psi = 0.211*[#   2]+0.211*[#   3]+0.211*[#   4]
    |psi|^2 = 0.634
==== e(   4) =    18.73814 eV ==== 
     psi = 0.211*[#   2]+0.211*[#   3]+0.211*[#   4]
    |psi|^2 = 0.634
==== e(   5) =    21.83778 eV ==== 
     psi = 0.091*[#   2]+0.091*[#   3]+0.091*[#   4]
    |psi|^2 = 0.272
==== e(   6) =    21.83778 eV ==== 
     psi = 0.091*[#   2]+0.091*[#   3]+0.091*[#   4]
    |psi|^2 = 0.272

 k =   0.2357022604  0.2357022604 -0.2357022604
==== e(   1) =    -0.20952 eV ==== 
     psi = 0.370*[#   1]+0.209*[#   2]+0.209*[#   3]+0.209*[#   4]
    |psi|^2 = 0.996
==== e(   2) =     8.44230 eV ==== 
     psi = 0.580*[#   1]+0.118*[#   2]+0.118*[#   3]+0.118*[#   4]
    |psi|^2 = 0.933
==== e(   3) =    18.71987 eV ==== 
     psi = 0.209*[#   2]+0.209*[#   3]+0.209*[#   4]
    |psi|^2 = 0.627
==== e(   4) =    18.71987 eV ==== 
     psi = 0.209*[#   2]+0.209*[#   3]+0.209*[#   4]
    |psi|^2 = 0.627
==== e(   5) =    21.30981 eV ==== 
     psi = 0.099*[#   2]+0.099*[#   3]+0.099*[#   4]
    |psi|^2 = 0.298
==== e(   6) =    21.30981 eV ==== 
     psi = 0.099*[#   2]+0.099*[#   3]+0.099*[#   4]
    |psi|^2 = 0.298

 k =   0.2592724864  0.2592724864 -0.2592724864
==== e(   1) =     0.41134 eV ==== 
     psi = 0.370*[#   1]+0.208*[#   2]+0.208*[#   3]+0.208*[#   4]
    |psi|^2 = 0.996
==== e(   2) =     7.34511 eV ==== 
     psi = 0.590*[#   1]+0.121*[#   2]+0.121*[#   3]+0.121*[#   4]
    |psi|^2 = 0.951
==== e(   3) =    18.75170 eV ==== 
     psi = 0.204*[#   2]+0.204*[#   3]+0.204*[#   4]
    |psi|^2 = 0.613
==== e(   4) =    18.75170 eV ==== 
     psi = 0.204*[#   2]+0.204*[#   3]+0.204*[#   4]
    |psi|^2 = 0.613
==== e(   5) =    20.82704 eV ==== 
     psi = 0.109*[#   2]+0.109*[#   3]+0.109*[#   4]
    |psi|^2 = 0.328
==== e(   6) =    20.82704 eV ==== 
     psi = 0.109*[#   2]+0.109*[#   3]+0.109*[#   4]
    |psi|^2 = 0.328

 k =   0.2828427125  0.2828427125 -0.2828427125
==== e(   1) =     1.08826 eV ==== 
     psi = 0.379*[#   1]+0.205*[#   2]+0.205*[#   3]+0.205*[#   4]
    |psi|^2 = 0.995
==== e(   2) =     6.29705 eV ==== 
     psi = 0.588*[#   1]+0.126*[#   2]+0.126*[#   3]+0.126*[#   4]
    |psi|^2 = 0.965
==== e(   3) =    18.83391 eV ==== 
     psi = 0.198*[#   2]+0.198*[#   3]+0.198*[#   4]
    |psi|^2 = 0.595
==== e(   4) =    18.83391 eV ==== 
     psi = 0.198*[#   2]+0.198*[#   3]+0.198*[#   4]
    |psi|^2 = 0.595
==== e(   5) =    20.39215 eV ==== 
     psi = 0.120*[#   2]+0.120*[#   3]+0.120*[#   4]
    |psi|^2 = 0.359
==== e(   6) =    20.39215 eV ==== 
     psi = 0.120*[#   2]+0.120*[#   3]+0.120*[#   4]
    |psi|^2 = 0.359

 k =   0.3064129385  0.3064129385 -0.3064129385
==== e(   1) =     1.82016 eV ==== 
     psi = 0.392*[#   1]+0.201*[#   2]+0.201*[#   3]+0.201*[#   4]
    |psi|^2 = 0.994
==== e(   2) =     5.29972 eV ==== 
     psi = 0.580*[#   1]+0.132*[#   2]+0.132*[#   3]+0.132*[#   4]
    |psi|^2 = 0.975
==== e(   3) =    18.96665 eV ==== 
     psi = 0.191*[#   2]+0.191*[#   3]+0.191*[#   4]
    |psi|^2 = 0.574
==== e(   4) =    18.96665 eV ==== 
     psi = 0.191*[#   2]+0.191*[#   3]+0.191*[#   4]
    |psi|^2 = 0.574
==== e(   5) =    20.00664 eV ==== 
     psi = 0.129*[#   2]+0.129*[#   3]+0.129*[#   4]
    |psi|^2 = 0.388
==== e(   6) =    20.00664 eV ==== 
     psi = 0.129*[#   2]+0.129*[#   3]+0.129*[#   4]
    |psi|^2 = 0.388

 k =   0.3299831646  0.3299831646 -0.3299831646
==== e(   1) =     2.60444 eV ==== 
     psi = 0.391*[#   1]+0.200*[#   2]+0.200*[#   3]+0.200*[#   4]
    |psi|^2 = 0.992
==== e(   2) =     4.35605 eV ==== 
     psi = 0.584*[#   1]+0.132*[#   2]+0.132*[#   3]+0.132*[#   4]
    |psi|^2 = 0.981
==== e(   3) =    19.14974 eV ==== 
     psi = 0.188*[#   2]+0.188*[#   3]+0.188*[#   4]
    |psi|^2 = 0.565
==== e(   4) =    19.14974 eV ==== 
     psi = 0.188*[#   2]+0.188*[#   3]+0.188*[#   4]
    |psi|^2 = 0.565
==== e(   5) =    19.67157 eV ==== 
     psi = 0.134*[#   2]+0.134*[#   3]+0.134*[#   4]
    |psi|^2 = 0.403
==== e(   6) =    19.67157 eV ==== 
     psi = 0.134*[#   2]+0.134*[#   3]+0.134*[#   4]
    |psi|^2 = 0.403

 k =  -0.3535533906 -0.3535533906  0.3535533906
==== e(   1) =     3.34084 eV ==== 
     psi = 0.333*[#   2]+0.333*[#   3]+0.333*[#   4]
    |psi|^2 = 0.999
==== e(   2) =     3.56650 eV ==== 
     psi = 0.976*[#   1]
    |psi|^2 = 0.976
==== e(   3) =    19.36099 eV ==== 
     psi = 0.323*[#   2]+0.323*[#   3]+0.323*[#   4]
    |psi|^2 = 0.969
==== e(   4) =    19.36099 eV ==== 
     psi = 0.323*[#   2]+0.323*[#   3]+0.323*[#   4]
    |psi|^2 = 0.969
==== e(   5) =    19.40961 eV ==== 

    |psi|^2 = 0.000
==== e(   6) =    19.40961 eV ==== 

    |psi|^2 = 0.000

 k =   0.0471404521  0.0000000000  0.0000000000
==== e(   1) =    -3.16246 eV ==== 
     psi = 0.947*[#   1]+0.017*[#   2]+0.017*[#   3]+0.017*[#   4]
    |psi|^2 = 0.998
==== e(   2) =    20.08073 eV ==== 
     psi = 0.092*[#   2]+0.092*[#   3]+0.092*[#   4]
    |psi|^2 = 0.276
==== e(   3) =    20.08073 eV ==== 
     psi = 0.092*[#   2]+0.092*[#   3]+0.092*[#   4]
    |psi|^2 = 0.276
==== e(   4) =    20.25633 eV ==== 

    |psi|^2 = 0.000
==== e(   5) =    21.95481 eV ==== 
     psi = 0.290*[#   2]+0.290*[#   3]+0.290*[#   4]+0.048*[#   1]
    |psi|^2 = 0.917
==== e(   6) =    22.60058 eV ==== 
     psi = 0.217*[#   2]+0.217*[#   3]+0.217*[#   4]
    |psi|^2 = 0.652

 k =   0.0707106781  0.0235702260 -0.0235702260
==== e(   1) =    -3.09193 eV ==== 
     psi = 0.872*[#   1]+0.042*[#   2]+0.042*[#   3]+0.042*[#   4]
    |psi|^2 = 0.998
==== e(   2) =    19.03639 eV ==== 
     psi = 0.117*[#   2]+0.117*[#   3]+0.117*[#   4]+0.025*[#   1]
    |psi|^2 = 0.376
==== e(   3) =    19.69931 eV ==== 
     psi = 0.134*[#   2]+0.134*[#   3]+0.134*[#   4]
    |psi|^2 = 0.401
==== e(   4) =    20.27766 eV ==== 
     psi = 0.027*[#   2]+0.027*[#   3]+0.027*[#   4]+0.012*[#   1]
    |psi|^2 = 0.094
==== e(   5) =    22.00828 eV ==== 
     psi = 0.271*[#   2]+0.271*[#   3]+0.271*[#   4]+0.056*[#   1]
    |psi|^2 = 0.870
==== e(   6) =    22.97035 eV ==== 
     psi = 0.154*[#   2]+0.154*[#   3]+0.154*[#   4]+0.025*[#   1]
    |psi|^2 = 0.485

 k =   0.0942809042  0.0471404521 -0.0471404521
==== e(   1) =    -2.96103 eV ==== 
     psi = 0.765*[#   1]+0.077*[#   2]+0.077*[#   3]+0.077*[#   4]
    |psi|^2 = 0.998
==== e(   2) =    17.73390 eV ==== 
     psi = 0.138*[#   2]+0.138*[#   3]+0.138*[#   4]+0.091*[#   1]
    |psi|^2 = 0.506
==== e(   3) =    19.33833 eV ==== 
     psi = 0.165*[#   2]+0.165*[#   3]+0.165*[#   4]
    |psi|^2 = 0.495
==== e(   4) =    20.15288 eV ==== 
     psi = 0.061*[#   2]+0.061*[#   3]+0.061*[#   4]+0.035*[#   1]
    |psi|^2 = 0.217
==== e(   5) =    22.34239 eV ==== 
     psi = 0.240*[#   2]+0.240*[#   3]+0.240*[#   4]+0.030*[#   1]
    |psi|^2 = 0.749
==== e(   6) =    23.07964 eV ==== 
     psi = 0.095*[#   2]+0.095*[#   3]+0.095*[#   4]+0.057*[#   1]
    |psi|^2 = 0.341

 k =   0.1178511302  0.0707106781 -0.0707106781
==== e(   1) =    -2.76994 eV ==== 
     psi = 0.658*[#   1]+0.113*[#   2]+0.113*[#   3]+0.113*[#   4]
    |psi|^2 = 0.998
==== e(   2) =    16.39111 eV ==== 
     psi = 0.180*[#   1]+0.144*[#   2]+0.144*[#   3]+0.144*[#   4]
    |psi|^2 = 0.612
==== e(   3) =    19.01403 eV ==== 
     psi = 0.188*[#   2]+0.188*[#   3]+0.188*[#   4]
    |psi|^2 = 0.565
==== e(   4) =    19.93445 eV ==== 
     psi = 0.096*[#   2]+0.096*[#   3]+0.096*[#   4]+0.045*[#   1]
    |psi|^2 = 0.334
==== e(   5) =    22.79046 eV ==== 
     psi = 0.217*[#   2]+0.217*[#   3]+0.217*[#   4]+0.001*[#   1]
    |psi|^2 = 0.653
==== e(   6) =    23.07977 eV ==== 
     psi = 0.084*[#   1]+0.051*[#   2]+0.051*[#   3]+0.051*[#   4]
    |psi|^2 = 0.237

 k =   0.1414213562  0.0942809042 -0.0942809042
==== e(   1) =    -2.51889 eV ==== 
     psi = 0.566*[#   1]+0.144*[#   2]+0.144*[#   3]+0.144*[#   4]
    |psi|^2 = 0.998
==== e(   2) =    15.05237 eV ==== 
     psi = 0.274*[#   1]+0.141*[#   2]+0.141*[#   3]+0.141*[#   4]
    |psi|^2 = 0.698
==== e(   3) =    18.73312 eV ==== 
     psi = 0.206*[#   2]+0.206*[#   3]+0.206*[#   4]
    |psi|^2 = 0.618
==== e(   4) =    19.70488 eV ==== 
     psi = 0.124*[#   2]+0.124*[#   3]+0.124*[#   4]+0.045*[#   1]
    |psi|^2 = 0.418
==== e(   5) =    22.87885 eV ==== 
     psi = 0.099*[#   2]+0.099*[#   3]+0.099*[#   4]+0.034*[#   1]
    |psi|^2 = 0.331
==== e(   6) =    23.29070 eV ==== 
     psi = 0.124*[#   2]+0.124*[#   3]+0.124*[#   4]+0.047*[#   1]
    |psi|^2 = 0.419

 k =   0.1649915823  0.1178511302 -0.1178511302
==== e(   1) =    -2.20818 eV ==== 
     psi = 0.494*[#   1]+0.168*[#   2]+0.168*[#   3]+0.168*[#   4]
    |psi|^2 = 0.997
==== e(   2) =    13.73614 eV ==== 
     psi = 0.359*[#   1]+0.136*[#   2]+0.136*[#   3]+0.136*[#   4]
    |psi|^2 = 0.767
==== e(   3) =    18.49881 eV ==== 
     psi = 0.219*[#   2]+0.219*[#   3]+0.219*[#   4]
    |psi|^2 = 0.656
==== e(   4) =    19.49819 eV ==== 
     psi = 0.145*[#   2]+0.145*[#   3]+0.145*[#   4]+0.042*[#   1]
    |psi|^2 = 0.476
==== e(   5) =    22.74896 eV ==== 
     psi = 0.091*[#   2]+0.091*[#   3]+0.091*[#   4]+0.022*[#   1]
    |psi|^2 = 0.295
==== e(   6) =    23.03951 eV ==== 
     psi = 0.057*[#   2]+0.057*[#   3]+0.057*[#   4]+0.047*[#   1]
    |psi|^2 = 0.219

 k =   0.1885618083  0.1414213562 -0.1414213562
==== e(   1) =    -1.83821 eV ==== 
     psi = 0.441*[#   1]+0.185*[#   2]+0.185*[#   3]+0.185*[#   4]
    |psi|^2 = 0.997
==== e(   2) =    12.45210 eV ==== 
     psi = 0.431*[#   1]+0.130*[#   2]+0.130*[#   3]+0.130*[#   4]
    |psi|^2 = 0.822
==== e(   3) =    18.31279 eV ==== 
     psi = 0.227*[#   2]+0.227*[#   3]+0.227*[#   4]
    |psi|^2 = 0.682
==== e(   4) =    19.32837 eV ==== 
     psi = 0.159*[#   2]+0.159*[#   3]+0.159*[#   4]+0.036*[#   1]
    |psi|^2 = 0.512
==== e(   5) =    22.33175 eV ==== 
     psi = 0.108*[#   2]+0.108*[#   3]+0.108*[#   4]+0.001*[#   1]
    |psi|^2 = 0.326
==== e(   6) =    22.75970 eV ==== 
     psi = 0.057*[#   1]+0.014*[#   2]+0.014*[#   3]+0.014*[#   4]
    |psi|^2 = 0.100

 k =   0.2121320344  0.1649915823 -0.1649915823
==== e(   1) =    -1.40943 eV ==== 
     psi = 0.404*[#   1]+0.198*[#   2]+0.198*[#   3]+0.198*[#   4]
    |psi|^2 = 0.997
==== e(   2) =    11.20608 eV ==== 
     psi = 0.488*[#   1]+0.126*[#   2]+0.126*[#   3]+0.126*[#   4]
    |psi|^2 = 0.866
==== e(   3) =    18.17604 eV ==== 
     psi = 0.232*[#   2]+0.232*[#   3]+0.232*[#   4]
    |psi|^2 = 0.697
==== e(   4) =    19.20188 eV ==== 
     psi = 0.167*[#   2]+0.167*[#   3]+0.167*[#   4]+0.031*[#   1]
    |psi|^2 = 0.531
==== e(   5) =    21.73044 eV ==== 
     psi = 0.103*[#   2]+0.103*[#   3]+0.103*[#   4]+0.006*[#   1]
    |psi|^2 = 0.315
==== e(   6) =    22.67060 eV ==== 
     psi = 0.043*[#   1]+0.015*[#   2]+0.015*[#   3]+0.015*[#   4]
    |psi|^2 = 0.087

 k =   0.2357022604  0.1885618083 -0.1885618083
==== e(   1) =    -0.92234 eV ==== 
     psi = 0.381*[#   1]+0.205*[#   2]+0.205*[#   3]+0.205*[#   4]
    |psi|^2 = 0.997
==== e(   2) =    10.00196 eV ==== 
     psi = 0.530*[#   1]+0.123*[#   2]+0.123*[#   3]+0.123*[#   4]
    |psi|^2 = 0.900
==== e(   3) =    18.08913 eV ==== 
     psi = 0.234*[#   2]+0.234*[#   3]+0.234*[#   4]
    |psi|^2 = 0.702
==== e(   4) =    19.12208 eV ==== 
     psi = 0.170*[#   2]+0.170*[#   3]+0.170*[#   4]+0.026*[#   1]
    |psi|^2 = 0.535
==== e(   5) =    21.14275 eV ==== 
     psi = 0.108*[#   2]+0.108*[#   3]+0.108*[#   4]+0.008*[#   1]
    |psi|^2 = 0.333
==== e(   6) =    22.63188 eV ==== 
     psi = 0.033*[#   1]+0.012*[#   2]+0.012*[#   3]+0.012*[#   4]
    |psi|^2 = 0.071

 k =   0.2592724864  0.2121320344 -0.2121320344
==== e(   1) =    -0.37752 eV ==== 
     psi = 0.368*[#   1]+0.209*[#   2]+0.209*[#   3]+0.209*[#   4]
    |psi|^2 = 0.996
==== e(   2) =     8.84250 eV ==== 
     psi = 0.558*[#   1]+0.123*[#   2]+0.123*[#   3]+0.123*[#   4]
    |psi|^2 = 0.927
==== e(   3) =    18.05247 eV ==== 
     psi = 0.233*[#   2]+0.233*[#   3]+0.233*[#   4]
    |psi|^2 = 0.700
==== e(   4) =    19.09081 eV ==== 
     psi = 0.169*[#   2]+0.169*[#   3]+0.169*[#   4]+0.022*[#   1]
    |psi|^2 = 0.528
==== e(   5) =    20.59326 eV ==== 
     psi = 0.118*[#   2]+0.118*[#   3]+0.118*[#   4]+0.008*[#   1]
    |psi|^2 = 0.362
==== e(   6) =    22.18597 eV ==== 
     psi = 0.078*[#   2]+0.078*[#   3]+0.078*[#   4]
    |psi|^2 = 0.233

 k =   0.2828427125  0.2357022604 -0.2357022604
==== e(   1) =     0.22436 eV ==== 
     psi = 0.366*[#   1]+0.210*[#   2]+0.210*[#   3]+0.210*[#   4]
    |psi|^2 = 0.996
==== e(   2) =     7.72980 eV ==== 
     psi = 0.573*[#   1]+0.124*[#   2]+0.124*[#   3]+0.124*[#   4]
    |psi|^2 = 0.947
==== e(   3) =    18.06632 eV ==== 
     psi = 0.230*[#   2]+0.230*[#   3]+0.230*[#   4]
    |psi|^2 = 0.690
==== e(   4) =    19.10920 eV ==== 
     psi = 0.165*[#   2]+0.165*[#   3]+0.165*[#   4]+0.018*[#   1]
    |psi|^2 = 0.512
==== e(   5) =    20.08887 eV ==== 
     psi = 0.130*[#   2]+0.130*[#   3]+0.130*[#   4]+0.009*[#   1]
    |psi|^2 = 0.398
==== e(   6) =    21.69211 eV ==== 
     psi = 0.086*[#   2]+0.086*[#   3]+0.086*[#   4]
    |psi|^2 = 0.257

 k =   0.3064129385  0.2592724864 -0.2592724864
==== e(   1) =     0.88256 eV ==== 
     psi = 0.372*[#   1]+0.208*[#   2]+0.208*[#   3]+0.208*[#   4]
    |psi|^2 = 0.995
==== e(   2) =     6.66560 eV ==== 
     psi = 0.577*[#   1]+0.128*[#   2]+0.128*[#   3]+0.128*[#   4]
    |psi|^2 = 0.962
==== e(   3) =    18.13090 eV ==== 
     psi = 0.225*[#   2]+0.225*[#   3]+0.225*[#   4]
    |psi|^2 = 0.674
==== e(   4) =    19.17792 eV ==== 
     psi = 0.157*[#   2]+0.157*[#   3]+0.157*[#   4]+0.015*[#   1]
    |psi|^2 = 0.487
==== e(   5) =    19.63255 eV ==== 
     psi = 0.143*[#   2]+0.143*[#   3]+0.143*[#   4]+0.009*[#   1]
    |psi|^2 = 0.439
==== e(   6) =    21.24407 eV ==== 
     psi = 0.095*[#   2]+0.095*[#   3]+0.095*[#   4]
    |psi|^2 = 0.284

 k =   0.3299831646  0.2828427125 -0.2828427125
==== e(   1) =     1.59614 eV ==== 
     psi = 0.384*[#   1]+0.204*[#   2]+0.204*[#   3]+0.204*[#   4]
    |psi|^2 = 0.994
==== e(   2) =     5.65149 eV ==== 
     psi = 0.572*[#   1]+0.133*[#   2]+0.133*[#   3]+0.133*[#   4]
    |psi|^2 = 0.973
==== e(   3) =    18.24634 eV ==== 
     psi = 0.218*[#   2]+0.218*[#   3]+0.218*[#   4]
    |psi|^2 = 0.653
==== e(   4) =    19.22567 eV ==== 
     psi = 0.140*[#   2]+0.140*[#   3]+0.140*[#   4]+0.008*[#   1]
    |psi|^2 = 0.427
==== e(   5) =    19.29753 eV ==== 
     psi = 0.166*[#   2]+0.166*[#   3]+0.166*[#   4]+0.014*[#   1]
    |psi|^2 = 0.511
==== e(   6) =    20.84403 eV ==== 
     psi = 0.104*[#   2]+0.104*[#   3]+0.104*[#   4]
    |psi|^2 = 0.312

 k =   0.3535533906  0.3064129385 -0.3064129385
==== e(   1) =     2.36334 eV ==== 
     psi = 0.391*[#   1]+0.201*[#   2]+0.201*[#   3]+0.201*[#   4]
    |psi|^2 = 0.993
==== e(   2) =     4.68962 eV ==== 
     psi = 0.569*[#   1]+0.137*[#   2]+0.137*[#   3]+0.137*[#   4]
    |psi|^2 = 0.980
==== e(   3) =    18.41274 eV ==== 
     psi = 0.210*[#   2]+0.210*[#   3]+0.210*[#   4]
    |psi|^2 = 0.629
==== e(   4) =    18.86960 eV ==== 
     psi = 0.165*[#   2]+0.165*[#   3]+0.165*[#   4]+0.009*[#   1]
    |psi|^2 = 0.505
==== e(   5) =    19.46774 eV ==== 
     psi = 0.144*[#   2]+0.144*[#   3]+0.144*[#   4]+0.011*[#   1]
    |psi|^2 = 0.443
==== e(   6) =    20.49321 eV ==== 
     psi = 0.114*[#   2]+0.114*[#   3]+0.114*[#   4]
    |psi|^2 = 0.341

 k =  -0.3299831646 -0.3771236166  0.3771236166
==== e(   1) =     3.17126 eV ==== 
     psi = 0.295*[#   1]+0.233*[#   2]+0.233*[#   3]+0.233*[#   4]
    |psi|^2 = 0.993
==== e(   2) =     3.79316 eV ==== 
     psi = 0.667*[#   1]+0.105*[#   2]+0.105*[#   3]+0.105*[#   4]
    |psi|^2 = 0.982
==== e(   3) =    18.56444 eV ==== 
     psi = 0.178*[#   2]+0.178*[#   3]+0.178*[#   4]+0.010*[#   1]
    |psi|^2 = 0.544
==== e(   4) =    18.63010 eV ==== 
     psi = 0.201*[#   2]+0.201*[#   3]+0.201*[#   4]
    |psi|^2 = 0.603
==== e(   5) =    19.68900 eV ==== 
     psi = 0.133*[#   2]+0.133*[#   3]+0.133*[#   4]+0.010*[#   1]
    |psi|^2 = 0.408
==== e(   6) =    20.19236 eV ==== 
     psi = 0.122*[#   2]+0.122*[#   3]+0.122*[#   4]
    |psi|^2 = 0.367

 k =  -0.3064129385 -0.3535533906  0.3535533906
==== e(   1) =     2.90113 eV ==== 
     psi = 0.367*[#   1]+0.209*[#   2]+0.209*[#   3]+0.209*[#   4]
    |psi|^2 = 0.992
==== e(   2) =     4.08100 eV ==== 
     psi = 0.595*[#   1]+0.129*[#   2]+0.129*[#   3]+0.129*[#   4]
    |psi|^2 = 0.983
==== e(   3) =    18.31057 eV ==== 
     psi = 0.190*[#   2]+0.190*[#   3]+0.190*[#   4]+0.011*[#   1]
    |psi|^2 = 0.580
==== e(   4) =    18.89818 eV ==== 
     psi = 0.194*[#   2]+0.194*[#   3]+0.194*[#   4]
    |psi|^2 = 0.582
==== e(   5) =    19.94210 eV ==== 
     psi = 0.129*[#   2]+0.129*[#   3]+0.129*[#   4]
    |psi|^2 = 0.386
==== e(   6) =    19.96103 eV ==== 
     psi = 0.122*[#   2]+0.122*[#   3]+0.122*[#   4]+0.009*[#   1]
    |psi|^2 = 0.375

 k =  -0.2828427125 -0.3299831646  0.3299831646
==== e(   1) =     2.10186 eV ==== 
     psi = 0.390*[#   1]+0.201*[#   2]+0.201*[#   3]+0.201*[#   4]
    |psi|^2 = 0.993
==== e(   2) =     5.00417 eV ==== 
     psi = 0.568*[#   1]+0.137*[#   2]+0.137*[#   3]+0.137*[#   4]
    |psi|^2 = 0.978
==== e(   3) =    18.10816 eV ==== 
     psi = 0.200*[#   2]+0.200*[#   3]+0.200*[#   4]+0.012*[#   1]
    |psi|^2 = 0.612
==== e(   4) =    19.21580 eV ==== 
     psi = 0.195*[#   2]+0.195*[#   3]+0.195*[#   4]
    |psi|^2 = 0.586
==== e(   5) =    19.74367 eV ==== 
     psi = 0.125*[#   2]+0.125*[#   3]+0.125*[#   4]
    |psi|^2 = 0.375
==== e(   6) =    20.28346 eV ==== 
     psi = 0.111*[#   2]+0.111*[#   3]+0.111*[#   4]+0.008*[#   1]
    |psi|^2 = 0.341

 k =  -0.2592724864 -0.3064129385  0.3064129385
==== e(   1) =     1.35221 eV ==== 
     psi = 0.379*[#   1]+0.205*[#   2]+0.205*[#   3]+0.205*[#   4]
    |psi|^2 = 0.995
==== e(   2) =     5.98379 eV ==== 
     psi = 0.574*[#   1]+0.132*[#   2]+0.132*[#   3]+0.132*[#   4]
    |psi|^2 = 0.969
==== e(   3) =    17.95724 eV ==== 
     psi = 0.209*[#   2]+0.209*[#   3]+0.209*[#   4]+0.013*[#   1]
    |psi|^2 = 0.640
==== e(   4) =    19.54160 eV ==== 
     psi = 0.317*[#   2]+0.317*[#   3]+0.317*[#   4]
    |psi|^2 = 0.952
==== e(   5) =    19.63818 eV ==== 

    |psi|^2 = 0.000
==== e(   6) =    20.65562 eV ==== 
     psi = 0.100*[#   2]+0.100*[#   3]+0.100*[#   4]+0.008*[#   1]
    |psi|^2 = 0.309

 k =  -0.2357022604 -0.2828427125  0.2828427125
==== e(   1) =     0.65696 eV ==== 
     psi = 0.369*[#   1]+0.209*[#   2]+0.209*[#   3]+0.209*[#   4]
    |psi|^2 = 0.996
==== e(   2) =     7.01475 eV ==== 
     psi = 0.577*[#   1]+0.127*[#   2]+0.127*[#   3]+0.127*[#   4]
    |psi|^2 = 0.957
==== e(   3) =    17.85774 eV ==== 
     psi = 0.216*[#   2]+0.216*[#   3]+0.216*[#   4]+0.015*[#   1]
    |psi|^2 = 0.662
==== e(   4) =    19.48447 eV ==== 
     psi = 0.201*[#   2]+0.201*[#   3]+0.201*[#   4]
    |psi|^2 = 0.602
==== e(   5) =    20.01607 eV ==== 
     psi = 0.112*[#   2]+0.112*[#   3]+0.112*[#   4]
    |psi|^2 = 0.336
==== e(   6) =    21.07630 eV ==== 
     psi = 0.091*[#   2]+0.091*[#   3]+0.091*[#   4]+0.007*[#   1]
    |psi|^2 = 0.280

 k =  -0.2121320344 -0.2592724864  0.2592724864
==== e(   1) =     0.01744 eV ==== 
     psi = 0.366*[#   1]+0.210*[#   2]+0.210*[#   3]+0.210*[#   4]
    |psi|^2 = 0.996
==== e(   2) =     8.09524 eV ==== 
     psi = 0.570*[#   1]+0.124*[#   2]+0.124*[#   3]+0.124*[#   4]
    |psi|^2 = 0.941
==== e(   3) =    17.80959 eV ==== 
     psi = 0.220*[#   2]+0.220*[#   3]+0.220*[#   4]+0.018*[#   1]
    |psi|^2 = 0.678
==== e(   4) =    19.43669 eV ==== 
     psi = 0.193*[#   2]+0.193*[#   3]+0.193*[#   4]
    |psi|^2 = 0.579
==== e(   5) =    20.48397 eV ==== 
     psi = 0.114*[#   2]+0.114*[#   3]+0.114*[#   4]
    |psi|^2 = 0.341
==== e(   6) =    21.54309 eV ==== 
     psi = 0.082*[#   2]+0.082*[#   3]+0.082*[#   4]+0.006*[#   1]
    |psi|^2 = 0.254

 k =  -0.1885618083 -0.2357022604  0.2357022604
==== e(   1) =    -0.56550 eV ==== 
     psi = 0.371*[#   1]+0.208*[#   2]+0.208*[#   3]+0.208*[#   4]
    |psi|^2 = 0.997
==== e(   2) =     9.22365 eV ==== 
     psi = 0.550*[#   1]+0.123*[#   2]+0.123*[#   3]+0.123*[#   4]
    |psi|^2 = 0.919
==== e(   3) =    17.81259 eV ==== 
     psi = 0.222*[#   2]+0.222*[#   3]+0.222*[#   4]+0.022*[#   1]
    |psi|^2 = 0.688
==== e(   4) =    19.43709 eV ==== 
     psi = 0.192*[#   2]+0.192*[#   3]+0.192*[#   4]
    |psi|^2 = 0.576
==== e(   5) =    21.00083 eV ==== 
     psi = 0.107*[#   2]+0.107*[#   3]+0.107*[#   4]
    |psi|^2 = 0.322
==== e(   6) =    22.04806 eV ==== 
     psi = 0.076*[#   2]+0.076*[#   3]+0.076*[#   4]+0.004*[#   1]
    |psi|^2 = 0.232

 k =  -0.1649915823 -0.2121320344  0.2121320344
==== e(   1) =    -1.09114 eV ==== 
     psi = 0.387*[#   1]+0.203*[#   2]+0.203*[#   3]+0.203*[#   4]
    |psi|^2 = 0.997
==== e(   2) =    10.39812 eV ==== 
     psi = 0.518*[#   1]+0.124*[#   2]+0.124*[#   3]+0.124*[#   4]
    |psi|^2 = 0.890
==== e(   3) =    17.86649 eV ==== 
     psi = 0.221*[#   2]+0.221*[#   3]+0.221*[#   4]+0.026*[#   1]
    |psi|^2 = 0.690
==== e(   4) =    19.48619 eV ==== 
     psi = 0.190*[#   2]+0.190*[#   3]+0.190*[#   4]
    |psi|^2 = 0.571
==== e(   5) =    21.56206 eV ==== 
     psi = 0.101*[#   2]+0.101*[#   3]+0.101*[#   4]
    |psi|^2 = 0.302
==== e(   6) =    22.47014 eV ==== 
     psi = 0.045*[#   2]+0.045*[#   3]+0.045*[#   4]+0.013*[#   1]
    |psi|^2 = 0.148

 k =  -0.1414213562 -0.1885618083  0.1885618083
==== e(   1) =    -1.55886 eV ==== 
     psi = 0.415*[#   1]+0.194*[#   2]+0.194*[#   3]+0.194*[#   4]
    |psi|^2 = 0.997
==== e(   2) =    11.61631 eV ==== 
     psi = 0.470*[#   1]+0.128*[#   2]+0.128*[#   3]+0.128*[#   4]
    |psi|^2 = 0.853
==== e(   3) =    17.97091 eV ==== 
     psi = 0.218*[#   2]+0.218*[#   3]+0.218*[#   4]+0.030*[#   1]
    |psi|^2 = 0.683
==== e(   4) =    19.58323 eV ==== 
     psi = 0.185*[#   2]+0.185*[#   3]+0.185*[#   4]
    |psi|^2 = 0.555
==== e(   5) =    22.15969 eV ==== 
     psi = 0.097*[#   2]+0.097*[#   3]+0.097*[#   4]
    |psi|^2 = 0.290
==== e(   6) =    22.56093 eV ==== 
     psi = 0.040*[#   1]+0.025*[#   2]+0.025*[#   3]+0.025*[#   4]
    |psi|^2 = 0.115

 k =  -0.1178511302 -0.1649915823  0.1649915823
==== e(   1) =    -1.96810 eV ==== 
     psi = 0.457*[#   1]+0.180*[#   2]+0.180*[#   3]+0.180*[#   4]
    |psi|^2 = 0.997
==== e(   2) =    12.87507 eV ==== 
     psi = 0.408*[#   1]+0.133*[#   2]+0.133*[#   3]+0.133*[#   4]
    |psi|^2 = 0.806
==== e(   3) =    18.12535 eV ==== 
     psi = 0.210*[#   2]+0.210*[#   3]+0.210*[#   4]+0.035*[#   1]
    |psi|^2 = 0.666
==== e(   4) =    19.72656 eV ==== 
     psi = 0.175*[#   2]+0.175*[#   3]+0.175*[#   4]
    |psi|^2 = 0.525
==== e(   5) =    22.64253 eV ==== 
     psi = 0.053*[#   1]+0.030*[#   2]+0.030*[#   3]+0.030*[#   4]
    |psi|^2 = 0.142
==== e(   6) =    22.77085 eV ==== 
     psi = 0.102*[#   2]+0.102*[#   3]+0.102*[#   4]
    |psi|^2 = 0.306

 k =  -0.0942809042 -0.1414213562  0.1414213562
==== e(   1) =    -2.31836 eV ==== 
     psi = 0.516*[#   1]+0.160*[#   2]+0.160*[#   3]+0.160*[#   4]
    |psi|^2 = 0.997
==== e(   2) =    14.16981 eV ==== 
     psi = 0.330*[#   1]+0.139*[#   2]+0.139*[#   3]+0.139*[#   4]
    |psi|^2 = 0.746
==== e(   3) =    18.32905 eV ==== 
     psi = 0.199*[#   2]+0.199*[#   3]+0.199*[#   4]+0.041*[#   1]
    |psi|^2 = 0.639
==== e(   4) =    19.91296 eV ==== 
     psi = 0.158*[#   2]+0.158*[#   3]+0.158*[#   4]
    |psi|^2 = 0.475
==== e(   5) =    22.73970 eV ==== 
     psi = 0.062*[#   1]+0.041*[#   2]+0.041*[#   3]+0.041*[#   4]
    |psi|^2 = 0.185
==== e(   6) =    23.28900 eV ==== 
     psi = 0.138*[#   2]+0.138*[#   3]+0.138*[#   4]
    |psi|^2 = 0.413

 k =  -0.0707106781 -0.1178511302  0.1178511302
==== e(   1) =    -2.60922 eV ==== 
     psi = 0.595*[#   1]+0.134*[#   2]+0.134*[#   3]+0.134*[#   4]
    |psi|^2 = 0.998
==== e(   2) =    15.49318 eV ==== 
     psi = 0.239*[#   1]+0.144*[#   2]+0.144*[#   3]+0.144*[#   4]
    |psi|^2 = 0.671
==== e(   3) =    18.58094 eV ==== 
     psi = 0.184*[#   2]+0.184*[#   3]+0.184*[#   4]+0.047*[#   1]
    |psi|^2 = 0.600
==== e(   4) =    20.13556 eV ==== 
     psi = 0.132*[#   2]+0.132*[#   3]+0.132*[#   4]
    |psi|^2 = 0.397
==== e(   5) =    22.83723 eV ==== 
     psi = 0.065*[#   1]+0.060*[#   2]+0.060*[#   3]+0.060*[#   4]
    |psi|^2 = 0.245
==== e(   6) =    23.26962 eV ==== 
     psi = 0.192*[#   2]+0.192*[#   3]+0.192*[#   4]
    |psi|^2 = 0.576

 k =  -0.0471404521 -0.0942809042  0.0942809042
==== e(   1) =    -2.84031 eV ==== 
     psi = 0.693*[#   1]+0.102*[#   2]+0.102*[#   3]+0.102*[#   4]
    |psi|^2 = 0.998
==== e(   2) =    16.83180 eV ==== 
     psi = 0.145*[#   2]+0.145*[#   3]+0.145*[#   4]+0.143*[#   1]
    |psi|^2 = 0.578
==== e(   3) =    18.87976 eV ==== 
     psi = 0.166*[#   2]+0.166*[#   3]+0.166*[#   4]+0.052*[#   1]
    |psi|^2 = 0.549
==== e(   4) =    20.37739 eV ==== 
     psi = 0.093*[#   2]+0.093*[#   3]+0.093*[#   4]
    |psi|^2 = 0.280
==== e(   5) =    22.79428 eV ==== 
     psi = 0.221*[#   2]+0.221*[#   3]+0.221*[#   4]
    |psi|^2 = 0.664
==== e(   6) =    22.90505 eV ==== 
     psi = 0.092*[#   2]+0.092*[#   3]+0.092*[#   4]+0.056*[#   1]
    |psi|^2 = 0.332

 k =  -0.0235702260 -0.0707106781  0.0707106781
==== e(   1) =    -3.01136 eV ==== 
     psi = 0.803*[#   1]+0.065*[#   2]+0.065*[#   3]+0.065*[#   4]
    |psi|^2 = 0.998
==== e(   2) =    18.15459 eV ==== 
     psi = 0.135*[#   2]+0.135*[#   3]+0.135*[#   4]+0.054*[#   1]
    |psi|^2 = 0.458
==== e(   3) =    19.22707 eV ==== 
     psi = 0.145*[#   2]+0.145*[#   3]+0.145*[#   4]+0.053*[#   1]
    |psi|^2 = 0.487
==== e(   4) =    20.59017 eV ==== 
     psi = 0.038*[#   2]+0.038*[#   3]+0.038*[#   4]
    |psi|^2 = 0.114
==== e(   5) =    22.33507 eV ==== 
     psi = 0.272*[#   2]+0.272*[#   3]+0.272*[#   4]
    |psi|^2 = 0.815
==== e(   6) =    22.88373 eV ==== 
     psi = 0.145*[#   2]+0.145*[#   3]+0.145*[#   4]+0.026*[#   1]
    |psi|^2 = 0.460

 k =   0.0000000000 -0.0471404521  0.0471404521
==== e(   1) =    -3.12215 eV ==== 
     psi = 0.903*[#   1]+0.032*[#   2]+0.032*[#   3]+0.032*[#   4]
    |psi|^2 = 0.998
==== e(   2) =    19.31851 eV ==== 
     psi = 0.101*[#   2]+0.101*[#   3]+0.101*[#   4]
    |psi|^2 = 0.302
==== e(   3) =    19.69002 eV ==== 
     psi = 0.122*[#   2]+0.122*[#   3]+0.122*[#   4]+0.040*[#   1]
    |psi|^2 = 0.405
==== e(   4) =    20.64661 eV ==== 

    |psi|^2 = 0.000
==== e(   5) =    22.10561 eV ==== 
     psi = 0.308*[#   2]+0.308*[#   3]+0.308*[#   4]
    |psi|^2 = 0.925
==== e(   6) =    22.67746 eV ==== 
     psi = 0.204*[#   2]+0.204*[#   3]+0.204*[#   4]
    |psi|^2 = 0.611

 k =   0.0942809042  0.0000000000  0.0000000000
==== e(   1) =    -3.04157 eV ==== 
     psi = 0.826*[#   1]+0.057*[#   2]+0.057*[#   3]+0.057*[#   4]
    |psi|^2 = 0.998
==== e(   2) =    19.26615 eV ==== 
     psi = 0.166*[#   2]+0.166*[#   3]+0.166*[#   4]
    |psi|^2 = 0.497
==== e(   3) =    19.26615 eV ==== 
     psi = 0.166*[#   2]+0.166*[#   3]+0.166*[#   4]
    |psi|^2 = 0.497
==== e(   4) =    19.55121 eV ==== 

    |psi|^2 = 0.000
==== e(   5) =    21.67689 eV ==== 
     psi = 0.246*[#   2]+0.246*[#   3]+0.246*[#   4]+0.160*[#   1]
    |psi|^2 = 0.898
==== e(   6) =    23.58994 eV ==== 
     psi = 0.147*[#   2]+0.147*[#   3]+0.147*[#   4]
    |psi|^2 = 0.440

 k =   0.1178511302  0.0235702260 -0.0235702260
==== e(   1) =    -2.93084 eV ==== 
     psi = 0.743*[#   1]+0.085*[#   2]+0.085*[#   3]+0.085*[#   4]
    |psi|^2 = 0.998
==== e(   2) =    18.17559 eV ==== 
     psi = 0.144*[#   2]+0.144*[#   3]+0.144*[#   4]+0.032*[#   1]
    |psi|^2 = 0.463
==== e(   3) =    18.87079 eV ==== 
     psi = 0.191*[#   2]+0.191*[#   3]+0.191*[#   4]
    |psi|^2 = 0.572
==== e(   4) =    19.63102 eV ==== 
     psi = 0.040*[#   2]+0.040*[#   3]+0.040*[#   4]+0.022*[#   1]
    |psi|^2 = 0.143
==== e(   5) =    21.65195 eV ==== 
     psi = 0.233*[#   2]+0.233*[#   3]+0.233*[#   4]+0.169*[#   1]
    |psi|^2 = 0.867
==== e(   6) =    23.92370 eV ==== 
     psi = 0.111*[#   2]+0.111*[#   3]+0.111*[#   4]+0.010*[#   1]
    |psi|^2 = 0.342

 k =   0.1414213562  0.0471404521 -0.0471404521
==== e(   1) =    -2.75989 eV ==== 
     psi = 0.650*[#   1]+0.116*[#   2]+0.116*[#   3]+0.116*[#   4]
    |psi|^2 = 0.998
==== e(   2) =    16.87047 eV ==== 
     psi = 0.156*[#   2]+0.156*[#   3]+0.156*[#   4]+0.102*[#   1]
    |psi|^2 = 0.571
==== e(   3) =    18.51950 eV ==== 
     psi = 0.210*[#   2]+0.210*[#   3]+0.210*[#   4]
    |psi|^2 = 0.631
==== e(   4) =    19.62768 eV ==== 
     psi = 0.073*[#   1]+0.044*[#   2]+0.044*[#   3]+0.044*[#   4]
    |psi|^2 = 0.205
==== e(   5) =    21.91615 eV ==== 
     psi = 0.224*[#   2]+0.224*[#   3]+0.224*[#   4]+0.118*[#   1]
    |psi|^2 = 0.790
==== e(   6) =    23.90498 eV ==== 
     psi = 0.036*[#   2]+0.036*[#   3]+0.036*[#   4]
    |psi|^2 = 0.107

 k =   0.1649915823  0.0707106781 -0.0707106781
==== e(   1) =    -2.52892 eV ==== 
     psi = 0.565*[#   1]+0.144*[#   2]+0.144*[#   3]+0.144*[#   4]
    |psi|^2 = 0.998
==== e(   2) =    15.54360 eV ==== 
     psi = 0.189*[#   1]+0.160*[#   2]+0.160*[#   3]+0.160*[#   4]
    |psi|^2 = 0.668
==== e(   3) =    18.21529 eV ==== 
     psi = 0.226*[#   2]+0.226*[#   3]+0.226*[#   4]
    |psi|^2 = 0.677
==== e(   4) =    19.49900 eV ==== 
     psi = 0.103*[#   1]+0.061*[#   2]+0.061*[#   3]+0.061*[#   4]
    |psi|^2 = 0.285
==== e(   5) =    22.30387 eV ==== 
     psi = 0.219*[#   2]+0.219*[#   3]+0.219*[#   4]+0.079*[#   1]
    |psi|^2 = 0.735
==== e(   6) =    23.27197 eV ==== 
     psi = 0.002*[#   1]
    |psi|^2 = 0.003

 k =   0.1885618083  0.0942809042 -0.0942809042
==== e(   1) =    -2.23822 eV ==== 
     psi = 0.495*[#   1]+0.167*[#   2]+0.167*[#   3]+0.167*[#   4]
    |psi|^2 = 0.997
==== e(   2) =    14.22789 eV ==== 
     psi = 0.275*[#   1]+0.157*[#   2]+0.157*[#   3]+0.157*[#   4]
    |psi|^2 = 0.746
==== e(   3) =    17.95973 eV ==== 
     psi = 0.237*[#   2]+0.237*[#   3]+0.237*[#   4]
    |psi|^2 = 0.712
==== e(   4) =    19.33213 eV ==== 
     psi = 0.109*[#   1]+0.080*[#   2]+0.080*[#   3]+0.080*[#   4]
    |psi|^2 = 0.348
==== e(   5) =    22.14176 eV ==== 
     psi = 0.136*[#   2]+0.136*[#   3]+0.136*[#   4]+0.049*[#   1]
    |psi|^2 = 0.456
==== e(   6) =    23.30007 eV ==== 
     psi = 0.078*[#   2]+0.078*[#   3]+0.078*[#   4]+0.003*[#   1]
    |psi|^2 = 0.235

 k =   0.2121320344  0.1178511302 -0.1178511302
==== e(   1) =    -1.88815 eV ==== 
     psi = 0.442*[#   1]+0.185*[#   2]+0.185*[#   3]+0.185*[#   4]
    |psi|^2 = 0.997
==== e(   2) =    12.93830 eV ==== 
     psi = 0.352*[#   1]+0.152*[#   2]+0.152*[#   3]+0.152*[#   4]
    |psi|^2 = 0.808
==== e(   3) =    17.75371 eV ==== 
     psi = 0.246*[#   2]+0.246*[#   3]+0.246*[#   4]
    |psi|^2 = 0.738
==== e(   4) =    19.17414 eV ==== 
     psi = 0.101*[#   1]+0.096*[#   2]+0.096*[#   3]+0.096*[#   4]
    |psi|^2 = 0.389
==== e(   5) =    21.51053 eV ==== 
     psi = 0.107*[#   2]+0.107*[#   3]+0.107*[#   4]+0.040*[#   1]
    |psi|^2 = 0.360
==== e(   6) =    23.62249 eV ==== 
     psi = 0.076*[#   2]+0.076*[#   3]+0.076*[#   4]+0.008*[#   1]
    |psi|^2 = 0.237

 k =   0.2357022604  0.1414213562 -0.1414213562
==== e(   1) =    -1.47915 eV ==== 
     psi = 0.403*[#   1]+0.198*[#   2]+0.198*[#   3]+0.198*[#   4]
    |psi|^2 = 0.997
==== e(   2) =    11.68312 eV ==== 
     psi = 0.417*[#   1]+0.147*[#   2]+0.147*[#   3]+0.147*[#   4]
    |psi|^2 = 0.856
==== e(   3) =    17.59775 eV ==== 
     psi = 0.251*[#   2]+0.251*[#   3]+0.251*[#   4]
    |psi|^2 = 0.754
==== e(   4) =    19.04624 eV ==== 
     psi = 0.106*[#   2]+0.106*[#   3]+0.106*[#   4]+0.089*[#   1]
    |psi|^2 = 0.407
==== e(   5) =    20.85797 eV ==== 
     psi = 0.110*[#   2]+0.110*[#   3]+0.110*[#   4]+0.039*[#   1]
    |psi|^2 = 0.368
==== e(   6) =    23.61243 eV ==== 
     psi = 0.044*[#   2]+0.044*[#   3]+0.044*[#   4]+0.015*[#   1]
    |psi|^2 = 0.146

 k =   0.2592724864  0.1649915823 -0.1649915823
==== e(   1) =    -1.01169 eV ==== 
     psi = 0.377*[#   1]+0.207*[#   2]+0.207*[#   3]+0.207*[#   4]
    |psi|^2 = 0.997
==== e(   2) =    10.46752 eV ==== 
     psi = 0.467*[#   1]+0.142*[#   2]+0.142*[#   3]+0.142*[#   4]
    |psi|^2 = 0.894
==== e(   3) =    17.49220 eV ==== 
     psi = 0.254*[#   2]+0.254*[#   3]+0.254*[#   4]
    |psi|^2 = 0.763
==== e(   4) =    18.95836 eV ==== 
     psi = 0.110*[#   2]+0.110*[#   3]+0.110*[#   4]+0.075*[#   1]
    |psi|^2 = 0.404
==== e(   5) =    20.23818 eV ==== 
     psi = 0.122*[#   2]+0.122*[#   3]+0.122*[#   4]+0.040*[#   1]
    |psi|^2 = 0.408
==== e(   6) =    23.58363 eV ==== 
     psi = 0.032*[#   2]+0.032*[#   3]+0.032*[#   4]+0.014*[#   1]
    |psi|^2 = 0.111

 k =   0.2828427125  0.1885618083 -0.1885618083
==== e(   1) =    -0.48635 eV ==== 
     psi = 0.362*[#   1]+0.212*[#   2]+0.212*[#   3]+0.212*[#   4]
    |psi|^2 = 0.997
==== e(   2) =     9.29499 eV ==== 
     psi = 0.504*[#   1]+0.139*[#   2]+0.139*[#   3]+0.139*[#   4]
    |psi|^2 = 0.922
==== e(   3) =    17.43731 eV ==== 
     psi = 0.255*[#   2]+0.255*[#   3]+0.255*[#   4]
    |psi|^2 = 0.764
==== e(   4) =    18.91497 eV ==== 
     psi = 0.104*[#   2]+0.104*[#   3]+0.104*[#   4]+0.059*[#   1]
    |psi|^2 = 0.371
==== e(   5) =    19.66280 eV ==== 
     psi = 0.143*[#   2]+0.143*[#   3]+0.143*[#   4]+0.044*[#   1]
    |psi|^2 = 0.473
==== e(   6) =    23.10753 eV ==== 
     psi = 0.059*[#   2]+0.059*[#   3]+0.059*[#   4]
    |psi|^2 = 0.177

 k =   0.3064129385  0.2121320344 -0.2121320344
==== e(   1) =     0.09624 eV ==== 
     psi = 0.357*[#   1]+0.213*[#   2]+0.213*[#   3]+0.213*[#   4]
    |psi|^2 = 0.996
==== e(   2) =     8.16808 eV ==== 
     psi = 0.528*[#   1]+0.138*[#   2]+0.138*[#   3]+0.138*[#   4]
    |psi|^2 = 0.943
==== e(   3) =    17.43324 eV ==== 
     psi = 0.253*[#   2]+0.253*[#   3]+0.253*[#   4]
    |psi|^2 = 0.759
==== e(   4) =    18.91084 eV ==== 
     psi = 0.058*[#   2]+0.058*[#   3]+0.058*[#   4]+0.032*[#   1]
    |psi|^2 = 0.207
==== e(   5) =    19.14408 eV ==== 
     psi = 0.201*[#   2]+0.201*[#   3]+0.201*[#   4]+0.060*[#   1]
    |psi|^2 = 0.664
==== e(   6) =    22.60486 eV ==== 
     psi = 0.065*[#   2]+0.065*[#   3]+0.065*[#   4]
    |psi|^2 = 0.194

 k =   0.3299831646  0.2357022604 -0.2357022604
==== e(   1) =     0.73538 eV ==== 
     psi = 0.360*[#   1]+0.212*[#   2]+0.212*[#   3]+0.212*[#   4]
    |psi|^2 = 0.996
==== e(   2) =     7.08878 eV ==== 
     psi = 0.540*[#   1]+0.140*[#   2]+0.140*[#   3]+0.140*[#   4]
    |psi|^2 = 0.959
==== e(   3) =    17.48014 eV ==== 
     psi = 0.250*[#   2]+0.250*[#   3]+0.250*[#   4]
    |psi|^2 = 0.749
==== e(   4) =    18.63757 eV ==== 
     psi = 0.106*[#   2]+0.106*[#   3]+0.106*[#   4]+0.023*[#   1]
    |psi|^2 = 0.341
==== e(   5) =    18.99413 eV ==== 
     psi = 0.164*[#   2]+0.164*[#   3]+0.164*[#   4]+0.060*[#   1]
    |psi|^2 = 0.552
==== e(   6) =    22.14526 eV ==== 
     psi = 0.071*[#   2]+0.071*[#   3]+0.071*[#   4]
    |psi|^2 = 0.213

 k =   0.3535533906  0.2592724864 -0.2592724864
==== e(   1) =     1.43018 eV ==== 
     psi = 0.369*[#   1]+0.209*[#   2]+0.209*[#   3]+0.209*[#   4]
    |psi|^2 = 0.995
==== e(   2) =     6.05881 eV ==== 
     psi = 0.542*[#   1]+0.143*[#   2]+0.143*[#   3]+0.143*[#   4]
    |psi|^2 = 0.971
==== e(   3) =    17.57813 eV ==== 
     psi = 0.244*[#   2]+0.244*[#   3]+0.244*[#   4]
    |psi|^2 = 0.733
==== e(   4) =    18.21355 eV ==== 
     psi = 0.147*[#   2]+0.147*[#   3]+0.147*[#   4]+0.031*[#   1]
    |psi|^2 = 0.471
==== e(   5) =    19.09671 eV ==== 
     psi = 0.132*[#   2]+0.132*[#   3]+0.132*[#   4]+0.044*[#   1]
    |psi|^2 = 0.439
==== e(   6) =    21.73185 eV ==== 
     psi = 0.079*[#   2]+0.079*[#   3]+0.079*[#   4]
    |psi|^2 = 0.236

 k =   0.3771236166  0.2828427125 -0.2828427125
==== e(   1) =     2.17929 eV ==== 
     psi = 0.378*[#   1]+0.205*[#   2]+0.205*[#   3]+0.205*[#   4]
    |psi|^2 = 0.994
==== e(   2) =     5.08006 eV ==== 
     psi = 0.540*[#   1]+0.146*[#   2]+0.146*[#   3]+0.146*[#   4]
    |psi|^2 = 0.979
==== e(   3) =    17.72729 eV ==== 
     psi = 0.238*[#   2]+0.238*[#   3]+0.238*[#   4]
    |psi|^2 = 0.713
==== e(   4) =    17.83630 eV ==== 
     psi = 0.167*[#   2]+0.167*[#   3]+0.167*[#   4]+0.033*[#   1]
    |psi|^2 = 0.534
==== e(   5) =    19.25555 eV ==== 
     psi = 0.117*[#   2]+0.117*[#   3]+0.117*[#   4]+0.037*[#   1]
    |psi|^2 = 0.389
==== e(   6) =    21.36646 eV ==== 
     psi = 0.086*[#   2]+0.086*[#   3]+0.086*[#   4]
    |psi|^2 = 0.259

 k =  -0.3064129385 -0.4006938427  0.4006938427
==== e(   1) =     2.97777 eV ==== 
     psi = 0.352*[#   1]+0.214*[#   2]+0.214*[#   3]+0.214*[#   4]
    |psi|^2 = 0.993
==== e(   2) =     4.15781 eV ==== 
     psi = 0.570*[#   1]+0.138*[#   2]+0.138*[#   3]+0.138*[#   4]
    |psi|^2 = 0.984
==== e(   3) =    17.51007 eV ==== 
     psi = 0.182*[#   2]+0.182*[#   3]+0.182*[#   4]+0.035*[#   1]
    |psi|^2 = 0.582
==== e(   4) =    17.92764 eV ==== 
     psi = 0.230*[#   2]+0.230*[#   3]+0.230*[#   4]
    |psi|^2 = 0.690
==== e(   5) =    19.46705 eV ==== 
     psi = 0.106*[#   2]+0.106*[#   3]+0.106*[#   4]+0.032*[#   1]
    |psi|^2 = 0.350
==== e(   6) =    21.05019 eV ==== 
     psi = 0.094*[#   2]+0.094*[#   3]+0.094*[#   4]
    |psi|^2 = 0.283

 k =  -0.2828427125 -0.3771236166  0.3771236166
==== e(   1) =     3.24750 eV ==== 
     psi = 0.281*[#   1]+0.237*[#   2]+0.237*[#   3]+0.237*[#   4]
    |psi|^2 = 0.994
==== e(   2) =     3.87032 eV ==== 
     psi = 0.642*[#   1]+0.114*[#   2]+0.114*[#   3]+0.114*[#   4]
    |psi|^2 = 0.983
==== e(   3) =    17.23573 eV ==== 
     psi = 0.195*[#   2]+0.195*[#   3]+0.195*[#   4]+0.038*[#   1]
    |psi|^2 = 0.623
==== e(   4) =    18.17916 eV ==== 
     psi = 0.221*[#   2]+0.221*[#   3]+0.221*[#   4]
    |psi|^2 = 0.664
==== e(   5) =    19.73054 eV ==== 
     psi = 0.095*[#   2]+0.095*[#   3]+0.095*[#   4]+0.029*[#   1]
    |psi|^2 = 0.315
==== e(   6) =    20.78372 eV ==== 
     psi = 0.102*[#   2]+0.102*[#   3]+0.102*[#   4]
    |psi|^2 = 0.305

 k =  -0.2592724864 -0.3535533906  0.3535533906
==== e(   1) =     2.44066 eV ==== 
     psi = 0.377*[#   1]+0.205*[#   2]+0.205*[#   3]+0.205*[#   4]
    |psi|^2 = 0.993
==== e(   2) =     4.76545 eV ==== 
     psi = 0.543*[#   1]+0.146*[#   2]+0.146*[#   3]+0.146*[#   4]
    |psi|^2 = 0.981
==== e(   3) =    17.01368 eV ==== 
     psi = 0.206*[#   2]+0.206*[#   3]+0.206*[#   4]+0.041*[#   1]
    |psi|^2 = 0.658
==== e(   4) =    18.48162 eV ==== 
     psi = 0.213*[#   2]+0.213*[#   3]+0.213*[#   4]
    |psi|^2 = 0.638
==== e(   5) =    20.04543 eV ==== 
     psi = 0.085*[#   2]+0.085*[#   3]+0.085*[#   4]+0.027*[#   1]
    |psi|^2 = 0.283
==== e(   6) =    20.56755 eV ==== 
     psi = 0.108*[#   2]+0.108*[#   3]+0.108*[#   4]
    |psi|^2 = 0.324

 k =  -0.2357022604 -0.3299831646  0.3299831646
==== e(   1) =     1.67401 eV ==== 
     psi = 0.372*[#   1]+0.207*[#   2]+0.207*[#   3]+0.207*[#   4]
    |psi|^2 = 0.995
==== e(   2) =     5.72629 eV ==== 
     psi = 0.542*[#   1]+0.144*[#   2]+0.144*[#   3]+0.144*[#   4]
    |psi|^2 = 0.974
==== e(   3) =    16.84411 eV ==== 
     psi = 0.214*[#   2]+0.214*[#   3]+0.214*[#   4]+0.046*[#   1]
    |psi|^2 = 0.687
==== e(   4) =    18.83446 eV ==== 
     psi = 0.206*[#   2]+0.206*[#   3]+0.206*[#   4]
    |psi|^2 = 0.617
==== e(   5) =    20.40218 eV ==== 
     psi = 0.112*[#   2]+0.112*[#   3]+0.112*[#   4]
    |psi|^2 = 0.335
==== e(   6) =    20.41095 eV ==== 
     psi = 0.076*[#   2]+0.076*[#   3]+0.076*[#   4]+0.026*[#   1]
    |psi|^2 = 0.253

 k =  -0.2121320344 -0.3064129385  0.3064129385
==== e(   1) =     0.96089 eV ==== 
     psi = 0.362*[#   1]+0.211*[#   2]+0.211*[#   3]+0.211*[#   4]
    |psi|^2 = 0.996
==== e(   2) =     6.73918 eV ==== 
     psi = 0.543*[#   1]+0.140*[#   2]+0.140*[#   3]+0.140*[#   4]
    |psi|^2 = 0.963
==== e(   3) =    16.72715 eV ==== 
     psi = 0.219*[#   2]+0.219*[#   3]+0.219*[#   4]+0.052*[#   1]
    |psi|^2 = 0.710
==== e(   4) =    19.23609 eV ==== 
     psi = 0.203*[#   2]+0.203*[#   3]+0.203*[#   4]
    |psi|^2 = 0.609
==== e(   5) =    20.28876 eV ==== 
     psi = 0.109*[#   2]+0.109*[#   3]+0.109*[#   4]
    |psi|^2 = 0.328
==== e(   6) =    20.82595 eV ==== 
     psi = 0.067*[#   2]+0.067*[#   3]+0.067*[#   4]+0.025*[#   1]
    |psi|^2 = 0.226

 k =  -0.1885618083 -0.2828427125  0.2828427125
==== e(   1) =     0.30307 eV ==== 
     psi = 0.357*[#   1]+0.213*[#   2]+0.213*[#   3]+0.213*[#   4]
    |psi|^2 = 0.996
==== e(   2) =     7.80183 eV ==== 
     psi = 0.534*[#   1]+0.138*[#   2]+0.138*[#   3]+0.138*[#   4]
    |psi|^2 = 0.949
==== e(   3) =    16.66285 eV ==== 
     psi = 0.223*[#   2]+0.223*[#   3]+0.223*[#   4]+0.060*[#   1]
    |psi|^2 = 0.727
==== e(   4) =    19.67999 eV ==== 
     psi = 0.219*[#   2]+0.219*[#   3]+0.219*[#   4]
    |psi|^2 = 0.657
==== e(   5) =    20.23293 eV ==== 
     psi = 0.087*[#   2]+0.087*[#   3]+0.087*[#   4]
    |psi|^2 = 0.261
==== e(   6) =    21.28875 eV ==== 
     psi = 0.059*[#   2]+0.059*[#   3]+0.059*[#   4]+0.024*[#   1]
    |psi|^2 = 0.202

 k =  -0.1649915823 -0.2592724864  0.2592724864
==== e(   1) =    -0.29847 eV ==== 
     psi = 0.360*[#   1]+0.212*[#   2]+0.212*[#   3]+0.212*[#   4]
    |psi|^2 = 0.997
==== e(   2) =     8.91244 eV ==== 
     psi = 0.514*[#   1]+0.139*[#   2]+0.139*[#   3]+0.139*[#   4]
    |psi|^2 = 0.930
==== e(   3) =    16.65124 eV ==== 
     psi = 0.223*[#   2]+0.223*[#   3]+0.223*[#   4]+0.070*[#   1]
    |psi|^2 = 0.739
==== e(   4) =    20.08492 eV ==== 
     psi = 0.298*[#   2]+0.298*[#   3]+0.298*[#   4]
    |psi|^2 = 0.893
==== e(   5) =    20.31420 eV ==== 

    |psi|^2 = 0.001
==== e(   6) =    21.79651 eV ==== 
     psi = 0.053*[#   2]+0.053*[#   3]+0.053*[#   4]+0.022*[#   1]
    |psi|^2 = 0.181

 k =  -0.1414213562 -0.2357022604  0.2357022604
==== e(   1) =    -0.84297 eV ==== 
     psi = 0.372*[#   1]+0.208*[#   2]+0.208*[#   3]+0.208*[#   4]
    |psi|^2 = 0.997
==== e(   2) =    10.06895 eV ==== 
     psi = 0.481*[#   1]+0.141*[#   2]+0.141*[#   3]+0.141*[#   4]
    |psi|^2 = 0.904
==== e(   3) =    16.69235 eV ==== 
     psi = 0.220*[#   2]+0.220*[#   3]+0.220*[#   4]+0.082*[#   1]
    |psi|^2 = 0.743
==== e(   4) =    20.19575 eV ==== 
     psi = 0.210*[#   2]+0.210*[#   3]+0.210*[#   4]
    |psi|^2 = 0.630
==== e(   5) =    20.78443 eV ==== 
     psi = 0.078*[#   2]+0.078*[#   3]+0.078*[#   4]
    |psi|^2 = 0.233
==== e(   6) =    22.34279 eV ==== 
     psi = 0.049*[#   2]+0.049*[#   3]+0.049*[#   4]+0.019*[#   1]
    |psi|^2 = 0.165

 k =  -0.1178511302 -0.2121320344  0.2121320344
==== e(   1) =    -1.32979 eV ==== 
     psi = 0.394*[#   1]+0.201*[#   2]+0.201*[#   3]+0.201*[#   4]
    |psi|^2 = 0.997
==== e(   2) =    11.26868 eV ==== 
     psi = 0.433*[#   1]+0.146*[#   2]+0.146*[#   3]+0.146*[#   4]
    |psi|^2 = 0.871
==== e(   3) =    16.78630 eV ==== 
     psi = 0.215*[#   2]+0.215*[#   3]+0.215*[#   4]+0.097*[#   1]
    |psi|^2 = 0.741
==== e(   4) =    20.28276 eV ==== 
     psi = 0.180*[#   2]+0.180*[#   3]+0.180*[#   4]
    |psi|^2 = 0.540
==== e(   5) =    21.36664 eV ==== 
     psi = 0.096*[#   2]+0.096*[#   3]+0.096*[#   4]
    |psi|^2 = 0.288
==== e(   6) =    22.88807 eV ==== 
     psi = 0.052*[#   2]+0.052*[#   3]+0.052*[#   4]+0.003*[#   1]
    |psi|^2 = 0.161

 k =  -0.0942809042 -0.1885618083  0.1885618083
==== e(   1) =    -1.75834 eV ==== 
     psi = 0.428*[#   1]+0.190*[#   2]+0.190*[#   3]+0.190*[#   4]
    |psi|^2 = 0.997
==== e(   2) =    12.50775 eV ==== 
     psi = 0.369*[#   1]+0.153*[#   2]+0.153*[#   3]+0.153*[#   4]
    |psi|^2 = 0.828
==== e(   3) =    16.93350 eV ==== 
     psi = 0.206*[#   2]+0.206*[#   3]+0.206*[#   4]+0.114*[#   1]
    |psi|^2 = 0.731
==== e(   4) =    20.40644 eV ==== 
     psi = 0.160*[#   2]+0.160*[#   3]+0.160*[#   4]
    |psi|^2 = 0.479
==== e(   5) =    21.98343 eV ==== 
     psi = 0.106*[#   2]+0.106*[#   3]+0.106*[#   4]
    |psi|^2 = 0.318
==== e(   6) =    23.11649 eV ==== 
     psi = 0.043*[#   2]+0.043*[#   3]+0.043*[#   4]+0.018*[#   1]
    |psi|^2 = 0.147

 k =  -0.0707106781 -0.1649915823  0.1649915823
==== e(   1) =    -2.12811 eV ==== 
     psi = 0.477*[#   1]+0.173*[#   2]+0.173*[#   3]+0.173*[#   4]
    |psi|^2 = 0.997
==== e(   2) =    13.77982 eV ==== 
     psi = 0.288*[#   1]+0.161*[#   2]+0.161*[#   3]+0.161*[#   4]
    |psi|^2 = 0.772
==== e(   3) =    17.13525 eV ==== 
     psi = 0.193*[#   2]+0.193*[#   3]+0.193*[#   4]+0.135*[#   1]
    |psi|^2 = 0.714
==== e(   4) =    20.56539 eV ==== 
     psi = 0.135*[#   2]+0.135*[#   3]+0.135*[#   4]
    |psi|^2 = 0.404
==== e(   5) =    22.57367 eV ==== 
     psi = 0.137*[#   2]+0.137*[#   3]+0.137*[#   4]
    |psi|^2 = 0.410
==== e(   6) =    23.19477 eV ==== 
     psi = 0.051*[#   2]+0.051*[#   3]+0.051*[#   4]+0.028*[#   1]
    |psi|^2 = 0.182

 k =  -0.0471404521 -0.1414213562  0.1414213562
==== e(   1) =    -2.43864 eV ==== 
     psi = 0.541*[#   1]+0.152*[#   2]+0.152*[#   3]+0.152*[#   4]
    |psi|^2 = 0.998
==== e(   2) =    15.07258 eV ==== 
     psi = 0.191*[#   1]+0.169*[#   2]+0.169*[#   3]+0.169*[#   4]
    |psi|^2 = 0.699
==== e(   3) =    17.39606 eV ==== 
     psi = 0.178*[#   2]+0.178*[#   3]+0.178*[#   4]+0.160*[#   1]
    |psi|^2 = 0.692
==== e(   4) =    20.74437 eV ==== 
     psi = 0.097*[#   2]+0.097*[#   3]+0.097*[#   4]
    |psi|^2 = 0.291
==== e(   5) =    22.82073 eV ==== 
     psi = 0.225*[#   2]+0.225*[#   3]+0.225*[#   4]
    |psi|^2 = 0.674
==== e(   6) =    23.25150 eV ==== 
     psi = 0.071*[#   2]+0.071*[#   3]+0.071*[#   4]+0.027*[#   1]
    |psi|^2 = 0.241

 k =  -0.0235702260 -0.1178511302  0.1178511302
==== e(   1) =    -2.68955 eV ==== 
     psi = 0.622*[#   1]+0.125*[#   2]+0.125*[#   3]+0.125*[#   4]
    |psi|^2 = 0.998
==== e(   2) =    16.35328 eV ==== 
     psi = 0.173*[#   2]+0.173*[#   3]+0.173*[#   4]+0.081*[#   1]
    |psi|^2 = 0.601
==== e(   3) =    17.73520 eV ==== 
     psi = 0.189*[#   1]+0.161*[#   2]+0.161*[#   3]+0.161*[#   4]
    |psi|^2 = 0.671
==== e(   4) =    20.89498 eV ==== 
     psi = 0.041*[#   2]+0.041*[#   3]+0.041*[#   4]
    |psi|^2 = 0.123
==== e(   5) =    22.50049 eV ==== 
     psi = 0.278*[#   2]+0.278*[#   3]+0.278*[#   4]
    |psi|^2 = 0.835
==== e(   6) =    23.25443 eV ==== 
     psi = 0.104*[#   2]+0.104*[#   3]+0.104*[#   4]+0.014*[#   1]
    |psi|^2 = 0.326

 k =   0.0000000000 -0.0942809042  0.0942809042
==== e(   1) =    -2.88054 eV ==== 
     psi = 0.714*[#   1]+0.095*[#   2]+0.095*[#   3]+0.095*[#   4]
    |psi|^2 = 0.998
==== e(   2) =    17.48014 eV ==== 
     psi = 0.162*[#   2]+0.162*[#   3]+0.162*[#   4]
    |psi|^2 = 0.485
==== e(   3) =    18.26784 eV ==== 
     psi = 0.185*[#   1]+0.152*[#   2]+0.152*[#   3]+0.152*[#   4]
    |psi|^2 = 0.640
==== e(   4) =    20.88164 eV ==== 

    |psi|^2 = 0.000
==== e(   5) =    22.24804 eV ==== 
     psi = 0.312*[#   2]+0.312*[#   3]+0.312*[#   4]
    |psi|^2 = 0.936
==== e(   6) =    23.13865 eV ==== 
     psi = 0.139*[#   2]+0.139*[#   3]+0.139*[#   4]
    |psi|^2 = 0.418

 k =   0.1414213562  0.0000000000  0.0000000000
==== e(   1) =    -2.84031 eV ==== 
     psi = 0.687*[#   1]+0.104*[#   2]+0.104*[#   3]+0.104*[#   4]
    |psi|^2 = 0.998
==== e(   2) =    18.44824 eV ==== 
     psi = 0.212*[#   2]+0.212*[#   3]+0.212*[#   4]
    |psi|^2 = 0.635
==== e(   3) =    18.44824 eV ==== 
     psi = 0.212*[#   2]+0.212*[#   3]+0.212*[#   4]
    |psi|^2 = 0.635
==== e(   4) =    18.72759 eV ==== 

    |psi|^2 = 0.000
==== e(   5) =    21.26794 eV ==== 
     psi = 0.279*[#   1]+0.198*[#   2]+0.198*[#   3]+0.198*[#   4]
    |psi|^2 = 0.872
==== e(   6) =    23.87389 eV ==== 
     psi = 0.019*[#   1]+0.013*[#   2]+0.013*[#   3]+0.013*[#   4]
    |psi|^2 = 0.057

 k =   0.1649915823  0.0235702260 -0.0235702260
==== e(   1) =    -2.68955 eV ==== 
     psi = 0.616*[#   1]+0.127*[#   2]+0.127*[#   3]+0.127*[#   4]
    |psi|^2 = 0.998
==== e(   2) =    17.34556 eV ==== 
     psi = 0.163*[#   2]+0.163*[#   3]+0.163*[#   4]+0.032*[#   1]
    |psi|^2 = 0.522
==== e(   3) =    18.07339 eV ==== 
     psi = 0.229*[#   2]+0.229*[#   3]+0.229*[#   4]
    |psi|^2 = 0.686
==== e(   4) =    18.86573 eV ==== 
     psi = 0.053*[#   2]+0.053*[#   3]+0.053*[#   4]+0.026*[#   1]
    |psi|^2 = 0.186
==== e(   5) =    21.19497 eV ==== 
     psi = 0.278*[#   1]+0.191*[#   2]+0.191*[#   3]+0.191*[#   4]
    |psi|^2 = 0.851
==== e(   6) =    23.03644 eV ==== 
     psi = 0.023*[#   1]+0.013*[#   2]+0.013*[#   3]+0.013*[#   4]
    |psi|^2 = 0.063

 k =   0.1885618083  0.0471404521 -0.0471404521
==== e(   1) =    -2.47875 eV ==== 
     psi = 0.545*[#   1]+0.151*[#   2]+0.151*[#   3]+0.151*[#   4]
    |psi|^2 = 0.998
==== e(   2) =    16.05621 eV ==== 
     psi = 0.174*[#   2]+0.174*[#   3]+0.174*[#   4]+0.098*[#   1]
    |psi|^2 = 0.621
==== e(   3) =    17.74768 eV ==== 
     psi = 0.242*[#   2]+0.242*[#   3]+0.242*[#   4]
    |psi|^2 = 0.727
==== e(   4) =    18.93768 eV ==== 
     psi = 0.088*[#   1]+0.040*[#   2]+0.040*[#   3]+0.040*[#   4]
    |psi|^2 = 0.206
==== e(   5) =    21.40318 eV ==== 
     psi = 0.223*[#   1]+0.203*[#   2]+0.203*[#   3]+0.203*[#   4]
    |psi|^2 = 0.833
==== e(   6) =    22.26078 eV ==== 
     psi = 0.011*[#   1]+0.005*[#   2]+0.005*[#   3]+0.005*[#   4]
    |psi|^2 = 0.025

 k =   0.2121320344  0.0707106781 -0.0707106781
==== e(   1) =    -2.20817 eV ==== 
     psi = 0.483*[#   1]+0.172*[#   2]+0.172*[#   3]+0.172*[#   4]
    |psi|^2 = 0.997
==== e(   2) =    14.75367 eV ==== 
     psi = 0.179*[#   2]+0.179*[#   3]+0.179*[#   4]+0.177*[#   1]
    |psi|^2 = 0.713
==== e(   3) =    17.47188 eV ==== 
     psi = 0.253*[#   2]+0.253*[#   3]+0.253*[#   4]
    |psi|^2 = 0.759
==== e(   4) =    18.87330 eV ==== 
     psi = 0.129*[#   1]+0.041*[#   2]+0.041*[#   3]+0.041*[#   4]
    |psi|^2 = 0.251
==== e(   5) =    21.29247 eV ==== 
     psi = 0.129*[#   1]+0.123*[#   2]+0.123*[#   3]+0.123*[#   4]
    |psi|^2 = 0.498
==== e(   6) =    22.08903 eV ==== 
     psi = 0.081*[#   2]+0.081*[#   3]+0.081*[#   4]+0.042*[#   1]
    |psi|^2 = 0.286

 k =   0.2357022604  0.0942809042 -0.0942809042
==== e(   1) =    -1.87816 eV ==== 
     psi = 0.433*[#   1]+0.188*[#   2]+0.188*[#   3]+0.188*[#   4]
    |psi|^2 = 0.997
==== e(   2) =    13.46578 eV ==== 
     psi = 0.254*[#   1]+0.178*[#   2]+0.178*[#   3]+0.178*[#   4]
    |psi|^2 = 0.787
==== e(   3) =    17.24645 eV ==== 
     psi = 0.261*[#   2]+0.261*[#   3]+0.261*[#   4]
    |psi|^2 = 0.784
==== e(   4) =    18.75587 eV ==== 
     psi = 0.138*[#   1]+0.050*[#   2]+0.050*[#   3]+0.050*[#   4]
    |psi|^2 = 0.287
==== e(   5) =    20.60694 eV ==== 
     psi = 0.096*[#   1]+0.095*[#   2]+0.095*[#   3]+0.095*[#   4]
    |psi|^2 = 0.382
==== e(   6) =    22.68489 eV ==== 
     psi = 0.104*[#   2]+0.104*[#   3]+0.104*[#   4]+0.039*[#   1]
    |psi|^2 = 0.351

 k =   0.2592724864  0.1178511302 -0.1178511302
==== e(   1) =    -1.48911 eV ==== 
     psi = 0.395*[#   1]+0.201*[#   2]+0.201*[#   3]+0.201*[#   4]
    |psi|^2 = 0.997
==== e(   2) =    12.20597 eV ==== 
     psi = 0.323*[#   1]+0.173*[#   2]+0.173*[#   3]+0.173*[#   4]
    |psi|^2 = 0.843
==== e(   3) =    17.07167 eV ==== 
     psi = 0.267*[#   2]+0.267*[#   3]+0.267*[#   4]
    |psi|^2 = 0.801
==== e(   4) =    18.63804 eV ==== 
     psi = 0.126*[#   1]+0.057*[#   2]+0.057*[#   3]+0.057*[#   4]
    |psi|^2 = 0.298
==== e(   5) =    19.91934 eV ==== 
     psi = 0.107*[#   2]+0.107*[#   3]+0.107*[#   4]+0.097*[#   1]
    |psi|^2 = 0.418
==== e(   6) =    23.40802 eV ==== 
     psi = 0.095*[#   2]+0.095*[#   3]+0.095*[#   4]+0.021*[#   1]
    |psi|^2 = 0.306

 k =   0.2828427125  0.1414213562 -0.1414213562
==== e(   1) =    -1.04150 eV ==== 
     psi = 0.369*[#   1]+0.209*[#   2]+0.209*[#   3]+0.209*[#   4]
    |psi|^2 = 0.997
==== e(   2) =    10.98190 eV ==== 
     psi = 0.382*[#   1]+0.168*[#   2]+0.168*[#   3]+0.168*[#   4]
    |psi|^2 = 0.885
==== e(   3) =    16.94772 eV ==== 
     psi = 0.270*[#   2]+0.270*[#   3]+0.270*[#   4]
    |psi|^2 = 0.811
==== e(   4) =    18.54275 eV ==== 
     psi = 0.099*[#   1]+0.054*[#   2]+0.054*[#   3]+0.054*[#   4]
    |psi|^2 = 0.262
==== e(   5) =    19.27552 eV ==== 
     psi = 0.133*[#   2]+0.133*[#   3]+0.133*[#   4]+0.109*[#   1]
    |psi|^2 = 0.506
==== e(   6) =    24.12872 eV ==== 
     psi = 0.086*[#   2]+0.086*[#   3]+0.086*[#   4]+0.006*[#   1]
    |psi|^2 = 0.265

 k =   0.3064129385  0.1649915823 -0.1649915823
==== e(   1) =    -0.53588 eV ==== 
     psi = 0.353*[#   1]+0.215*[#   2]+0.215*[#   3]+0.215*[#   4]
    |psi|^2 = 0.997
==== e(   2) =     9.79843 eV ==== 
     psi = 0.428*[#   1]+0.163*[#   2]+0.163*[#   3]+0.163*[#   4]
    |psi|^2 = 0.917
==== e(   3) =    16.87472 eV ==== 
     psi = 0.272*[#   2]+0.272*[#   3]+0.272*[#   4]
    |psi|^2 = 0.816
==== e(   4) =    18.45355 eV ==== 
     psi = 0.027*[#   1]+0.010*[#   2]+0.010*[#   3]+0.010*[#   4]
    |psi|^2 = 0.058
==== e(   5) =    18.71125 eV ==== 
     psi = 0.198*[#   2]+0.198*[#   3]+0.198*[#   4]+0.163*[#   1]
    |psi|^2 = 0.756
==== e(   6) =    24.07111 eV ==== 
     psi = 0.044*[#   2]+0.044*[#   3]+0.044*[#   4]
    |psi|^2 = 0.132

 k =   0.3299831646  0.1885618083 -0.1885618083
==== e(   1) =     0.02715 eV ==== 
     psi = 0.345*[#   1]+0.217*[#   2]+0.217*[#   3]+0.217*[#   4]
    |psi|^2 = 0.997
==== e(   2) =     8.65889 eV ==== 
     psi = 0.462*[#   1]+0.159*[#   2]+0.159*[#   3]+0.159*[#   4]
    |psi|^2 = 0.940
==== e(   3) =    16.85280 eV ==== 
     psi = 0.272*[#   2]+0.272*[#   3]+0.272*[#   4]
    |psi|^2 = 0.816
==== e(   4) =    18.07460 eV ==== 
     psi = 0.084*[#   2]+0.084*[#   3]+0.084*[#   4]+0.040*[#   1]
    |psi|^2 = 0.292
==== e(   5) =    18.53138 eV ==== 
     psi = 0.142*[#   2]+0.142*[#   3]+0.142*[#   4]+0.133*[#   1]
    |psi|^2 = 0.559
==== e(   6) =    23.56276 eV ==== 
     psi = 0.048*[#   2]+0.048*[#   3]+0.048*[#   4]
    |psi|^2 = 0.144

 k =   0.3535533906  0.2121320344 -0.2121320344
==== e(   1) =     0.64690 eV ==== 
     psi = 0.345*[#   1]+0.217*[#   2]+0.217*[#   3]+0.217*[#   4]
    |psi|^2 = 0.996
==== e(   2) =     7.56572 eV ==== 
     psi = 0.483*[#   1]+0.158*[#   2]+0.158*[#   3]+0.158*[#   4]
    |psi|^2 = 0.957
==== e(   3) =    16.88205 eV ==== 
     psi = 0.270*[#   2]+0.270*[#   3]+0.270*[#   4]
    |psi|^2 = 0.810
==== e(   4) =    17.58450 eV ==== 
     psi = 0.128*[#   2]+0.128*[#   3]+0.128*[#   4]+0.061*[#   1]
    |psi|^2 = 0.445
==== e(   5) =    18.56226 eV ==== 
     psi = 0.113*[#   2]+0.113*[#   3]+0.113*[#   4]+0.096*[#   1]
    |psi|^2 = 0.435
==== e(   6) =    23.09369 eV ==== 
     psi = 0.053*[#   2]+0.053*[#   3]+0.053*[#   4]
    |psi|^2 = 0.158

 k =   0.3771236166  0.2357022604 -0.2357022604
==== e(   1) =     1.32253 eV ==== 
     psi = 0.351*[#   1]+0.215*[#   2]+0.215*[#   3]+0.215*[#   4]
    |psi|^2 = 0.996
==== e(   2) =     6.52090 eV ==== 
     psi = 0.494*[#   1]+0.158*[#   2]+0.158*[#   3]+0.158*[#   4]
    |psi|^2 = 0.969
==== e(   3) =    16.96253 eV ==== 
     psi = 0.267*[#   2]+0.267*[#   3]+0.267*[#   4]
    |psi|^2 = 0.800
==== e(   4) =    17.13560 eV ==== 
     psi = 0.152*[#   2]+0.152*[#   3]+0.152*[#   4]+0.067*[#   1]
    |psi|^2 = 0.523
==== e(   5) =    18.65445 eV ==== 
     psi = 0.101*[#   2]+0.101*[#   3]+0.101*[#   4]+0.076*[#   1]
    |psi|^2 = 0.378
==== e(   6) =    22.66840 eV ==== 
     psi = 0.058*[#   2]+0.058*[#   3]+0.058*[#   4]
    |psi|^2 = 0.174

 k =   0.4006938427  0.2592724864 -0.2592724864
==== e(   1) =     2.05289 eV ==== 
     psi = 0.359*[#   1]+0.212*[#   2]+0.212*[#   3]+0.212*[#   4]
    |psi|^2 = 0.995
==== e(   2) =     5.52633 eV ==== 
     psi = 0.499*[#   1]+0.160*[#   2]+0.160*[#   3]+0.160*[#   4]
    |psi|^2 = 0.978
==== e(   3) =    16.73662 eV ==== 
     psi = 0.170*[#   2]+0.170*[#   3]+0.170*[#   4]+0.071*[#   1]
    |psi|^2 = 0.581
==== e(   4) =    17.09433 eV ==== 
     psi = 0.262*[#   2]+0.262*[#   3]+0.262*[#   4]
    |psi|^2 = 0.785
==== e(   5) =    18.80097 eV ==== 
     psi = 0.091*[#   2]+0.091*[#   3]+0.091*[#   4]+0.064*[#   1]
    |psi|^2 = 0.336
==== e(   6) =    22.28952 eV ==== 
     psi = 0.064*[#   2]+0.064*[#   3]+0.064*[#   4]
    |psi|^2 = 0.191

 k =  -0.2828427125 -0.4242640687  0.4242640687
==== e(   1) =     2.83519 eV ==== 
     psi = 0.352*[#   1]+0.214*[#   2]+0.214*[#   3]+0.214*[#   4]
    |psi|^2 = 0.993
==== e(   2) =     4.58525 eV ==== 
     psi = 0.513*[#   1]+0.157*[#   2]+0.157*[#   3]+0.157*[#   4]
    |psi|^2 = 0.984
==== e(   3) =    16.38945 eV ==== 
     psi = 0.185*[#   2]+0.185*[#   3]+0.185*[#   4]+0.073*[#   1]
    |psi|^2 = 0.629
==== e(   4) =    17.27748 eV ==== 
     psi = 0.255*[#   2]+0.255*[#   3]+0.255*[#   4]
    |psi|^2 = 0.766
==== e(   5) =    19.00088 eV ==== 
     psi = 0.082*[#   2]+0.082*[#   3]+0.082*[#   4]+0.055*[#   1]
    |psi|^2 = 0.300
==== e(   6) =    21.95866 eV ==== 
     psi = 0.070*[#   2]+0.070*[#   3]+0.070*[#   4]
    |psi|^2 = 0.209

 k =  -0.2592724864 -0.4006938427  0.4006938427
==== e(   1) =     3.56490 eV ==== 
     psi = 0.333*[#   2]+0.333*[#   3]+0.333*[#   4]
    |psi|^2 = 0.999
==== e(   2) =     3.80242 eV ==== 
     psi = 0.868*[#   1]+0.037*[#   2]+0.037*[#   3]+0.037*[#   4]
    |psi|^2 = 0.980
==== e(   3) =    16.09493 eV ==== 
     psi = 0.198*[#   2]+0.198*[#   3]+0.198*[#   4]+0.077*[#   1]
    |psi|^2 = 0.670
==== e(   4) =    17.51197 eV ==== 
     psi = 0.248*[#   2]+0.248*[#   3]+0.248*[#   4]
    |psi|^2 = 0.744
==== e(   5) =    19.25379 eV ==== 
     psi = 0.073*[#   2]+0.073*[#   3]+0.073*[#   4]+0.049*[#   1]
    |psi|^2 = 0.267
==== e(   6) =    21.67680 eV ==== 
     psi = 0.076*[#   2]+0.076*[#   3]+0.076*[#   4]
    |psi|^2 = 0.228

 k =  -0.2357022604 -0.3771236166  0.3771236166
==== e(   1) =     2.83559 eV ==== 
     psi = 0.351*[#   1]+0.214*[#   2]+0.214*[#   3]+0.214*[#   4]
    |psi|^2 = 0.993
==== e(   2) =     4.58431 eV ==== 
     psi = 0.515*[#   1]+0.156*[#   2]+0.156*[#   3]+0.156*[#   4]
    |psi|^2 = 0.983
==== e(   3) =    15.85357 eV ==== 
     psi = 0.208*[#   2]+0.208*[#   3]+0.208*[#   4]+0.082*[#   1]
    |psi|^2 = 0.705
==== e(   4) =    17.79774 eV ==== 
     psi = 0.240*[#   2]+0.240*[#   3]+0.240*[#   4]
    |psi|^2 = 0.719
==== e(   5) =    19.55921 eV ==== 
     psi = 0.064*[#   2]+0.064*[#   3]+0.064*[#   4]+0.045*[#   1]
    |psi|^2 = 0.237
==== e(   6) =    21.44455 eV ==== 
     psi = 0.082*[#   2]+0.082*[#   3]+0.082*[#   4]
    |psi|^2 = 0.246

 k =  -0.2121320344 -0.3535533906  0.3535533906
==== e(   1) =     2.05316 eV ==== 
     psi = 0.359*[#   1]+0.212*[#   2]+0.212*[#   3]+0.212*[#   4]
    |psi|^2 = 0.995
==== e(   2) =     5.52487 eV ==== 
     psi = 0.501*[#   1]+0.159*[#   2]+0.159*[#   3]+0.159*[#   4]
    |psi|^2 = 0.978
==== e(   3) =    15.66574 eV ==== 
     psi = 0.215*[#   2]+0.215*[#   3]+0.215*[#   4]+0.089*[#   1]
    |psi|^2 = 0.734
==== e(   4) =    18.13454 eV ==== 
     psi = 0.231*[#   2]+0.231*[#   3]+0.231*[#   4]
    |psi|^2 = 0.693
==== e(   5) =    19.91640 eV ==== 
     psi = 0.056*[#   2]+0.056*[#   3]+0.056*[#   4]+0.043*[#   1]
    |psi|^2 = 0.210
==== e(   6) =    21.26227 eV ==== 
     psi = 0.087*[#   2]+0.087*[#   3]+0.087*[#   4]
    |psi|^2 = 0.262

 k =  -0.1885618083 -0.3299831646  0.3299831646
==== e(   1) =     1.32271 eV ==== 
     psi = 0.351*[#   1]+0.215*[#   2]+0.215*[#   3]+0.215*[#   4]
    |psi|^2 = 0.996
==== e(   2) =     6.51864 eV ==== 
     psi = 0.496*[#   1]+0.158*[#   2]+0.158*[#   3]+0.158*[#   4]
    |psi|^2 = 0.969
==== e(   3) =    15.53177 eV ==== 
     psi = 0.219*[#   2]+0.219*[#   3]+0.219*[#   4]+0.100*[#   1]
    |psi|^2 = 0.757
==== e(   4) =    18.52188 eV ==== 
     psi = 0.222*[#   2]+0.222*[#   3]+0.222*[#   4]
    |psi|^2 = 0.666
==== e(   5) =    20.32434 eV ==== 
     psi = 0.048*[#   2]+0.048*[#   3]+0.048*[#   4]+0.042*[#   1]
    |psi|^2 = 0.185
==== e(   6) =    21.13019 eV ==== 
     psi = 0.091*[#   2]+0.091*[#   3]+0.091*[#   4]
    |psi|^2 = 0.273

 k =  -0.1649915823 -0.3064129385  0.3064129385
==== e(   1) =     0.64701 eV ==== 
     psi = 0.346*[#   1]+0.217*[#   2]+0.217*[#   3]+0.217*[#   4]
    |psi|^2 = 0.996
==== e(   2) =     7.56218 eV ==== 
     psi = 0.485*[#   1]+0.157*[#   2]+0.157*[#   3]+0.157*[#   4]
    |psi|^2 = 0.957
==== e(   3) =    15.45199 eV ==== 
     psi = 0.220*[#   2]+0.220*[#   3]+0.220*[#   4]+0.114*[#   1]
    |psi|^2 = 0.775
==== e(   4) =    18.95875 eV ==== 
     psi = 0.214*[#   2]+0.214*[#   3]+0.214*[#   4]
    |psi|^2 = 0.643
==== e(   5) =    20.78163 eV ==== 
     psi = 0.041*[#   1]+0.041*[#   2]+0.041*[#   3]+0.041*[#   4]
    |psi|^2 = 0.163
==== e(   6) =    21.04855 eV ==== 
     psi = 0.092*[#   2]+0.092*[#   3]+0.092*[#   4]
    |psi|^2 = 0.275

 k =  -0.1414213562 -0.2828427125  0.2828427125
==== e(   1) =     0.02722 eV ==== 
     psi = 0.347*[#   1]+0.217*[#   2]+0.217*[#   3]+0.217*[#   4]
    |psi|^2 = 0.997
==== e(   2) =     8.65323 eV ==== 
     psi = 0.461*[#   1]+0.160*[#   2]+0.160*[#   3]+0.160*[#   4]
    |psi|^2 = 0.940
==== e(   3) =    15.42682 eV ==== 
     psi = 0.219*[#   2]+0.219*[#   3]+0.219*[#   4]+0.131*[#   1]
    |psi|^2 = 0.787
==== e(   4) =    19.44304 eV ==== 
     psi = 0.210*[#   2]+0.210*[#   3]+0.210*[#   4]
    |psi|^2 = 0.629
==== e(   5) =    21.01785 eV ==== 
     psi = 0.088*[#   2]+0.088*[#   3]+0.088*[#   4]
    |psi|^2 = 0.263
==== e(   6) =    21.28641 eV ==== 
     psi = 0.040*[#   1]+0.035*[#   2]+0.035*[#   3]+0.035*[#   4]
    |psi|^2 = 0.144

 k =  -0.1178511302 -0.2592724864  0.2592724864
==== e(   1) =    -0.53584 eV ==== 
     psi = 0.355*[#   1]+0.214*[#   2]+0.214*[#   3]+0.214*[#   4]
    |psi|^2 = 0.997
==== e(   2) =     9.78914 eV ==== 
     psi = 0.424*[#   1]+0.165*[#   2]+0.165*[#   3]+0.165*[#   4]
    |psi|^2 = 0.918
==== e(   3) =    15.45698 eV ==== 
     psi = 0.213*[#   2]+0.213*[#   3]+0.213*[#   4]+0.153*[#   1]
    |psi|^2 = 0.793
==== e(   4) =    19.96960 eV ==== 
     psi = 0.212*[#   2]+0.212*[#   3]+0.212*[#   4]
    |psi|^2 = 0.636
==== e(   5) =    21.04022 eV ==== 
     psi = 0.074*[#   2]+0.074*[#   3]+0.074*[#   4]
    |psi|^2 = 0.221
==== e(   6) =    21.83605 eV ==== 
     psi = 0.039*[#   1]+0.029*[#   2]+0.029*[#   3]+0.029*[#   4]
    |psi|^2 = 0.126

 k =  -0.0942809042 -0.2357022604  0.2357022604
==== e(   1) =    -1.04148 eV ==== 
     psi = 0.372*[#   1]+0.208*[#   2]+0.208*[#   3]+0.208*[#   4]
    |psi|^2 = 0.997
==== e(   2) =    10.96608 eV ==== 
     psi = 0.371*[#   1]+0.172*[#   2]+0.172*[#   3]+0.172*[#   4]
    |psi|^2 = 0.889
==== e(   3) =    15.54389 eV ==== 
     psi = 0.204*[#   2]+0.204*[#   3]+0.204*[#   4]+0.181*[#   1]
    |psi|^2 = 0.794
==== e(   4) =    20.52046 eV ==== 
     psi = 0.234*[#   2]+0.234*[#   3]+0.234*[#   4]
    |psi|^2 = 0.702
==== e(   5) =    21.12720 eV ==== 
     psi = 0.038*[#   2]+0.038*[#   3]+0.038*[#   4]
    |psi|^2 = 0.113
==== e(   6) =    22.42659 eV ==== 
     psi = 0.037*[#   1]+0.025*[#   2]+0.025*[#   3]+0.025*[#   4]
    |psi|^2 = 0.112

 k =  -0.0707106781 -0.2121320344  0.2121320344
==== e(   1) =    -1.48910 eV ==== 
     psi = 0.399*[#   1]+0.200*[#   2]+0.200*[#   3]+0.200*[#   4]
    |psi|^2 = 0.997
==== e(   2) =    12.17746 eV ==== 
     psi = 0.300*[#   1]+0.183*[#   2]+0.183*[#   3]+0.183*[#   4]
    |psi|^2 = 0.850
==== e(   3) =    15.69085 eV ==== 
     psi = 0.216*[#   1]+0.191*[#   2]+0.191*[#   3]+0.191*[#   4]
    |psi|^2 = 0.789
==== e(   4) =    20.99159 eV ==== 
     psi = 0.249*[#   2]+0.249*[#   3]+0.249*[#   4]
    |psi|^2 = 0.746
==== e(   5) =    21.36755 eV ==== 
     psi = 0.007*[#   2]+0.007*[#   3]+0.007*[#   4]
    |psi|^2 = 0.020
==== e(   6) =    23.05080 eV ==== 
     psi = 0.034*[#   1]+0.023*[#   2]+0.023*[#   3]+0.023*[#   4]
    |psi|^2 = 0.102

 k =  -0.0471404521 -0.1885618083  0.1885618083
==== e(   1) =    -1.87816 eV ==== 
     psi = 0.437*[#   1]+0.187*[#   2]+0.187*[#   3]+0.187*[#   4]
    |psi|^2 = 0.997
==== e(   2) =    13.40944 eV ==== 
     psi = 0.207*[#   1]+0.197*[#   2]+0.197*[#   3]+0.197*[#   4]
    |psi|^2 = 0.797
==== e(   3) =    15.90687 eV ==== 
     psi = 0.262*[#   1]+0.173*[#   2]+0.173*[#   3]+0.173*[#   4]
    |psi|^2 = 0.780
==== e(   4) =    21.22166 eV ==== 
     psi = 0.142*[#   2]+0.142*[#   3]+0.142*[#   4]
    |psi|^2 = 0.427
==== e(   5) =    21.87540 eV ==== 
     psi = 0.103*[#   2]+0.103*[#   3]+0.103*[#   4]
    |psi|^2 = 0.309
==== e(   6) =    23.65659 eV ==== 
     psi = 0.044*[#   2]+0.044*[#   3]+0.044*[#   4]+0.007*[#   1]
    |psi|^2 = 0.138

 k =  -0.0235702260 -0.1649915823  0.1649915823
==== e(   1) =    -2.20818 eV ==== 
     psi = 0.488*[#   1]+0.170*[#   2]+0.170*[#   3]+0.170*[#   4]
    |psi|^2 = 0.997
==== e(   2) =    14.62310 eV ==== 
     psi = 0.212*[#   2]+0.212*[#   3]+0.212*[#   4]+0.088*[#   1]
    |psi|^2 = 0.724
==== e(   3) =    16.22338 eV ==== 
     psi = 0.322*[#   1]+0.150*[#   2]+0.150*[#   3]+0.150*[#   4]
    |psi|^2 = 0.773
==== e(   4) =    21.34349 eV ==== 
     psi = 0.054*[#   2]+0.054*[#   3]+0.054*[#   4]
    |psi|^2 = 0.163
==== e(   5) =    22.31444 eV ==== 
     psi = 0.234*[#   2]+0.234*[#   3]+0.234*[#   4]
    |psi|^2 = 0.701
==== e(   6) =    23.47786 eV ==== 
     psi = 0.040*[#   2]+0.040*[#   3]+0.040*[#   4]
    |psi|^2 = 0.119

 k =   0.0000000000 -0.1414213562  0.1414213562
==== e(   1) =    -2.47876 eV ==== 
     psi = 0.551*[#   1]+0.149*[#   2]+0.149*[#   3]+0.149*[#   4]
    |psi|^2 = 0.998
==== e(   2) =    15.67666 eV ==== 
     psi = 0.212*[#   2]+0.212*[#   3]+0.212*[#   4]
    |psi|^2 = 0.637
==== e(   3) =    16.76917 eV ==== 
     psi = 0.343*[#   1]+0.138*[#   2]+0.138*[#   3]+0.138*[#   4]
    |psi|^2 = 0.758
==== e(   4) =    21.27280 eV ==== 

    |psi|^2 = 0.000
==== e(   5) =    22.37500 eV ==== 
     psi = 0.326*[#   2]+0.326*[#   3]+0.326*[#   4]
    |psi|^2 = 0.977
==== e(   6) =    23.54464 eV ==== 
     psi = 0.096*[#   2]+0.096*[#   3]+0.096*[#   4]
    |psi|^2 = 0.287

 k =   0.1885618083  0.0000000000  0.0000000000
==== e(   1) =    -2.55901 eV ==== 
     psi = 0.566*[#   1]+0.144*[#   2]+0.144*[#   3]+0.144*[#   4]
    |psi|^2 = 0.998
==== e(   2) =    17.67695 eV ==== 
     psi = 0.244*[#   2]+0.244*[#   3]+0.244*[#   4]
    |psi|^2 = 0.732
==== e(   3) =    17.67695 eV ==== 
     psi = 0.244*[#   2]+0.244*[#   3]+0.244*[#   4]
    |psi|^2 = 0.732
==== e(   4) =    17.90105 eV ==== 

    |psi|^2 = 0.000
==== e(   5) =    20.77928 eV ==== 
     psi = 0.374*[#   1]+0.157*[#   2]+0.157*[#   3]+0.157*[#   4]
    |psi|^2 = 0.844
==== e(   6) =    22.15248 eV ==== 
     psi = 0.037*[#   1]+0.015*[#   2]+0.015*[#   3]+0.015*[#   4]
    |psi|^2 = 0.082

 k =   0.2121320344  0.0235702260 -0.0235702260
==== e(   1) =    -2.36844 eV ==== 
     psi = 0.512*[#   1]+0.162*[#   2]+0.162*[#   3]+0.162*[#   4]
    |psi|^2 = 0.997
==== e(   2) =    16.56708 eV ==== 
     psi = 0.176*[#   2]+0.176*[#   3]+0.176*[#   4]+0.029*[#   1]
    |psi|^2 = 0.558
==== e(   3) =    17.33089 eV ==== 
     psi = 0.256*[#   2]+0.256*[#   3]+0.256*[#   4]
    |psi|^2 = 0.768
==== e(   4) =    18.10575 eV ==== 
     psi = 0.066*[#   2]+0.066*[#   3]+0.066*[#   4]+0.026*[#   1]
    |psi|^2 = 0.225
==== e(   5) =    20.67826 eV ==== 
     psi = 0.376*[#   1]+0.161*[#   2]+0.161*[#   3]+0.161*[#   4]
    |psi|^2 = 0.859
==== e(   6) =    21.31233 eV ==== 
     psi = 0.030*[#   1]+0.010*[#   2]+0.010*[#   3]+0.010*[#   4]
    |psi|^2 = 0.060

 k =   0.2357022604  0.0471404521 -0.0471404521
==== e(   1) =    -2.11808 eV ==== 
     psi = 0.461*[#   1]+0.179*[#   2]+0.179*[#   3]+0.179*[#   4]
    |psi|^2 = 0.997
==== e(   2) =    15.30175 eV ==== 
     psi = 0.190*[#   2]+0.190*[#   3]+0.190*[#   4]+0.088*[#   1]
    |psi|^2 = 0.658
==== e(   3) =    17.03555 eV ==== 
     psi = 0.266*[#   2]+0.266*[#   3]+0.266*[#   4]
    |psi|^2 = 0.798
==== e(   4) =    18.23192 eV ==== 
     psi = 0.088*[#   1]+0.040*[#   2]+0.040*[#   3]+0.040*[#   4]
    |psi|^2 = 0.209
==== e(   5) =    20.43640 eV ==== 
     psi = 0.193*[#   1]+0.087*[#   2]+0.087*[#   3]+0.087*[#   4]
    |psi|^2 = 0.454
==== e(   6) =    20.98287 eV ==== 
     psi = 0.140*[#   1]+0.097*[#   2]+0.097*[#   3]+0.097*[#   4]
    |psi|^2 = 0.430

 k =   0.2592724864  0.0707106781 -0.0707106781
==== e(   1) =    -1.80825 eV ==== 
     psi = 0.417*[#   1]+0.193*[#   2]+0.193*[#   3]+0.193*[#   4]
    |psi|^2 = 0.997
==== e(   2) =    14.02787 eV ==== 
     psi = 0.197*[#   2]+0.197*[#   3]+0.197*[#   4]+0.157*[#   1]
    |psi|^2 = 0.749
==== e(   3) =    16.79116 eV ==== 
     psi = 0.274*[#   2]+0.274*[#   3]+0.274*[#   4]
    |psi|^2 = 0.821
==== e(   4) =    18.21528 eV ==== 
     psi = 0.127*[#   1]+0.029*[#   2]+0.029*[#   3]+0.029*[#   4]
    |psi|^2 = 0.215
==== e(   5) =    19.68979 eV ==== 
     psi = 0.155*[#   1]+0.075*[#   2]+0.075*[#   3]+0.075*[#   4]
    |psi|^2 = 0.381
==== e(   6) =    21.46963 eV ==== 
     psi = 0.114*[#   2]+0.114*[#   3]+0.114*[#   4]+0.113*[#   1]
    |psi|^2 = 0.455

 k =   0.2828427125  0.0942809042 -0.0942809042
==== e(   1) =    -1.43932 eV ==== 
     psi = 0.383*[#   1]+0.205*[#   2]+0.205*[#   3]+0.205*[#   4]
    |psi|^2 = 0.997
==== e(   2) =    12.77049 eV ==== 
     psi = 0.225*[#   1]+0.198*[#   2]+0.198*[#   3]+0.198*[#   4]
    |psi|^2 = 0.818
==== e(   3) =    16.59786 eV ==== 
     psi = 0.279*[#   2]+0.279*[#   3]+0.279*[#   4]
    |psi|^2 = 0.838
==== e(   4) =    18.13300 eV ==== 
     psi = 0.120*[#   1]+0.026*[#   2]+0.026*[#   3]+0.026*[#   4]
    |psi|^2 = 0.197
==== e(   5) =    18.97606 eV ==== 
     psi = 0.176*[#   1]+0.096*[#   2]+0.096*[#   3]+0.096*[#   4]
    |psi|^2 = 0.463
==== e(   6) =    22.14427 eV ==== 
     psi = 0.099*[#   2]+0.099*[#   3]+0.099*[#   4]+0.067*[#   1]
    |psi|^2 = 0.365

 k =   0.3064129385  0.1178511302 -0.1178511302
==== e(   1) =    -1.01174 eV ==== 
     psi = 0.358*[#   1]+0.213*[#   2]+0.213*[#   3]+0.213*[#   4]
    |psi|^2 = 0.997
==== e(   2) =    11.54235 eV ==== 
     psi = 0.287*[#   1]+0.194*[#   2]+0.194*[#   3]+0.194*[#   4]
    |psi|^2 = 0.870
==== e(   3) =    16.45569 eV ==== 
     psi = 0.283*[#   2]+0.283*[#   3]+0.283*[#   4]
    |psi|^2 = 0.849
==== e(   4) =    18.00997 eV ==== 
     psi = 0.037*[#   1]+0.006*[#   2]+0.006*[#   3]+0.006*[#   4]
    |psi|^2 = 0.056
==== e(   5) =    18.34527 eV ==== 
     psi = 0.254*[#   1]+0.140*[#   2]+0.140*[#   3]+0.140*[#   4]
    |psi|^2 = 0.674
==== e(   6) =    22.92150 eV ==== 
     psi = 0.082*[#   2]+0.082*[#   3]+0.082*[#   4]+0.038*[#   1]
    |psi|^2 = 0.283

 k =   0.3299831646  0.1414213562 -0.1414213562
==== e(   1) =    -0.52605 eV ==== 
     psi = 0.342*[#   1]+0.218*[#   2]+0.218*[#   3]+0.218*[#   4]
    |psi|^2 = 0.997
==== e(   2) =    10.35086 eV ==== 
     psi = 0.340*[#   1]+0.189*[#   2]+0.189*[#   3]+0.189*[#   4]
    |psi|^2 = 0.908
==== e(   3) =    16.36473 eV ==== 
     psi = 0.286*[#   2]+0.286*[#   3]+0.286*[#   4]
    |psi|^2 = 0.857
==== e(   4) =    17.60299 eV ==== 
     psi = 0.063*[#   2]+0.063*[#   3]+0.063*[#   4]+0.053*[#   1]
    |psi|^2 = 0.243
==== e(   5) =    18.07219 eV ==== 
     psi = 0.224*[#   1]+0.108*[#   2]+0.108*[#   3]+0.108*[#   4]
    |psi|^2 = 0.547
==== e(   6) =    23.75314 eV ==== 
     psi = 0.067*[#   2]+0.067*[#   3]+0.067*[#   4]+0.021*[#   1]
    |psi|^2 = 0.220

 k =   0.3535533906  0.1649915823 -0.1649915823
==== e(   1) =     0.01717 eV ==== 
     psi = 0.333*[#   1]+0.221*[#   2]+0.221*[#   3]+0.221*[#   4]
    |psi|^2 = 0.997
==== e(   2) =     9.20074 eV ==== 
     psi = 0.382*[#   1]+0.184*[#   2]+0.184*[#   3]+0.184*[#   4]
    |psi|^2 = 0.934
==== e(   3) =    16.32502 eV ==== 
     psi = 0.286*[#   2]+0.286*[#   3]+0.286*[#   4]
    |psi|^2 = 0.859
==== e(   4) =    17.04857 eV ==== 
     psi = 0.106*[#   2]+0.106*[#   3]+0.106*[#   4]+0.097*[#   1]
    |psi|^2 = 0.415
==== e(   5) =    18.03570 eV ==== 
     psi = 0.161*[#   1]+0.087*[#   2]+0.087*[#   3]+0.087*[#   4]
    |psi|^2 = 0.422
==== e(   6) =    24.56268 eV ==== 
     psi = 0.035*[#   2]+0.035*[#   3]+0.035*[#   4]
    |psi|^2 = 0.106

 k =   0.3771236166  0.1885618083 -0.1885618083
==== e(   1) =     0.61723 eV ==== 
     psi = 0.331*[#   1]+0.222*[#   2]+0.222*[#   3]+0.222*[#   4]
    |psi|^2 = 0.997
==== e(   2) =     8.09523 eV ==== 
     psi = 0.414*[#   1]+0.180*[#   2]+0.180*[#   3]+0.180*[#   4]
    |psi|^2 = 0.954
==== e(   3) =    16.33662 eV ==== 
     psi = 0.286*[#   2]+0.286*[#   3]+0.286*[#   4]
    |psi|^2 = 0.857
==== e(   4) =    16.52810 eV ==== 
     psi = 0.132*[#   2]+0.132*[#   3]+0.132*[#   4]+0.110*[#   1]
    |psi|^2 = 0.506
==== e(   5) =    18.06250 eV ==== 
     psi = 0.127*[#   1]+0.080*[#   2]+0.080*[#   3]+0.080*[#   4]
    |psi|^2 = 0.368
==== e(   6) =    24.08699 eV ==== 
     psi = 0.039*[#   2]+0.039*[#   3]+0.039*[#   4]
    |psi|^2 = 0.116

 k =   0.4006938427  0.2121320344 -0.2121320344
==== e(   1) =     1.27333 eV ==== 
     psi = 0.334*[#   1]+0.221*[#   2]+0.221*[#   3]+0.221*[#   4]
    |psi|^2 = 0.996
==== e(   2) =     7.03676 eV ==== 
     psi = 0.435*[#   1]+0.178*[#   2]+0.178*[#   3]+0.178*[#   4]
    |psi|^2 = 0.967
==== e(   3) =    16.05607 eV ==== 
     psi = 0.152*[#   2]+0.152*[#   3]+0.152*[#   4]+0.115*[#   1]
    |psi|^2 = 0.573
==== e(   4) =    16.39957 eV ==== 
     psi = 0.284*[#   2]+0.284*[#   3]+0.284*[#   4]
    |psi|^2 = 0.851
==== e(   5) =    18.14271 eV ==== 
     psi = 0.104*[#   1]+0.075*[#   2]+0.075*[#   3]+0.075*[#   4]
    |psi|^2 = 0.328
==== e(   6) =    23.65181 eV ==== 
     psi = 0.042*[#   2]+0.042*[#   3]+0.042*[#   4]
    |psi|^2 = 0.127

 k =   0.4242640687  0.2357022604 -0.2357022604
==== e(   1) =     1.98445 eV ==== 
     psi = 0.339*[#   1]+0.219*[#   2]+0.219*[#   3]+0.219*[#   4]
    |psi|^2 = 0.995
==== e(   2) =     6.02743 eV ==== 
     psi = 0.448*[#   1]+0.176*[#   2]+0.176*[#   3]+0.176*[#   4]
    |psi|^2 = 0.977
==== e(   3) =    15.63545 eV ==== 
     psi = 0.170*[#   2]+0.170*[#   3]+0.170*[#   4]+0.118*[#   1]
    |psi|^2 = 0.628
==== e(   4) =    16.51394 eV ==== 
     psi = 0.280*[#   2]+0.280*[#   3]+0.280*[#   4]
    |psi|^2 = 0.840
==== e(   5) =    18.27603 eV ==== 
     psi = 0.087*[#   1]+0.069*[#   2]+0.069*[#   3]+0.069*[#   4]
    |psi|^2 = 0.292
==== e(   6) =    23.26088 eV ==== 
     psi = 0.046*[#   2]+0.046*[#   3]+0.046*[#   4]
    |psi|^2 = 0.139

 k =  -0.2592724864 -0.4478342948  0.4478342948
==== e(   1) =     2.74859 eV ==== 
     psi = 0.337*[#   1]+0.219*[#   2]+0.219*[#   3]+0.219*[#   4]
    |psi|^2 = 0.994
==== e(   2) =     5.06985 eV ==== 
     psi = 0.461*[#   1]+0.174*[#   2]+0.174*[#   3]+0.174*[#   4]
    |psi|^2 = 0.983
==== e(   3) =    15.26751 eV ==== 
     psi = 0.185*[#   2]+0.185*[#   3]+0.185*[#   4]+0.120*[#   1]
    |psi|^2 = 0.674
==== e(   4) =    16.67975 eV ==== 
     psi = 0.275*[#   2]+0.275*[#   3]+0.275*[#   4]
    |psi|^2 = 0.826
==== e(   5) =    18.46275 eV ==== 
     psi = 0.074*[#   1]+0.062*[#   2]+0.062*[#   3]+0.062*[#   4]
    |psi|^2 = 0.260
==== e(   6) =    22.91651 eV ==== 
     psi = 0.051*[#   2]+0.051*[#   3]+0.051*[#   4]
    |psi|^2 = 0.153

 k =  -0.2357022604 -0.4242640687  0.4242640687
==== e(   1) =     3.55079 eV ==== 
     psi = 0.251*[#   2]+0.251*[#   3]+0.251*[#   4]+0.241*[#   1]
    |psi|^2 = 0.994
==== e(   2) =     4.17930 eV ==== 
     psi = 0.564*[#   1]+0.141*[#   2]+0.141*[#   3]+0.141*[#   4]
    |psi|^2 = 0.985
==== e(   3) =    14.95303 eV ==== 
     psi = 0.197*[#   2]+0.197*[#   3]+0.197*[#   4]+0.124*[#   1]
    |psi|^2 = 0.714
==== e(   4) =    16.89704 eV ==== 
     psi = 0.269*[#   2]+0.269*[#   3]+0.269*[#   4]
    |psi|^2 = 0.808
==== e(   5) =    18.70295 eV ==== 
     psi = 0.066*[#   1]+0.055*[#   2]+0.055*[#   3]+0.055*[#   4]
    |psi|^2 = 0.230
==== e(   6) =    22.62011 eV ==== 
     psi = 0.056*[#   2]+0.056*[#   3]+0.056*[#   4]
    |psi|^2 = 0.167

 k =  -0.2121320344 -0.4006938427  0.4006938427
==== e(   1) =     3.28460 eV ==== 
     psi = 0.306*[#   1]+0.229*[#   2]+0.229*[#   3]+0.229*[#   4]
    |psi|^2 = 0.994
==== e(   2) =     4.46231 eV ==== 
     psi = 0.498*[#   1]+0.162*[#   2]+0.162*[#   3]+0.162*[#   4]
    |psi|^2 = 0.985
==== e(   3) =    14.69264 eV ==== 
     psi = 0.206*[#   2]+0.206*[#   3]+0.206*[#   4]+0.130*[#   1]
    |psi|^2 = 0.747
==== e(   4) =    17.16578 eV ==== 
     psi = 0.262*[#   2]+0.262*[#   3]+0.262*[#   4]
    |psi|^2 = 0.787
==== e(   5) =    18.99637 eV ==== 
     psi = 0.060*[#   1]+0.048*[#   2]+0.048*[#   3]+0.048*[#   4]
    |psi|^2 = 0.203
==== e(   6) =    22.37251 eV ==== 
     psi = 0.060*[#   2]+0.060*[#   3]+0.060*[#   4]
    |psi|^2 = 0.181

 k =  -0.1885618083 -0.3771236166  0.3771236166
==== e(   1) =     2.48902 eV ==== 
     psi = 0.339*[#   1]+0.218*[#   2]+0.218*[#   3]+0.218*[#   4]
    |psi|^2 = 0.994
==== e(   2) =     5.37969 eV ==== 
     psi = 0.458*[#   1]+0.174*[#   2]+0.174*[#   3]+0.174*[#   4]
    |psi|^2 = 0.981
==== e(   3) =    14.48688 eV ==== 
     psi = 0.212*[#   2]+0.212*[#   3]+0.212*[#   4]+0.140*[#   1]
    |psi|^2 = 0.775
==== e(   4) =    17.48585 eV ==== 
     psi = 0.254*[#   2]+0.254*[#   3]+0.254*[#   4]
    |psi|^2 = 0.763
==== e(   5) =    19.34239 eV ==== 
     psi = 0.056*[#   1]+0.041*[#   2]+0.041*[#   3]+0.041*[#   4]
    |psi|^2 = 0.179
==== e(   6) =    22.17418 eV ==== 
     psi = 0.065*[#   2]+0.065*[#   3]+0.065*[#   4]
    |psi|^2 = 0.194

 k =  -0.1649915823 -0.3535533906  0.3535533906
==== e(   1) =     1.74191 eV ==== 
     psi = 0.337*[#   1]+0.219*[#   2]+0.219*[#   3]+0.219*[#   4]
    |psi|^2 = 0.995
==== e(   2) =     6.35305 eV ==== 
     psi = 0.446*[#   1]+0.176*[#   2]+0.176*[#   3]+0.176*[#   4]
    |psi|^2 = 0.973
==== e(   3) =    14.33635 eV ==== 
     psi = 0.214*[#   2]+0.214*[#   3]+0.214*[#   4]+0.154*[#   1]
    |psi|^2 = 0.797
==== e(   4) =    17.85700 eV ==== 
     psi = 0.246*[#   2]+0.246*[#   3]+0.246*[#   4]
    |psi|^2 = 0.737
==== e(   5) =    19.74006 eV ==== 
     psi = 0.054*[#   1]+0.034*[#   2]+0.034*[#   3]+0.034*[#   4]
    |psi|^2 = 0.157
==== e(   6) =    22.02520 eV ==== 
     psi = 0.069*[#   2]+0.069*[#   3]+0.069*[#   4]
    |psi|^2 = 0.206

 k =  -0.1414213562 -0.3299831646  0.3299831646
==== e(   1) =     1.04880 eV ==== 
     psi = 0.333*[#   1]+0.221*[#   2]+0.221*[#   3]+0.221*[#   4]
    |psi|^2 = 0.996
==== e(   2) =     7.37590 eV ==== 
     psi = 0.430*[#   1]+0.178*[#   2]+0.178*[#   3]+0.178*[#   4]
    |psi|^2 = 0.963
==== e(   3) =    14.24183 eV ==== 
     psi = 0.214*[#   2]+0.214*[#   3]+0.214*[#   4]+0.174*[#   1]
    |psi|^2 = 0.815
==== e(   4) =    18.27879 eV ==== 
     psi = 0.236*[#   2]+0.236*[#   3]+0.236*[#   4]
    |psi|^2 = 0.708
==== e(   5) =    20.18809 eV ==== 
     psi = 0.053*[#   1]+0.028*[#   2]+0.028*[#   3]+0.028*[#   4]
    |psi|^2 = 0.138
==== e(   6) =    21.92532 eV ==== 
     psi = 0.071*[#   2]+0.071*[#   3]+0.071*[#   4]
    |psi|^2 = 0.214

 k =  -0.1178511302 -0.3064129385  0.3064129385
==== e(   1) =     0.41115 eV ==== 
     psi = 0.333*[#   1]+0.221*[#   2]+0.221*[#   3]+0.221*[#   4]
    |psi|^2 = 0.997
==== e(   2) =     8.44502 eV ==== 
     psi = 0.401*[#   1]+0.182*[#   2]+0.182*[#   3]+0.182*[#   4]
    |psi|^2 = 0.949
==== e(   3) =    14.20453 eV ==== 
     psi = 0.209*[#   2]+0.209*[#   3]+0.209*[#   4]+0.200*[#   1]
    |psi|^2 = 0.827
==== e(   4) =    18.75034 eV ==== 
     psi = 0.227*[#   2]+0.227*[#   3]+0.227*[#   4]
    |psi|^2 = 0.680
==== e(   5) =    20.68467 eV ==== 
     psi = 0.052*[#   1]+0.023*[#   2]+0.023*[#   3]+0.023*[#   4]
    |psi|^2 = 0.121
==== e(   6) =    21.87366 eV ==== 
     psi = 0.072*[#   2]+0.072*[#   3]+0.072*[#   4]
    |psi|^2 = 0.215

 k =  -0.0942809042 -0.2828427125  0.2828427125
==== e(   1) =    -0.17013 eV ==== 
     psi = 0.339*[#   1]+0.219*[#   2]+0.219*[#   3]+0.219*[#   4]
    |psi|^2 = 0.997
==== e(   2) =     9.55634 eV ==== 
     psi = 0.357*[#   1]+0.191*[#   2]+0.191*[#   3]+0.191*[#   4]
    |psi|^2 = 0.929
==== e(   3) =    14.22668 eV ==== 
     psi = 0.233*[#   1]+0.200*[#   2]+0.200*[#   3]+0.200*[#   4]
    |psi|^2 = 0.834
==== e(   4) =    19.27017 eV ==== 
     psi = 0.217*[#   2]+0.217*[#   3]+0.217*[#   4]
    |psi|^2 = 0.652
==== e(   5) =    21.22738 eV ==== 
     psi = 0.051*[#   1]+0.019*[#   2]+0.019*[#   3]+0.019*[#   4]
    |psi|^2 = 0.107
==== e(   6) =    21.86804 eV ==== 
     psi = 0.068*[#   2]+0.068*[#   3]+0.068*[#   4]
    |psi|^2 = 0.205

 k =  -0.0707106781 -0.2592724864  0.2592724864
==== e(   1) =    -0.69429 eV ==== 
     psi = 0.351*[#   1]+0.215*[#   2]+0.215*[#   3]+0.215*[#   4]
    |psi|^2 = 0.997
==== e(   2) =    10.70273 eV ==== 
     psi = 0.295*[#   1]+0.203*[#   2]+0.203*[#   3]+0.203*[#   4]
    |psi|^2 = 0.904
==== e(   3) =    14.31307 eV ==== 
     psi = 0.278*[#   1]+0.186*[#   2]+0.186*[#   3]+0.186*[#   4]
    |psi|^2 = 0.837
==== e(   4) =    19.83557 eV ==== 
     psi = 0.210*[#   2]+0.210*[#   3]+0.210*[#   4]
    |psi|^2 = 0.629
==== e(   5) =    21.81277 eV ==== 
     psi = 0.050*[#   1]+0.015*[#   2]+0.015*[#   3]+0.015*[#   4]
    |psi|^2 = 0.094
==== e(   6) =    21.90295 eV ==== 
     psi = 0.059*[#   2]+0.059*[#   3]+0.059*[#   4]
    |psi|^2 = 0.176

 k =  -0.0471404521 -0.2357022604  0.2357022604
==== e(   1) =    -1.16072 eV ==== 
     psi = 0.372*[#   1]+0.209*[#   2]+0.209*[#   3]+0.209*[#   4]
    |psi|^2 = 0.997
==== e(   2) =    11.86867 eV ==== 
     psi = 0.221*[#   2]+0.221*[#   3]+0.221*[#   4]+0.207*[#   1]
    |psi|^2 = 0.869
==== e(   3) =    14.47608 eV ==== 
     psi = 0.338*[#   1]+0.166*[#   2]+0.166*[#   3]+0.166*[#   4]
    |psi|^2 = 0.836
==== e(   4) =    20.44134 eV ==== 
     psi = 0.206*[#   2]+0.206*[#   3]+0.206*[#   4]
    |psi|^2 = 0.617
==== e(   5) =    21.96213 eV ==== 
     psi = 0.040*[#   2]+0.040*[#   3]+0.040*[#   4]
    |psi|^2 = 0.119
==== e(   6) =    22.43553 eV ==== 
     psi = 0.049*[#   1]+0.012*[#   2]+0.012*[#   3]+0.012*[#   4]
    |psi|^2 = 0.084

 k =  -0.0235702260 -0.2121320344  0.2121320344
==== e(   1) =    -1.56882 eV ==== 
     psi = 0.401*[#   1]+0.199*[#   2]+0.199*[#   3]+0.199*[#   4]
    |psi|^2 = 0.997
==== e(   2) =    13.01025 eV ==== 
     psi = 0.244*[#   2]+0.244*[#   3]+0.244*[#   4]+0.088*[#   1]
    |psi|^2 = 0.819
==== e(   3) =    14.75504 eV ==== 
     psi = 0.420*[#   1]+0.138*[#   2]+0.138*[#   3]+0.138*[#   4]
    |psi|^2 = 0.834
==== e(   4) =    21.07661 eV ==== 
     psi = 0.208*[#   2]+0.208*[#   3]+0.208*[#   4]
    |psi|^2 = 0.625
==== e(   5) =    21.98904 eV ==== 
     psi = 0.011*[#   2]+0.011*[#   3]+0.011*[#   4]
    |psi|^2 = 0.032
==== e(   6) =    23.08655 eV ==== 
     psi = 0.047*[#   1]+0.010*[#   2]+0.010*[#   3]+0.010*[#   4]
    |psi|^2 = 0.077

 k =   0.0000000000 -0.1885618083  0.1885618083
==== e(   1) =    -1.91812 eV ==== 
     psi = 0.440*[#   1]+0.186*[#   2]+0.186*[#   3]+0.186*[#   4]
    |psi|^2 = 0.997
==== e(   2) =    13.98670 eV ==== 
     psi = 0.253*[#   2]+0.253*[#   3]+0.253*[#   4]
    |psi|^2 = 0.759
==== e(   3) =    15.28342 eV ==== 
     psi = 0.463*[#   1]+0.121*[#   2]+0.121*[#   3]+0.121*[#   4]
    |psi|^2 = 0.825
==== e(   4) =    21.71482 eV ==== 
     psi = 0.229*[#   2]+0.229*[#   3]+0.229*[#   4]
    |psi|^2 = 0.686
==== e(   5) =    21.81923 eV ==== 

    |psi|^2 = 0.000
==== e(   6) =    23.33388 eV ==== 
     psi = 0.101*[#   2]+0.101*[#   3]+0.101*[#   4]
    |psi|^2 = 0.302

 k =   0.2357022604  0.0000000000  0.0000000000
==== e(   1) =    -2.19815 eV ==== 
     psi = 0.472*[#   1]+0.175*[#   2]+0.175*[#   3]+0.175*[#   4]
    |psi|^2 = 0.997
==== e(   2) =    16.96524 eV ==== 
     psi = 0.267*[#   2]+0.267*[#   3]+0.267*[#   4]
    |psi|^2 = 0.802
==== e(   3) =    16.96524 eV ==== 
     psi = 0.267*[#   2]+0.267*[#   3]+0.267*[#   4]
    |psi|^2 = 0.802
==== e(   4) =    17.11506 eV ==== 

    |psi|^2 = 0.000
==== e(   5) =    20.24495 eV ==== 
     psi = 0.486*[#   1]+0.139*[#   2]+0.139*[#   3]+0.139*[#   4]
    |psi|^2 = 0.903
==== e(   6) =    20.42744 eV ==== 
     psi = 0.013*[#   1]+0.004*[#   2]+0.004*[#   3]+0.004*[#   4]
    |psi|^2 = 0.024

 k =   0.2592724864  0.0235702260 -0.0235702260
==== e(   1) =    -1.96808 eV ==== 
     psi = 0.433*[#   1]+0.188*[#   2]+0.188*[#   3]+0.188*[#   4]
    |psi|^2 = 0.997
==== e(   2) =    15.84897 eV ==== 
     psi = 0.184*[#   2]+0.184*[#   3]+0.184*[#   4]+0.024*[#   1]
    |psi|^2 = 0.577
==== e(   3) =    16.65089 eV ==== 
     psi = 0.276*[#   2]+0.276*[#   3]+0.276*[#   4]
    |psi|^2 = 0.829
==== e(   4) =    17.39078 eV ==== 
     psi = 0.078*[#   2]+0.078*[#   3]+0.078*[#   4]+0.024*[#   1]
    |psi|^2 = 0.260
==== e(   5) =    19.56812 eV ==== 
     psi = 0.163*[#   1]+0.044*[#   2]+0.044*[#   3]+0.044*[#   4]
    |psi|^2 = 0.293
==== e(   6) =    20.16949 eV ==== 
     psi = 0.326*[#   1]+0.103*[#   2]+0.103*[#   3]+0.103*[#   4]
    |psi|^2 = 0.635

 k =   0.2828427125  0.0471404521 -0.0471404521
==== e(   1) =    -1.67852 eV ==== 
     psi = 0.398*[#   1]+0.200*[#   2]+0.200*[#   3]+0.200*[#   4]
    |psi|^2 = 0.997
==== e(   2) =    14.61232 eV ==== 
     psi = 0.203*[#   2]+0.203*[#   3]+0.203*[#   4]+0.075*[#   1]
    |psi|^2 = 0.683
==== e(   3) =    16.38791 eV ==== 
     psi = 0.283*[#   2]+0.283*[#   3]+0.283*[#   4]
    |psi|^2 = 0.850
==== e(   4) =    17.55789 eV ==== 
     psi = 0.074*[#   1]+0.043*[#   2]+0.043*[#   3]+0.043*[#   4]
    |psi|^2 = 0.203
==== e(   5) =    18.77885 eV ==== 
     psi = 0.188*[#   1]+0.052*[#   2]+0.052*[#   3]+0.052*[#   4]
    |psi|^2 = 0.345
==== e(   6) =    20.41453 eV ==== 
     psi = 0.237*[#   1]+0.112*[#   2]+0.112*[#   3]+0.112*[#   4]
    |psi|^2 = 0.572

 k =   0.3064129385  0.0707106781 -0.0707106781
==== e(   1) =    -1.32983 eV ==== 
     psi = 0.369*[#   1]+0.210*[#   2]+0.210*[#   3]+0.210*[#   4]
    |psi|^2 = 0.997
==== e(   2) =    13.36963 eV ==== 
     psi = 0.213*[#   2]+0.213*[#   3]+0.213*[#   4]+0.135*[#   1]
    |psi|^2 = 0.774
==== e(   3) =    16.17631 eV ==== 
     psi = 0.289*[#   2]+0.289*[#   3]+0.289*[#   4]
    |psi|^2 = 0.867
==== e(   4) =    17.55984 eV ==== 
     psi = 0.062*[#   1]+0.020*[#   2]+0.020*[#   3]+0.020*[#   4]
    |psi|^2 = 0.121
==== e(   5) =    18.05735 eV ==== 
     psi = 0.266*[#   1]+0.076*[#   2]+0.076*[#   3]+0.076*[#   4]
    |psi|^2 = 0.493
==== e(   6) =    20.93869 eV ==== 
     psi = 0.143*[#   1]+0.104*[#   2]+0.104*[#   3]+0.104*[#   4]
    |psi|^2 = 0.455

 k =   0.3299831646  0.0942809042 -0.0942809042
==== e(   1) =    -0.92245 eV ==== 
     psi = 0.346*[#   1]+0.217*[#   2]+0.217*[#   3]+0.217*[#   4]
    |psi|^2 = 0.997
==== e(   2) =    12.14446 eV ==== 
     psi = 0.216*[#   2]+0.216*[#   3]+0.216*[#   4]+0.195*[#   1]
    |psi|^2 = 0.842
==== e(   3) =    16.01609 eV ==== 
     psi = 0.293*[#   2]+0.293*[#   3]+0.293*[#   4]
    |psi|^2 = 0.879
==== e(   4) =    17.24451 eV ==== 
     psi = 0.050*[#   1]+0.044*[#   2]+0.044*[#   3]+0.044*[#   4]
    |psi|^2 = 0.183
==== e(   5) =    17.63797 eV ==== 
     psi = 0.304*[#   1]+0.069*[#   2]+0.069*[#   3]+0.069*[#   4]
    |psi|^2 = 0.511
==== e(   6) =    21.64323 eV ==== 
     psi = 0.087*[#   2]+0.087*[#   3]+0.087*[#   4]+0.082*[#   1]
    |psi|^2 = 0.342

 k =   0.3535533906  0.1178511302 -0.1178511302
==== e(   1) =    -0.45689 eV ==== 
     psi = 0.331*[#   1]+0.222*[#   2]+0.222*[#   3]+0.222*[#   4]
    |psi|^2 = 0.997
==== e(   2) =    10.94930 eV ==== 
     psi = 0.250*[#   1]+0.213*[#   2]+0.213*[#   3]+0.213*[#   4]
    |psi|^2 = 0.891
==== e(   3) =    15.90726 eV ==== 
     psi = 0.296*[#   2]+0.296*[#   3]+0.296*[#   4]
    |psi|^2 = 0.887
==== e(   4) =    16.63304 eV ==== 
     psi = 0.133*[#   1]+0.083*[#   2]+0.083*[#   3]+0.083*[#   4]
    |psi|^2 = 0.381
==== e(   5) =    17.55909 eV ==== 
     psi = 0.221*[#   1]+0.055*[#   2]+0.055*[#   3]+0.055*[#   4]
    |psi|^2 = 0.385
==== e(   6) =    22.45793 eV ==== 
     psi = 0.068*[#   2]+0.068*[#   3]+0.068*[#   4]+0.047*[#   1]
    |psi|^2 = 0.251

 k =   0.3771236166  0.1414213562 -0.1414213562
==== e(   1) =     0.06627 eV ==== 
     psi = 0.322*[#   1]+0.225*[#   2]+0.225*[#   3]+0.225*[#   4]
    |psi|^2 = 0.997
==== e(   2) =     9.79148 eV ==== 
     psi = 0.298*[#   1]+0.209*[#   2]+0.209*[#   3]+0.209*[#   4]
    |psi|^2 = 0.924
==== e(   3) =    15.84982 eV ==== 
     psi = 0.297*[#   2]+0.297*[#   3]+0.297*[#   4]
    |psi|^2 = 0.891
==== e(   4) =    16.04102 eV ==== 
     psi = 0.158*[#   1]+0.107*[#   2]+0.107*[#   3]+0.107*[#   4]
    |psi|^2 = 0.481
==== e(   5) =    17.53609 eV ==== 
     psi = 0.181*[#   1]+0.054*[#   2]+0.054*[#   3]+0.054*[#   4]
    |psi|^2 = 0.344
==== e(   6) =    23.34001 eV ==== 
     psi = 0.053*[#   2]+0.053*[#   3]+0.053*[#   4]+0.026*[#   1]
    |psi|^2 = 0.184

 k =   0.4006938427  0.1649915823 -0.1649915823
==== e(   1) =     0.64637 eV ==== 
     psi = 0.318*[#   1]+0.226*[#   2]+0.226*[#   3]+0.226*[#   4]
    |psi|^2 = 0.997
==== e(   2) =     8.67566 eV ==== 
     psi = 0.338*[#   1]+0.203*[#   2]+0.203*[#   3]+0.203*[#   4]
    |psi|^2 = 0.948
==== e(   3) =    15.49567 eV ==== 
     psi = 0.168*[#   1]+0.129*[#   2]+0.129*[#   3]+0.129*[#   4]
    |psi|^2 = 0.555
==== e(   4) =    15.84379 eV ==== 
     psi = 0.297*[#   2]+0.297*[#   3]+0.297*[#   4]
    |psi|^2 = 0.892
==== e(   5) =    17.55725 eV ==== 
     psi = 0.150*[#   1]+0.054*[#   2]+0.054*[#   3]+0.054*[#   4]
    |psi|^2 = 0.313
==== e(   6) =    24.25397 eV ==== 
     psi = 0.041*[#   2]+0.041*[#   3]+0.041*[#   4]+0.015*[#   1]
    |psi|^2 = 0.137

 k =   0.4242640687  0.1885618083 -0.1885618083
==== e(   1) =     1.28262 eV ==== 
     psi = 0.319*[#   1]+0.226*[#   2]+0.226*[#   3]+0.226*[#   4]
    |psi|^2 = 0.996
==== e(   2) =     7.60507 eV ==== 
     psi = 0.368*[#   1]+0.199*[#   2]+0.199*[#   3]+0.199*[#   4]
    |psi|^2 = 0.964
==== e(   3) =    15.00118 eV ==== 
     psi = 0.172*[#   1]+0.148*[#   2]+0.148*[#   3]+0.148*[#   4]
    |psi|^2 = 0.617
==== e(   4) =    15.88920 eV ==== 
     psi = 0.296*[#   2]+0.296*[#   3]+0.296*[#   4]
    |psi|^2 = 0.889
==== e(   5) =    17.62654 eV ==== 
     psi = 0.125*[#   1]+0.053*[#   2]+0.053*[#   3]+0.053*[#   4]
    |psi|^2 = 0.283
==== e(   6) =    24.67949 eV ==== 
     psi = 0.031*[#   2]+0.031*[#   3]+0.031*[#   4]
    |psi|^2 = 0.093

 k =   0.4478342948  0.2121320344 -0.2121320344
==== e(   1) =     1.97404 eV ==== 
     psi = 0.321*[#   1]+0.225*[#   2]+0.225*[#   3]+0.225*[#   4]
    |psi|^2 = 0.995
==== e(   2) =     6.58222 eV ==== 
     psi = 0.390*[#   1]+0.195*[#   2]+0.195*[#   3]+0.195*[#   4]
    |psi|^2 = 0.975
==== e(   3) =    14.55918 eV ==== 
     psi = 0.173*[#   1]+0.165*[#   2]+0.165*[#   3]+0.165*[#   4]
    |psi|^2 = 0.669
==== e(   4) =    15.98609 eV ==== 
     psi = 0.294*[#   2]+0.294*[#   3]+0.294*[#   4]
    |psi|^2 = 0.882
==== e(   5) =    17.74688 eV ==== 
     psi = 0.104*[#   1]+0.050*[#   2]+0.050*[#   3]+0.050*[#   4]
    |psi|^2 = 0.254
==== e(   6) =    24.27846 eV ==== 
     psi = 0.034*[#   2]+0.034*[#   3]+0.034*[#   4]
    |psi|^2 = 0.101

 k =  -0.2357022604 -0.4714045208  0.4714045208
==== e(   1) =     2.71903 eV ==== 
     psi = 0.321*[#   1]+0.225*[#   2]+0.225*[#   3]+0.225*[#   4]
    |psi|^2 = 0.994
==== e(   2) =     5.60962 eV ==== 
     psi = 0.408*[#   1]+0.191*[#   2]+0.191*[#   3]+0.191*[#   4]
    |psi|^2 = 0.982
==== e(   3) =    14.17067 eV ==== 
     psi = 0.180*[#   2]+0.180*[#   3]+0.180*[#   4]+0.174*[#   1]
    |psi|^2 = 0.713
==== e(   4) =    16.13450 eV ==== 
     psi = 0.290*[#   2]+0.290*[#   3]+0.290*[#   4]
    |psi|^2 = 0.871
==== e(   5) =    17.91990 eV ==== 
     psi = 0.089*[#   1]+0.046*[#   2]+0.046*[#   3]+0.046*[#   4]
    |psi|^2 = 0.226
==== e(   6) =    23.92199 eV ==== 
     psi = 0.037*[#   2]+0.037*[#   3]+0.037*[#   4]
    |psi|^2 = 0.111

 k =  -0.2121320344 -0.4478342948  0.4478342948
==== e(   1) =     3.51157 eV ==== 
     psi = 0.285*[#   1]+0.236*[#   2]+0.236*[#   3]+0.236*[#   4]
    |psi|^2 = 0.993
==== e(   2) =     4.69375 eV ==== 
     psi = 0.453*[#   1]+0.178*[#   2]+0.178*[#   3]+0.178*[#   4]
    |psi|^2 = 0.986
==== e(   3) =    13.83645 eV ==== 
     psi = 0.191*[#   2]+0.191*[#   3]+0.191*[#   4]+0.177*[#   1]
    |psi|^2 = 0.751
==== e(   4) =    16.33445 eV ==== 
     psi = 0.286*[#   2]+0.286*[#   3]+0.286*[#   4]
    |psi|^2 = 0.858
==== e(   5) =    18.14634 eV ==== 
     psi = 0.078*[#   1]+0.041*[#   2]+0.041*[#   3]+0.041*[#   4]
    |psi|^2 = 0.200
==== e(   6) =    23.61214 eV ==== 
     psi = 0.040*[#   2]+0.040*[#   3]+0.040*[#   4]
    |psi|^2 = 0.121

 k =  -0.1885618083 -0.4242640687  0.4242640687
==== e(   1) =     3.78014 eV ==== 
     psi = 0.260*[#   2]+0.260*[#   3]+0.260*[#   4]+0.215*[#   1]
    |psi|^2 = 0.994
==== e(   2) =     4.40622 eV ==== 
     psi = 0.526*[#   1]+0.153*[#   2]+0.153*[#   3]+0.153*[#   4]
    |psi|^2 = 0.985
==== e(   3) =    13.55728 eV ==== 
     psi = 0.200*[#   2]+0.200*[#   3]+0.200*[#   4]+0.183*[#   1]
    |psi|^2 = 0.782
==== e(   4) =    16.58596 eV ==== 
     psi = 0.280*[#   2]+0.280*[#   3]+0.280*[#   4]
    |psi|^2 = 0.840
==== e(   5) =    18.42631 eV ==== 
     psi = 0.071*[#   1]+0.035*[#   2]+0.035*[#   3]+0.035*[#   4]
    |psi|^2 = 0.177
==== e(   6) =    23.35009 eV ==== 
     psi = 0.044*[#   2]+0.044*[#   3]+0.044*[#   4]
    |psi|^2 = 0.132

 k =  -0.1649915823 -0.4006938427  0.4006938427
==== e(   1) =     2.98068 eV ==== 
     psi = 0.314*[#   1]+0.227*[#   2]+0.227*[#   3]+0.227*[#   4]
    |psi|^2 = 0.994
==== e(   2) =     5.29078 eV ==== 
     psi = 0.420*[#   1]+0.187*[#   2]+0.187*[#   3]+0.187*[#   4]
    |psi|^2 = 0.982
==== e(   3) =    13.33397 eV ==== 
     psi = 0.205*[#   2]+0.205*[#   3]+0.205*[#   4]+0.194*[#   1]
    |psi|^2 = 0.808
==== e(   4) =    16.88899 eV ==== 
     psi = 0.273*[#   2]+0.273*[#   3]+0.273*[#   4]
    |psi|^2 = 0.820
==== e(   5) =    18.75941 eV ==== 
     psi = 0.066*[#   1]+0.030*[#   2]+0.030*[#   3]+0.030*[#   4]
    |psi|^2 = 0.156
==== e(   6) =    23.13647 eV ==== 
     psi = 0.047*[#   2]+0.047*[#   3]+0.047*[#   4]
    |psi|^2 = 0.142

 k =  -0.1414213562 -0.3771236166  0.3771236166
==== e(   1) =     2.21787 eV ==== 
     psi = 0.321*[#   1]+0.225*[#   2]+0.225*[#   3]+0.225*[#   4]
    |psi|^2 = 0.995
==== e(   2) =     6.24193 eV ==== 
     psi = 0.398*[#   1]+0.193*[#   2]+0.193*[#   3]+0.193*[#   4]
    |psi|^2 = 0.976
==== e(   3) =    13.16757 eV ==== 
     psi = 0.212*[#   1]+0.206*[#   2]+0.206*[#   3]+0.206*[#   4]
    |psi|^2 = 0.829
==== e(   4) =    17.24340 eV ==== 
     psi = 0.265*[#   2]+0.265*[#   3]+0.265*[#   4]
    |psi|^2 = 0.796
==== e(   5) =    19.14485 eV ==== 
     psi = 0.063*[#   1]+0.025*[#   2]+0.025*[#   3]+0.025*[#   4]
    |psi|^2 = 0.137
==== e(   6) =    22.97136 eV ==== 
     psi = 0.050*[#   2]+0.050*[#   3]+0.050*[#   4]
    |psi|^2 = 0.151

 k =  -0.1178511302 -0.3535533906  0.3535533906
==== e(   1) =     1.50790 eV ==== 
     psi = 0.320*[#   1]+0.225*[#   2]+0.225*[#   3]+0.225*[#   4]
    |psi|^2 = 0.996
==== e(   2) =     7.24185 eV ==== 
     psi = 0.373*[#   1]+0.198*[#   2]+0.198*[#   3]+0.198*[#   4]
    |psi|^2 = 0.967
==== e(   3) =    13.05964 eV ==== 
     psi = 0.237*[#   1]+0.203*[#   2]+0.203*[#   3]+0.203*[#   4]
    |psi|^2 = 0.846
==== e(   4) =    17.64895 eV ==== 
     psi = 0.256*[#   2]+0.256*[#   3]+0.256*[#   4]
    |psi|^2 = 0.769
==== e(   5) =    19.58134 eV ==== 
     psi = 0.062*[#   1]+0.020*[#   2]+0.020*[#   3]+0.020*[#   4]
    |psi|^2 = 0.121
==== e(   6) =    22.85420 eV ==== 
     psi = 0.053*[#   2]+0.053*[#   3]+0.053*[#   4]
    |psi|^2 = 0.158

 k =  -0.0942809042 -0.3299831646  0.3299831646
==== e(   1) =     0.85282 eV ==== 
     psi = 0.320*[#   1]+0.225*[#   2]+0.225*[#   3]+0.225*[#   4]
    |psi|^2 = 0.997
==== e(   2) =     8.28527 eV ==== 
     psi = 0.337*[#   1]+0.206*[#   2]+0.206*[#   3]+0.206*[#   4]
    |psi|^2 = 0.955
==== e(   3) =    13.01300 eV ==== 
     psi = 0.272*[#   1]+0.195*[#   2]+0.195*[#   3]+0.195*[#   4]
    |psi|^2 = 0.857
==== e(   4) =    18.10520 eV ==== 
     psi = 0.246*[#   2]+0.246*[#   3]+0.246*[#   4]
    |psi|^2 = 0.739
==== e(   5) =    20.06716 eV ==== 
     psi = 0.060*[#   1]+0.016*[#   2]+0.016*[#   3]+0.016*[#   4]
    |psi|^2 = 0.108
==== e(   6) =    22.78322 eV ==== 
     psi = 0.053*[#   2]+0.053*[#   3]+0.053*[#   4]
    |psi|^2 = 0.160

 k =  -0.0707106781 -0.3064129385  0.3064129385
==== e(   1) =     0.25370 eV ==== 
     psi = 0.324*[#   1]+0.224*[#   2]+0.224*[#   3]+0.224*[#   4]
    |psi|^2 = 0.997
==== e(   2) =     9.36445 eV ==== 
     psi = 0.282*[#   1]+0.219*[#   2]+0.219*[#   3]+0.219*[#   4]
    |psi|^2 = 0.938
==== e(   3) =    13.03352 eV ==== 
     psi = 0.320*[#   1]+0.182*[#   2]+0.182*[#   3]+0.182*[#   4]
    |psi|^2 = 0.865
==== e(   4) =    18.61136 eV ==== 
     psi = 0.235*[#   2]+0.235*[#   3]+0.235*[#   4]
    |psi|^2 = 0.706
==== e(   5) =    20.59986 eV ==== 
     psi = 0.059*[#   1]+0.012*[#   2]+0.012*[#   3]+0.012*[#   4]
    |psi|^2 = 0.096
==== e(   6) =    22.75368 eV ==== 
     psi = 0.051*[#   2]+0.051*[#   3]+0.051*[#   4]
    |psi|^2 = 0.153

 k =  -0.0471404521 -0.2828427125  0.2828427125
==== e(   1) =    -0.28866 eV ==== 
     psi = 0.334*[#   1]+0.221*[#   2]+0.221*[#   3]+0.221*[#   4]
    |psi|^2 = 0.997
==== e(   2) =    10.46252 eV ==== 
     psi = 0.239*[#   2]+0.239*[#   3]+0.239*[#   4]+0.200*[#   1]
    |psi|^2 = 0.916
==== e(   3) =    13.13584 eV ==== 
     psi = 0.389*[#   1]+0.160*[#   2]+0.160*[#   3]+0.160*[#   4]
    |psi|^2 = 0.868
==== e(   4) =    19.16613 eV ==== 
     psi = 0.224*[#   2]+0.224*[#   3]+0.224*[#   4]
    |psi|^2 = 0.671
==== e(   5) =    21.17595 eV ==== 
     psi = 0.057*[#   1]+0.010*[#   2]+0.010*[#   3]+0.010*[#   4]
    |psi|^2 = 0.086
==== e(   6) =    22.75197 eV ==== 
     psi = 0.042*[#   2]+0.042*[#   3]+0.042*[#   4]
    |psi|^2 = 0.126

 k =  -0.0235702260 -0.2592724864  0.2592724864
==== e(   1) =    -0.77359 eV ==== 
     psi = 0.349*[#   1]+0.216*[#   2]+0.216*[#   3]+0.216*[#   4]
    |psi|^2 = 0.997
==== e(   2) =    11.53205 eV ==== 
     psi = 0.267*[#   2]+0.267*[#   3]+0.267*[#   4]+0.085*[#   1]
    |psi|^2 = 0.885
==== e(   3) =    13.36440 eV ==== 
     psi = 0.484*[#   1]+0.128*[#   2]+0.128*[#   3]+0.128*[#   4]
    |psi|^2 = 0.869
==== e(   4) =    19.76718 eV ==== 
     psi = 0.212*[#   2]+0.212*[#   3]+0.212*[#   4]
    |psi|^2 = 0.636
==== e(   5) =    21.79004 eV ==== 
     psi = 0.055*[#   1]+0.008*[#   2]+0.008*[#   3]+0.008*[#   4]
    |psi|^2 = 0.079
==== e(   6) =    22.72988 eV ==== 
     psi = 0.021*[#   2]+0.021*[#   3]+0.021*[#   4]
    |psi|^2 = 0.062

 k =   0.0000000000 -0.2357022604  0.2357022604
==== e(   1) =    -1.20048 eV ==== 
     psi = 0.372*[#   1]+0.209*[#   2]+0.209*[#   3]+0.209*[#   4]
    |psi|^2 = 0.997
==== e(   2) =    12.43233 eV ==== 
     psi = 0.282*[#   2]+0.282*[#   3]+0.282*[#   4]
    |psi|^2 = 0.847
==== e(   3) =    13.85546 eV ==== 
     psi = 0.542*[#   1]+0.107*[#   2]+0.107*[#   3]+0.107*[#   4]
    |psi|^2 = 0.864
==== e(   4) =    20.40983 eV ==== 
     psi = 0.203*[#   2]+0.203*[#   3]+0.203*[#   4]
    |psi|^2 = 0.609
==== e(   5) =    22.43300 eV ==== 
     psi = 0.052*[#   1]+0.008*[#   2]+0.008*[#   3]+0.008*[#   4]
    |psi|^2 = 0.075
==== e(   6) =    22.51953 eV ==== 

    |psi|^2 = 0.000

 k =   0.2828427125  0.0000000000  0.0000000000
==== e(   1) =    -1.75834 eV ==== 
     psi = 0.404*[#   1]+0.198*[#   2]+0.198*[#   3]+0.198*[#   4]
    |psi|^2 = 0.997
==== e(   2) =    16.31792 eV ==== 
     psi = 0.285*[#   2]+0.285*[#   3]+0.285*[#   4]
    |psi|^2 = 0.854
==== e(   3) =    16.31792 eV ==== 
     psi = 0.285*[#   2]+0.285*[#   3]+0.285*[#   4]
    |psi|^2 = 0.854
==== e(   4) =    16.38803 eV ==== 

    |psi|^2 = 0.000
==== e(   5) =    18.70157 eV ==== 
     psi = 0.152*[#   1]+0.033*[#   2]+0.033*[#   3]+0.033*[#   4]
    |psi|^2 = 0.252
==== e(   6) =    19.72841 eV ==== 
     psi = 0.415*[#   1]+0.089*[#   2]+0.089*[#   3]+0.089*[#   4]
    |psi|^2 = 0.682

 k =   0.3064129385  0.0235702260 -0.0235702260
==== e(   1) =    -1.48913 eV ==== 
     psi = 0.376*[#   1]+0.207*[#   2]+0.207*[#   3]+0.207*[#   4]
    |psi|^2 = 0.997
==== e(   2) =    15.19574 eV ==== 
     psi = 0.188*[#   2]+0.188*[#   3]+0.188*[#   4]+0.020*[#   1]
    |psi|^2 = 0.584
==== e(   3) =    16.03661 eV ==== 
     psi = 0.291*[#   2]+0.291*[#   3]+0.291*[#   4]
    |psi|^2 = 0.874
==== e(   4) =    16.73542 eV ==== 
     psi = 0.090*[#   2]+0.090*[#   3]+0.090*[#   4]+0.019*[#   1]
    |psi|^2 = 0.289
==== e(   5) =    17.88345 eV ==== 
     psi = 0.190*[#   1]+0.039*[#   2]+0.039*[#   3]+0.039*[#   4]
    |psi|^2 = 0.308
==== e(   6) =    19.64176 eV ==== 
     psi = 0.366*[#   1]+0.090*[#   2]+0.090*[#   3]+0.090*[#   4]
    |psi|^2 = 0.636

 k =   0.3299831646  0.0471404521 -0.0471404521
==== e(   1) =    -1.16081 eV ==== 
     psi = 0.353*[#   1]+0.215*[#   2]+0.215*[#   3]+0.215*[#   4]
    |psi|^2 = 0.997
==== e(   2) =    13.99074 eV ==== 
     psi = 0.213*[#   2]+0.213*[#   3]+0.213*[#   4]+0.062*[#   1]
    |psi|^2 = 0.700
==== e(   3) =    15.80691 eV ==== 
     psi = 0.296*[#   2]+0.296*[#   3]+0.296*[#   4]
    |psi|^2 = 0.889
==== e(   4) =    16.89029 eV ==== 
     psi = 0.045*[#   2]+0.045*[#   3]+0.045*[#   4]+0.002*[#   1]
    |psi|^2 = 0.138
==== e(   5) =    17.17028 eV ==== 
     psi = 0.306*[#   1]+0.055*[#   2]+0.055*[#   3]+0.055*[#   4]
    |psi|^2 = 0.472
==== e(   6) =    19.90288 eV ==== 
     psi = 0.252*[#   1]+0.096*[#   2]+0.096*[#   3]+0.096*[#   4]
    |psi|^2 = 0.539

 k =   0.3535533906  0.0707106781 -0.0707106781
==== e(   1) =    -0.77377 eV ==== 
     psi = 0.334*[#   1]+0.221*[#   2]+0.221*[#   3]+0.221*[#   4]
    |psi|^2 = 0.997
==== e(   2) =    12.78082 eV ==== 
     psi = 0.226*[#   2]+0.226*[#   3]+0.226*[#   4]+0.113*[#   1]
    |psi|^2 = 0.792
==== e(   3) =    15.62877 eV ==== 
     psi = 0.301*[#   2]+0.301*[#   3]+0.301*[#   4]
    |psi|^2 = 0.902
==== e(   4) =    16.34955 eV ==== 
     psi = 0.161*[#   1]+0.060*[#   2]+0.060*[#   3]+0.060*[#   4]
    |psi|^2 = 0.342
==== e(   5) =    17.05814 eV ==== 
     psi = 0.220*[#   1]+0.036*[#   2]+0.036*[#   3]+0.036*[#   4]
    |psi|^2 = 0.329
==== e(   6) =    20.44961 eV ==== 
     psi = 0.150*[#   1]+0.089*[#   2]+0.089*[#   3]+0.089*[#   4]
    |psi|^2 = 0.417

 k =   0.3771236166  0.0942809042 -0.0942809042
==== e(   1) =    -0.32852 eV ==== 
     psi = 0.321*[#   1]+0.225*[#   2]+0.225*[#   3]+0.225*[#   4]
    |psi|^2 = 0.997
==== e(   2) =    11.58904 eV ==== 
     psi = 0.231*[#   2]+0.231*[#   3]+0.231*[#   4]+0.166*[#   1]
    |psi|^2 = 0.859
==== e(   3) =    15.50217 eV ==== 
     psi = 0.303*[#   2]+0.303*[#   3]+0.303*[#   4]
    |psi|^2 = 0.910
==== e(   4) =    15.68709 eV ==== 
     psi = 0.206*[#   1]+0.081*[#   2]+0.081*[#   3]+0.081*[#   4]
    |psi|^2 = 0.448
==== e(   5) =    17.05254 eV ==== 
     psi = 0.205*[#   1]+0.031*[#   2]+0.031*[#   3]+0.031*[#   4]
    |psi|^2 = 0.298
==== e(   6) =    21.18397 eV ==== 
     psi = 0.085*[#   1]+0.073*[#   2]+0.073*[#   3]+0.073*[#   4]
    |psi|^2 = 0.303

 k =   0.4006938427  0.1178511302 -0.1178511302
==== e(   1) =     0.17438 eV ==== 
     psi = 0.312*[#   1]+0.228*[#   2]+0.228*[#   3]+0.228*[#   4]
    |psi|^2 = 0.997
==== e(   2) =    10.42789 eV ==== 
     psi = 0.230*[#   2]+0.230*[#   3]+0.230*[#   4]+0.216*[#   1]
    |psi|^2 = 0.905
==== e(   3) =    15.06832 eV ==== 
     psi = 0.225*[#   1]+0.101*[#   2]+0.101*[#   3]+0.101*[#   4]
    |psi|^2 = 0.528
==== e(   4) =    15.42706 eV ==== 
     psi = 0.305*[#   2]+0.305*[#   3]+0.305*[#   4]
    |psi|^2 = 0.916
==== e(   5) =    17.04794 eV ==== 
     psi = 0.185*[#   1]+0.032*[#   2]+0.032*[#   3]+0.032*[#   4]
    |psi|^2 = 0.283
==== e(   6) =    22.03453 eV ==== 
     psi = 0.056*[#   2]+0.056*[#   3]+0.056*[#   4]+0.048*[#   1]
    |psi|^2 = 0.215

 k =   0.4242640687  0.1414213562 -0.1414213562
==== e(   1) =     0.73425 eV ==== 
     psi = 0.308*[#   1]+0.230*[#   2]+0.230*[#   3]+0.230*[#   4]
    |psi|^2 = 0.997
==== e(   2) =     9.30465 eV ==== 
     psi = 0.260*[#   1]+0.225*[#   2]+0.225*[#   3]+0.225*[#   4]
    |psi|^2 = 0.936
==== e(   3) =    14.49979 eV ==== 
     psi = 0.232*[#   1]+0.121*[#   2]+0.121*[#   3]+0.121*[#   4]
    |psi|^2 = 0.596
==== e(   4) =    15.40344 eV ==== 
     psi = 0.306*[#   2]+0.306*[#   3]+0.306*[#   4]
    |psi|^2 = 0.918
==== e(   5) =    17.06947 eV ==== 
     psi = 0.161*[#   1]+0.035*[#   2]+0.035*[#   3]+0.035*[#   4]
    |psi|^2 = 0.265
==== e(   6) =    22.95932 eV ==== 
     psi = 0.041*[#   2]+0.041*[#   3]+0.041*[#   4]+0.027*[#   1]
    |psi|^2 = 0.152

 k =   0.4478342948  0.1649915823 -0.1649915823
==== e(   1) =     1.35033 eV ==== 
     psi = 0.307*[#   1]+0.230*[#   2]+0.230*[#   3]+0.230*[#   4]
    |psi|^2 = 0.996
==== e(   2) =     8.22400 eV ==== 
     psi = 0.298*[#   1]+0.220*[#   2]+0.220*[#   3]+0.220*[#   4]
    |psi|^2 = 0.957
==== e(   3) =    13.98340 eV ==== 
     psi = 0.234*[#   1]+0.140*[#   2]+0.140*[#   3]+0.140*[#   4]
    |psi|^2 = 0.655
==== e(   4) =    15.43132 eV ==== 
     psi = 0.305*[#   2]+0.305*[#   3]+0.305*[#   4]
    |psi|^2 = 0.916
==== e(   5) =    17.13108 eV ==== 
     psi = 0.137*[#   1]+0.035*[#   2]+0.035*[#   3]+0.035*[#   4]
    |psi|^2 = 0.244
==== e(   6) =    23.92859 eV ==== 
     psi = 0.031*[#   2]+0.031*[#   3]+0.031*[#   4]+0.016*[#   1]
    |psi|^2 = 0.108

 k =   0.4714045208  0.1885618083 -0.1885618083
==== e(   1) =     2.02164 eV ==== 
     psi = 0.308*[#   1]+0.229*[#   2]+0.229*[#   3]+0.229*[#   4]
    |psi|^2 = 0.996
==== e(   2) =     7.18920 eV ==== 
     psi = 0.327*[#   1]+0.214*[#   2]+0.214*[#   3]+0.214*[#   4]
    |psi|^2 = 0.971
==== e(   3) =    13.52031 eV ==== 
     psi = 0.233*[#   1]+0.157*[#   2]+0.157*[#   3]+0.157*[#   4]
    |psi|^2 = 0.705
==== e(   4) =    15.51072 eV ==== 
     psi = 0.304*[#   2]+0.304*[#   3]+0.304*[#   4]
    |psi|^2 = 0.912
==== e(   5) =    17.23993 eV ==== 
     psi = 0.117*[#   1]+0.035*[#   2]+0.035*[#   3]+0.035*[#   4]
    |psi|^2 = 0.221
==== e(   6) =    24.90820 eV ==== 
     psi = 0.023*[#   2]+0.023*[#   3]+0.023*[#   4]+0.009*[#   1]
    |psi|^2 = 0.078

 k =  -0.2121320344 -0.4949747468  0.4949747468
==== e(   1) =     2.74676 eV ==== 
     psi = 0.305*[#   1]+0.230*[#   2]+0.230*[#   3]+0.230*[#   4]
    |psi|^2 = 0.994
==== e(   2) =     6.20302 eV ==== 
     psi = 0.352*[#   1]+0.209*[#   2]+0.209*[#   3]+0.209*[#   4]
    |psi|^2 = 0.980
==== e(   3) =    13.11146 eV ==== 
     psi = 0.231*[#   1]+0.172*[#   2]+0.172*[#   3]+0.172*[#   4]
    |psi|^2 = 0.747
==== e(   4) =    15.64167 eV ==== 
     psi = 0.301*[#   2]+0.301*[#   3]+0.301*[#   4]
    |psi|^2 = 0.904
==== e(   5) =    17.39967 eV ==== 
     psi = 0.100*[#   1]+0.032*[#   2]+0.032*[#   3]+0.032*[#   4]
    |psi|^2 = 0.197
==== e(   6) =    24.97255 eV ==== 
     psi = 0.027*[#   2]+0.027*[#   3]+0.027*[#   4]
    |psi|^2 = 0.081

 k =  -0.1885618083 -0.4714045208  0.4714045208
==== e(   1) =     3.52210 eV ==== 
     psi = 0.286*[#   1]+0.236*[#   2]+0.236*[#   3]+0.236*[#   4]
    |psi|^2 = 0.993
==== e(   2) =     5.26970 eV ==== 
     psi = 0.386*[#   1]+0.200*[#   2]+0.200*[#   3]+0.200*[#   4]
    |psi|^2 = 0.985
==== e(   3) =    12.75775 eV ==== 
     psi = 0.232*[#   1]+0.183*[#   2]+0.183*[#   3]+0.183*[#   4]
    |psi|^2 = 0.782
==== e(   4) =    15.82421 eV ==== 
     psi = 0.298*[#   2]+0.298*[#   3]+0.298*[#   4]
    |psi|^2 = 0.894
==== e(   5) =    17.61213 eV ==== 
     psi = 0.088*[#   1]+0.029*[#   2]+0.029*[#   3]+0.029*[#   4]
    |psi|^2 = 0.175
==== e(   6) =    24.65073 eV ==== 
     psi = 0.029*[#   2]+0.029*[#   3]+0.029*[#   4]
    |psi|^2 = 0.088

 k =  -0.1649915823 -0.4478342948  0.4478342948
==== e(   1) =     4.23594 eV ==== 
     psi = 0.332*[#   2]+0.332*[#   3]+0.332*[#   4]
    |psi|^2 = 0.997
==== e(   2) =     4.50108 eV ==== 
     psi = 0.676*[#   1]+0.102*[#   2]+0.102*[#   3]+0.102*[#   4]
    |psi|^2 = 0.982
==== e(   3) =    12.46017 eV ==== 
     psi = 0.238*[#   1]+0.191*[#   2]+0.191*[#   3]+0.191*[#   4]
    |psi|^2 = 0.811
==== e(   4) =    16.05838 eV ==== 
     psi = 0.293*[#   2]+0.293*[#   3]+0.293*[#   4]
    |psi|^2 = 0.880
==== e(   5) =    17.87799 eV ==== 
     psi = 0.079*[#   1]+0.025*[#   2]+0.025*[#   3]+0.025*[#   4]
    |psi|^2 = 0.155
==== e(   6) =    24.37539 eV ==== 
     psi = 0.032*[#   2]+0.032*[#   3]+0.032*[#   4]
    |psi|^2 = 0.096

 k =  -0.1414213562 -0.4242640687  0.4242640687
==== e(   1) =     3.52677 eV ==== 
     psi = 0.281*[#   1]+0.238*[#   2]+0.238*[#   3]+0.238*[#   4]
    |psi|^2 = 0.994
==== e(   2) =     5.25810 eV ==== 
     psi = 0.390*[#   1]+0.198*[#   2]+0.198*[#   3]+0.198*[#   4]
    |psi|^2 = 0.983
==== e(   3) =    12.21995 eV ==== 
     psi = 0.250*[#   1]+0.195*[#   2]+0.195*[#   3]+0.195*[#   4]
    |psi|^2 = 0.835
==== e(   4) =    16.34415 eV ==== 
     psi = 0.288*[#   2]+0.288*[#   3]+0.288*[#   4]
    |psi|^2 = 0.863
==== e(   5) =    18.19723 eV ==== 
     psi = 0.073*[#   1]+0.021*[#   2]+0.021*[#   3]+0.021*[#   4]
    |psi|^2 = 0.137
==== e(   6) =    24.14745 eV ==== 
     psi = 0.034*[#   2]+0.034*[#   3]+0.034*[#   4]
    |psi|^2 = 0.103

 k =  -0.1178511302 -0.4006938427  0.4006938427
==== e(   1) =     2.74982 eV ==== 
     psi = 0.302*[#   1]+0.231*[#   2]+0.231*[#   3]+0.231*[#   4]
    |psi|^2 = 0.995
==== e(   2) =     6.18409 eV ==== 
     psi = 0.352*[#   1]+0.209*[#   2]+0.209*[#   3]+0.209*[#   4]
    |psi|^2 = 0.978
==== e(   3) =    12.03895 eV ==== 
     psi = 0.270*[#   1]+0.195*[#   2]+0.195*[#   3]+0.195*[#   4]
    |psi|^2 = 0.854
==== e(   4) =    16.68150 eV ==== 
     psi = 0.281*[#   2]+0.281*[#   3]+0.281*[#   4]
    |psi|^2 = 0.843
==== e(   5) =    18.56923 eV ==== 
     psi = 0.070*[#   1]+0.018*[#   2]+0.018*[#   3]+0.018*[#   4]
    |psi|^2 = 0.122
==== e(   6) =    23.96707 eV ==== 
     psi = 0.037*[#   2]+0.037*[#   3]+0.037*[#   4]
    |psi|^2 = 0.110

 k =  -0.0942809042 -0.3771236166  0.3771236166
==== e(   1) =     2.02365 eV ==== 
     psi = 0.307*[#   1]+0.230*[#   2]+0.230*[#   3]+0.230*[#   4]
    |psi|^2 = 0.996
==== e(   2) =     7.15740 eV ==== 
     psi = 0.317*[#   1]+0.218*[#   2]+0.218*[#   3]+0.218*[#   4]
    |psi|^2 = 0.970
==== e(   3) =    11.92034 eV ==== 
     psi = 0.302*[#   1]+0.189*[#   2]+0.189*[#   3]+0.189*[#   4]
    |psi|^2 = 0.869
==== e(   4) =    17.07030 eV ==== 
     psi = 0.273*[#   2]+0.273*[#   3]+0.273*[#   4]
    |psi|^2 = 0.819
==== e(   5) =    18.99288 eV ==== 
     psi = 0.067*[#   1]+0.014*[#   2]+0.014*[#   3]+0.014*[#   4]
    |psi|^2 = 0.110
==== e(   6) =    23.83337 eV ==== 
     psi = 0.038*[#   2]+0.038*[#   3]+0.038*[#   4]
    |psi|^2 = 0.115

 k =  -0.0707106781 -0.3535533906  0.3535533906
==== e(   1) =     1.35165 eV ==== 
     psi = 0.309*[#   1]+0.229*[#   2]+0.229*[#   3]+0.229*[#   4]
    |psi|^2 = 0.996
==== e(   2) =     8.16783 eV ==== 
     psi = 0.268*[#   1]+0.231*[#   2]+0.231*[#   3]+0.231*[#   4]
    |psi|^2 = 0.959
==== e(   3) =    11.87067 eV ==== 
     psi = 0.349*[#   1]+0.177*[#   2]+0.177*[#   3]+0.177*[#   4]
    |psi|^2 = 0.879
==== e(   4) =    17.51030 eV ==== 
     psi = 0.264*[#   2]+0.264*[#   3]+0.264*[#   4]
    |psi|^2 = 0.791
==== e(   5) =    19.46648 eV ==== 
     psi = 0.066*[#   1]+0.011*[#   2]+0.011*[#   3]+0.011*[#   4]
    |psi|^2 = 0.099
==== e(   6) =    23.74310 eV ==== 
     psi = 0.038*[#   2]+0.038*[#   3]+0.038*[#   4]
    |psi|^2 = 0.115

 k =  -0.0471404521 -0.3299831646  0.3299831646
==== e(   1) =     0.73511 eV ==== 
     psi = 0.313*[#   1]+0.228*[#   2]+0.228*[#   3]+0.228*[#   4]
    |psi|^2 = 0.997
==== e(   2) =     9.19733 eV ==== 
     psi = 0.251*[#   2]+0.251*[#   3]+0.251*[#   4]+0.192*[#   1]
    |psi|^2 = 0.946
==== e(   3) =    11.90602 eV ==== 
     psi = 0.419*[#   1]+0.155*[#   2]+0.155*[#   3]+0.155*[#   4]
    |psi|^2 = 0.886
==== e(   4) =    18.00106 eV ==== 
     psi = 0.253*[#   2]+0.253*[#   3]+0.253*[#   4]
    |psi|^2 = 0.758
==== e(   5) =    19.98762 eV ==== 
     psi = 0.064*[#   1]+0.009*[#   2]+0.009*[#   3]+0.009*[#   4]
    |psi|^2 = 0.091
==== e(   6) =    23.68626 eV ==== 
     psi = 0.034*[#   2]+0.034*[#   3]+0.034*[#   4]
    |psi|^2 = 0.103

 k =  -0.0235702260 -0.3064129385  0.3064129385
==== e(   1) =     0.17492 eV ==== 
     psi = 0.320*[#   1]+0.226*[#   2]+0.226*[#   3]+0.226*[#   4]
    |psi|^2 = 0.997
==== e(   2) =    10.19606 eV ==== 
     psi = 0.282*[#   2]+0.282*[#   3]+0.282*[#   4]+0.082*[#   1]
    |psi|^2 = 0.928
==== e(   3) =    12.07406 eV ==== 
     psi = 0.520*[#   1]+0.123*[#   2]+0.123*[#   3]+0.123*[#   4]
    |psi|^2 = 0.889
==== e(   4) =    18.54185 eV ==== 
     psi = 0.240*[#   2]+0.240*[#   3]+0.240*[#   4]
    |psi|^2 = 0.720
==== e(   5) =    20.55280 eV ==== 
     psi = 0.062*[#   1]+0.007*[#   2]+0.007*[#   3]+0.007*[#   4]
    |psi|^2 = 0.084
==== e(   6) =    23.62321 eV ==== 
     psi = 0.020*[#   2]+0.020*[#   3]+0.020*[#   4]
    |psi|^2 = 0.061

 k =   0.0000000000 -0.2828427125  0.2828427125
==== e(   1) =    -0.32819 eV ==== 
     psi = 0.332*[#   1]+0.222*[#   2]+0.222*[#   3]+0.222*[#   4]
    |psi|^2 = 0.997
==== e(   2) =    11.02186 eV ==== 
     psi = 0.302*[#   2]+0.302*[#   3]+0.302*[#   4]
    |psi|^2 = 0.905
==== e(   3) =    12.51406 eV ==== 
     psi = 0.588*[#   1]+0.099*[#   2]+0.099*[#   3]+0.099*[#   4]
    |psi|^2 = 0.886
==== e(   4) =    19.13142 eV ==== 
     psi = 0.226*[#   2]+0.226*[#   3]+0.226*[#   4]
    |psi|^2 = 0.678
==== e(   5) =    21.15665 eV ==== 
     psi = 0.059*[#   1]+0.007*[#   2]+0.007*[#   3]+0.007*[#   4]
    |psi|^2 = 0.080
==== e(   6) =    23.37165 eV ==== 

    |psi|^2 = 0.000

 k =   0.3299831646  0.0000000000  0.0000000000
==== e(   1) =    -1.24034 eV ==== 
     psi = 0.356*[#   1]+0.214*[#   2]+0.214*[#   3]+0.214*[#   4]
    |psi|^2 = 0.997
==== e(   2) =    15.72880 eV ==== 

    |psi|^2 = 0.000
==== e(   3) =    15.73718 eV ==== 
     psi = 0.297*[#   2]+0.297*[#   3]+0.297*[#   4]
    |psi|^2 = 0.892
==== e(   4) =    15.73718 eV ==== 
     psi = 0.297*[#   2]+0.297*[#   3]+0.297*[#   4]
    |psi|^2 = 0.892
==== e(   5) =    17.02925 eV ==== 
     psi = 0.205*[#   1]+0.038*[#   2]+0.038*[#   3]+0.038*[#   4]
    |psi|^2 = 0.320
==== e(   6) =    19.21525 eV ==== 
     psi = 0.412*[#   1]+0.071*[#   2]+0.071*[#   3]+0.071*[#   4]
    |psi|^2 = 0.624

 k =   0.3535533906  0.0235702260 -0.0235702260
==== e(   1) =    -0.93246 eV ==== 
     psi = 0.338*[#   1]+0.220*[#   2]+0.220*[#   3]+0.220*[#   4]
    |psi|^2 = 0.997
==== e(   2) =    14.60989 eV ==== 
     psi = 0.190*[#   2]+0.190*[#   3]+0.190*[#   4]+0.014*[#   1]
    |psi|^2 = 0.583
==== e(   3) =    15.48954 eV ==== 
     psi = 0.302*[#   2]+0.302*[#   3]+0.302*[#   4]
    |psi|^2 = 0.907
==== e(   4) =    16.11373 eV ==== 
     psi = 0.088*[#   2]+0.088*[#   3]+0.088*[#   4]+0.012*[#   1]
    |psi|^2 = 0.275
==== e(   5) =    16.27267 eV ==== 
     psi = 0.258*[#   1]+0.058*[#   2]+0.058*[#   3]+0.058*[#   4]
    |psi|^2 = 0.432
==== e(   6) =    19.14616 eV ==== 
     psi = 0.353*[#   1]+0.073*[#   2]+0.073*[#   3]+0.073*[#   4]
    |psi|^2 = 0.571

 k =   0.3771236166  0.0471404521 -0.0471404521
==== e(   1) =    -0.56589 eV ==== 
     psi = 0.324*[#   1]+0.225*[#   2]+0.225*[#   3]+0.225*[#   4]
    |psi|^2 = 0.997
==== e(   2) =    13.43818 eV ==== 
     psi = 0.221*[#   2]+0.221*[#   3]+0.221*[#   4]+0.048*[#   1]
    |psi|^2 = 0.710
==== e(   3) =    15.29361 eV ==== 
     psi = 0.306*[#   2]+0.306*[#   3]+0.306*[#   4]
    |psi|^2 = 0.919
==== e(   4) =    15.47265 eV ==== 
     psi = 0.243*[#   1]+0.057*[#   2]+0.057*[#   3]+0.057*[#   4]
    |psi|^2 = 0.413
==== e(   5) =    16.42047 eV ==== 
     psi = 0.125*[#   1]+0.054*[#   2]+0.054*[#   3]+0.054*[#   4]
    |psi|^2 = 0.286
==== e(   6) =    19.43085 eV ==== 
     psi = 0.240*[#   1]+0.080*[#   2]+0.080*[#   3]+0.080*[#   4]
    |psi|^2 = 0.479

 k =   0.4006938427  0.0707106781 -0.0707106781
==== e(   1) =    -0.14111 eV ==== 
     psi = 0.313*[#   1]+0.228*[#   2]+0.228*[#   3]+0.228*[#   4]
    |psi|^2 = 0.997
==== e(   2) =    12.26203 eV ==== 
     psi = 0.238*[#   2]+0.238*[#   3]+0.238*[#   4]+0.091*[#   1]
    |psi|^2 = 0.804
==== e(   3) =    14.78066 eV ==== 
     psi = 0.276*[#   1]+0.072*[#   2]+0.072*[#   3]+0.072*[#   4]
    |psi|^2 = 0.492
==== e(   4) =    15.14931 eV ==== 
     psi = 0.309*[#   2]+0.309*[#   3]+0.309*[#   4]
    |psi|^2 = 0.928
==== e(   5) =    16.52663 eV ==== 
     psi = 0.163*[#   1]+0.029*[#   2]+0.029*[#   3]+0.029*[#   4]
    |psi|^2 = 0.251
==== e(   6) =    20.00599 eV ==== 
     psi = 0.141*[#   1]+0.074*[#   2]+0.074*[#   3]+0.074*[#   4]
    |psi|^2 = 0.364

 k =   0.4242640687  0.0942809042 -0.0942809042
==== e(   1) =     0.34131 eV ==== 
     psi = 0.305*[#   1]+0.231*[#   2]+0.231*[#   3]+0.231*[#   4]
    |psi|^2 = 0.997
==== e(   2) =    11.10465 eV ==== 
     psi = 0.245*[#   2]+0.245*[#   3]+0.245*[#   4]+0.137*[#   1]
    |psi|^2 = 0.871
==== e(   3) =    14.13832 eV ==== 
     psi = 0.293*[#   1]+0.090*[#   2]+0.090*[#   3]+0.090*[#   4]
    |psi|^2 = 0.565
==== e(   4) =    15.05659 eV ==== 
     psi = 0.311*[#   2]+0.311*[#   3]+0.311*[#   4]
    |psi|^2 = 0.934
==== e(   5) =    16.56872 eV ==== 
     psi = 0.171*[#   1]+0.022*[#   2]+0.022*[#   3]+0.022*[#   4]
    |psi|^2 = 0.237
==== e(   6) =    20.77307 eV ==== 
     psi = 0.079*[#   1]+0.060*[#   2]+0.060*[#   3]+0.060*[#   4]
    |psi|^2 = 0.260

 k =   0.4478342948  0.1178511302 -0.1178511302
==== e(   1) =     0.88070 eV ==== 
     psi = 0.301*[#   1]+0.232*[#   2]+0.232*[#   3]+0.232*[#   4]
    |psi|^2 = 0.997
==== e(   2) =     9.97848 eV ==== 
     psi = 0.244*[#   2]+0.244*[#   3]+0.244*[#   4]+0.183*[#   1]
    |psi|^2 = 0.916
==== e(   3) =    13.54766 eV ==== 
     psi = 0.301*[#   1]+0.110*[#   2]+0.110*[#   3]+0.110*[#   4]
    |psi|^2 = 0.630
==== e(   4) =    15.01542 eV ==== 
     psi = 0.312*[#   2]+0.312*[#   3]+0.312*[#   4]
    |psi|^2 = 0.937
==== e(   5) =    16.60475 eV ==== 
     psi = 0.161*[#   1]+0.021*[#   2]+0.021*[#   3]+0.021*[#   4]
    |psi|^2 = 0.225
==== e(   6) =    21.65999 eV ==== 
     psi = 0.045*[#   2]+0.045*[#   3]+0.045*[#   4]+0.044*[#   1]
    |psi|^2 = 0.179

 k =   0.4714045208  0.1414213562 -0.1414213562
==== e(   1) =     1.47629 eV ==== 
     psi = 0.299*[#   1]+0.232*[#   2]+0.232*[#   3]+0.232*[#   4]
    |psi|^2 = 0.996
==== e(   2) =     8.89078 eV ==== 
     psi = 0.240*[#   2]+0.240*[#   3]+0.240*[#   4]+0.225*[#   1]
    |psi|^2 = 0.945
==== e(   3) =    13.00984 eV ==== 
     psi = 0.301*[#   1]+0.129*[#   2]+0.129*[#   3]+0.129*[#   4]
    |psi|^2 = 0.687
==== e(   4) =    15.02578 eV ==== 
     psi = 0.312*[#   2]+0.312*[#   3]+0.312*[#   4]
    |psi|^2 = 0.937
==== e(   5) =    16.66560 eV ==== 
     psi = 0.142*[#   1]+0.022*[#   2]+0.022*[#   3]+0.022*[#   4]
    |psi|^2 = 0.209
==== e(   6) =    22.62505 eV ==== 
     psi = 0.032*[#   2]+0.032*[#   3]+0.032*[#   4]+0.025*[#   1]
    |psi|^2 = 0.123

 k =   0.4949747468  0.1649915823 -0.1649915823
==== e(   1) =     2.12706 eV ==== 
     psi = 0.297*[#   1]+0.233*[#   2]+0.233*[#   3]+0.233*[#   4]
    |psi|^2 = 0.995
==== e(   2) =     7.84621 eV ==== 
     psi = 0.262*[#   1]+0.234*[#   2]+0.234*[#   3]+0.234*[#   4]
    |psi|^2 = 0.963
==== e(   3) =    12.52592 eV ==== 
     psi = 0.297*[#   1]+0.146*[#   2]+0.146*[#   3]+0.146*[#   4]
    |psi|^2 = 0.735
==== e(   4) =    15.08769 eV ==== 
     psi = 0.311*[#   2]+0.311*[#   3]+0.311*[#   4]
    |psi|^2 = 0.934
==== e(   5) =    16.76632 eV ==== 
     psi = 0.123*[#   1]+0.022*[#   2]+0.022*[#   3]+0.022*[#   4]
    |psi|^2 = 0.190
==== e(   6) =    23.64103 eV ==== 
     psi = 0.023*[#   2]+0.023*[#   3]+0.023*[#   4]+0.015*[#   1]
    |psi|^2 = 0.084

 k =  -0.1885618083 -0.5185449729  0.5185449729
==== e(   1) =     2.83165 eV ==== 
     psi = 0.293*[#   1]+0.234*[#   2]+0.234*[#   3]+0.234*[#   4]
    |psi|^2 = 0.994
==== e(   2) =     6.84819 eV ==== 
     psi = 0.293*[#   1]+0.227*[#   2]+0.227*[#   3]+0.227*[#   4]
    |psi|^2 = 0.975
==== e(   3) =    12.09695 eV ==== 
     psi = 0.293*[#   1]+0.161*[#   2]+0.161*[#   3]+0.161*[#   4]
    |psi|^2 = 0.775
==== e(   4) =    15.20118 eV ==== 
     psi = 0.310*[#   2]+0.310*[#   3]+0.310*[#   4]
    |psi|^2 = 0.929
==== e(   5) =    16.91434 eV ==== 
     psi = 0.107*[#   1]+0.022*[#   2]+0.022*[#   3]+0.022*[#   4]
    |psi|^2 = 0.171
==== e(   6) =    24.68237 eV ==== 
     psi = 0.017*[#   2]+0.017*[#   3]+0.017*[#   4]+0.009*[#   1]
    |psi|^2 = 0.058

 k =  -0.1649915823 -0.4949747468  0.4949747468
==== e(   1) =     3.58735 eV ==== 
     psi = 0.278*[#   1]+0.238*[#   2]+0.238*[#   3]+0.238*[#   4]
    |psi|^2 = 0.992
==== e(   2) =     5.90038 eV ==== 
     psi = 0.327*[#   1]+0.219*[#   2]+0.219*[#   3]+0.219*[#   4]
    |psi|^2 = 0.983
==== e(   3) =    11.72407 eV ==== 
     psi = 0.292*[#   1]+0.172*[#   2]+0.172*[#   3]+0.172*[#   4]
    |psi|^2 = 0.808
==== e(   4) =    15.36627 eV ==== 
     psi = 0.307*[#   2]+0.307*[#   3]+0.307*[#   4]
    |psi|^2 = 0.920
==== e(   5) =    17.11336 eV ==== 
     psi = 0.094*[#   1]+0.020*[#   2]+0.020*[#   3]+0.020*[#   4]
    |psi|^2 = 0.153
==== e(   6) =    25.71019 eV ==== 
     psi = 0.012*[#   2]+0.012*[#   3]+0.012*[#   4]+0.005*[#   1]
    |psi|^2 = 0.041

 k =  -0.1414213562 -0.4714045208  0.4714045208
==== e(   1) =     4.37579 eV ==== 
     psi = 0.270*[#   2]+0.270*[#   3]+0.270*[#   4]+0.181*[#   1]
    |psi|^2 = 0.991
==== e(   2) =     5.02124 eV ==== 
     psi = 0.431*[#   1]+0.185*[#   2]+0.185*[#   3]+0.185*[#   4]
    |psi|^2 = 0.986
==== e(   3) =    11.40867 eV ==== 
     psi = 0.296*[#   1]+0.180*[#   2]+0.180*[#   3]+0.180*[#   4]
    |psi|^2 = 0.835
==== e(   4) =    15.58301 eV ==== 
     psi = 0.303*[#   2]+0.303*[#   3]+0.303*[#   4]
    |psi|^2 = 0.909
==== e(   5) =    17.36507 eV ==== 
     psi = 0.084*[#   1]+0.017*[#   2]+0.017*[#   3]+0.017*[#   4]
    |psi|^2 = 0.137
==== e(   6) =    25.44553 eV ==== 
     psi = 0.024*[#   2]+0.024*[#   3]+0.024*[#   4]
    |psi|^2 = 0.071

 k =  -0.1178511302 -0.4478342948  0.4478342948
==== e(   1) =     4.12459 eV ==== 
     psi = 0.253*[#   2]+0.253*[#   3]+0.253*[#   4]+0.235*[#   1]
    |psi|^2 = 0.993
==== e(   2) =     5.28205 eV ==== 
     psi = 0.372*[#   1]+0.204*[#   2]+0.204*[#   3]+0.204*[#   4]
    |psi|^2 = 0.983
==== e(   3) =    11.15277 eV ==== 
     psi = 0.308*[#   1]+0.183*[#   2]+0.183*[#   3]+0.183*[#   4]
    |psi|^2 = 0.857
==== e(   4) =    15.85143 eV ==== 
     psi = 0.298*[#   2]+0.298*[#   3]+0.298*[#   4]
    |psi|^2 = 0.895
==== e(   5) =    17.67000 eV ==== 
     psi = 0.078*[#   1]+0.015*[#   2]+0.015*[#   3]+0.015*[#   4]
    |psi|^2 = 0.122
==== e(   6) =    25.20464 eV ==== 
     psi = 0.025*[#   2]+0.025*[#   3]+0.025*[#   4]
    |psi|^2 = 0.076

 k =  -0.0942809042 -0.4242640687  0.4242640687
==== e(   1) =     3.33682 eV ==== 
     psi = 0.280*[#   1]+0.238*[#   2]+0.238*[#   3]+0.238*[#   4]
    |psi|^2 = 0.994
==== e(   2) =     6.17697 eV ==== 
     psi = 0.307*[#   1]+0.224*[#   2]+0.224*[#   3]+0.224*[#   4]
    |psi|^2 = 0.978
==== e(   3) =    10.95980 eV ==== 
     psi = 0.333*[#   1]+0.180*[#   2]+0.180*[#   3]+0.180*[#   4]
    |psi|^2 = 0.874
==== e(   4) =    16.17152 eV ==== 
     psi = 0.293*[#   2]+0.293*[#   3]+0.293*[#   4]
    |psi|^2 = 0.878
==== e(   5) =    18.02789 eV ==== 
     psi = 0.074*[#   1]+0.012*[#   2]+0.012*[#   3]+0.012*[#   4]
    |psi|^2 = 0.110
==== e(   6) =    25.01019 eV ==== 
     psi = 0.027*[#   2]+0.027*[#   3]+0.027*[#   4]
    |psi|^2 = 0.081

 k =  -0.0707106781 -0.4006938427  0.4006938427
==== e(   1) =     2.59531 eV ==== 
     psi = 0.292*[#   1]+0.234*[#   2]+0.234*[#   3]+0.234*[#   4]
    |psi|^2 = 0.995
==== e(   2) =     7.11647 eV ==== 
     psi = 0.256*[#   1]+0.238*[#   2]+0.238*[#   3]+0.238*[#   4]
    |psi|^2 = 0.972
==== e(   3) =    10.83665 eV ==== 
     psi = 0.374*[#   1]+0.171*[#   2]+0.171*[#   3]+0.171*[#   4]
    |psi|^2 = 0.886
==== e(   4) =    16.54324 eV ==== 
     psi = 0.286*[#   2]+0.286*[#   3]+0.286*[#   4]
    |psi|^2 = 0.857
==== e(   5) =    18.43782 eV ==== 
     psi = 0.071*[#   1]+0.010*[#   2]+0.010*[#   3]+0.010*[#   4]
    |psi|^2 = 0.101
==== e(   6) =    24.86080 eV ==== 
     psi = 0.028*[#   2]+0.028*[#   3]+0.028*[#   4]
    |psi|^2 = 0.084

 k =  -0.0471404521 -0.3771236166  0.3771236166
==== e(   1) =     1.90695 eV ==== 
     psi = 0.298*[#   1]+0.233*[#   2]+0.233*[#   3]+0.233*[#   4]
    |psi|^2 = 0.996
==== e(   2) =     8.07674 eV ==== 
     psi = 0.260*[#   2]+0.260*[#   3]+0.260*[#   4]+0.185*[#   1]
    |psi|^2 = 0.964
==== e(   3) =    10.80018 eV ==== 
     psi = 0.440*[#   1]+0.151*[#   2]+0.151*[#   3]+0.151*[#   4]
    |psi|^2 = 0.894
==== e(   4) =    16.96648 eV ==== 
     psi = 0.277*[#   2]+0.277*[#   3]+0.277*[#   4]
    |psi|^2 = 0.832
==== e(   5) =    18.89825 eV ==== 
     psi = 0.070*[#   1]+0.008*[#   2]+0.008*[#   3]+0.008*[#   4]
    |psi|^2 = 0.094
==== e(   6) =    24.75040 eV ==== 
     psi = 0.027*[#   2]+0.027*[#   3]+0.027*[#   4]
    |psi|^2 = 0.080

 k =  -0.0235702260 -0.3535533906  0.3535533906
==== e(   1) =     1.27346 eV ==== 
     psi = 0.303*[#   1]+0.231*[#   2]+0.231*[#   3]+0.231*[#   4]
    |psi|^2 = 0.997
==== e(   2) =     9.00585 eV ==== 
     psi = 0.292*[#   2]+0.292*[#   3]+0.292*[#   4]+0.080*[#   1]
    |psi|^2 = 0.954
==== e(   3) =    10.90005 eV ==== 
     psi = 0.540*[#   1]+0.119*[#   2]+0.119*[#   3]+0.119*[#   4]
    |psi|^2 = 0.897
==== e(   4) =    17.44099 eV ==== 
     psi = 0.267*[#   2]+0.267*[#   3]+0.267*[#   4]
    |psi|^2 = 0.801
==== e(   5) =    19.40683 eV ==== 
     psi = 0.068*[#   1]+0.007*[#   2]+0.007*[#   3]+0.007*[#   4]
    |psi|^2 = 0.088
==== e(   6) =    24.65079 eV ==== 
     psi = 0.018*[#   2]+0.018*[#   3]+0.018*[#   4]
    |psi|^2 = 0.055

 k =   0.0000000000 -0.3299831646  0.3299831646
==== e(   1) =     0.69585 eV ==== 
     psi = 0.310*[#   1]+0.229*[#   2]+0.229*[#   3]+0.229*[#   4]
    |psi|^2 = 0.997
==== e(   2) =     9.75879 eV ==== 
     psi = 0.314*[#   2]+0.314*[#   3]+0.314*[#   4]
    |psi|^2 = 0.942
==== e(   3) =    11.27911 eV ==== 
     psi = 0.613*[#   1]+0.095*[#   2]+0.095*[#   3]+0.095*[#   4]
    |psi|^2 = 0.896
==== e(   4) =    17.96636 eV ==== 
     psi = 0.255*[#   2]+0.255*[#   3]+0.255*[#   4]
    |psi|^2 = 0.764
==== e(   5) =    19.96012 eV ==== 
     psi = 0.066*[#   1]+0.007*[#   2]+0.007*[#   3]+0.007*[#   4]
    |psi|^2 = 0.085
==== e(   6) =    24.37251 eV ==== 

    |psi|^2 = 0.000

 k =   0.3771236166  0.0000000000  0.0000000000
==== e(   1) =    -0.64510 eV ==== 
     psi = 0.325*[#   1]+0.224*[#   2]+0.224*[#   3]+0.224*[#   4]
    |psi|^2 = 0.997
==== e(   2) =    15.14210 eV ==== 

    |psi|^2 = 0.000
==== e(   3) =    15.22410 eV ==== 
     psi = 0.307*[#   2]+0.307*[#   3]+0.307*[#   4]
    |psi|^2 = 0.922
==== e(   4) =    15.22410 eV ==== 
     psi = 0.307*[#   2]+0.307*[#   3]+0.307*[#   4]
    |psi|^2 = 0.922
==== e(   5) =    15.40558 eV ==== 
     psi = 0.273*[#   1]+0.046*[#   2]+0.046*[#   3]+0.046*[#   4]
    |psi|^2 = 0.412
==== e(   6) =    18.73647 eV ==== 
     psi = 0.380*[#   1]+0.055*[#   2]+0.055*[#   3]+0.055*[#   4]
    |psi|^2 = 0.545

 k =   0.4006938427  0.0235702260 -0.0235702260
==== e(   1) =    -0.29911 eV ==== 
     psi = 0.314*[#   1]+0.228*[#   2]+0.228*[#   3]+0.228*[#   4]
    |psi|^2 = 0.997
==== e(   2) =    14.08992 eV ==== 
     psi = 0.191*[#   2]+0.191*[#   3]+0.191*[#   4]+0.004*[#   1]
    |psi|^2 = 0.577
==== e(   3) =    14.63661 eV ==== 
     psi = 0.307*[#   1]+0.052*[#   2]+0.052*[#   3]+0.052*[#   4]
    |psi|^2 = 0.462
==== e(   4) =    15.01047 eV ==== 
     psi = 0.311*[#   2]+0.311*[#   3]+0.311*[#   4]
    |psi|^2 = 0.933
==== e(   5) =    15.64423 eV ==== 
     psi = 0.110*[#   2]+0.110*[#   3]+0.110*[#   4]+0.037*[#   1]
    |psi|^2 = 0.368
==== e(   6) =    18.69161 eV ==== 
     psi = 0.319*[#   1]+0.058*[#   2]+0.058*[#   3]+0.058*[#   4]
    |psi|^2 = 0.492

 k =   0.4242640687  0.0471404521 -0.0471404521
==== e(   1) =     0.10505 eV ==== 
     psi = 0.306*[#   1]+0.230*[#   2]+0.230*[#   3]+0.230*[#   4]
    |psi|^2 = 0.997
==== e(   2) =    12.95174 eV ==== 
     psi = 0.229*[#   2]+0.229*[#   3]+0.229*[#   4]+0.026*[#   1]
    |psi|^2 = 0.713
==== e(   3) =    13.92233 eV ==== 
     psi = 0.344*[#   1]+0.062*[#   2]+0.062*[#   3]+0.062*[#   4]
    |psi|^2 = 0.530
==== e(   4) =    14.84855 eV ==== 
     psi = 0.314*[#   2]+0.314*[#   3]+0.314*[#   4]
    |psi|^2 = 0.942
==== e(   5) =    15.93107 eV ==== 
     psi = 0.095*[#   1]+0.057*[#   2]+0.057*[#   3]+0.057*[#   4]
    |psi|^2 = 0.266
==== e(   6) =    19.00629 eV ==== 
     psi = 0.214*[#   1]+0.065*[#   2]+0.065*[#   3]+0.065*[#   4]
    |psi|^2 = 0.410

 k =   0.4478342948  0.0707106781 -0.0707106781
==== e(   1) =     0.56679 eV ==== 
     psi = 0.300*[#   1]+0.232*[#   2]+0.232*[#   3]+0.232*[#   4]
    |psi|^2 = 0.997
==== e(   2) =    11.81098 eV ==== 
     psi = 0.250*[#   2]+0.250*[#   3]+0.250*[#   4]+0.062*[#   1]
    |psi|^2 = 0.812
==== e(   3) =    13.25821 eV ==== 
     psi = 0.366*[#   1]+0.077*[#   2]+0.077*[#   3]+0.077*[#   4]
    |psi|^2 = 0.597
==== e(   4) =    14.73827 eV ==== 
     psi = 0.316*[#   2]+0.316*[#   3]+0.316*[#   4]
    |psi|^2 = 0.948
==== e(   5) =    16.07575 eV ==== 
     psi = 0.135*[#   1]+0.028*[#   2]+0.028*[#   3]+0.028*[#   4]
    |psi|^2 = 0.220
==== e(   6) =    19.61439 eV ==== 
     psi = 0.124*[#   1]+0.062*[#   2]+0.062*[#   3]+0.062*[#   4]
    |psi|^2 = 0.309

 k =   0.4714045208  0.0942809042 -0.0942809042
==== e(   1) =     1.08544 eV ==== 
     psi = 0.297*[#   1]+0.233*[#   2]+0.233*[#   3]+0.233*[#   4]
    |psi|^2 = 0.996
==== e(   2) =    10.68983 eV ==== 
     psi = 0.258*[#   2]+0.258*[#   3]+0.258*[#   4]+0.105*[#   1]
    |psi|^2 = 0.879
==== e(   3) =    12.64573 eV ==== 
     psi = 0.374*[#   1]+0.095*[#   2]+0.095*[#   3]+0.095*[#   4]
    |psi|^2 = 0.659
==== e(   4) =    14.67958 eV ==== 
     psi = 0.317*[#   2]+0.317*[#   3]+0.317*[#   4]
    |psi|^2 = 0.951
==== e(   5) =    16.15582 eV ==== 
     psi = 0.146*[#   1]+0.017*[#   2]+0.017*[#   3]+0.017*[#   4]
    |psi|^2 = 0.198
==== e(   6) =    20.41657 eV ==== 
     psi = 0.069*[#   1]+0.049*[#   2]+0.049*[#   3]+0.049*[#   4]
    |psi|^2 = 0.217

 k =   0.4949747468  0.1178511302 -0.1178511302
==== e(   1) =     1.66018 eV ==== 
     psi = 0.294*[#   1]+0.234*[#   2]+0.234*[#   3]+0.234*[#   4]
    |psi|^2 = 0.996
==== e(   2) =     9.60029 eV ==== 
     psi = 0.258*[#   2]+0.258*[#   3]+0.258*[#   4]+0.149*[#   1]
    |psi|^2 = 0.923
==== e(   3) =    12.08637 eV ==== 
     psi = 0.373*[#   1]+0.114*[#   2]+0.114*[#   3]+0.114*[#   4]
    |psi|^2 = 0.714
==== e(   4) =    14.67246 eV ==== 
     psi = 0.317*[#   2]+0.317*[#   3]+0.317*[#   4]
    |psi|^2 = 0.952
==== e(   5) =    16.23011 eV ==== 
     psi = 0.138*[#   1]+0.014*[#   2]+0.014*[#   3]+0.014*[#   4]
    |psi|^2 = 0.181
==== e(   6) =    21.34043 eV ==== 
     psi = 0.039*[#   1]+0.036*[#   2]+0.036*[#   3]+0.036*[#   4]
    |psi|^2 = 0.147

 k =   0.5185449729  0.1414213562 -0.1414213562
==== e(   1) =     2.28994 eV ==== 
     psi = 0.290*[#   1]+0.235*[#   2]+0.235*[#   3]+0.235*[#   4]
    |psi|^2 = 0.995
==== e(   2) =     8.54951 eV ==== 
     psi = 0.253*[#   2]+0.253*[#   3]+0.253*[#   4]+0.191*[#   1]
    |psi|^2 = 0.951
==== e(   3) =    11.58149 eV ==== 
     psi = 0.367*[#   1]+0.131*[#   2]+0.131*[#   3]+0.131*[#   4]
    |psi|^2 = 0.761
==== e(   4) =    14.71690 eV ==== 
     psi = 0.317*[#   2]+0.317*[#   3]+0.317*[#   4]
    |psi|^2 = 0.951
==== e(   5) =    16.32959 eV ==== 
     psi = 0.124*[#   1]+0.014*[#   2]+0.014*[#   3]+0.014*[#   4]
    |psi|^2 = 0.165
==== e(   6) =    22.34445 eV ==== 
     psi = 0.025*[#   2]+0.025*[#   3]+0.025*[#   4]+0.022*[#   1]
    |psi|^2 = 0.098

 k =  -0.1649915823 -0.5421151989  0.5421151989
==== e(   1) =     2.97328 eV ==== 
     psi = 0.284*[#   1]+0.237*[#   2]+0.237*[#   3]+0.237*[#   4]
    |psi|^2 = 0.993
==== e(   2) =     7.54225 eV ==== 
     psi = 0.246*[#   2]+0.246*[#   3]+0.246*[#   4]+0.229*[#   1]
    |psi|^2 = 0.968
==== e(   3) =    11.13242 eV ==== 
     psi = 0.360*[#   1]+0.147*[#   2]+0.147*[#   3]+0.147*[#   4]
    |psi|^2 = 0.799
==== e(   4) =    14.81291 eV ==== 
     psi = 0.315*[#   2]+0.315*[#   3]+0.315*[#   4]
    |psi|^2 = 0.946
==== e(   5) =    16.46924 eV ==== 
     psi = 0.109*[#   1]+0.013*[#   2]+0.013*[#   3]+0.013*[#   4]
    |psi|^2 = 0.149
==== e(   6) =    23.40279 eV ==== 
     psi = 0.017*[#   2]+0.017*[#   3]+0.017*[#   4]+0.013*[#   1]
    |psi|^2 = 0.066

 k =  -0.1414213562 -0.5185449729  0.5185449729
==== e(   1) =     3.70772 eV ==== 
     psi = 0.269*[#   1]+0.241*[#   2]+0.241*[#   3]+0.241*[#   4]
    |psi|^2 = 0.991
==== e(   2) =     6.58246 eV ==== 
     psi = 0.266*[#   1]+0.238*[#   2]+0.238*[#   3]+0.238*[#   4]
    |psi|^2 = 0.979
==== e(   3) =    10.74071 eV ==== 
     psi = 0.356*[#   1]+0.158*[#   2]+0.158*[#   3]+0.158*[#   4]
    |psi|^2 = 0.830
==== e(   4) =    14.96054 eV ==== 
     psi = 0.313*[#   2]+0.313*[#   3]+0.313*[#   4]
    |psi|^2 = 0.940
==== e(   5) =    16.65638 eV ==== 
     psi = 0.097*[#   1]+0.012*[#   2]+0.012*[#   3]+0.012*[#   4]
    |psi|^2 = 0.134
==== e(   6) =    24.49383 eV ==== 
     psi = 0.012*[#   2]+0.012*[#   3]+0.012*[#   4]+0.008*[#   1]
    |psi|^2 = 0.044

 k =  -0.1178511302 -0.4949747468  0.4949747468
==== e(   1) =     4.48515 eV ==== 
     psi = 0.256*[#   2]+0.256*[#   3]+0.256*[#   4]+0.220*[#   1]
    |psi|^2 = 0.989
==== e(   2) =     5.67814 eV ==== 
     psi = 0.324*[#   1]+0.220*[#   2]+0.220*[#   3]+0.220*[#   4]
    |psi|^2 = 0.984
==== e(   3) =    10.40850 eV ==== 
     psi = 0.359*[#   1]+0.165*[#   2]+0.165*[#   3]+0.165*[#   4]
    |psi|^2 = 0.855
==== e(   4) =    15.15982 eV ==== 
     psi = 0.310*[#   2]+0.310*[#   3]+0.310*[#   4]
    |psi|^2 = 0.930
==== e(   5) =    16.89453 eV ==== 
     psi = 0.088*[#   1]+0.011*[#   2]+0.011*[#   3]+0.011*[#   4]
    |psi|^2 = 0.121
==== e(   6) =    25.59115 eV ==== 
     psi = 0.008*[#   2]+0.008*[#   3]+0.008*[#   4]+0.005*[#   1]
    |psi|^2 = 0.030

 k =  -0.0942809042 -0.4714045208  0.4714045208
==== e(   1) =     4.76482 eV ==== 
     psi = 0.280*[#   2]+0.280*[#   3]+0.280*[#   4]+0.151*[#   1]
    |psi|^2 = 0.993
==== e(   2) =     5.36788 eV ==== 
     psi = 0.387*[#   1]+0.198*[#   2]+0.198*[#   3]+0.198*[#   4]
    |psi|^2 = 0.982
==== e(   3) =    10.13933 eV ==== 
     psi = 0.373*[#   1]+0.167*[#   2]+0.167*[#   3]+0.167*[#   4]
    |psi|^2 = 0.874
==== e(   4) =    15.41081 eV ==== 
     psi = 0.306*[#   2]+0.306*[#   3]+0.306*[#   4]
    |psi|^2 = 0.919
==== e(   5) =    17.18520 eV ==== 
     psi = 0.081*[#   1]+0.010*[#   2]+0.010*[#   3]+0.010*[#   4]
    |psi|^2 = 0.110
==== e(   6) =    26.30403 eV ==== 
     psi = 0.019*[#   2]+0.019*[#   3]+0.019*[#   4]
    |psi|^2 = 0.057

 k =  -0.0707106781 -0.4478342948  0.4478342948
==== e(   1) =     3.97759 eV ==== 
     psi = 0.253*[#   1]+0.247*[#   2]+0.247*[#   3]+0.247*[#   4]
    |psi|^2 = 0.993
==== e(   2) =     6.21465 eV ==== 
     psi = 0.259*[#   1]+0.240*[#   2]+0.240*[#   3]+0.240*[#   4]
    |psi|^2 = 0.979
==== e(   3) =     9.94024 eV ==== 
     psi = 0.404*[#   1]+0.161*[#   2]+0.161*[#   3]+0.161*[#   4]
    |psi|^2 = 0.888
==== e(   4) =    15.71353 eV ==== 
     psi = 0.301*[#   2]+0.301*[#   3]+0.301*[#   4]
    |psi|^2 = 0.904
==== e(   5) =    17.52867 eV ==== 
     psi = 0.077*[#   1]+0.008*[#   2]+0.008*[#   3]+0.008*[#   4]
    |psi|^2 = 0.101
==== e(   6) =    26.09730 eV ==== 
     psi = 0.020*[#   2]+0.020*[#   3]+0.020*[#   4]
    |psi|^2 = 0.060

 k =  -0.0471404521 -0.4242640687  0.4242640687
==== e(   1) =     3.22192 eV ==== 
     psi = 0.275*[#   1]+0.240*[#   2]+0.240*[#   3]+0.240*[#   4]
    |psi|^2 = 0.995
==== e(   2) =     7.10334 eV ==== 
     psi = 0.264*[#   2]+0.264*[#   3]+0.264*[#   4]+0.183*[#   1]
    |psi|^2 = 0.974
==== e(   3) =     9.82835 eV ==== 
     psi = 0.462*[#   1]+0.145*[#   2]+0.145*[#   3]+0.145*[#   4]
    |psi|^2 = 0.897
==== e(   4) =    16.06798 eV ==== 
     psi = 0.295*[#   2]+0.295*[#   3]+0.295*[#   4]
    |psi|^2 = 0.886
==== e(   5) =    17.92436 eV ==== 
     psi = 0.074*[#   1]+0.007*[#   2]+0.007*[#   3]+0.007*[#   4]
    |psi|^2 = 0.095
==== e(   6) =    25.93372 eV ==== 
     psi = 0.020*[#   2]+0.020*[#   3]+0.020*[#   4]
    |psi|^2 = 0.061

 k =  -0.0235702260 -0.4006938427  0.4006938427
==== e(   1) =     2.51791 eV ==== 
     psi = 0.286*[#   1]+0.236*[#   2]+0.236*[#   3]+0.236*[#   4]
    |psi|^2 = 0.996
==== e(   2) =     7.96324 eV ==== 
     psi = 0.297*[#   2]+0.297*[#   3]+0.297*[#   4]+0.079*[#   1]
    |psi|^2 = 0.970
==== e(   3) =     9.85434 eV ==== 
     psi = 0.556*[#   1]+0.115*[#   2]+0.115*[#   3]+0.115*[#   4]
    |psi|^2 = 0.900
==== e(   4) =    16.47413 eV ==== 
     psi = 0.288*[#   2]+0.288*[#   3]+0.288*[#   4]
    |psi|^2 = 0.864
==== e(   5) =    18.37093 eV ==== 
     psi = 0.072*[#   1]+0.006*[#   2]+0.006*[#   3]+0.006*[#   4]
    |psi|^2 = 0.091
==== e(   6) =    25.79876 eV ==== 
     psi = 0.017*[#   2]+0.017*[#   3]+0.017*[#   4]
    |psi|^2 = 0.050

 k =  -0.0000000000 -0.3771236166  0.3771236166
==== e(   1) =     1.86802 eV ==== 
     psi = 0.295*[#   1]+0.234*[#   2]+0.234*[#   3]+0.234*[#   4]
    |psi|^2 = 0.996
==== e(   2) =     8.64457 eV ==== 
     psi = 0.321*[#   2]+0.321*[#   3]+0.321*[#   4]
    |psi|^2 = 0.964
==== e(   3) =    10.16515 eV ==== 
     psi = 0.627*[#   1]+0.091*[#   2]+0.091*[#   3]+0.091*[#   4]
    |psi|^2 = 0.900
==== e(   4) =    16.93188 eV ==== 
     psi = 0.279*[#   2]+0.279*[#   3]+0.279*[#   4]
    |psi|^2 = 0.836
==== e(   5) =    18.86619 eV ==== 
     psi = 0.070*[#   1]+0.006*[#   2]+0.006*[#   3]+0.006*[#   4]
    |psi|^2 = 0.088
==== e(   6) =    25.51748 eV ==== 

    |psi|^2 = 0.000

 k =   0.4242640687  0.0000000000  0.0000000000
==== e(   1) =     0.02621 eV ==== 
     psi = 0.307*[#   1]+0.230*[#   2]+0.230*[#   3]+0.230*[#   4]
    |psi|^2 = 0.997
==== e(   2) =    13.83746 eV ==== 
     psi = 0.343*[#   1]+0.056*[#   2]+0.056*[#   3]+0.056*[#   4]
    |psi|^2 = 0.509
==== e(   3) =    14.63065 eV ==== 

    |psi|^2 = 0.000
==== e(   4) =    14.77921 eV ==== 
     psi = 0.315*[#   2]+0.315*[#   3]+0.315*[#   4]
    |psi|^2 = 0.944
==== e(   5) =    14.77921 eV ==== 
     psi = 0.315*[#   2]+0.315*[#   3]+0.315*[#   4]
    |psi|^2 = 0.944
==== e(   6) =    18.30340 eV ==== 
     psi = 0.334*[#   1]+0.042*[#   2]+0.042*[#   3]+0.042*[#   4]
    |psi|^2 = 0.459

 k =   0.4478342948  0.0235702260 -0.0235702260
==== e(   1) =     0.40958 eV ==== 
     psi = 0.302*[#   1]+0.232*[#   2]+0.232*[#   3]+0.232*[#   4]
    |psi|^2 = 0.997
==== e(   2) =    13.08615 eV ==== 
     psi = 0.348*[#   1]+0.072*[#   2]+0.072*[#   3]+0.072*[#   4]
    |psi|^2 = 0.562
==== e(   3) =    13.66099 eV ==== 
     psi = 0.179*[#   2]+0.179*[#   3]+0.179*[#   4]+0.034*[#   1]
    |psi|^2 = 0.571
==== e(   4) =    14.59974 eV ==== 
     psi = 0.318*[#   2]+0.318*[#   3]+0.318*[#   4]
    |psi|^2 = 0.953
==== e(   5) =    15.19987 eV ==== 
     psi = 0.119*[#   2]+0.119*[#   3]+0.119*[#   4]+0.028*[#   1]
    |psi|^2 = 0.386
==== e(   6) =    18.28761 eV ==== 
     psi = 0.275*[#   1]+0.045*[#   2]+0.045*[#   3]+0.045*[#   4]
    |psi|^2 = 0.410

 k =   0.4714045208  0.0471404521 -0.0471404521
==== e(   1) =     0.85044 eV ==== 
     psi = 0.298*[#   1]+0.233*[#   2]+0.233*[#   3]+0.233*[#   4]
    |psi|^2 = 0.996
==== e(   2) =    12.33965 eV ==== 
     psi = 0.196*[#   1]+0.149*[#   2]+0.149*[#   3]+0.149*[#   4]
    |psi|^2 = 0.642
==== e(   3) =    12.62401 eV ==== 
     psi = 0.234*[#   1]+0.155*[#   2]+0.155*[#   3]+0.155*[#   4]
    |psi|^2 = 0.700
==== e(   4) =    14.47195 eV ==== 
     psi = 0.320*[#   2]+0.320*[#   3]+0.320*[#   4]
    |psi|^2 = 0.959
==== e(   5) =    15.51862 eV ==== 
     psi = 0.079*[#   1]+0.061*[#   2]+0.061*[#   3]+0.061*[#   4]
    |psi|^2 = 0.261
==== e(   6) =    18.63650 eV ==== 
     psi = 0.182*[#   1]+0.053*[#   2]+0.053*[#   3]+0.053*[#   4]
    |psi|^2 = 0.341

 k =   0.4949747468  0.0707106781 -0.0707106781
==== e(   1) =     1.34807 eV ==== 
     psi = 0.295*[#   1]+0.234*[#   2]+0.234*[#   3]+0.234*[#   4]
    |psi|^2 = 0.996
==== e(   2) =    11.39079 eV ==== 
     psi = 0.266*[#   2]+0.266*[#   3]+0.266*[#   4]
    |psi|^2 = 0.800
==== e(   3) =    11.83657 eV ==== 
     psi = 0.477*[#   1]+0.075*[#   2]+0.075*[#   3]+0.075*[#   4]
    |psi|^2 = 0.703
==== e(   4) =    14.39579 eV ==== 
     psi = 0.321*[#   2]+0.321*[#   3]+0.321*[#   4]
    |psi|^2 = 0.963
==== e(   5) =    15.69809 eV ==== 
     psi = 0.114*[#   1]+0.028*[#   2]+0.028*[#   3]+0.028*[#   4]
    |psi|^2 = 0.199
==== e(   6) =    19.28051 eV ==== 
     psi = 0.105*[#   1]+0.051*[#   2]+0.051*[#   3]+0.051*[#   4]
    |psi|^2 = 0.257

 k =   0.5185449729  0.0942809042 -0.0942809042
==== e(   1) =     1.90155 eV ==== 
     psi = 0.291*[#   1]+0.235*[#   2]+0.235*[#   3]+0.235*[#   4]
    |psi|^2 = 0.995
==== e(   2) =    10.33196 eV ==== 
     psi = 0.278*[#   2]+0.278*[#   3]+0.278*[#   4]+0.048*[#   1]
    |psi|^2 = 0.882
==== e(   3) =    11.23134 eV ==== 
     psi = 0.472*[#   1]+0.090*[#   2]+0.090*[#   3]+0.090*[#   4]
    |psi|^2 = 0.742
==== e(   4) =    14.37121 eV ==== 
     psi = 0.321*[#   2]+0.321*[#   3]+0.321*[#   4]
    |psi|^2 = 0.964
==== e(   5) =    15.81490 eV ==== 
     psi = 0.124*[#   1]+0.015*[#   2]+0.015*[#   3]+0.015*[#   4]
    |psi|^2 = 0.167
==== e(   6) =    20.11922 eV ==== 
     psi = 0.058*[#   1]+0.040*[#   2]+0.040*[#   3]+0.040*[#   4]
    |psi|^2 = 0.179

 k =   0.5421151989  0.1178511302 -0.1178511302
==== e(   1) =     2.50971 eV ==== 
     psi = 0.286*[#   1]+0.236*[#   2]+0.236*[#   3]+0.236*[#   4]
    |psi|^2 = 0.994
==== e(   2) =     9.28772 eV ==== 
     psi = 0.276*[#   2]+0.276*[#   3]+0.276*[#   4]+0.101*[#   1]
    |psi|^2 = 0.928
==== e(   3) =    10.69797 eV ==== 
     psi = 0.456*[#   1]+0.109*[#   2]+0.109*[#   3]+0.109*[#   4]
    |psi|^2 = 0.784
==== e(   4) =    14.39819 eV ==== 
     psi = 0.321*[#   2]+0.321*[#   3]+0.321*[#   4]
    |psi|^2 = 0.963
==== e(   5) =    15.92710 eV ==== 
     psi = 0.119*[#   1]+0.010*[#   2]+0.010*[#   3]+0.010*[#   4]
    |psi|^2 = 0.147
==== e(   6) =    21.08022 eV ==== 
     psi = 0.033*[#   1]+0.029*[#   2]+0.029*[#   3]+0.029*[#   4]
    |psi|^2 = 0.120

 k =  -0.1414213562 -0.5656854249  0.5656854249
==== e(   1) =     3.17086 eV ==== 
     psi = 0.277*[#   1]+0.239*[#   2]+0.239*[#   3]+0.239*[#   4]
    |psi|^2 = 0.992
==== e(   2) =     8.27810 eV ==== 
     psi = 0.268*[#   2]+0.268*[#   3]+0.268*[#   4]+0.150*[#   1]
    |psi|^2 = 0.955
==== e(   3) =    10.22573 eV ==== 
     psi = 0.441*[#   1]+0.126*[#   2]+0.126*[#   3]+0.126*[#   4]
    |psi|^2 = 0.820
==== e(   4) =    14.47675 eV ==== 
     psi = 0.320*[#   2]+0.320*[#   3]+0.320*[#   4]
    |psi|^2 = 0.960
==== e(   5) =    16.06515 eV ==== 
     psi = 0.108*[#   1]+0.008*[#   2]+0.008*[#   3]+0.008*[#   4]
    |psi|^2 = 0.132
==== e(   6) =    22.12221 eV ==== 
     psi = 0.020*[#   2]+0.020*[#   3]+0.020*[#   4]+0.019*[#   1]
    |psi|^2 = 0.079

 k =  -0.1178511302 -0.5421151989  0.5421151989
==== e(   1) =     3.88223 eV ==== 
     psi = 0.258*[#   1]+0.244*[#   2]+0.244*[#   3]+0.244*[#   4]
    |psi|^2 = 0.990
==== e(   2) =     7.31077 eV ==== 
     psi = 0.259*[#   2]+0.259*[#   3]+0.259*[#   4]+0.195*[#   1]
    |psi|^2 = 0.971
==== e(   3) =     9.81436 eV ==== 
     psi = 0.432*[#   1]+0.139*[#   2]+0.139*[#   3]+0.139*[#   4]
    |psi|^2 = 0.849
==== e(   4) =    14.60692 eV ==== 
     psi = 0.318*[#   2]+0.318*[#   3]+0.318*[#   4]
    |psi|^2 = 0.954
==== e(   5) =    16.24374 eV ==== 
     psi = 0.098*[#   1]+0.007*[#   2]+0.007*[#   3]+0.007*[#   4]
    |psi|^2 = 0.118
==== e(   6) =    23.22000 eV ==== 
     psi = 0.013*[#   2]+0.013*[#   3]+0.013*[#   4]+0.012*[#   1]
    |psi|^2 = 0.052

 k =  -0.0942809042 -0.5185449729  0.5185449729
==== e(   1) =     4.63760 eV ==== 
     psi = 0.256*[#   2]+0.256*[#   3]+0.256*[#   4]+0.220*[#   1]
    |psi|^2 = 0.988
==== e(   2) =     6.39220 eV ==== 
     psi = 0.245*[#   2]+0.245*[#   3]+0.245*[#   4]+0.245*[#   1]
    |psi|^2 = 0.981
==== e(   3) =     9.46662 eV ==== 
     psi = 0.434*[#   1]+0.146*[#   2]+0.146*[#   3]+0.146*[#   4]
    |psi|^2 = 0.872
==== e(   4) =    14.78873 eV ==== 
     psi = 0.316*[#   2]+0.316*[#   3]+0.316*[#   4]
    |psi|^2 = 0.947
==== e(   5) =    16.46991 eV ==== 
     psi = 0.089*[#   1]+0.006*[#   2]+0.006*[#   3]+0.006*[#   4]
    |psi|^2 = 0.108
==== e(   6) =    24.35377 eV ==== 
     psi = 0.009*[#   2]+0.009*[#   3]+0.009*[#   4]+0.007*[#   1]
    |psi|^2 = 0.034

 k =  -0.0707106781 -0.4949747468  0.4949747468
==== e(   1) =     5.34091 eV ==== 
     psi = 0.329*[#   2]+0.329*[#   3]+0.329*[#   4]+0.004*[#   1]
    |psi|^2 = 0.991
==== e(   2) =     5.61376 eV ==== 
     psi = 0.451*[#   1]+0.177*[#   2]+0.177*[#   3]+0.177*[#   4]
    |psi|^2 = 0.981
==== e(   3) =     9.18921 eV ==== 
     psi = 0.453*[#   1]+0.145*[#   2]+0.145*[#   3]+0.145*[#   4]
    |psi|^2 = 0.888
==== e(   4) =    15.02225 eV ==== 
     psi = 0.312*[#   2]+0.312*[#   3]+0.312*[#   4]
    |psi|^2 = 0.937
==== e(   5) =    16.74694 eV ==== 
     psi = 0.083*[#   1]+0.005*[#   2]+0.005*[#   3]+0.005*[#   4]
    |psi|^2 = 0.100
==== e(   6) =    25.50180 eV ==== 
     psi = 0.006*[#   2]+0.006*[#   3]+0.006*[#   4]+0.005*[#   1]
    |psi|^2 = 0.023

 k =  -0.0471404521 -0.4714045208  0.4714045208
==== e(   1) =     4.67031 eV ==== 
     psi = 0.258*[#   2]+0.258*[#   3]+0.258*[#   4]+0.219*[#   1]
    |psi|^2 = 0.992
==== e(   2) =     6.28170 eV ==== 
     psi = 0.261*[#   2]+0.261*[#   3]+0.261*[#   4]+0.197*[#   1]
    |psi|^2 = 0.980
==== e(   3) =     8.99898 eV ==== 
     psi = 0.498*[#   1]+0.133*[#   2]+0.133*[#   3]+0.133*[#   4]
    |psi|^2 = 0.898
==== e(   4) =    15.30752 eV ==== 
     psi = 0.308*[#   2]+0.308*[#   3]+0.308*[#   4]
    |psi|^2 = 0.924
==== e(   5) =    17.07608 eV ==== 
     psi = 0.079*[#   1]+0.005*[#   2]+0.005*[#   3]+0.005*[#   4]
    |psi|^2 = 0.094
==== e(   6) =    26.63333 eV ==== 
     psi = 0.004*[#   2]+0.004*[#   3]+0.004*[#   4]+0.003*[#   1]
    |psi|^2 = 0.015

 k =  -0.0235702260 -0.4478342948  0.4478342948
==== e(   1) =     3.90230 eV ==== 
     psi = 0.254*[#   1]+0.247*[#   2]+0.247*[#   3]+0.247*[#   4]
    |psi|^2 = 0.994
==== e(   2) =     7.06944 eV ==== 
     psi = 0.300*[#   2]+0.300*[#   3]+0.300*[#   4]+0.081*[#   1]
    |psi|^2 = 0.980
==== e(   3) =     8.94680 eV ==== 
     psi = 0.582*[#   1]+0.106*[#   2]+0.106*[#   3]+0.106*[#   4]
    |psi|^2 = 0.901
==== e(   4) =    15.64459 eV ==== 
     psi = 0.303*[#   2]+0.303*[#   3]+0.303*[#   4]
    |psi|^2 = 0.909
==== e(   5) =    17.45729 eV ==== 
     psi = 0.076*[#   1]+0.005*[#   2]+0.005*[#   3]+0.005*[#   4]
    |psi|^2 = 0.091
==== e(   6) =    27.04787 eV ==== 
     psi = 0.015*[#   2]+0.015*[#   3]+0.015*[#   4]
    |psi|^2 = 0.044

 k =  -0.0000000000 -0.4242640687  0.4242640687
==== e(   1) =     3.18353 eV ==== 
     psi = 0.273*[#   1]+0.241*[#   2]+0.241*[#   3]+0.241*[#   4]
    |psi|^2 = 0.995
==== e(   2) =     7.67965 eV ==== 
     psi = 0.326*[#   2]+0.326*[#   3]+0.326*[#   4]
    |psi|^2 = 0.978
==== e(   3) =     9.18360 eV ==== 
     psi = 0.647*[#   1]+0.084*[#   2]+0.084*[#   3]+0.084*[#   4]
    |psi|^2 = 0.900
==== e(   4) =    16.03347 eV ==== 
     psi = 0.296*[#   2]+0.296*[#   3]+0.296*[#   4]
    |psi|^2 = 0.889
==== e(   5) =    17.88956 eV ==== 
     psi = 0.074*[#   1]+0.005*[#   2]+0.005*[#   3]+0.005*[#   4]
    |psi|^2 = 0.090
==== e(   6) =    26.79936 eV ==== 

    |psi|^2 = 0.000

 k =   0.4714045208  0.0000000000  0.0000000000
==== e(   1) =     0.77203 eV ==== 
     psi = 0.299*[#   1]+0.233*[#   2]+0.233*[#   3]+0.233*[#   4]
    |psi|^2 = 0.996
==== e(   2) =    12.32963 eV ==== 
     psi = 0.407*[#   1]+0.066*[#   2]+0.066*[#   3]+0.066*[#   4]
    |psi|^2 = 0.605
==== e(   3) =    14.19612 eV ==== 

    |psi|^2 = 0.000
==== e(   4) =    14.40275 eV ==== 
     psi = 0.320*[#   2]+0.320*[#   3]+0.320*[#   4]
    |psi|^2 = 0.961
==== e(   5) =    14.40275 eV ==== 
     psi = 0.320*[#   2]+0.320*[#   3]+0.320*[#   4]
    |psi|^2 = 0.961
==== e(   6) =    17.92477 eV ==== 
     psi = 0.283*[#   1]+0.031*[#   2]+0.031*[#   3]+0.031*[#   4]
    |psi|^2 = 0.375

 k =   0.4949747468  0.0235702260 -0.0235702260
==== e(   1) =     1.19176 eV ==== 
     psi = 0.296*[#   1]+0.233*[#   2]+0.233*[#   3]+0.233*[#   4]
    |psi|^2 = 0.995
==== e(   2) =    11.61573 eV ==== 
     psi = 0.423*[#   1]+0.077*[#   2]+0.077*[#   3]+0.077*[#   4]
    |psi|^2 = 0.654
==== e(   3) =    13.28509 eV ==== 
     psi = 0.182*[#   2]+0.182*[#   3]+0.182*[#   4]+0.018*[#   1]
    |psi|^2 = 0.562
==== e(   4) =    14.25750 eV ==== 
     psi = 0.322*[#   2]+0.322*[#   3]+0.322*[#   4]
    |psi|^2 = 0.967
==== e(   5) =    14.83057 eV ==== 
     psi = 0.127*[#   2]+0.127*[#   3]+0.127*[#   4]+0.023*[#   1]
    |psi|^2 = 0.404
==== e(   6) =    17.94148 eV ==== 
     psi = 0.230*[#   1]+0.034*[#   2]+0.034*[#   3]+0.034*[#   4]
    |psi|^2 = 0.332

 k =   0.5185449729  0.0471404521 -0.0471404521
==== e(   1) =     1.66800 eV ==== 
     psi = 0.294*[#   1]+0.234*[#   2]+0.234*[#   3]+0.234*[#   4]
    |psi|^2 = 0.995
==== e(   2) =    10.95103 eV ==== 
     psi = 0.411*[#   1]+0.099*[#   2]+0.099*[#   3]+0.099*[#   4]
    |psi|^2 = 0.708
==== e(   3) =    12.23821 eV ==== 
     psi = 0.217*[#   2]+0.217*[#   3]+0.217*[#   4]+0.070*[#   1]
    |psi|^2 = 0.721
==== e(   4) =    14.16389 eV ==== 
     psi = 0.324*[#   2]+0.324*[#   3]+0.324*[#   4]
    |psi|^2 = 0.971
==== e(   5) =    15.18047 eV ==== 
     psi = 0.066*[#   1]+0.064*[#   2]+0.064*[#   3]+0.064*[#   4]
    |psi|^2 = 0.258
==== e(   6) =    18.32718 eV ==== 
     psi = 0.150*[#   1]+0.043*[#   2]+0.043*[#   3]+0.043*[#   4]
    |psi|^2 = 0.279

 k =   0.5421151989  0.0707106781 -0.0707106781
==== e(   1) =     2.19971 eV ==== 
     psi = 0.290*[#   1]+0.234*[#   2]+0.234*[#   3]+0.234*[#   4]
    |psi|^2 = 0.994
==== e(   2) =    10.33138 eV ==== 
     psi = 0.359*[#   1]+0.134*[#   2]+0.134*[#   3]+0.134*[#   4]
    |psi|^2 = 0.762
==== e(   3) =    11.19312 eV ==== 
     psi = 0.219*[#   2]+0.219*[#   3]+0.219*[#   4]+0.162*[#   1]
    |psi|^2 = 0.819
==== e(   4) =    14.12188 eV ==== 
     psi = 0.324*[#   2]+0.324*[#   3]+0.324*[#   4]
    |psi|^2 = 0.973
==== e(   5) =    15.39434 eV ==== 
     psi = 0.096*[#   1]+0.029*[#   2]+0.029*[#   3]+0.029*[#   4]
    |psi|^2 = 0.183
==== e(   6) =    19.00871 eV ==== 
     psi = 0.086*[#   1]+0.042*[#   2]+0.042*[#   3]+0.042*[#   4]
    |psi|^2 = 0.211

 k =   0.5656854249  0.0942809042 -0.0942809042
==== e(   1) =     2.78544 eV ==== 
     psi = 0.283*[#   1]+0.236*[#   2]+0.236*[#   3]+0.236*[#   4]
    |psi|^2 = 0.992
==== e(   2) =     9.72645 eV ==== 
     psi = 0.210*[#   2]+0.210*[#   3]+0.210*[#   4]+0.195*[#   1]
    |psi|^2 = 0.826
==== e(   3) =    10.20713 eV ==== 
     psi = 0.363*[#   1]+0.168*[#   2]+0.168*[#   3]+0.168*[#   4]
    |psi|^2 = 0.865
==== e(   4) =    14.13144 eV ==== 
     psi = 0.324*[#   2]+0.324*[#   3]+0.324*[#   4]
    |psi|^2 = 0.973
==== e(   5) =    15.54785 eV ==== 
     psi = 0.106*[#   1]+0.013*[#   2]+0.013*[#   3]+0.013*[#   4]
    |psi|^2 = 0.144
==== e(   6) =    19.88462 eV ==== 
     psi = 0.048*[#   1]+0.033*[#   2]+0.033*[#   3]+0.033*[#   4]
    |psi|^2 = 0.147

 k =  -0.1178511302 -0.5892556510  0.5892556510
==== e(   1) =     3.42296 eV ==== 
     psi = 0.269*[#   1]+0.240*[#   2]+0.240*[#   3]+0.240*[#   4]
    |psi|^2 = 0.991
==== e(   2) =     8.97344 eV ==== 
     psi = 0.306*[#   2]+0.306*[#   3]+0.306*[#   4]
    |psi|^2 = 0.918
==== e(   3) =     9.45876 eV ==== 
     psi = 0.595*[#   1]+0.086*[#   2]+0.086*[#   3]+0.086*[#   4]
    |psi|^2 = 0.852
==== e(   4) =    14.19257 eV ==== 
     psi = 0.323*[#   2]+0.323*[#   3]+0.323*[#   4]
    |psi|^2 = 0.970
==== e(   5) =    15.69805 eV ==== 
     psi = 0.103*[#   1]+0.006*[#   2]+0.006*[#   3]+0.006*[#   4]
    |psi|^2 = 0.122
==== e(   6) =    20.88257 eV ==== 
     psi = 0.028*[#   1]+0.024*[#   2]+0.024*[#   3]+0.024*[#   4]
    |psi|^2 = 0.099

 k =  -0.0942809042 -0.5656854249  0.5656854249
==== e(   1) =     4.10845 eV ==== 
     psi = 0.248*[#   2]+0.248*[#   3]+0.248*[#   4]+0.246*[#   1]
    |psi|^2 = 0.989
==== e(   2) =     8.05799 eV ==== 
     psi = 0.296*[#   2]+0.296*[#   3]+0.296*[#   4]+0.070*[#   1]
    |psi|^2 = 0.957
==== e(   3) =     8.97395 eV ==== 
     psi = 0.566*[#   1]+0.100*[#   2]+0.100*[#   3]+0.100*[#   4]
    |psi|^2 = 0.865
==== e(   4) =    14.30528 eV ==== 
     psi = 0.322*[#   2]+0.322*[#   3]+0.322*[#   4]
    |psi|^2 = 0.966
==== e(   5) =    15.87476 eV ==== 
     psi = 0.097*[#   1]+0.004*[#   2]+0.004*[#   3]+0.004*[#   4]
    |psi|^2 = 0.107
==== e(   6) =    21.96149 eV ==== 
     psi = 0.017*[#   1]+0.016*[#   2]+0.016*[#   3]+0.016*[#   4]
    |psi|^2 = 0.065

 k =  -0.0707106781 -0.5421151989  0.5421151989
==== e(   1) =     4.83391 eV ==== 
     psi = 0.261*[#   2]+0.261*[#   3]+0.261*[#   4]+0.204*[#   1]
    |psi|^2 = 0.987
==== e(   2) =     7.14404 eV ==== 
     psi = 0.278*[#   2]+0.278*[#   3]+0.278*[#   4]+0.141*[#   1]
    |psi|^2 = 0.974
==== e(   3) =     8.60144 eV ==== 
     psi = 0.551*[#   1]+0.111*[#   2]+0.111*[#   3]+0.111*[#   4]
    |psi|^2 = 0.884
==== e(   4) =    14.46964 eV ==== 
     psi = 0.320*[#   2]+0.320*[#   3]+0.320*[#   4]
    |psi|^2 = 0.959
==== e(   5) =    16.09224 eV ==== 
     psi = 0.090*[#   1]+0.003*[#   2]+0.003*[#   3]+0.003*[#   4]
    |psi|^2 = 0.098
==== e(   6) =    23.09641 eV ==== 
     psi = 0.011*[#   2]+0.011*[#   3]+0.011*[#   4]+0.010*[#   1]
    |psi|^2 = 0.043

 k =  -0.0471404521 -0.5185449729  0.5185449729
==== e(   1) =     5.57346 eV ==== 
     psi = 0.292*[#   2]+0.292*[#   3]+0.292*[#   4]+0.110*[#   1]
    |psi|^2 = 0.986
==== e(   2) =     6.27668 eV ==== 
     psi = 0.254*[#   2]+0.254*[#   3]+0.254*[#   4]+0.221*[#   1]
    |psi|^2 = 0.982
==== e(   3) =     8.32501 eV ==== 
     psi = 0.573*[#   1]+0.108*[#   2]+0.108*[#   3]+0.108*[#   4]
    |psi|^2 = 0.896
==== e(   4) =    14.68568 eV ==== 
     psi = 0.317*[#   2]+0.317*[#   3]+0.317*[#   4]
    |psi|^2 = 0.950
==== e(   5) =    16.35722 eV ==== 
     psi = 0.085*[#   1]+0.002*[#   2]+0.002*[#   3]+0.002*[#   4]
    |psi|^2 = 0.092
==== e(   6) =    24.26790 eV ==== 
     psi = 0.007*[#   2]+0.007*[#   3]+0.007*[#   4]+0.007*[#   1]
    |psi|^2 = 0.029

 k =  -0.0235702260 -0.4949747468  0.4949747468
==== e(   1) =     5.41180 eV ==== 
     psi = 0.272*[#   2]+0.272*[#   3]+0.272*[#   4]+0.173*[#   1]
    |psi|^2 = 0.989
==== e(   2) =     6.32889 eV ==== 
     psi = 0.296*[#   2]+0.296*[#   3]+0.296*[#   4]+0.098*[#   1]
    |psi|^2 = 0.985
==== e(   3) =     8.18889 eV ==== 
     psi = 0.640*[#   1]+0.087*[#   2]+0.087*[#   3]+0.087*[#   4]
    |psi|^2 = 0.900
==== e(   4) =    14.95348 eV ==== 
     psi = 0.313*[#   2]+0.313*[#   3]+0.313*[#   4]
    |psi|^2 = 0.939
==== e(   5) =    16.67268 eV ==== 
     psi = 0.081*[#   1]+0.003*[#   2]+0.003*[#   3]+0.003*[#   4]
    |psi|^2 = 0.089
==== e(   6) =    25.45472 eV ==== 
     psi = 0.005*[#   2]+0.005*[#   3]+0.005*[#   4]+0.004*[#   1]
    |psi|^2 = 0.019

 k =  -0.0000000000 -0.4714045208  0.4714045208
==== e(   1) =     4.63452 eV ==== 
     psi = 0.255*[#   2]+0.255*[#   3]+0.255*[#   4]+0.225*[#   1]
    |psi|^2 = 0.992
==== e(   2) =     6.86398 eV ==== 
     psi = 0.329*[#   2]+0.329*[#   3]+0.329*[#   4]
    |psi|^2 = 0.987
==== e(   3) =     8.34536 eV ==== 
     psi = 0.689*[#   1]+0.070*[#   2]+0.070*[#   3]+0.070*[#   4]
    |psi|^2 = 0.899
==== e(   4) =    15.27310 eV ==== 
     psi = 0.309*[#   2]+0.309*[#   3]+0.309*[#   4]
    |psi|^2 = 0.926
==== e(   5) =    17.03953 eV ==== 
     psi = 0.078*[#   1]+0.003*[#   2]+0.003*[#   3]+0.003*[#   4]
    |psi|^2 = 0.089
==== e(   6) =    26.62495 eV ==== 
     psi = 0.003*[#   2]+0.003*[#   3]+0.003*[#   4]+0.003*[#   1]
    |psi|^2 = 0.013

 k =   0.5185449729  0.0000000000  0.0000000000
==== e(   1) =     1.59007 eV ==== 
     psi = 0.296*[#   1]+0.233*[#   2]+0.233*[#   3]+0.233*[#   4]
    |psi|^2 = 0.994
==== e(   2) =    10.88636 eV ==== 
     psi = 0.462*[#   1]+0.077*[#   2]+0.077*[#   3]+0.077*[#   4]
    |psi|^2 = 0.692
==== e(   3) =    13.83957 eV ==== 

    |psi|^2 = 0.000
==== e(   4) =    14.09481 eV ==== 
     psi = 0.325*[#   2]+0.325*[#   3]+0.325*[#   4]
    |psi|^2 = 0.974
==== e(   5) =    14.09481 eV ==== 
     psi = 0.325*[#   2]+0.325*[#   3]+0.325*[#   4]
    |psi|^2 = 0.974
==== e(   6) =    17.60717 eV ==== 
     psi = 0.234*[#   1]+0.021*[#   2]+0.021*[#   3]+0.021*[#   4]
    |psi|^2 = 0.297

 k =   0.5421151989  0.0235702260 -0.0235702260
==== e(   1) =     2.04446 eV ==== 
     psi = 0.294*[#   1]+0.233*[#   2]+0.233*[#   3]+0.233*[#   4]
    |psi|^2 = 0.993
==== e(   2) =    10.20803 eV ==== 
     psi = 0.477*[#   1]+0.086*[#   2]+0.086*[#   3]+0.086*[#   4]
    |psi|^2 = 0.735
==== e(   3) =    12.98623 eV ==== 
     psi = 0.180*[#   2]+0.180*[#   3]+0.180*[#   4]+0.013*[#   1]
    |psi|^2 = 0.554
==== e(   4) =    13.98378 eV ==== 
     psi = 0.326*[#   2]+0.326*[#   3]+0.326*[#   4]
    |psi|^2 = 0.978
==== e(   5) =    14.53533 eV ==== 
     psi = 0.133*[#   2]+0.133*[#   3]+0.133*[#   4]+0.020*[#   1]
    |psi|^2 = 0.419
==== e(   6) =    17.65870 eV ==== 
     psi = 0.189*[#   1]+0.025*[#   2]+0.025*[#   3]+0.025*[#   4]
    |psi|^2 = 0.264

 k =   0.5656854249  0.0471404521 -0.0471404521
==== e(   1) =     2.55362 eV ==== 
     psi = 0.289*[#   1]+0.234*[#   2]+0.234*[#   3]+0.234*[#   4]
    |psi|^2 = 0.992
==== e(   2) =     9.58397 eV ==== 
     psi = 0.474*[#   1]+0.102*[#   2]+0.102*[#   3]+0.102*[#   4]
    |psi|^2 = 0.779
==== e(   3) =    11.97365 eV ==== 
     psi = 0.223*[#   2]+0.223*[#   3]+0.223*[#   4]+0.051*[#   1]
    |psi|^2 = 0.720
==== e(   4) =    13.92437 eV ==== 
     psi = 0.327*[#   2]+0.327*[#   3]+0.327*[#   4]
    |psi|^2 = 0.980
==== e(   5) =    14.91688 eV ==== 
     psi = 0.066*[#   2]+0.066*[#   3]+0.066*[#   4]+0.057*[#   1]
    |psi|^2 = 0.255
==== e(   6) =    18.08258 eV ==== 
     psi = 0.123*[#   1]+0.034*[#   2]+0.034*[#   3]+0.034*[#   4]
    |psi|^2 = 0.226

 k =   0.5892556510  0.0707106781 -0.0707106781
==== e(   1) =     3.11557 eV ==== 
     psi = 0.279*[#   1]+0.237*[#   2]+0.237*[#   3]+0.237*[#   4]
    |psi|^2 = 0.990
==== e(   2) =     9.01586 eV ==== 
     psi = 0.456*[#   1]+0.121*[#   2]+0.121*[#   3]+0.121*[#   4]
    |psi|^2 = 0.821
==== e(   3) =    10.95303 eV ==== 
     psi = 0.239*[#   2]+0.239*[#   3]+0.239*[#   4]+0.106*[#   1]
    |psi|^2 = 0.823
==== e(   4) =    13.91652 eV ==== 
     psi = 0.327*[#   2]+0.327*[#   3]+0.327*[#   4]
    |psi|^2 = 0.980
==== e(   5) =    15.16559 eV ==== 
     psi = 0.083*[#   1]+0.029*[#   2]+0.029*[#   3]+0.029*[#   4]
    |psi|^2 = 0.170
==== e(   6) =    18.80226 eV ==== 
     psi = 0.071*[#   1]+0.035*[#   2]+0.035*[#   3]+0.035*[#   4]
    |psi|^2 = 0.175

 k =  -0.0942809042 -0.6128258770  0.6128258770
==== e(   1) =     3.72691 eV ==== 
     psi = 0.259*[#   1]+0.243*[#   2]+0.243*[#   3]+0.243*[#   4]
    |psi|^2 = 0.989
==== e(   2) =     8.50473 eV ==== 
     psi = 0.424*[#   1]+0.144*[#   2]+0.144*[#   3]+0.144*[#   4]
    |psi|^2 = 0.856
==== e(   3) =     9.95365 eV ==== 
     psi = 0.236*[#   2]+0.236*[#   3]+0.236*[#   4]+0.180*[#   1]
    |psi|^2 = 0.888
==== e(   4) =    13.96024 eV ==== 
     psi = 0.326*[#   2]+0.326*[#   3]+0.326*[#   4]
    |psi|^2 = 0.978
==== e(   5) =    15.35613 eV ==== 
     psi = 0.092*[#   1]+0.011*[#   2]+0.011*[#   3]+0.011*[#   4]
    |psi|^2 = 0.127
==== e(   6) =    19.71534 eV ==== 
     psi = 0.040*[#   1]+0.028*[#   2]+0.028*[#   3]+0.028*[#   4]
    |psi|^2 = 0.124

 k =  -0.0707106781 -0.5892556510  0.5892556510
==== e(   1) =     4.38089 eV ==== 
     psi = 0.254*[#   2]+0.254*[#   3]+0.254*[#   4]+0.225*[#   1]
    |psi|^2 = 0.987
==== e(   2) =     8.04843 eV ==== 
     psi = 0.359*[#   1]+0.176*[#   2]+0.176*[#   3]+0.176*[#   4]
    |psi|^2 = 0.886
==== e(   3) =     8.99830 eV ==== 
     psi = 0.296*[#   1]+0.209*[#   2]+0.209*[#   3]+0.209*[#   4]
    |psi|^2 = 0.924
==== e(   4) =    14.05553 eV ==== 
     psi = 0.325*[#   2]+0.325*[#   3]+0.325*[#   4]
    |psi|^2 = 0.974
==== e(   5) =    15.54455 eV ==== 
     psi = 0.093*[#   1]+0.004*[#   2]+0.004*[#   3]+0.004*[#   4]
    |psi|^2 = 0.104
==== e(   6) =    20.74967 eV ==== 
     psi = 0.024*[#   1]+0.020*[#   2]+0.020*[#   3]+0.020*[#   4]
    |psi|^2 = 0.084

 k =  -0.0471404521 -0.5656854249  0.5656854249
==== e(   1) =     5.06123 eV ==== 
     psi = 0.274*[#   2]+0.274*[#   3]+0.274*[#   4]+0.165*[#   1]
    |psi|^2 = 0.987
==== e(   2) =     7.61206 eV ==== 
     psi = 0.254*[#   2]+0.254*[#   3]+0.254*[#   4]+0.162*[#   1]
    |psi|^2 = 0.923
==== e(   3) =     8.14605 eV ==== 
     psi = 0.565*[#   1]+0.121*[#   2]+0.121*[#   3]+0.121*[#   4]
    |psi|^2 = 0.928
==== e(   4) =    14.20243 eV ==== 
     psi = 0.323*[#   2]+0.323*[#   3]+0.323*[#   4]
    |psi|^2 = 0.969
==== e(   5) =    15.75995 eV ==== 
     psi = 0.090*[#   1]+0.001*[#   2]+0.001*[#   3]+0.001*[#   4]
    |psi|^2 = 0.093
==== e(   6) =    21.86429 eV ==== 
     psi = 0.015*[#   1]+0.014*[#   2]+0.014*[#   3]+0.014*[#   4]
    |psi|^2 = 0.056

 k =  -0.0235702260 -0.5421151989  0.5421151989
==== e(   1) =     5.71863 eV ==== 
     psi = 0.307*[#   2]+0.307*[#   3]+0.307*[#   4]+0.069*[#   1]
    |psi|^2 = 0.989
==== e(   2) =     6.98537 eV ==== 
     psi = 0.320*[#   2]+0.320*[#   3]+0.320*[#   4]+0.011*[#   1]
    |psi|^2 = 0.971
==== e(   3) =     7.66114 eV ==== 
     psi = 0.821*[#   1]+0.027*[#   2]+0.027*[#   3]+0.027*[#   4]
    |psi|^2 = 0.901
==== e(   4) =    14.40101 eV ==== 
     psi = 0.320*[#   2]+0.320*[#   3]+0.320*[#   4]
    |psi|^2 = 0.961
==== e(   5) =    16.01615 eV ==== 
     psi = 0.086*[#   1]
    |psi|^2 = 0.087
==== e(   6) =    23.03411 eV ==== 
     psi = 0.010*[#   1]+0.009*[#   2]+0.009*[#   3]+0.009*[#   4]
    |psi|^2 = 0.038

 k =   0.0000000000 -0.5185449729  0.5185449729
==== e(   1) =     6.19431 eV ==== 
     psi = 0.293*[#   2]+0.293*[#   3]+0.293*[#   4]+0.107*[#   1]
    |psi|^2 = 0.984
==== e(   2) =     6.19731 eV ==== 
     psi = 0.331*[#   2]+0.331*[#   3]+0.331*[#   4]
    |psi|^2 = 0.992
==== e(   3) =     7.67634 eV ==== 
     psi = 0.800*[#   1]+0.032*[#   2]+0.032*[#   3]+0.032*[#   4]
    |psi|^2 = 0.896
==== e(   4) =    14.65134 eV ==== 
     psi = 0.317*[#   2]+0.317*[#   3]+0.317*[#   4]
    |psi|^2 = 0.951
==== e(   5) =    16.31952 eV ==== 
     psi = 0.083*[#   1]+0.001*[#   2]+0.001*[#   3]+0.001*[#   4]
    |psi|^2 = 0.086
==== e(   6) =    24.23896 eV ==== 
     psi = 0.007*[#   1]+0.007*[#   2]+0.007*[#   3]+0.007*[#   4]
    |psi|^2 = 0.027

 k =   0.5656854249  0.0000000000  0.0000000000
==== e(   1) =     2.47626 eV ==== 
     psi = 0.292*[#   1]+0.233*[#   2]+0.233*[#   3]+0.233*[#   4]
    |psi|^2 = 0.992
==== e(   2) =     9.51296 eV ==== 
     psi = 0.509*[#   1]+0.086*[#   2]+0.086*[#   3]+0.086*[#   4]
    |psi|^2 = 0.767
==== e(   3) =    13.56169 eV ==== 

    |psi|^2 = 0.000
==== e(   4) =    13.85537 eV ==== 
     psi = 0.327*[#   2]+0.327*[#   3]+0.327*[#   4]
    |psi|^2 = 0.982
==== e(   5) =    13.85537 eV ==== 
     psi = 0.327*[#   2]+0.327*[#   3]+0.327*[#   4]
    |psi|^2 = 0.982
==== e(   6) =    17.35549 eV ==== 
     psi = 0.193*[#   1]+0.013*[#   2]+0.013*[#   3]+0.013*[#   4]
    |psi|^2 = 0.231

 k =   0.5892556510  0.0235702260 -0.0235702260
==== e(   1) =     2.96159 eV ==== 
     psi = 0.285*[#   1]+0.235*[#   2]+0.235*[#   3]+0.235*[#   4]
    |psi|^2 = 0.990
==== e(   2) =     8.87356 eV ==== 
     psi = 0.525*[#   1]+0.092*[#   2]+0.092*[#   3]+0.092*[#   4]
    |psi|^2 = 0.801
==== e(   3) =    12.76187 eV ==== 
     psi = 0.179*[#   2]+0.179*[#   3]+0.179*[#   4]+0.011*[#   1]
    |psi|^2 = 0.548
==== e(   4) =    13.77856 eV ==== 
     psi = 0.328*[#   2]+0.328*[#   3]+0.328*[#   4]
    |psi|^2 = 0.985
==== e(   5) =    14.31401 eV ==== 
     psi = 0.137*[#   2]+0.137*[#   3]+0.137*[#   4]+0.017*[#   1]
    |psi|^2 = 0.430
==== e(   6) =    17.44333 eV ==== 
     psi = 0.156*[#   1]+0.017*[#   2]+0.017*[#   3]+0.017*[#   4]
    |psi|^2 = 0.208

 k =   0.6128258770  0.0471404521 -0.0471404521
==== e(   1) =     3.49730 eV ==== 
     psi = 0.270*[#   1]+0.239*[#   2]+0.239*[#   3]+0.239*[#   4]
    |psi|^2 = 0.988
==== e(   2) =     8.29394 eV ==== 
     psi = 0.530*[#   1]+0.102*[#   2]+0.102*[#   3]+0.102*[#   4]
    |psi|^2 = 0.835
==== e(   3) =    11.78632 eV ==== 
     psi = 0.225*[#   2]+0.225*[#   3]+0.225*[#   4]+0.043*[#   1]
    |psi|^2 = 0.719
==== e(   4) =    13.75333 eV ==== 
     psi = 0.329*[#   2]+0.329*[#   3]+0.329*[#   4]
    |psi|^2 = 0.986
==== e(   5) =    14.72826 eV ==== 
     psi = 0.068*[#   2]+0.068*[#   3]+0.068*[#   4]+0.050*[#   1]
    |psi|^2 = 0.253
==== e(   6) =    17.90581 eV ==== 
     psi = 0.103*[#   1]+0.028*[#   2]+0.028*[#   3]+0.028*[#   4]
    |psi|^2 = 0.186

 k =  -0.0707106781 -0.6363961031  0.6363961031
==== e(   1) =     4.07706 eV ==== 
     psi = 0.249*[#   2]+0.249*[#   3]+0.249*[#   4]+0.239*[#   1]
    |psi|^2 = 0.986
==== e(   2) =     7.78034 eV ==== 
     psi = 0.533*[#   1]+0.110*[#   2]+0.110*[#   3]+0.110*[#   4]
    |psi|^2 = 0.864
==== e(   3) =    10.79999 eV ==== 
     psi = 0.245*[#   2]+0.245*[#   3]+0.245*[#   4]+0.089*[#   1]
    |psi|^2 = 0.824
==== e(   4) =    13.77966 eV ==== 
     psi = 0.328*[#   2]+0.328*[#   3]+0.328*[#   4]
    |psi|^2 = 0.984
==== e(   5) =    15.01263 eV ==== 
     psi = 0.074*[#   1]+0.029*[#   2]+0.029*[#   3]+0.029*[#   4]
    |psi|^2 = 0.161
==== e(   6) =    18.66342 eV ==== 
     psi = 0.061*[#   1]+0.029*[#   2]+0.029*[#   3]+0.029*[#   4]
    |psi|^2 = 0.149

 k =  -0.0471404521 -0.6128258770  0.6128258770
==== e(   1) =     4.68538 eV ==== 
     psi = 0.268*[#   2]+0.268*[#   3]+0.268*[#   4]+0.183*[#   1]
    |psi|^2 = 0.987
==== e(   2) =     7.34719 eV ==== 
     psi = 0.546*[#   1]+0.113*[#   2]+0.113*[#   3]+0.113*[#   4]
    |psi|^2 = 0.885
==== e(   3) =     9.83212 eV ==== 
     psi = 0.248*[#   2]+0.248*[#   3]+0.248*[#   4]+0.148*[#   1]
    |psi|^2 = 0.890
==== e(   4) =    13.85754 eV ==== 
     psi = 0.327*[#   2]+0.327*[#   3]+0.327*[#   4]
    |psi|^2 = 0.981
==== e(   5) =    15.24072 eV ==== 
     psi = 0.084*[#   1]+0.011*[#   2]+0.011*[#   3]+0.011*[#   4]
    |psi|^2 = 0.116
==== e(   6) =    19.61310 eV ==== 
     psi = 0.036*[#   1]+0.024*[#   2]+0.024*[#   3]+0.024*[#   4]
    |psi|^2 = 0.109

 k =  -0.0235702260 -0.5892556510  0.5892556510
==== e(   1) =     5.27387 eV ==== 
     psi = 0.302*[#   2]+0.302*[#   3]+0.302*[#   4]+0.084*[#   1]
    |psi|^2 = 0.991
==== e(   2) =     7.03914 eV ==== 
     psi = 0.576*[#   1]+0.107*[#   2]+0.107*[#   3]+0.107*[#   4]
    |psi|^2 = 0.896
==== e(   3) =     8.90065 eV ==== 
     psi = 0.234*[#   2]+0.234*[#   3]+0.234*[#   4]+0.227*[#   1]
    |psi|^2 = 0.930
==== e(   4) =    13.98702 eV ==== 
     psi = 0.325*[#   2]+0.325*[#   3]+0.325*[#   4]
    |psi|^2 = 0.976
==== e(   5) =    15.46756 eV ==== 
     psi = 0.087*[#   1]+0.003*[#   2]+0.003*[#   3]+0.003*[#   4]
    |psi|^2 = 0.095
==== e(   6) =    20.68289 eV ==== 
     psi = 0.022*[#   1]+0.018*[#   2]+0.018*[#   3]+0.018*[#   4]
    |psi|^2 = 0.076

 k =   0.0000000000 -0.5656854249  0.5656854249
==== e(   1) =     5.67928 eV ==== 
     psi = 0.332*[#   2]+0.332*[#   3]+0.332*[#   4]
    |psi|^2 = 0.995
==== e(   2) =     6.99851 eV ==== 
     psi = 0.502*[#   1]+0.134*[#   2]+0.134*[#   3]+0.134*[#   4]
    |psi|^2 = 0.905
==== e(   3) =     8.03447 eV ==== 
     psi = 0.392*[#   1]+0.185*[#   2]+0.185*[#   3]+0.185*[#   4]
    |psi|^2 = 0.947
==== e(   4) =    14.16815 eV ==== 
     psi = 0.323*[#   2]+0.323*[#   3]+0.323*[#   4]
    |psi|^2 = 0.970
==== e(   5) =    15.72159 eV ==== 
     psi = 0.087*[#   1]
    |psi|^2 = 0.088
==== e(   6) =    21.83176 eV ==== 
     psi = 0.014*[#   1]+0.013*[#   2]+0.013*[#   3]+0.013*[#   4]
    |psi|^2 = 0.053

 k =   0.6128258770  0.0000000000  0.0000000000
==== e(   1) =     3.42067 eV ==== 
     psi = 0.274*[#   1]+0.238*[#   2]+0.238*[#   3]+0.238*[#   4]
    |psi|^2 = 0.987
==== e(   2) =     8.22010 eV ==== 
     psi = 0.560*[#   1]+0.089*[#   2]+0.089*[#   3]+0.089*[#   4]
    |psi|^2 = 0.826
==== e(   3) =    13.36292 eV ==== 

    |psi|^2 = 0.000
==== e(   4) =    13.68439 eV ==== 
     psi = 0.329*[#   2]+0.329*[#   3]+0.329*[#   4]
    |psi|^2 = 0.988
==== e(   5) =    13.68439 eV ==== 
     psi = 0.329*[#   2]+0.329*[#   3]+0.329*[#   4]
    |psi|^2 = 0.988
==== e(   6) =    17.17331 eV ==== 
     psi = 0.162*[#   1]+0.006*[#   2]+0.006*[#   3]+0.006*[#   4]
    |psi|^2 = 0.180

 k =   0.6363961031  0.0235702260 -0.0235702260
==== e(   1) =     3.92483 eV ==== 
     psi = 0.248*[#   1]+0.246*[#   2]+0.246*[#   3]+0.246*[#   4]
    |psi|^2 = 0.985
==== e(   2) =     7.63172 eV ==== 
     psi = 0.589*[#   1]+0.087*[#   2]+0.087*[#   3]+0.087*[#   4]
    |psi|^2 = 0.850
==== e(   3) =    12.61212 eV ==== 
     psi = 0.178*[#   2]+0.178*[#   3]+0.178*[#   4]+0.010*[#   1]
    |psi|^2 = 0.543
==== e(   4) =    13.64179 eV ==== 
     psi = 0.330*[#   2]+0.330*[#   3]+0.330*[#   4]
    |psi|^2 = 0.989
==== e(   5) =    14.16651 eV ==== 
     psi = 0.140*[#   2]+0.140*[#   3]+0.140*[#   4]+0.016*[#   1]
    |psi|^2 = 0.437
==== e(   6) =    17.29824 eV ==== 
     psi = 0.134*[#   1]+0.012*[#   2]+0.012*[#   3]+0.012*[#   4]
    |psi|^2 = 0.169

 k =  -0.0471404521 -0.6599663291  0.6599663291
==== e(   1) =     4.45909 eV ==== 
     psi = 0.264*[#   2]+0.264*[#   3]+0.264*[#   4]+0.195*[#   1]
    |psi|^2 = 0.986
==== e(   2) =     7.12382 eV ==== 
     psi = 0.627*[#   1]+0.081*[#   2]+0.081*[#   3]+0.081*[#   4]
    |psi|^2 = 0.870
==== e(   3) =    11.67414 eV ==== 
     psi = 0.226*[#   2]+0.226*[#   3]+0.226*[#   4]+0.039*[#   1]
    |psi|^2 = 0.719
==== e(   4) =    13.65074 eV ==== 
     psi = 0.330*[#   2]+0.330*[#   3]+0.330*[#   4]
    |psi|^2 = 0.989
==== e(   5) =    14.61497 eV ==== 
     psi = 0.069*[#   2]+0.069*[#   3]+0.069*[#   4]+0.045*[#   1]
    |psi|^2 = 0.252
==== e(   6) =    17.79894 eV ==== 
     psi = 0.090*[#   1]+0.023*[#   2]+0.023*[#   3]+0.023*[#   4]
    |psi|^2 = 0.160

 k =  -0.0235702260 -0.6363961031  0.6363961031
==== e(   1) =     4.97577 eV ==== 
     psi = 0.299*[#   2]+0.299*[#   3]+0.299*[#   4]+0.093*[#   1]
    |psi|^2 = 0.991
==== e(   2) =     6.74378 eV ==== 
     psi = 0.696*[#   1]+0.061*[#   2]+0.061*[#   3]+0.061*[#   4]
    |psi|^2 = 0.881
==== e(   3) =    10.72415 eV ==== 
     psi = 0.247*[#   2]+0.247*[#   3]+0.247*[#   4]+0.083*[#   1]
    |psi|^2 = 0.825
==== e(   4) =    13.71124 eV ==== 
     psi = 0.329*[#   2]+0.329*[#   3]+0.329*[#   4]
    |psi|^2 = 0.986
==== e(   5) =    14.93603 eV ==== 
     psi = 0.069*[#   1]+0.029*[#   2]+0.029*[#   3]+0.029*[#   4]
    |psi|^2 = 0.156
==== e(   6) =    18.59365 eV ==== 
     psi = 0.055*[#   1]+0.027*[#   2]+0.027*[#   3]+0.027*[#   4]
    |psi|^2 = 0.136

 k =   0.0000000000 -0.6128258770  0.6128258770
==== e(   1) =     5.30954 eV ==== 
     psi = 0.332*[#   2]+0.332*[#   3]+0.332*[#   4]
    |psi|^2 = 0.997
==== e(   2) =     6.65547 eV ==== 
     psi = 0.741*[#   1]+0.048*[#   2]+0.048*[#   3]+0.048*[#   4]
    |psi|^2 = 0.884
==== e(   3) =     9.79275 eV ==== 
     psi = 0.250*[#   2]+0.250*[#   3]+0.250*[#   4]+0.140*[#   1]
    |psi|^2 = 0.891
==== e(   4) =    13.82331 eV ==== 
     psi = 0.327*[#   2]+0.327*[#   3]+0.327*[#   4]
    |psi|^2 = 0.982
==== e(   5) =    15.20219 eV ==== 
     psi = 0.082*[#   1]+0.010*[#   2]+0.010*[#   3]+0.010*[#   4]
    |psi|^2 = 0.112
==== e(   6) =    19.57891 eV ==== 
     psi = 0.034*[#   1]+0.023*[#   2]+0.023*[#   3]+0.023*[#   4]
    |psi|^2 = 0.104

 k =   0.6599663291  0.0000000000  0.0000000000
==== e(   1) =     4.38358 eV ==== 
     psi = 0.262*[#   2]+0.262*[#   3]+0.262*[#   4]+0.199*[#   1]
    |psi|^2 = 0.985
==== e(   2) =     7.04796 eV ==== 
     psi = 0.654*[#   1]+0.069*[#   2]+0.069*[#   3]+0.069*[#   4]
    |psi|^2 = 0.862
==== e(   3) =    13.24356 eV ==== 

    |psi|^2 = 0.000
==== e(   4) =    13.58183 eV ==== 
     psi = 0.330*[#   2]+0.330*[#   3]+0.330*[#   4]
    |psi|^2 = 0.991
==== e(   5) =    13.58183 eV ==== 
     psi = 0.330*[#   2]+0.330*[#   3]+0.330*[#   4]
    |psi|^2 = 0.991
==== e(   6) =    17.06307 eV ==== 
     psi = 0.143*[#   1]+0.002*[#   2]+0.002*[#   3]+0.002*[#   4]
    |psi|^2 = 0.147

 k =  -0.0235702260 -0.6835365551  0.6835365551
==== e(   1) =     4.82657 eV ==== 
     psi = 0.297*[#   2]+0.297*[#   3]+0.297*[#   4]+0.098*[#   1]
    |psi|^2 = 0.991
==== e(   2) =     6.59058 eV ==== 
     psi = 0.752*[#   1]+0.039*[#   2]+0.039*[#   3]+0.039*[#   4]
    |psi|^2 = 0.868
==== e(   3) =    12.53719 eV ==== 
     psi = 0.177*[#   2]+0.177*[#   3]+0.177*[#   4]+0.009*[#   1]
    |psi|^2 = 0.540
==== e(   4) =    13.57341 eV ==== 
     psi = 0.330*[#   2]+0.330*[#   3]+0.330*[#   4]
    |psi|^2 = 0.991
==== e(   5) =    14.09278 eV ==== 
     psi = 0.142*[#   2]+0.142*[#   3]+0.142*[#   4]+0.015*[#   1]
    |psi|^2 = 0.440
==== e(   6) =    17.22525 eV ==== 
     psi = 0.122*[#   1]+0.009*[#   2]+0.009*[#   3]+0.009*[#   4]
    |psi|^2 = 0.148

 k =   0.0000000000 -0.6599663291  0.6599663291
==== e(   1) =     5.08782 eV ==== 
     psi = 0.333*[#   2]+0.333*[#   3]+0.333*[#   4]
    |psi|^2 = 0.999
==== e(   2) =     6.42558 eV ==== 
     psi = 0.829*[#   1]+0.013*[#   2]+0.013*[#   3]+0.013*[#   4]
    |psi|^2 = 0.868
==== e(   3) =    11.63677 eV ==== 
     psi = 0.227*[#   2]+0.227*[#   3]+0.227*[#   4]+0.038*[#   1]
    |psi|^2 = 0.718
==== e(   4) =    13.61654 eV ==== 
     psi = 0.330*[#   2]+0.330*[#   3]+0.330*[#   4]
    |psi|^2 = 0.990
==== e(   5) =    14.57718 eV ==== 
     psi = 0.069*[#   2]+0.069*[#   3]+0.069*[#   4]+0.044*[#   1]
    |psi|^2 = 0.251
==== e(   6) =    17.76319 eV ==== 
     psi = 0.086*[#   1]+0.022*[#   2]+0.022*[#   3]+0.022*[#   4]
    |psi|^2 = 0.152

 k =  -0.7071067812  0.0000000000  0.0000000000
==== e(   1) =     5.01394 eV ==== 
     psi = 0.333*[#   2]+0.333*[#   3]+0.333*[#   4]
    |psi|^2 = 0.999
==== e(   2) =     6.34783 eV ==== 
     psi = 0.860*[#   1]
    |psi|^2 = 0.860
==== e(   3) =    13.20376 eV ==== 

    |psi|^2 = 0.000
==== e(   4) =    13.54764 eV ==== 
     psi = 0.331*[#   2]+0.331*[#   3]+0.331*[#   4]
    |psi|^2 = 0.992
==== e(   5) =    13.54764 eV ==== 
     psi = 0.331*[#   2]+0.331*[#   3]+0.331*[#   4]
    |psi|^2 = 0.992
==== e(   6) =    17.02616 eV ==== 
     psi = 0.136*[#   1]
    |psi|^2 = 0.136

 k =   0.0942809042  0.0471404521 -0.0000000000
==== e(   1) =    -3.00130 eV ==== 
     psi = 0.794*[#   1]+0.068*[#   2]+0.068*[#   3]+0.068*[#   4]
    |psi|^2 = 0.998
==== e(   2) =    18.42321 eV ==== 
     psi = 0.134*[#   2]+0.134*[#   3]+0.134*[#   4]
    |psi|^2 = 0.402
==== e(   3) =    18.94473 eV ==== 
     psi = 0.158*[#   2]+0.158*[#   3]+0.158*[#   4]+0.080*[#   1]
    |psi|^2 = 0.555
==== e(   4) =    20.33904 eV ==== 
     psi = 0.026*[#   2]+0.026*[#   3]+0.026*[#   4]
    |psi|^2 = 0.079
==== e(   5) =    21.94163 eV ==== 
     psi = 0.273*[#   2]+0.273*[#   3]+0.273*[#   4]+0.077*[#   1]
    |psi|^2 = 0.896
==== e(   6) =    23.31781 eV ==== 
     psi = 0.144*[#   2]+0.144*[#   3]+0.144*[#   4]
    |psi|^2 = 0.431

 k =   0.1178511302  0.0707106781 -0.0235702260
==== e(   1) =    -2.85037 eV ==== 
     psi = 0.696*[#   1]+0.100*[#   2]+0.100*[#   3]+0.100*[#   4]
    |psi|^2 = 0.998
==== e(   2) =    17.26409 eV ==== 
     psi = 0.155*[#   2]+0.155*[#   3]+0.155*[#   4]+0.066*[#   1]
    |psi|^2 = 0.531
==== e(   3) =    18.45977 eV ==== 
     psi = 0.169*[#   2]+0.169*[#   3]+0.169*[#   4]+0.094*[#   1]
    |psi|^2 = 0.602
==== e(   4) =    20.35568 eV ==== 
     psi = 0.044*[#   2]+0.044*[#   3]+0.044*[#   4]+0.014*[#   1]
    |psi|^2 = 0.146
==== e(   5) =    22.14786 eV ==== 
     psi = 0.258*[#   2]+0.258*[#   3]+0.258*[#   4]+0.056*[#   1]
    |psi|^2 = 0.829
==== e(   6) =    23.45526 eV ==== 
     psi = 0.101*[#   2]+0.101*[#   3]+0.101*[#   4]+0.019*[#   1]
    |psi|^2 = 0.323

 k =   0.1414213562  0.0942809042 -0.0471404521
==== e(   1) =    -2.63934 eV ==== 
     psi = 0.603*[#   1]+0.132*[#   2]+0.132*[#   3]+0.132*[#   4]
    |psi|^2 = 0.998
==== e(   2) =    15.95689 eV ==== 
     psi = 0.163*[#   1]+0.159*[#   2]+0.159*[#   3]+0.159*[#   4]
    |psi|^2 = 0.640
==== e(   3) =    18.12069 eV ==== 
     psi = 0.185*[#   2]+0.185*[#   3]+0.185*[#   4]+0.085*[#   1]
    |psi|^2 = 0.640
==== e(   4) =    20.21868 eV ==== 
     psi = 0.081*[#   2]+0.081*[#   3]+0.081*[#   4]+0.029*[#   1]
    |psi|^2 = 0.271
==== e(   5) =    22.55001 eV ==== 
     psi = 0.235*[#   2]+0.235*[#   3]+0.235*[#   4]+0.030*[#   1]
    |psi|^2 = 0.735
==== e(   6) =    23.45103 eV ==== 
     psi = 0.061*[#   2]+0.061*[#   3]+0.061*[#   4]+0.040*[#   1]
    |psi|^2 = 0.224

 k =   0.1649915823  0.1178511302 -0.0707106781
==== e(   1) =    -2.36846 eV ==== 
     psi = 0.525*[#   1]+0.158*[#   2]+0.158*[#   3]+0.158*[#   4]
    |psi|^2 = 0.997
==== e(   2) =    14.63932 eV ==== 
     psi = 0.258*[#   1]+0.155*[#   2]+0.155*[#   3]+0.155*[#   4]
    |psi|^2 = 0.724
==== e(   3) =    17.84219 eV ==== 
     psi = 0.200*[#   2]+0.200*[#   3]+0.200*[#   4]+0.074*[#   1]
    |psi|^2 = 0.673
==== e(   4) =    20.03352 eV ==== 
     psi = 0.111*[#   2]+0.111*[#   3]+0.111*[#   4]+0.034*[#   1]
    |psi|^2 = 0.368
==== e(   5) =    22.71001 eV ==== 
     psi = 0.186*[#   2]+0.186*[#   3]+0.186*[#   4]+0.015*[#   1]
    |psi|^2 = 0.574
==== e(   6) =    23.38481 eV ==== 
     psi = 0.046*[#   1]+0.039*[#   2]+0.039*[#   3]+0.039*[#   4]
    |psi|^2 = 0.164

 k =   0.1885618083  0.1414213562 -0.0942809042
==== e(   1) =    -2.03808 eV ==== 
     psi = 0.464*[#   1]+0.178*[#   2]+0.178*[#   3]+0.178*[#   4]
    |psi|^2 = 0.997
==== e(   2) =    13.34083 eV ==== 
     psi = 0.342*[#   1]+0.149*[#   2]+0.149*[#   3]+0.149*[#   4]
    |psi|^2 = 0.790
==== e(   3) =    17.61587 eV ==== 
     psi = 0.212*[#   2]+0.212*[#   3]+0.212*[#   4]+0.064*[#   1]
    |psi|^2 = 0.699
==== e(   4) =    19.85676 eV ==== 
     psi = 0.133*[#   2]+0.133*[#   3]+0.133*[#   4]+0.033*[#   1]
    |psi|^2 = 0.432
==== e(   5) =    22.22958 eV ==== 
     psi = 0.119*[#   2]+0.119*[#   3]+0.119*[#   4]+0.014*[#   1]
    |psi|^2 = 0.370
==== e(   6) =    23.26830 eV ==== 
     psi = 0.038*[#   2]+0.038*[#   3]+0.038*[#   4]+0.036*[#   1]
    |psi|^2 = 0.149

 k =   0.2121320344  0.1649915823 -0.1178511302
==== e(   1) =    -1.64860 eV ==== 
     psi = 0.419*[#   1]+0.193*[#   2]+0.193*[#   3]+0.193*[#   4]
    |psi|^2 = 0.997
==== e(   2) =    12.07356 eV ==== 
     psi = 0.412*[#   1]+0.143*[#   2]+0.143*[#   3]+0.143*[#   4]
    |psi|^2 = 0.841
==== e(   3) =    17.44060 eV ==== 
     psi = 0.221*[#   2]+0.221*[#   3]+0.221*[#   4]+0.054*[#   1]
    |psi|^2 = 0.717
==== e(   4) =    19.71089 eV ==== 
     psi = 0.147*[#   2]+0.147*[#   3]+0.147*[#   4]+0.029*[#   1]
    |psi|^2 = 0.472
==== e(   5) =    21.59931 eV ==== 
     psi = 0.107*[#   2]+0.107*[#   3]+0.107*[#   4]+0.015*[#   1]
    |psi|^2 = 0.335
==== e(   6) =    23.18530 eV ==== 
     psi = 0.031*[#   2]+0.031*[#   3]+0.031*[#   4]+0.029*[#   1]
    |psi|^2 = 0.122

 k =   0.2357022604  0.1885618083 -0.1414213562
==== e(   1) =    -1.20048 eV ==== 
     psi = 0.388*[#   1]+0.203*[#   2]+0.203*[#   3]+0.203*[#   4]
    |psi|^2 = 0.997
==== e(   2) =    10.84411 eV ==== 
     psi = 0.468*[#   1]+0.138*[#   2]+0.138*[#   3]+0.138*[#   4]
    |psi|^2 = 0.882
==== e(   3) =    17.31638 eV ==== 
     psi = 0.227*[#   2]+0.227*[#   3]+0.227*[#   4]+0.046*[#   1]
    |psi|^2 = 0.726
==== e(   4) =    19.60557 eV ==== 
     psi = 0.156*[#   2]+0.156*[#   3]+0.156*[#   4]+0.025*[#   1]
    |psi|^2 = 0.493
==== e(   5) =    20.97858 eV ==== 
     psi = 0.110*[#   2]+0.110*[#   3]+0.110*[#   4]+0.015*[#   1]
    |psi|^2 = 0.345
==== e(   6) =    23.11700 eV ==== 
     psi = 0.032*[#   2]+0.032*[#   3]+0.032*[#   4]+0.014*[#   1]
    |psi|^2 = 0.111

 k =   0.2592724864  0.2121320344 -0.1649915823
==== e(   1) =    -0.69427 eV ==== 
     psi = 0.369*[#   1]+0.209*[#   2]+0.209*[#   3]+0.209*[#   4]
    |psi|^2 = 0.997
==== e(   2) =     9.65662 eV ==== 
     psi = 0.509*[#   1]+0.135*[#   2]+0.135*[#   3]+0.135*[#   4]
    |psi|^2 = 0.912
==== e(   3) =    17.24342 eV ==== 
     psi = 0.229*[#   2]+0.229*[#   3]+0.229*[#   4]+0.039*[#   1]
    |psi|^2 = 0.727
==== e(   4) =    19.54537 eV ==== 
     psi = 0.161*[#   2]+0.161*[#   3]+0.161*[#   4]+0.022*[#   1]
    |psi|^2 = 0.504
==== e(   5) =    20.39422 eV ==== 
     psi = 0.117*[#   2]+0.117*[#   3]+0.117*[#   4]+0.016*[#   1]
    |psi|^2 = 0.366
==== e(   6) =    22.68642 eV ==== 
     psi = 0.059*[#   2]+0.059*[#   3]+0.059*[#   4]+0.005*[#   1]
    |psi|^2 = 0.182

 k =   0.2828427125  0.2357022604 -0.1885618083
==== e(   1) =    -0.13057 eV ==== 
     psi = 0.361*[#   1]+0.212*[#   2]+0.212*[#   3]+0.212*[#   4]
    |psi|^2 = 0.996
==== e(   2) =     8.51397 eV ==== 
     psi = 0.536*[#   1]+0.133*[#   2]+0.133*[#   3]+0.133*[#   4]
    |psi|^2 = 0.936
==== e(   3) =    17.22192 eV ==== 
     psi = 0.229*[#   2]+0.229*[#   3]+0.229*[#   4]+0.033*[#   1]
    |psi|^2 = 0.720
==== e(   4) =    19.53227 eV ==== 
     psi = 0.170*[#   2]+0.170*[#   3]+0.170*[#   4]+0.019*[#   1]
    |psi|^2 = 0.530
==== e(   5) =    19.85483 eV ==== 
     psi = 0.118*[#   2]+0.118*[#   3]+0.118*[#   4]+0.015*[#   1]
    |psi|^2 = 0.369
==== e(   6) =    22.16364 eV ==== 
     psi = 0.064*[#   2]+0.064*[#   3]+0.064*[#   4]+0.007*[#   1]
    |psi|^2 = 0.199

 k =   0.3064129385  0.2592724864 -0.2121320344
==== e(   1) =     0.48993 eV ==== 
     psi = 0.361*[#   1]+0.212*[#   2]+0.212*[#   3]+0.212*[#   4]
    |psi|^2 = 0.996
==== e(   2) =     7.41833 eV ==== 
     psi = 0.550*[#   1]+0.135*[#   2]+0.135*[#   3]+0.135*[#   4]
    |psi|^2 = 0.954
==== e(   3) =    17.25202 eV ==== 
     psi = 0.226*[#   2]+0.226*[#   3]+0.226*[#   4]+0.028*[#   1]
    |psi|^2 = 0.707
==== e(   4) =    19.35938 eV ==== 
     psi = 0.174*[#   2]+0.174*[#   3]+0.174*[#   4]+0.020*[#   1]
    |psi|^2 = 0.542
==== e(   5) =    19.57208 eV ==== 
     psi = 0.124*[#   2]+0.124*[#   3]+0.124*[#   4]+0.011*[#   1]
    |psi|^2 = 0.382
==== e(   6) =    21.68144 eV ==== 
     psi = 0.071*[#   2]+0.071*[#   3]+0.071*[#   4]+0.007*[#   1]
    |psi|^2 = 0.220

 k =   0.3299831646  0.2828427125 -0.2357022604
==== e(   1) =     1.16644 eV ==== 
     psi = 0.368*[#   1]+0.209*[#   2]+0.209*[#   3]+0.209*[#   4]
    |psi|^2 = 0.995
==== e(   2) =     6.37147 eV ==== 
     psi = 0.553*[#   1]+0.138*[#   2]+0.138*[#   3]+0.138*[#   4]
    |psi|^2 = 0.967
==== e(   3) =    17.33378 eV ==== 
     psi = 0.221*[#   2]+0.221*[#   3]+0.221*[#   4]+0.024*[#   1]
    |psi|^2 = 0.687
==== e(   4) =    18.91810 eV ==== 
     psi = 0.169*[#   2]+0.169*[#   3]+0.169*[#   4]+0.019*[#   1]
    |psi|^2 = 0.526
==== e(   5) =    19.65717 eV ==== 
     psi = 0.136*[#   2]+0.136*[#   3]+0.136*[#   4]+0.011*[#   1]
    |psi|^2 = 0.420
==== e(   6) =    21.24531 eV ==== 
     psi = 0.078*[#   2]+0.078*[#   3]+0.078*[#   4]+0.008*[#   1]
    |psi|^2 = 0.242

 k =   0.3535533906  0.3064129385 -0.2592724864
==== e(   1) =     1.89784 eV ==== 
     psi = 0.379*[#   1]+0.205*[#   2]+0.205*[#   3]+0.205*[#   4]
    |psi|^2 = 0.994
==== e(   2) =     5.37515 eV ==== 
     psi = 0.550*[#   1]+0.142*[#   2]+0.142*[#   3]+0.142*[#   4]
    |psi|^2 = 0.976
==== e(   3) =    17.46703 eV ==== 
     psi = 0.213*[#   2]+0.213*[#   3]+0.213*[#   4]+0.020*[#   1]
    |psi|^2 = 0.660
==== e(   4) =    18.52669 eV ==== 
     psi = 0.181*[#   2]+0.181*[#   3]+0.181*[#   4]+0.019*[#   1]
    |psi|^2 = 0.561
==== e(   5) =    19.79314 eV ==== 
     psi = 0.133*[#   2]+0.133*[#   3]+0.133*[#   4]+0.009*[#   1]
    |psi|^2 = 0.409
==== e(   6) =    20.85789 eV ==== 
     psi = 0.085*[#   2]+0.085*[#   3]+0.085*[#   4]+0.008*[#   1]
    |psi|^2 = 0.263

 k =  -0.3299831646 -0.3771236166  0.4242640687
==== e(   1) =     2.68149 eV ==== 
     psi = 0.376*[#   1]+0.206*[#   2]+0.206*[#   3]+0.206*[#   4]
    |psi|^2 = 0.993
==== e(   2) =     4.43240 eV ==== 
     psi = 0.558*[#   1]+0.142*[#   2]+0.142*[#   3]+0.142*[#   4]
    |psi|^2 = 0.982
==== e(   3) =    17.65057 eV ==== 
     psi = 0.201*[#   2]+0.201*[#   3]+0.201*[#   4]+0.016*[#   1]
    |psi|^2 = 0.620
==== e(   4) =    18.18795 eV ==== 
     psi = 0.195*[#   2]+0.195*[#   3]+0.195*[#   4]+0.021*[#   1]
    |psi|^2 = 0.608
==== e(   5) =    19.97718 eV ==== 
     psi = 0.131*[#   2]+0.131*[#   3]+0.131*[#   4]+0.007*[#   1]
    |psi|^2 = 0.401
==== e(   6) =    20.52253 eV ==== 
     psi = 0.088*[#   2]+0.088*[#   3]+0.088*[#   4]+0.009*[#   1]
    |psi|^2 = 0.274

 k =  -0.3064129385 -0.3535533906  0.4006938427
==== e(   1) =     3.41554 eV ==== 
     psi = 0.333*[#   2]+0.333*[#   3]+0.333*[#   4]
    |psi|^2 = 0.999
==== e(   2) =     3.64529 eV ==== 
     psi = 0.935*[#   1]+0.014*[#   2]+0.014*[#   3]+0.014*[#   4]
    |psi|^2 = 0.978
==== e(   3) =    17.84218 eV ==== 
     psi = 0.161*[#   2]+0.161*[#   3]+0.161*[#   4]
    |psi|^2 = 0.482
==== e(   4) =    17.94458 eV ==== 
     psi = 0.237*[#   2]+0.237*[#   3]+0.237*[#   4]+0.037*[#   1]
    |psi|^2 = 0.749
==== e(   5) =    20.15719 eV ==== 
     psi = 0.162*[#   2]+0.162*[#   3]+0.162*[#   4]
    |psi|^2 = 0.485
==== e(   6) =    20.29200 eV ==== 
     psi = 0.058*[#   2]+0.058*[#   3]+0.058*[#   4]+0.016*[#   1]
    |psi|^2 = 0.190

 k =   0.1414213562  0.0471404521  0.0000000000
==== e(   1) =    -2.80009 eV ==== 
     psi = 0.668*[#   1]+0.110*[#   2]+0.110*[#   3]+0.110*[#   4]
    |psi|^2 = 0.998
==== e(   2) =    17.55347 eV ==== 
     psi = 0.158*[#   2]+0.158*[#   3]+0.158*[#   4]
    |psi|^2 = 0.475
==== e(   3) =    18.15560 eV ==== 
     psi = 0.189*[#   2]+0.189*[#   3]+0.189*[#   4]+0.096*[#   1]
    |psi|^2 = 0.664
==== e(   4) =    19.65020 eV ==== 
     psi = 0.053*[#   2]+0.053*[#   3]+0.053*[#   4]
    |psi|^2 = 0.158
==== e(   5) =    21.55472 eV ==== 
     psi = 0.227*[#   2]+0.227*[#   3]+0.227*[#   4]+0.191*[#   1]
    |psi|^2 = 0.871
==== e(   6) =    23.89957 eV ==== 
     psi = 0.013*[#   2]+0.013*[#   3]+0.013*[#   4]+0.012*[#   1]
    |psi|^2 = 0.051

 k =   0.1649915823  0.0707106781 -0.0235702260
==== e(   1) =    -2.60921 eV ==== 
     psi = 0.588*[#   1]+0.136*[#   2]+0.136*[#   3]+0.136*[#   4]
    |psi|^2 = 0.998
==== e(   2) =    16.41622 eV ==== 
     psi = 0.174*[#   2]+0.174*[#   3]+0.174*[#   4]+0.066*[#   1]
    |psi|^2 = 0.589
==== e(   3) =    17.68367 eV ==== 
     psi = 0.193*[#   2]+0.193*[#   3]+0.193*[#   4]+0.111*[#   1]
    |psi|^2 = 0.690
==== e(   4) =    19.73240 eV ==== 
     psi = 0.053*[#   2]+0.053*[#   3]+0.053*[#   4]+0.025*[#   1]
    |psi|^2 = 0.183
==== e(   5) =    21.71988 eV ==== 
     psi = 0.230*[#   2]+0.230*[#   3]+0.230*[#   4]+0.154*[#   1]
    |psi|^2 = 0.844
==== e(   6) =    23.11821 eV ==== 
     psi = 0.010*[#   1]+0.008*[#   2]+0.008*[#   3]+0.008*[#   4]
    |psi|^2 = 0.034

 k =   0.1885618083  0.0942809042 -0.0471404521
==== e(   1) =    -2.35843 eV ==== 
     psi = 0.517*[#   1]+0.160*[#   2]+0.160*[#   3]+0.160*[#   4]
    |psi|^2 = 0.997
==== e(   2) =    15.13481 eV ==== 
     psi = 0.177*[#   2]+0.177*[#   3]+0.177*[#   4]+0.160*[#   1]
    |psi|^2 = 0.691
==== e(   3) =    17.36508 eV ==== 
     psi = 0.205*[#   2]+0.205*[#   3]+0.205*[#   4]+0.098*[#   1]
    |psi|^2 = 0.713
==== e(   4) =    19.67219 eV ==== 
     psi = 0.067*[#   2]+0.067*[#   3]+0.067*[#   4]+0.057*[#   1]
    |psi|^2 = 0.259
==== e(   5) =    21.91834 eV ==== 
     psi = 0.202*[#   2]+0.202*[#   3]+0.202*[#   4]+0.113*[#   1]
    |psi|^2 = 0.720
==== e(   6) =    22.59839 eV ==== 
     psi = 0.022*[#   2]+0.022*[#   3]+0.022*[#   4]+0.003*[#   1]
    |psi|^2 = 0.068

 k =   0.2121320344  0.1178511302 -0.0707106781
==== e(   1) =    -2.04807 eV ==== 
     psi = 0.459*[#   1]+0.179*[#   2]+0.179*[#   3]+0.179*[#   4]
    |psi|^2 = 0.997
==== e(   2) =    13.84452 eV ==== 
     psi = 0.248*[#   1]+0.174*[#   2]+0.174*[#   3]+0.174*[#   4]
    |psi|^2 = 0.769
==== e(   3) =    17.11268 eV ==== 
     psi = 0.217*[#   2]+0.217*[#   3]+0.217*[#   4]+0.085*[#   1]
    |psi|^2 = 0.735
==== e(   4) =    19.54693 eV ==== 
     psi = 0.085*[#   2]+0.085*[#   3]+0.085*[#   4]+0.070*[#   1]
    |psi|^2 = 0.326
==== e(   5) =    21.40535 eV ==== 
     psi = 0.112*[#   2]+0.112*[#   3]+0.112*[#   4]+0.066*[#   1]
    |psi|^2 = 0.402
==== e(   6) =    22.98661 eV ==== 
     psi = 0.100*[#   2]+0.100*[#   3]+0.100*[#   4]+0.018*[#   1]
    |psi|^2 = 0.319

 k =   0.2357022604  0.1414213562 -0.0942809042
==== e(   1) =    -1.67852 eV ==== 
     psi = 0.415*[#   1]+0.194*[#   2]+0.194*[#   3]+0.194*[#   4]
    |psi|^2 = 0.997
==== e(   2) =    12.57498 eV ==== 
     psi = 0.325*[#   1]+0.168*[#   2]+0.168*[#   3]+0.168*[#   4]
    |psi|^2 = 0.828
==== e(   3) =    16.91525 eV ==== 
     psi = 0.226*[#   2]+0.226*[#   3]+0.226*[#   4]+0.072*[#   1]
    |psi|^2 = 0.751
==== e(   4) =    19.41800 eV ==== 
     psi = 0.099*[#   2]+0.099*[#   3]+0.099*[#   4]+0.069*[#   1]
    |psi|^2 = 0.367
==== e(   5) =    20.72876 eV ==== 
     psi = 0.106*[#   2]+0.106*[#   3]+0.106*[#   4]+0.059*[#   1]
    |psi|^2 = 0.377
==== e(   6) =    23.63124 eV ==== 
     psi = 0.105*[#   2]+0.105*[#   3]+0.105*[#   4]+0.006*[#   1]
    |psi|^2 = 0.321

 k =   0.2592724864  0.1649915823 -0.1178511302
==== e(   1) =    -1.25021 eV ==== 
     psi = 0.383*[#   1]+0.205*[#   2]+0.205*[#   3]+0.205*[#   4]
    |psi|^2 = 0.997
==== e(   2) =    11.33803 eV ==== 
     psi = 0.388*[#   1]+0.161*[#   2]+0.161*[#   3]+0.161*[#   4]
    |psi|^2 = 0.873
==== e(   3) =    16.77050 eV ==== 
     psi = 0.233*[#   2]+0.233*[#   3]+0.233*[#   4]+0.061*[#   1]
    |psi|^2 = 0.761
==== e(   4) =    19.31365 eV ==== 
     psi = 0.106*[#   2]+0.106*[#   3]+0.106*[#   4]+0.060*[#   1]
    |psi|^2 = 0.378
==== e(   5) =    20.07459 eV ==== 
     psi = 0.118*[#   2]+0.118*[#   3]+0.118*[#   4]+0.060*[#   1]
    |psi|^2 = 0.413
==== e(   6) =    24.02729 eV ==== 
     psi = 0.075*[#   2]+0.075*[#   3]+0.075*[#   4]+0.003*[#   1]
    |psi|^2 = 0.229

 k =   0.2828427125  0.1885618083 -0.1414213562
==== e(   1) =    -0.76367 eV ==== 
     psi = 0.363*[#   1]+0.211*[#   2]+0.211*[#   3]+0.211*[#   4]
    |psi|^2 = 0.997
==== e(   2) =    10.14003 eV ==== 
     psi = 0.438*[#   1]+0.156*[#   2]+0.156*[#   3]+0.156*[#   4]
    |psi|^2 = 0.907
==== e(   3) =    16.67789 eV ==== 
     psi = 0.238*[#   2]+0.238*[#   3]+0.238*[#   4]+0.052*[#   1]
    |psi|^2 = 0.764
==== e(   4) =    19.24443 eV ==== 
     psi = 0.090*[#   2]+0.090*[#   3]+0.090*[#   4]+0.040*[#   1]
    |psi|^2 = 0.310
==== e(   5) =    19.46468 eV ==== 
     psi = 0.153*[#   2]+0.153*[#   3]+0.153*[#   4]+0.071*[#   1]
    |psi|^2 = 0.529
==== e(   6) =    23.58332 eV ==== 
     psi = 0.047*[#   2]+0.047*[#   3]+0.047*[#   4]+0.004*[#   1]
    |psi|^2 = 0.147

 k =   0.3064129385  0.2121320344 -0.1649915823
==== e(   1) =    -0.21948 eV ==== 
     psi = 0.352*[#   1]+0.215*[#   2]+0.215*[#   3]+0.215*[#   4]
    |psi|^2 = 0.997
==== e(   2) =     8.98492 eV ==== 
     psi = 0.475*[#   1]+0.152*[#   2]+0.152*[#   3]+0.152*[#   4]
    |psi|^2 = 0.932
==== e(   3) =    16.63723 eV ==== 
     psi = 0.239*[#   2]+0.239*[#   3]+0.239*[#   4]+0.043*[#   1]
    |psi|^2 = 0.760
==== e(   4) =    18.89106 eV ==== 
     psi = 0.116*[#   2]+0.116*[#   3]+0.116*[#   4]+0.046*[#   1]
    |psi|^2 = 0.395
==== e(   5) =    19.23017 eV ==== 
     psi = 0.142*[#   2]+0.142*[#   3]+0.142*[#   4]+0.057*[#   1]
    |psi|^2 = 0.484
==== e(   6) =    23.05605 eV ==== 
     psi = 0.050*[#   2]+0.050*[#   3]+0.050*[#   4]+0.004*[#   1]
    |psi|^2 = 0.155

 k =   0.3299831646  0.2357022604 -0.1885618083
==== e(   1) =     0.38169 eV ==== 
     psi = 0.349*[#   1]+0.216*[#   2]+0.216*[#   3]+0.216*[#   4]
    |psi|^2 = 0.996
==== e(   2) =     7.87547 eV ==== 
     psi = 0.499*[#   1]+0.151*[#   2]+0.151*[#   3]+0.151*[#   4]
    |psi|^2 = 0.951
==== e(   3) =    16.64836 eV ==== 
     psi = 0.238*[#   2]+0.238*[#   3]+0.238*[#   4]+0.036*[#   1]
    |psi|^2 = 0.750
==== e(   4) =    18.37626 eV ==== 
     psi = 0.144*[#   2]+0.144*[#   3]+0.144*[#   4]+0.053*[#   1]
    |psi|^2 = 0.486
==== e(   5) =    19.25427 eV ==== 
     psi = 0.128*[#   2]+0.128*[#   3]+0.128*[#   4]+0.043*[#   1]
    |psi|^2 = 0.427
==== e(   6) =    22.56456 eV ==== 
     psi = 0.055*[#   2]+0.055*[#   3]+0.055*[#   4]+0.005*[#   1]
    |psi|^2 = 0.168

 k =   0.3535533906  0.2592724864 -0.2121320344
==== e(   1) =     1.03908 eV ==== 
     psi = 0.354*[#   1]+0.214*[#   2]+0.214*[#   3]+0.214*[#   4]
    |psi|^2 = 0.996
==== e(   2) =     6.81379 eV ==== 
     psi = 0.511*[#   1]+0.151*[#   2]+0.151*[#   3]+0.151*[#   4]
    |psi|^2 = 0.965
==== e(   3) =    16.71083 eV ==== 
     psi = 0.234*[#   2]+0.234*[#   3]+0.234*[#   4]+0.029*[#   1]
    |psi|^2 = 0.730
==== e(   4) =    17.91152 eV ==== 
     psi = 0.164*[#   2]+0.164*[#   3]+0.164*[#   4]+0.056*[#   1]
    |psi|^2 = 0.547
==== e(   5) =    19.32924 eV ==== 
     psi = 0.121*[#   2]+0.121*[#   3]+0.121*[#   4]+0.035*[#   1]
    |psi|^2 = 0.398
==== e(   6) =    22.11640 eV ==== 
     psi = 0.060*[#   2]+0.060*[#   3]+0.060*[#   4]+0.005*[#   1]
    |psi|^2 = 0.184

 k =   0.3771236166  0.2828427125 -0.2357022604
==== e(   1) =     1.75171 eV ==== 
     psi = 0.362*[#   1]+0.211*[#   2]+0.211*[#   3]+0.211*[#   4]
    |psi|^2 = 0.995
==== e(   2) =     5.80174 eV ==== 
     psi = 0.514*[#   1]+0.153*[#   2]+0.153*[#   3]+0.153*[#   4]
    |psi|^2 = 0.975
==== e(   3) =    16.82257 eV ==== 
     psi = 0.225*[#   2]+0.225*[#   3]+0.225*[#   4]+0.021*[#   1]
    |psi|^2 = 0.696
==== e(   4) =    17.50093 eV ==== 
     psi = 0.184*[#   2]+0.184*[#   3]+0.184*[#   4]+0.060*[#   1]
    |psi|^2 = 0.611
==== e(   5) =    19.45490 eV ==== 
     psi = 0.114*[#   2]+0.114*[#   3]+0.114*[#   4]+0.029*[#   1]
    |psi|^2 = 0.372
==== e(   6) =    21.71488 eV ==== 
     psi = 0.066*[#   2]+0.066*[#   3]+0.066*[#   4]+0.005*[#   1]
    |psi|^2 = 0.202

 k =  -0.3064129385 -0.4006938427  0.4478342948
==== e(   1) =     2.51775 eV ==== 
     psi = 0.365*[#   1]+0.209*[#   2]+0.209*[#   3]+0.209*[#   4]
    |psi|^2 = 0.994
==== e(   2) =     4.84168 eV ==== 
     psi = 0.519*[#   1]+0.154*[#   2]+0.154*[#   3]+0.154*[#   4]
    |psi|^2 = 0.982
==== e(   3) =    16.95845 eV ==== 
     psi = 0.191*[#   2]+0.191*[#   3]+0.191*[#   4]+0.002*[#   1]
    |psi|^2 = 0.574
==== e(   4) =    17.17037 eV ==== 
     psi = 0.225*[#   2]+0.225*[#   3]+0.225*[#   4]+0.077*[#   1]
    |psi|^2 = 0.753
==== e(   5) =    19.63137 eV ==== 
     psi = 0.108*[#   2]+0.108*[#   3]+0.108*[#   4]+0.024*[#   1]
    |psi|^2 = 0.347
==== e(   6) =    21.36209 eV ==== 
     psi = 0.071*[#   2]+0.071*[#   3]+0.071*[#   4]+0.005*[#   1]
    |psi|^2 = 0.219

 k =  -0.2828427125 -0.3771236166  0.4242640687
==== e(   1) =     3.32344 eV ==== 
     psi = 0.269*[#   1]+0.241*[#   2]+0.241*[#   3]+0.241*[#   4]
    |psi|^2 = 0.994
==== e(   2) =     3.94770 eV ==== 
     psi = 0.619*[#   1]+0.122*[#   2]+0.122*[#   3]+0.122*[#   4]
    |psi|^2 = 0.984
==== e(   3) =    16.79770 eV ==== 
     psi = 0.186*[#   2]+0.186*[#   3]+0.186*[#   4]+0.038*[#   1]
    |psi|^2 = 0.596
==== e(   4) =    17.24105 eV ==== 
     psi = 0.234*[#   2]+0.234*[#   3]+0.234*[#   4]+0.041*[#   1]
    |psi|^2 = 0.744
==== e(   5) =    19.85807 eV ==== 
     psi = 0.102*[#   2]+0.102*[#   3]+0.102*[#   4]+0.021*[#   1]
    |psi|^2 = 0.327
==== e(   6) =    21.05984 eV ==== 
     psi = 0.076*[#   2]+0.076*[#   3]+0.076*[#   4]+0.006*[#   1]
    |psi|^2 = 0.233

 k =  -0.2592724864 -0.3535533906  0.4006938427
==== e(   1) =     3.05456 eV ==== 
     psi = 0.339*[#   1]+0.218*[#   2]+0.218*[#   3]+0.218*[#   4]
    |psi|^2 = 0.993
==== e(   2) =     4.23413 eV ==== 
     psi = 0.549*[#   1]+0.145*[#   2]+0.145*[#   3]+0.145*[#   4]
    |psi|^2 = 0.984
==== e(   3) =    16.54879 eV ==== 
     psi = 0.203*[#   2]+0.203*[#   3]+0.203*[#   4]+0.049*[#   1]
    |psi|^2 = 0.658
==== e(   4) =    17.50468 eV ==== 
     psi = 0.219*[#   2]+0.219*[#   3]+0.219*[#   4]+0.031*[#   1]
    |psi|^2 = 0.687
==== e(   5) =    20.13187 eV ==== 
     psi = 0.101*[#   2]+0.101*[#   3]+0.101*[#   4]+0.017*[#   1]
    |psi|^2 = 0.320
==== e(   6) =    20.81174 eV ==== 
     psi = 0.076*[#   2]+0.076*[#   3]+0.076*[#   4]+0.008*[#   1]
    |psi|^2 = 0.235

 k =  -0.2357022604 -0.3299831646  0.3771236166
==== e(   1) =     2.25680 eV ==== 
     psi = 0.366*[#   1]+0.209*[#   2]+0.209*[#   3]+0.209*[#   4]
    |psi|^2 = 0.994
==== e(   2) =     5.15523 eV ==== 
     psi = 0.517*[#   1]+0.154*[#   2]+0.154*[#   3]+0.154*[#   4]
    |psi|^2 = 0.980
==== e(   3) =    16.34606 eV ==== 
     psi = 0.213*[#   2]+0.213*[#   3]+0.213*[#   4]+0.056*[#   1]
    |psi|^2 = 0.696
==== e(   4) =    17.82697 eV ==== 
     psi = 0.206*[#   2]+0.206*[#   3]+0.206*[#   4]+0.028*[#   1]
    |psi|^2 = 0.647
==== e(   5) =    20.41886 eV ==== 
     psi = 0.130*[#   2]+0.130*[#   3]+0.130*[#   4]+0.007*[#   1]
    |psi|^2 = 0.397
==== e(   6) =    20.65159 eV ==== 
     psi = 0.045*[#   2]+0.045*[#   3]+0.045*[#   4]+0.018*[#   1]
    |psi|^2 = 0.152

 k =  -0.2121320344 -0.3064129385  0.3535533906
==== e(   1) =     1.50818 eV ==== 
     psi = 0.359*[#   1]+0.212*[#   2]+0.212*[#   3]+0.212*[#   4]
    |psi|^2 = 0.995
==== e(   2) =     6.13276 eV ==== 
     psi = 0.515*[#   1]+0.152*[#   2]+0.152*[#   3]+0.152*[#   4]
    |psi|^2 = 0.972
==== e(   3) =    16.19501 eV ==== 
     psi = 0.220*[#   2]+0.220*[#   3]+0.220*[#   4]+0.064*[#   1]
    |psi|^2 = 0.724
==== e(   4) =    18.20224 eV ==== 
     psi = 0.195*[#   2]+0.195*[#   3]+0.195*[#   4]+0.027*[#   1]
    |psi|^2 = 0.611
==== e(   5) =    20.41358 eV ==== 
     psi = 0.127*[#   2]+0.127*[#   3]+0.127*[#   4]+0.002*[#   1]
    |psi|^2 = 0.382
==== e(   6) =    20.88423 eV ==== 
     psi = 0.045*[#   2]+0.045*[#   3]+0.045*[#   4]+0.023*[#   1]
    |psi|^2 = 0.159

 k =  -0.1885618083 -0.2828427125  0.3299831646
==== e(   1) =     0.81381 eV ==== 
     psi = 0.352*[#   1]+0.215*[#   2]+0.215*[#   3]+0.215*[#   4]
    |psi|^2 = 0.996
==== e(   2) =     7.16117 eV ==== 
     psi = 0.509*[#   1]+0.151*[#   2]+0.151*[#   3]+0.151*[#   4]
    |psi|^2 = 0.961
==== e(   3) =    16.09669 eV ==== 
     psi = 0.224*[#   2]+0.224*[#   3]+0.224*[#   4]+0.074*[#   1]
    |psi|^2 = 0.745
==== e(   4) =    18.62890 eV ==== 
     psi = 0.184*[#   2]+0.184*[#   3]+0.184*[#   4]+0.026*[#   1]
    |psi|^2 = 0.579
==== e(   5) =    20.32194 eV ==== 
     psi = 0.119*[#   2]+0.119*[#   3]+0.119*[#   4]+0.005*[#   1]
    |psi|^2 = 0.362
==== e(   6) =    21.30251 eV ==== 
     psi = 0.049*[#   2]+0.049*[#   3]+0.049*[#   4]+0.021*[#   1]
    |psi|^2 = 0.168

 k =  -0.1649915823 -0.2592724864  0.3064129385
==== e(   1) =     0.17504 eV ==== 
     psi = 0.350*[#   1]+0.216*[#   2]+0.216*[#   3]+0.216*[#   4]
    |psi|^2 = 0.996
==== e(   2) =     8.23836 eV ==== 
     psi = 0.493*[#   1]+0.151*[#   2]+0.151*[#   3]+0.151*[#   4]
    |psi|^2 = 0.945
==== e(   3) =    16.05153 eV ==== 
     psi = 0.225*[#   2]+0.225*[#   3]+0.225*[#   4]+0.086*[#   1]
    |psi|^2 = 0.760
==== e(   4) =    19.10536 eV ==== 
     psi = 0.176*[#   2]+0.176*[#   3]+0.176*[#   4]+0.027*[#   1]
    |psi|^2 = 0.556
==== e(   5) =    20.27185 eV ==== 
     psi = 0.114*[#   2]+0.114*[#   3]+0.114*[#   4]+0.006*[#   1]
    |psi|^2 = 0.350
==== e(   6) =    21.77674 eV ==== 
     psi = 0.046*[#   2]+0.046*[#   3]+0.046*[#   4]+0.020*[#   1]
    |psi|^2 = 0.159

 k =  -0.1414213562 -0.2357022604  0.2828427125
==== e(   1) =    -0.40723 eV ==== 
     psi = 0.355*[#   1]+0.214*[#   2]+0.214*[#   3]+0.214*[#   4]
    |psi|^2 = 0.997
==== e(   2) =     9.36225 eV ==== 
     psi = 0.464*[#   1]+0.154*[#   2]+0.154*[#   3]+0.154*[#   4]
    |psi|^2 = 0.925
==== e(   3) =    16.05987 eV ==== 
     psi = 0.223*[#   2]+0.223*[#   3]+0.223*[#   4]+0.100*[#   1]
    |psi|^2 = 0.768
==== e(   4) =    19.62783 eV ==== 
     psi = 0.178*[#   2]+0.178*[#   3]+0.178*[#   4]+0.028*[#   1]
    |psi|^2 = 0.563
==== e(   5) =    20.27137 eV ==== 
     psi = 0.100*[#   2]+0.100*[#   3]+0.100*[#   4]+0.007*[#   1]
    |psi|^2 = 0.307
==== e(   6) =    22.29735 eV ==== 
     psi = 0.042*[#   2]+0.042*[#   3]+0.042*[#   4]+0.020*[#   1]
    |psi|^2 = 0.146

 k =  -0.1178511302 -0.2121320344  0.2592724864
==== e(   1) =    -0.93228 eV ==== 
     psi = 0.369*[#   1]+0.209*[#   2]+0.209*[#   3]+0.209*[#   4]
    |psi|^2 = 0.997
==== e(   2) =    10.53021 eV ==== 
     psi = 0.421*[#   1]+0.159*[#   2]+0.159*[#   3]+0.159*[#   4]
    |psi|^2 = 0.897
==== e(   3) =    16.12213 eV ==== 
     psi = 0.217*[#   2]+0.217*[#   3]+0.217*[#   4]+0.118*[#   1]
    |psi|^2 = 0.771
==== e(   4) =    20.16049 eV ==== 
     psi = 0.242*[#   2]+0.242*[#   3]+0.242*[#   4]+0.037*[#   1]
    |psi|^2 = 0.762
==== e(   5) =    20.35322 eV ==== 
     psi = 0.022*[#   2]+0.022*[#   3]+0.022*[#   4]
    |psi|^2 = 0.066
==== e(   6) =    22.85799 eV ==== 
     psi = 0.039*[#   2]+0.039*[#   3]+0.039*[#   4]+0.019*[#   1]
    |psi|^2 = 0.136

 k =  -0.0942809042 -0.1885618083  0.2357022604
==== e(   1) =    -1.39947 eV ==== 
     psi = 0.394*[#   1]+0.201*[#   2]+0.201*[#   3]+0.201*[#   4]
    |psi|^2 = 0.997
==== e(   2) =    11.73841 eV ==== 
     psi = 0.363*[#   1]+0.166*[#   2]+0.166*[#   3]+0.166*[#   4]
    |psi|^2 = 0.861
==== e(   3) =    16.23920 eV ==== 
     psi = 0.209*[#   2]+0.209*[#   3]+0.209*[#   4]+0.140*[#   1]
    |psi|^2 = 0.767
==== e(   4) =    20.36451 eV ==== 
     psi = 0.164*[#   2]+0.164*[#   3]+0.164*[#   4]+0.023*[#   1]
    |psi|^2 = 0.514
==== e(   5) =    20.84786 eV ==== 
     psi = 0.083*[#   2]+0.083*[#   3]+0.083*[#   4]+0.017*[#   1]
    |psi|^2 = 0.267
==== e(   6) =    23.44497 eV ==== 
     psi = 0.039*[#   2]+0.039*[#   3]+0.039*[#   4]+0.016*[#   1]
    |psi|^2 = 0.134

 k =  -0.0707106781 -0.1649915823  0.2121320344
==== e(   1) =    -1.80825 eV ==== 
     psi = 0.430*[#   1]+0.189*[#   2]+0.189*[#   3]+0.189*[#   4]
    |psi|^2 = 0.997
==== e(   2) =    12.98049 eV ==== 
     psi = 0.288*[#   1]+0.175*[#   2]+0.175*[#   3]+0.175*[#   4]
    |psi|^2 = 0.813
==== e(   3) =    16.41326 eV ==== 
     psi = 0.197*[#   2]+0.197*[#   3]+0.197*[#   4]+0.166*[#   1]
    |psi|^2 = 0.757
==== e(   4) =    20.48854 eV ==== 
     psi = 0.125*[#   2]+0.125*[#   3]+0.125*[#   4]+0.020*[#   1]
    |psi|^2 = 0.394
==== e(   5) =    21.48502 eV ==== 
     psi = 0.108*[#   2]+0.108*[#   3]+0.108*[#   4]+0.021*[#   1]
    |psi|^2 = 0.346
==== e(   6) =    23.71786 eV ==== 
     psi = 0.085*[#   2]+0.085*[#   3]+0.085*[#   4]+0.007*[#   1]
    |psi|^2 = 0.262

 k =  -0.0471404521 -0.1414213562  0.1885618083
==== e(   1) =    -2.15813 eV ==== 
     psi = 0.479*[#   1]+0.173*[#   2]+0.173*[#   3]+0.173*[#   4]
    |psi|^2 = 0.997
==== e(   2) =    14.24361 eV ==== 
     psi = 0.195*[#   1]+0.185*[#   2]+0.185*[#   3]+0.185*[#   4]
    |psi|^2 = 0.749
==== e(   3) =    16.65080 eV ==== 
     psi = 0.199*[#   1]+0.182*[#   2]+0.182*[#   3]+0.182*[#   4]
    |psi|^2 = 0.743
==== e(   4) =    20.62119 eV ==== 
     psi = 0.090*[#   2]+0.090*[#   3]+0.090*[#   4]+0.017*[#   1]
    |psi|^2 = 0.286
==== e(   5) =    22.09134 eV ==== 
     psi = 0.158*[#   2]+0.158*[#   3]+0.158*[#   4]+0.028*[#   1]
    |psi|^2 = 0.503
==== e(   6) =    23.30986 eV ==== 
     psi = 0.078*[#   2]+0.078*[#   3]+0.078*[#   4]
    |psi|^2 = 0.236

 k =  -0.0235702260 -0.1178511302  0.1649915823
==== e(   1) =    -2.44866 eV ==== 
     psi = 0.542*[#   1]+0.152*[#   2]+0.152*[#   3]+0.152*[#   4]
    |psi|^2 = 0.998
==== e(   2) =    15.49245 eV ==== 
     psi = 0.193*[#   2]+0.193*[#   3]+0.193*[#   4]+0.083*[#   1]
    |psi|^2 = 0.662
==== e(   3) =    16.97645 eV ==== 
     psi = 0.239*[#   1]+0.164*[#   2]+0.164*[#   3]+0.164*[#   4]
    |psi|^2 = 0.731
==== e(   4) =    20.71390 eV ==== 
     psi = 0.046*[#   2]+0.046*[#   3]+0.046*[#   4]+0.008*[#   1]
    |psi|^2 = 0.148
==== e(   5) =    22.27428 eV ==== 
     psi = 0.271*[#   2]+0.271*[#   3]+0.271*[#   4]+0.046*[#   1]
    |psi|^2 = 0.857
==== e(   6) =    23.32143 eV ==== 
     psi = 0.002*[#   2]+0.002*[#   3]+0.002*[#   4]
    |psi|^2 = 0.005

 k =   0.0000000000 -0.0942809042  0.1414213562
==== e(   1) =    -2.67951 eV ==== 
     psi = 0.617*[#   1]+0.127*[#   2]+0.127*[#   3]+0.127*[#   4]
    |psi|^2 = 0.998
==== e(   2) =    16.58541 eV ==== 
     psi = 0.186*[#   2]+0.186*[#   3]+0.186*[#   4]
    |psi|^2 = 0.559
==== e(   3) =    17.51109 eV ==== 
     psi = 0.243*[#   1]+0.156*[#   2]+0.156*[#   3]+0.156*[#   4]
    |psi|^2 = 0.713
==== e(   4) =    20.64551 eV ==== 
     psi = 0.022*[#   2]+0.022*[#   3]+0.022*[#   4]
    |psi|^2 = 0.065
==== e(   5) =    22.10193 eV ==== 
     psi = 0.286*[#   2]+0.286*[#   3]+0.286*[#   4]+0.059*[#   1]
    |psi|^2 = 0.918
==== e(   6) =    23.75544 eV ==== 
     psi = 0.097*[#   2]+0.097*[#   3]+0.097*[#   4]
    |psi|^2 = 0.292

 k =   0.1885618083  0.0471404521  0.0000000000
==== e(   1) =    -2.51887 eV ==== 
     psi = 0.555*[#   1]+0.147*[#   2]+0.147*[#   3]+0.147*[#   4]
    |psi|^2 = 0.998
==== e(   2) =    16.73454 eV ==== 
     psi = 0.175*[#   2]+0.175*[#   3]+0.175*[#   4]
    |psi|^2 = 0.525
==== e(   3) =    17.39636 eV ==== 
     psi = 0.216*[#   2]+0.216*[#   3]+0.216*[#   4]+0.097*[#   1]
    |psi|^2 = 0.746
==== e(   4) =    18.89669 eV ==== 
     psi = 0.070*[#   2]+0.070*[#   3]+0.070*[#   4]
    |psi|^2 = 0.211
==== e(   5) =    21.07083 eV ==== 
     psi = 0.294*[#   1]+0.189*[#   2]+0.189*[#   3]+0.189*[#   4]
    |psi|^2 = 0.862
==== e(   6) =    22.19724 eV ==== 
     psi = 0.024*[#   1]+0.011*[#   2]+0.011*[#   3]+0.011*[#   4]
    |psi|^2 = 0.058

 k =   0.2121320344  0.0707106781 -0.0235702260
==== e(   1) =    -2.28828 eV ==== 
     psi = 0.496*[#   1]+0.167*[#   2]+0.167*[#   3]+0.167*[#   4]
    |psi|^2 = 0.997
==== e(   2) =    15.62601 eV ==== 
     psi = 0.191*[#   2]+0.191*[#   3]+0.191*[#   4]+0.060*[#   1]
    |psi|^2 = 0.633
==== e(   3) =    16.94722 eV ==== 
     psi = 0.215*[#   2]+0.215*[#   3]+0.215*[#   4]+0.112*[#   1]
    |psi|^2 = 0.757
==== e(   4) =    19.02929 eV ==== 
     psi = 0.060*[#   2]+0.060*[#   3]+0.060*[#   4]+0.028*[#   1]
    |psi|^2 = 0.208
==== e(   5) =    21.11261 eV ==== 
     psi = 0.262*[#   1]+0.193*[#   2]+0.193*[#   3]+0.193*[#   4]
    |psi|^2 = 0.842
==== e(   6) =    21.52164 eV ==== 
     psi = 0.015*[#   2]+0.015*[#   3]+0.015*[#   4]+0.006*[#   1]
    |psi|^2 = 0.051

 k =   0.2357022604  0.0942809042 -0.0471404521
==== e(   1) =    -1.99807 eV ==== 
     psi = 0.445*[#   1]+0.184*[#   2]+0.184*[#   3]+0.184*[#   4]
    |psi|^2 = 0.997
==== e(   2) =    14.37483 eV ==== 
     psi = 0.195*[#   2]+0.195*[#   3]+0.195*[#   4]+0.145*[#   1]
    |psi|^2 = 0.731
==== e(   3) =    16.65467 eV ==== 
     psi = 0.223*[#   2]+0.223*[#   3]+0.223*[#   4]+0.099*[#   1]
    |psi|^2 = 0.767
==== e(   4) =    19.02616 eV ==== 
     psi = 0.065*[#   1]+0.060*[#   2]+0.060*[#   3]+0.060*[#   4]
    |psi|^2 = 0.245
==== e(   5) =    20.52225 eV ==== 
     psi = 0.128*[#   1]+0.092*[#   2]+0.092*[#   3]+0.092*[#   4]
    |psi|^2 = 0.403
==== e(   6) =    21.79774 eV ==== 
     psi = 0.115*[#   2]+0.115*[#   3]+0.115*[#   4]+0.080*[#   1]
    |psi|^2 = 0.425

 k =   0.2592724864  0.1178511302 -0.0707106781
==== e(   1) =    -1.64859 eV ==== 
     psi = 0.404*[#   1]+0.198*[#   2]+0.198*[#   3]+0.198*[#   4]
    |psi|^2 = 0.997
==== e(   2) =    13.11493 eV ==== 
     psi = 0.224*[#   1]+0.193*[#   2]+0.193*[#   3]+0.193*[#   4]
    |psi|^2 = 0.804
==== e(   3) =    16.43153 eV ==== 
     psi = 0.232*[#   2]+0.232*[#   3]+0.232*[#   4]+0.085*[#   1]
    |psi|^2 = 0.780
==== e(   4) =    18.94829 eV ==== 
     psi = 0.077*[#   1]+0.065*[#   2]+0.065*[#   3]+0.065*[#   4]
    |psi|^2 = 0.272
==== e(   5) =    19.80370 eV ==== 
     psi = 0.122*[#   1]+0.096*[#   2]+0.096*[#   3]+0.096*[#   4]
    |psi|^2 = 0.411
==== e(   6) =    22.42962 eV ==== 
     psi = 0.108*[#   2]+0.108*[#   3]+0.108*[#   4]+0.051*[#   1]
    |psi|^2 = 0.375

 k =   0.2828427125  0.1414213562 -0.0942809042
==== e(   1) =    -1.24028 eV ==== 
     psi = 0.374*[#   1]+0.208*[#   2]+0.208*[#   3]+0.208*[#   4]
    |psi|^2 = 0.997
==== e(   2) =    11.87659 eV ==== 
     psi = 0.293*[#   1]+0.188*[#   2]+0.188*[#   3]+0.188*[#   4]
    |psi|^2 = 0.858
==== e(   3) =    16.26493 eV ==== 
     psi = 0.239*[#   2]+0.239*[#   3]+0.239*[#   4]+0.072*[#   1]
    |psi|^2 = 0.789
==== e(   4) =    18.85010 eV ==== 
     psi = 0.052*[#   2]+0.052*[#   3]+0.052*[#   4]+0.046*[#   1]
    |psi|^2 = 0.201
==== e(   5) =    19.12999 eV ==== 
     psi = 0.154*[#   1]+0.133*[#   2]+0.133*[#   3]+0.133*[#   4]
    |psi|^2 = 0.553
==== e(   6) =    23.17293 eV ==== 
     psi = 0.092*[#   2]+0.092*[#   3]+0.092*[#   4]+0.028*[#   1]
    |psi|^2 = 0.303

 k =   0.3064129385  0.1649915823 -0.1178511302
==== e(   1) =    -0.77362 eV ==== 
     psi = 0.353*[#   1]+0.215*[#   2]+0.215*[#   3]+0.215*[#   4]
    |psi|^2 = 0.997
==== e(   2) =    10.67170 eV ==== 
     psi = 0.351*[#   1]+0.182*[#   2]+0.182*[#   3]+0.182*[#   4]
    |psi|^2 = 0.898
==== e(   3) =    16.15187 eV ==== 
     psi = 0.244*[#   2]+0.244*[#   3]+0.244*[#   4]+0.060*[#   1]
    |psi|^2 = 0.793
==== e(   4) =    18.45937 eV ==== 
     psi = 0.084*[#   2]+0.084*[#   3]+0.084*[#   4]+0.071*[#   1]
    |psi|^2 = 0.322
==== e(   5) =    18.81629 eV ==== 
     psi = 0.124*[#   2]+0.124*[#   3]+0.124*[#   4]+0.123*[#   1]
    |psi|^2 = 0.496
==== e(   6) =    23.93557 eV ==== 
     psi = 0.079*[#   2]+0.079*[#   3]+0.079*[#   4]+0.011*[#   1]
    |psi|^2 = 0.249

 k =   0.3299831646  0.1885618083 -0.1414213562
==== e(   1) =    -0.24919 eV ==== 
     psi = 0.341*[#   1]+0.219*[#   2]+0.219*[#   3]+0.219*[#   4]
    |psi|^2 = 0.997
==== e(   2) =     9.50652 eV ==== 
     psi = 0.397*[#   1]+0.177*[#   2]+0.177*[#   3]+0.177*[#   4]
    |psi|^2 = 0.927
==== e(   3) =    16.09122 eV ==== 
     psi = 0.247*[#   2]+0.247*[#   3]+0.247*[#   4]+0.049*[#   1]
    |psi|^2 = 0.789
==== e(   4) =    17.87718 eV ==== 
     psi = 0.120*[#   2]+0.120*[#   3]+0.120*[#   4]+0.096*[#   1]
    |psi|^2 = 0.455
==== e(   5) =    18.77993 eV ==== 
     psi = 0.110*[#   2]+0.110*[#   3]+0.110*[#   4]+0.088*[#   1]
    |psi|^2 = 0.419
==== e(   6) =    23.99247 eV ==== 
     psi = 0.044*[#   2]+0.044*[#   3]+0.044*[#   4]
    |psi|^2 = 0.133

 k =   0.3535533906  0.2121320344 -0.1649915823
==== e(   1) =     0.33237 eV ==== 
     psi = 0.336*[#   1]+0.220*[#   2]+0.220*[#   3]+0.220*[#   4]
    |psi|^2 = 0.997
==== e(   2) =     8.38496 eV ==== 
     psi = 0.430*[#   1]+0.172*[#   2]+0.172*[#   3]+0.172*[#   4]
    |psi|^2 = 0.948
==== e(   3) =    16.08198 eV ==== 
     psi = 0.246*[#   2]+0.246*[#   3]+0.246*[#   4]+0.038*[#   1]
    |psi|^2 = 0.777
==== e(   4) =    17.34042 eV ==== 
     psi = 0.143*[#   2]+0.143*[#   3]+0.143*[#   4]+0.104*[#   1]
    |psi|^2 = 0.533
==== e(   5) =    18.79384 eV ==== 
     psi = 0.106*[#   2]+0.106*[#   3]+0.106*[#   4]+0.071*[#   1]
    |psi|^2 = 0.389
==== e(   6) =    23.51847 eV ==== 
     psi = 0.043*[#   2]+0.043*[#   3]+0.043*[#   4]+0.002*[#   1]
    |psi|^2 = 0.130

 k =   0.3771236166  0.2357022604 -0.1885618083
==== e(   1) =     0.97031 eV ==== 
     psi = 0.338*[#   1]+0.219*[#   2]+0.219*[#   3]+0.219*[#   4]
    |psi|^2 = 0.996
==== e(   2) =     7.30975 eV ==== 
     psi = 0.453*[#   1]+0.170*[#   2]+0.170*[#   3]+0.170*[#   4]
    |psi|^2 = 0.963
==== e(   3) =    16.12113 eV ==== 
     psi = 0.241*[#   2]+0.241*[#   3]+0.241*[#   4]+0.025*[#   1]
    |psi|^2 = 0.748
==== e(   4) =    16.85821 eV ==== 
     psi = 0.166*[#   2]+0.166*[#   3]+0.166*[#   4]+0.112*[#   1]
    |psi|^2 = 0.611
==== e(   5) =    18.85675 eV ==== 
     psi = 0.102*[#   2]+0.102*[#   3]+0.102*[#   4]+0.058*[#   1]
    |psi|^2 = 0.363
==== e(   6) =    23.06511 eV ==== 
     psi = 0.046*[#   2]+0.046*[#   3]+0.046*[#   4]+0.002*[#   1]
    |psi|^2 = 0.139

 k =   0.4006938427  0.2592724864 -0.2121320344
==== e(   1) =     1.66373 eV ==== 
     psi = 0.344*[#   1]+0.217*[#   2]+0.217*[#   3]+0.217*[#   4]
    |psi|^2 = 0.995
==== e(   2) =     6.28305 eV ==== 
     psi = 0.465*[#   1]+0.169*[#   2]+0.169*[#   3]+0.169*[#   4]
    |psi|^2 = 0.974
==== e(   3) =    16.18209 eV ==== 
     psi = 0.212*[#   2]+0.212*[#   3]+0.212*[#   4]+0.001*[#   1]
    |psi|^2 = 0.637
==== e(   4) =    16.45858 eV ==== 
     psi = 0.210*[#   2]+0.210*[#   3]+0.210*[#   4]+0.131*[#   1]
    |psi|^2 = 0.759
==== e(   5) =    18.97009 eV ==== 
     psi = 0.096*[#   2]+0.096*[#   3]+0.096*[#   4]+0.048*[#   1]
    |psi|^2 = 0.337
==== e(   6) =    22.65307 eV ==== 
     psi = 0.050*[#   2]+0.050*[#   3]+0.050*[#   4]+0.003*[#   1]
    |psi|^2 = 0.151

 k =  -0.2828427125 -0.4242640687  0.4714045208
==== e(   1) =     2.41118 eV ==== 
     psi = 0.348*[#   1]+0.216*[#   2]+0.216*[#   3]+0.216*[#   4]
    |psi|^2 = 0.994
==== e(   2) =     5.30708 eV ==== 
     psi = 0.474*[#   1]+0.169*[#   2]+0.169*[#   3]+0.169*[#   4]
    |psi|^2 = 0.981
==== e(   3) =    15.98837 eV ==== 
     psi = 0.176*[#   2]+0.176*[#   3]+0.176*[#   4]+0.062*[#   1]
    |psi|^2 = 0.591
==== e(   4) =    16.41874 eV ==== 
     psi = 0.255*[#   2]+0.255*[#   3]+0.255*[#   4]+0.067*[#   1]
    |psi|^2 = 0.832
==== e(   5) =    19.13473 eV ==== 
     psi = 0.090*[#   2]+0.090*[#   3]+0.090*[#   4]+0.041*[#   1]
    |psi|^2 = 0.311
==== e(   6) =    22.28695 eV ==== 
     psi = 0.054*[#   2]+0.054*[#   3]+0.054*[#   4]+0.003*[#   1]
    |psi|^2 = 0.165

 k =  -0.2592724864 -0.4006938427  0.4478342948
==== e(   1) =     3.20725 eV ==== 
     psi = 0.317*[#   1]+0.225*[#   2]+0.225*[#   3]+0.225*[#   4]
    |psi|^2 = 0.993
==== e(   2) =     4.38769 eV ==== 
     psi = 0.511*[#   1]+0.158*[#   2]+0.158*[#   3]+0.158*[#   4]
    |psi|^2 = 0.985
==== e(   3) =    15.67362 eV ==== 
     psi = 0.193*[#   2]+0.193*[#   3]+0.193*[#   4]+0.083*[#   1]
    |psi|^2 = 0.662
==== e(   4) =    16.60553 eV ==== 
     psi = 0.245*[#   2]+0.245*[#   3]+0.245*[#   4]+0.044*[#   1]
    |psi|^2 = 0.781
==== e(   5) =    19.35102 eV ==== 
     psi = 0.084*[#   2]+0.084*[#   3]+0.084*[#   4]+0.035*[#   1]
    |psi|^2 = 0.286
==== e(   6) =    21.96894 eV ==== 
     psi = 0.059*[#   2]+0.059*[#   3]+0.059*[#   4]+0.003*[#   1]
    |psi|^2 = 0.179

 k =  -0.2357022604 -0.3771236166  0.4242640687
==== e(   1) =     3.47587 eV ==== 
     psi = 0.249*[#   2]+0.249*[#   3]+0.249*[#   4]+0.248*[#   1]
    |psi|^2 = 0.994
==== e(   2) =     4.10113 eV ==== 
     psi = 0.582*[#   1]+0.134*[#   2]+0.134*[#   3]+0.134*[#   4]
    |psi|^2 = 0.985
==== e(   3) =    15.40013 eV ==== 
     psi = 0.205*[#   2]+0.205*[#   3]+0.205*[#   4]+0.093*[#   1]
    |psi|^2 = 0.706
==== e(   4) =    16.85701 eV ==== 
     psi = 0.236*[#   2]+0.236*[#   3]+0.236*[#   4]+0.037*[#   1]
    |psi|^2 = 0.746
==== e(   5) =    19.61871 eV ==== 
     psi = 0.077*[#   2]+0.077*[#   3]+0.077*[#   4]+0.032*[#   1]
    |psi|^2 = 0.264
==== e(   6) =    21.70038 eV ==== 
     psi = 0.063*[#   2]+0.063*[#   3]+0.063*[#   4]+0.004*[#   1]
    |psi|^2 = 0.192

 k =  -0.2121320344 -0.3535533906  0.4006938427
==== e(   1) =     2.67228 eV ==== 
     psi = 0.345*[#   1]+0.216*[#   2]+0.216*[#   3]+0.216*[#   4]
    |psi|^2 = 0.994
==== e(   2) =     4.99215 eV ==== 
     psi = 0.481*[#   1]+0.167*[#   2]+0.167*[#   3]+0.167*[#   4]
    |psi|^2 = 0.982
==== e(   3) =    15.17802 eV ==== 
     psi = 0.213*[#   2]+0.213*[#   3]+0.213*[#   4]+0.101*[#   1]
    |psi|^2 = 0.740
==== e(   4) =    17.16326 eV ==== 
     psi = 0.227*[#   2]+0.227*[#   3]+0.227*[#   4]+0.034*[#   1]
    |psi|^2 = 0.715
==== e(   5) =    19.93689 eV ==== 
     psi = 0.072*[#   2]+0.072*[#   3]+0.072*[#   4]+0.029*[#   1]
    |psi|^2 = 0.246
==== e(   6) =    21.48246 eV ==== 
     psi = 0.066*[#   2]+0.066*[#   3]+0.066*[#   4]+0.004*[#   1]
    |psi|^2 = 0.203

 k =  -0.1885618083 -0.3299831646  0.3771236166
==== e(   1) =     1.90730 eV ==== 
     psi = 0.346*[#   1]+0.216*[#   2]+0.216*[#   3]+0.216*[#   4]
    |psi|^2 = 0.995
==== e(   2) =     5.94962 eV ==== 
     psi = 0.470*[#   1]+0.169*[#   2]+0.169*[#   3]+0.169*[#   4]
    |psi|^2 = 0.976
==== e(   3) =    15.00930 eV ==== 
     psi = 0.218*[#   2]+0.218*[#   3]+0.218*[#   4]+0.113*[#   1]
    |psi|^2 = 0.767
==== e(   4) =    17.52234 eV ==== 
     psi = 0.217*[#   2]+0.217*[#   3]+0.217*[#   4]+0.032*[#   1]
    |psi|^2 = 0.683
==== e(   5) =    20.30298 eV ==== 
     psi = 0.070*[#   2]+0.070*[#   3]+0.070*[#   4]+0.027*[#   1]
    |psi|^2 = 0.236
==== e(   6) =    21.31720 eV ==== 
     psi = 0.067*[#   2]+0.067*[#   3]+0.067*[#   4]+0.006*[#   1]
    |psi|^2 = 0.206

 k =  -0.1649915823 -0.3064129385  0.3535533906
==== e(   1) =     1.19555 eV ==== 
     psi = 0.340*[#   1]+0.219*[#   2]+0.219*[#   3]+0.219*[#   4]
    |psi|^2 = 0.996
==== e(   2) =     6.95836 eV ==== 
     psi = 0.459*[#   1]+0.169*[#   2]+0.169*[#   3]+0.169*[#   4]
    |psi|^2 = 0.966
==== e(   3) =    14.89490 eV ==== 
     psi = 0.220*[#   2]+0.220*[#   3]+0.220*[#   4]+0.127*[#   1]
    |psi|^2 = 0.787
==== e(   4) =    17.93330 eV ==== 
     psi = 0.206*[#   2]+0.206*[#   3]+0.206*[#   4]+0.032*[#   1]
    |psi|^2 = 0.651
==== e(   5) =    20.70609 eV ==== 
     psi = 0.077*[#   2]+0.077*[#   3]+0.077*[#   4]+0.022*[#   1]
    |psi|^2 = 0.254
==== e(   6) =    21.21419 eV ==== 
     psi = 0.056*[#   2]+0.056*[#   3]+0.056*[#   4]+0.011*[#   1]
    |psi|^2 = 0.179

 k =  -0.1414213562 -0.2828427125  0.3299831646
==== e(   1) =     0.53892 eV ==== 
     psi = 0.337*[#   1]+0.220*[#   2]+0.220*[#   3]+0.220*[#   4]
    |psi|^2 = 0.996
==== e(   2) =     8.01544 eV ==== 
     psi = 0.439*[#   1]+0.171*[#   2]+0.171*[#   3]+0.171*[#   4]
    |psi|^2 = 0.953
==== e(   3) =    14.83561 eV ==== 
     psi = 0.219*[#   2]+0.219*[#   3]+0.219*[#   4]+0.146*[#   1]
    |psi|^2 = 0.802
==== e(   4) =    18.39520 eV ==== 
     psi = 0.196*[#   2]+0.196*[#   3]+0.196*[#   4]+0.031*[#   1]
    |psi|^2 = 0.618
==== e(   5) =    21.01862 eV ==== 
     psi = 0.117*[#   2]+0.117*[#   3]+0.117*[#   4]+0.001*[#   1]
    |psi|^2 = 0.353
==== e(   6) =    21.29868 eV ==== 
     psi = 0.032*[#   1]+0.012*[#   2]+0.012*[#   3]+0.012*[#   4]
    |psi|^2 = 0.069

 k =  -0.1178511302 -0.2592724864  0.3064129385
==== e(   1) =    -0.06157 eV ==== 
     psi = 0.340*[#   1]+0.219*[#   2]+0.219*[#   3]+0.219*[#   4]
    |psi|^2 = 0.997
==== e(   2) =     9.11806 eV ==== 
     psi = 0.406*[#   1]+0.176*[#   2]+0.176*[#   3]+0.176*[#   4]
    |psi|^2 = 0.935
==== e(   3) =    14.83246 eV ==== 
     psi = 0.214*[#   2]+0.214*[#   3]+0.214*[#   4]+0.170*[#   1]
    |psi|^2 = 0.812
==== e(   4) =    18.90672 eV ==== 
     psi = 0.185*[#   2]+0.185*[#   3]+0.185*[#   4]+0.032*[#   1]
    |psi|^2 = 0.588
==== e(   5) =    21.05515 eV ==== 
     psi = 0.100*[#   2]+0.100*[#   3]+0.100*[#   4]+0.002*[#   1]
    |psi|^2 = 0.302
==== e(   6) =    21.75200 eV ==== 
     psi = 0.032*[#   1]+0.023*[#   2]+0.023*[#   3]+0.023*[#   4]
    |psi|^2 = 0.102

 k =  -0.0942809042 -0.2357022604  0.2828427125
==== e(   1) =    -0.60515 eV ==== 
     psi = 0.351*[#   1]+0.215*[#   2]+0.215*[#   3]+0.215*[#   4]
    |psi|^2 = 0.997
==== e(   2) =    10.26229 eV ==== 
     psi = 0.358*[#   1]+0.184*[#   2]+0.184*[#   3]+0.184*[#   4]
    |psi|^2 = 0.911
==== e(   3) =    14.88730 eV ==== 
     psi = 0.205*[#   2]+0.205*[#   3]+0.205*[#   4]+0.200*[#   1]
    |psi|^2 = 0.816
==== e(   4) =    19.46560 eV ==== 
     psi = 0.177*[#   2]+0.177*[#   3]+0.177*[#   4]+0.032*[#   1]
    |psi|^2 = 0.563
==== e(   5) =    21.08516 eV ==== 
     psi = 0.087*[#   2]+0.087*[#   3]+0.087*[#   4]+0.003*[#   1]
    |psi|^2 = 0.263
==== e(   6) =    22.29707 eV ==== 
     psi = 0.030*[#   1]+0.027*[#   2]+0.027*[#   3]+0.027*[#   4]
    |psi|^2 = 0.110

 k =  -0.0707106781 -0.2121320344  0.2592724864
==== e(   1) =    -1.09116 eV ==== 
     psi = 0.369*[#   1]+0.209*[#   2]+0.209*[#   3]+0.209*[#   4]
    |psi|^2 = 0.997
==== e(   2) =    11.44132 eV ==== 
     psi = 0.291*[#   1]+0.196*[#   2]+0.196*[#   3]+0.196*[#   4]
    |psi|^2 = 0.879
==== e(   3) =    15.00416 eV ==== 
     psi = 0.239*[#   1]+0.192*[#   2]+0.192*[#   3]+0.192*[#   4]
    |psi|^2 = 0.816
==== e(   4) =    20.06722 eV ==== 
     psi = 0.173*[#   2]+0.173*[#   3]+0.173*[#   4]+0.033*[#   1]
    |psi|^2 = 0.554
==== e(   5) =    21.14694 eV ==== 
     psi = 0.068*[#   2]+0.068*[#   3]+0.068*[#   4]+0.004*[#   1]
    |psi|^2 = 0.207
==== e(   6) =    22.87726 eV ==== 
     psi = 0.031*[#   2]+0.031*[#   3]+0.031*[#   4]+0.027*[#   1]
    |psi|^2 = 0.119

 k =  -0.0471404521 -0.1885618083  0.2357022604
==== e(   1) =    -1.51899 eV ==== 
     psi = 0.397*[#   1]+0.200*[#   2]+0.200*[#   3]+0.200*[#   4]
    |psi|^2 = 0.997
==== e(   2) =    12.64053 eV ==== 
     psi = 0.211*[#   2]+0.211*[#   3]+0.211*[#   4]+0.202*[#   1]
    |psi|^2 = 0.835
==== e(   3) =    15.19366 eV ==== 
     psi = 0.290*[#   1]+0.174*[#   2]+0.174*[#   3]+0.174*[#   4]
    |psi|^2 = 0.812
==== e(   4) =    20.69821 eV ==== 
     psi = 0.183*[#   2]+0.183*[#   3]+0.183*[#   4]+0.036*[#   1]
    |psi|^2 = 0.584
==== e(   5) =    21.23186 eV ==== 
     psi = 0.034*[#   2]+0.034*[#   3]+0.034*[#   4]+0.001*[#   1]
    |psi|^2 = 0.103
==== e(   6) =    23.37915 eV ==== 
     psi = 0.075*[#   2]+0.075*[#   3]+0.075*[#   4]+0.011*[#   1]
    |psi|^2 = 0.235

 k =  -0.0235702260 -0.1649915823  0.2121320344
==== e(   1) =    -1.88815 eV ==== 
     psi = 0.435*[#   1]+0.187*[#   2]+0.187*[#   3]+0.187*[#   4]
    |psi|^2 = 0.997
==== e(   2) =    13.81860 eV ==== 
     psi = 0.229*[#   2]+0.229*[#   3]+0.229*[#   4]+0.086*[#   1]
    |psi|^2 = 0.772
==== e(   3) =    15.49103 eV ==== 
     psi = 0.359*[#   1]+0.150*[#   2]+0.150*[#   3]+0.150*[#   4]
    |psi|^2 = 0.809
==== e(   4) =    21.19972 eV ==== 
     psi = 0.108*[#   2]+0.108*[#   3]+0.108*[#   4]+0.017*[#   1]
    |psi|^2 = 0.341
==== e(   5) =    21.41949 eV ==== 
     psi = 0.096*[#   2]+0.096*[#   3]+0.096*[#   4]+0.020*[#   1]
    |psi|^2 = 0.307
==== e(   6) =    23.07536 eV ==== 
     psi = 0.123*[#   2]+0.123*[#   3]+0.123*[#   4]+0.003*[#   1]
    |psi|^2 = 0.372

 k =   0.0000000000 -0.1414213562  0.1885618083
==== e(   1) =    -2.19816 eV ==== 
     psi = 0.484*[#   1]+0.171*[#   2]+0.171*[#   3]+0.171*[#   4]
    |psi|^2 = 0.997
==== e(   2) =    14.83433 eV ==== 
     psi = 0.232*[#   2]+0.232*[#   3]+0.232*[#   4]
    |psi|^2 = 0.697
==== e(   3) =    16.02707 eV ==== 
     psi = 0.388*[#   1]+0.137*[#   2]+0.137*[#   3]+0.137*[#   4]
    |psi|^2 = 0.799
==== e(   4) =    21.10631 eV ==== 
     psi = 0.016*[#   2]+0.016*[#   3]+0.016*[#   4]
    |psi|^2 = 0.047
==== e(   5) =    21.93746 eV ==== 
     psi = 0.248*[#   2]+0.248*[#   3]+0.248*[#   4]+0.046*[#   1]
    |psi|^2 = 0.791
==== e(   6) =    22.89925 eV ==== 
     psi = 0.057*[#   2]+0.057*[#   3]+0.057*[#   4]+0.002*[#   1]
    |psi|^2 = 0.173

 k =   0.2357022604  0.0471404521 -0.0000000000
==== e(   1) =    -2.15811 eV ==== 
     psi = 0.466*[#   1]+0.177*[#   2]+0.177*[#   3]+0.177*[#   4]
    |psi|^2 = 0.997
==== e(   2) =    15.97636 eV ==== 
     psi = 0.185*[#   2]+0.185*[#   3]+0.185*[#   4]
    |psi|^2 = 0.556
==== e(   3) =    16.68852 eV ==== 
     psi = 0.239*[#   2]+0.239*[#   3]+0.239*[#   4]+0.090*[#   1]
    |psi|^2 = 0.807
==== e(   4) =    18.16716 eV ==== 
     psi = 0.084*[#   2]+0.084*[#   3]+0.084*[#   4]
    |psi|^2 = 0.251
==== e(   5) =    20.39172 eV ==== 
     psi = 0.298*[#   1]+0.113*[#   2]+0.113*[#   3]+0.113*[#   4]
    |psi|^2 = 0.638
==== e(   6) =    20.62945 eV ==== 
     psi = 0.116*[#   1]+0.058*[#   2]+0.058*[#   3]+0.058*[#   4]
    |psi|^2 = 0.289

 k =   0.2592724864  0.0707106781 -0.0235702260
==== e(   1) =    -1.88814 eV ==== 
     psi = 0.424*[#   1]+0.191*[#   2]+0.191*[#   3]+0.191*[#   4]
    |psi|^2 = 0.997
==== e(   2) =    14.90008 eV ==== 
     psi = 0.204*[#   2]+0.204*[#   3]+0.204*[#   4]+0.052*[#   1]
    |psi|^2 = 0.664
==== e(   3) =    16.26543 eV ==== 
     psi = 0.233*[#   2]+0.233*[#   3]+0.233*[#   4]+0.105*[#   1]
    |psi|^2 = 0.805
==== e(   4) =    18.34262 eV ==== 
     psi = 0.067*[#   2]+0.067*[#   3]+0.067*[#   4]+0.025*[#   1]
    |psi|^2 = 0.225
==== e(   5) =    19.62959 eV ==== 
     psi = 0.166*[#   1]+0.062*[#   2]+0.062*[#   3]+0.062*[#   4]
    |psi|^2 = 0.352
==== e(   6) =    20.77367 eV ==== 
     psi = 0.197*[#   1]+0.122*[#   2]+0.122*[#   3]+0.122*[#   4]
    |psi|^2 = 0.562

 k =   0.2828427125  0.0942809042 -0.0471404521
==== e(   1) =    -1.55887 eV ==== 
     psi = 0.389*[#   1]+0.203*[#   2]+0.203*[#   3]+0.203*[#   4]
    |psi|^2 = 0.997
==== e(   2) =    13.68145 eV ==== 
     psi = 0.212*[#   2]+0.212*[#   3]+0.212*[#   4]+0.127*[#   1]
    |psi|^2 = 0.761
==== e(   3) =    16.00137 eV ==== 
     psi = 0.238*[#   2]+0.238*[#   3]+0.238*[#   4]+0.092*[#   1]
    |psi|^2 = 0.806
==== e(   4) =    18.37939 eV ==== 
     psi = 0.053*[#   2]+0.053*[#   3]+0.053*[#   4]+0.045*[#   1]
    |psi|^2 = 0.203
==== e(   5) =    18.88038 eV ==== 
     psi = 0.191*[#   1]+0.078*[#   2]+0.078*[#   3]+0.078*[#   4]
    |psi|^2 = 0.426
==== e(   6) =    21.24578 eV ==== 
     psi = 0.127*[#   1]+0.116*[#   2]+0.116*[#   3]+0.116*[#   4]
    |psi|^2 = 0.475

 k =   0.3064129385  0.1178511302 -0.0707106781
==== e(   1) =    -1.17070 eV ==== 
     psi = 0.362*[#   1]+0.212*[#   2]+0.212*[#   3]+0.212*[#   4]
    |psi|^2 = 0.997
==== e(   2) =    12.45376 eV ==== 
     psi = 0.212*[#   2]+0.212*[#   3]+0.212*[#   4]+0.196*[#   1]
    |psi|^2 = 0.832
==== e(   3) =    15.80881 eV ==== 
     psi = 0.244*[#   2]+0.244*[#   3]+0.244*[#   4]+0.077*[#   1]
    |psi|^2 = 0.810
==== e(   4) =    18.12388 eV ==== 
     psi = 0.076*[#   1]+0.056*[#   2]+0.056*[#   3]+0.056*[#   4]
    |psi|^2 = 0.243
==== e(   5) =    18.39092 eV ==== 
     psi = 0.188*[#   1]+0.095*[#   2]+0.095*[#   3]+0.095*[#   4]
    |psi|^2 = 0.474
==== e(   6) =    21.91610 eV ==== 
     psi = 0.097*[#   2]+0.097*[#   3]+0.097*[#   4]+0.074*[#   1]
    |psi|^2 = 0.365

 k =   0.3299831646  0.1414213562 -0.0942809042
==== e(   1) =    -0.72412 eV ==== 
     psi = 0.342*[#   1]+0.218*[#   2]+0.218*[#   3]+0.218*[#   4]
    |psi|^2 = 0.997
==== e(   2) =    11.24806 eV ==== 
     psi = 0.258*[#   1]+0.208*[#   2]+0.208*[#   3]+0.208*[#   4]
    |psi|^2 = 0.882
==== e(   3) =    15.67342 eV ==== 
     psi = 0.249*[#   2]+0.249*[#   3]+0.249*[#   4]+0.063*[#   1]
    |psi|^2 = 0.811
==== e(   4) =    17.48128 eV ==== 
     psi = 0.143*[#   1]+0.092*[#   2]+0.092*[#   3]+0.092*[#   4]
    |psi|^2 = 0.420
==== e(   5) =    18.32337 eV ==== 
     psi = 0.129*[#   1]+0.084*[#   2]+0.084*[#   3]+0.084*[#   4]
    |psi|^2 = 0.381
==== e(   6) =    22.70209 eV ==== 
     psi = 0.078*[#   2]+0.078*[#   3]+0.078*[#   4]+0.042*[#   1]
    |psi|^2 = 0.275

 k =   0.3535533906  0.1649915823 -0.1178511302
==== e(   1) =    -0.21968 eV ==== 
     psi = 0.330*[#   1]+0.222*[#   2]+0.222*[#   3]+0.222*[#   4]
    |psi|^2 = 0.997
==== e(   2) =    10.07640 eV ==== 
     psi = 0.311*[#   1]+0.202*[#   2]+0.202*[#   3]+0.202*[#   4]
    |psi|^2 = 0.917
==== e(   3) =    15.59090 eV ==== 
     psi = 0.252*[#   2]+0.252*[#   3]+0.252*[#   4]+0.048*[#   1]
    |psi|^2 = 0.804
==== e(   4) =    16.87294 eV ==== 
     psi = 0.161*[#   1]+0.116*[#   2]+0.116*[#   3]+0.116*[#   4]
    |psi|^2 = 0.510
==== e(   5) =    18.29304 eV ==== 
     psi = 0.109*[#   1]+0.085*[#   2]+0.085*[#   3]+0.085*[#   4]
    |psi|^2 = 0.365
==== e(   6) =    23.54805 eV ==== 
     psi = 0.062*[#   2]+0.062*[#   3]+0.062*[#   4]+0.022*[#   1]
    |psi|^2 = 0.208

 k =   0.3771236166  0.1885618083 -0.1414213562
==== e(   1) =     0.34200 eV ==== 
     psi = 0.324*[#   1]+0.224*[#   2]+0.224*[#   3]+0.224*[#   4]
    |psi|^2 = 0.997
==== e(   2) =     8.94509 eV ==== 
     psi = 0.353*[#   1]+0.196*[#   2]+0.196*[#   3]+0.196*[#   4]
    |psi|^2 = 0.942
==== e(   3) =    15.55655 eV ==== 
     psi = 0.250*[#   2]+0.250*[#   3]+0.250*[#   4]+0.029*[#   1]
    |psi|^2 = 0.780
==== e(   4) =    16.31908 eV ==== 
     psi = 0.175*[#   1]+0.141*[#   2]+0.141*[#   3]+0.141*[#   4]
    |psi|^2 = 0.599
==== e(   5) =    18.30073 eV ==== 
     psi = 0.092*[#   1]+0.086*[#   2]+0.086*[#   3]+0.086*[#   4]
    |psi|^2 = 0.350
==== e(   6) =    24.29474 eV ==== 
     psi = 0.051*[#   2]+0.051*[#   3]+0.051*[#   4]+0.004*[#   1]
    |psi|^2 = 0.156

 k =   0.4006938427  0.2121320344 -0.1649915823
==== e(   1) =     0.96019 eV ==== 
     psi = 0.323*[#   1]+0.224*[#   2]+0.224*[#   3]+0.224*[#   4]
    |psi|^2 = 0.996
==== e(   2) =     7.85803 eV ==== 
     psi = 0.385*[#   1]+0.191*[#   2]+0.191*[#   3]+0.191*[#   4]
    |psi|^2 = 0.959
==== e(   3) =    15.54017 eV ==== 
     psi = 0.223*[#   2]+0.223*[#   3]+0.223*[#   4]
    |psi|^2 = 0.670
==== e(   4) =    15.85179 eV ==== 
     psi = 0.197*[#   1]+0.188*[#   2]+0.188*[#   3]+0.188*[#   4]
    |psi|^2 = 0.761
==== e(   5) =    18.35313 eV ==== 
     psi = 0.084*[#   2]+0.084*[#   3]+0.084*[#   4]+0.077*[#   1]
    |psi|^2 = 0.330
==== e(   6) =    24.05042 eV ==== 
     psi = 0.036*[#   2]+0.036*[#   3]+0.036*[#   4]
    |psi|^2 = 0.109

 k =   0.4242640687  0.2357022604 -0.1885618083
==== e(   1) =     1.63401 eV ==== 
     psi = 0.326*[#   1]+0.223*[#   2]+0.223*[#   3]+0.223*[#   4]
    |psi|^2 = 0.996
==== e(   2) =     6.81797 eV ==== 
     psi = 0.407*[#   1]+0.188*[#   2]+0.188*[#   3]+0.188*[#   4]
    |psi|^2 = 0.971
==== e(   3) =    15.28579 eV ==== 
     psi = 0.166*[#   2]+0.166*[#   3]+0.166*[#   4]+0.092*[#   1]
    |psi|^2 = 0.590
==== e(   4) =    15.72789 eV ==== 
     psi = 0.261*[#   2]+0.261*[#   3]+0.261*[#   4]+0.098*[#   1]
    |psi|^2 = 0.882
==== e(   5) =    18.45409 eV ==== 
     psi = 0.081*[#   2]+0.081*[#   3]+0.081*[#   4]+0.064*[#   1]
    |psi|^2 = 0.307
==== e(   6) =    23.64212 eV ==== 
     psi = 0.037*[#   2]+0.037*[#   3]+0.037*[#   4]+0.001*[#   1]
    |psi|^2 = 0.113

 k =  -0.2592724864 -0.4478342948  0.4949747468
==== e(   1) =     2.36221 eV ==== 
     psi = 0.329*[#   1]+0.222*[#   2]+0.222*[#   3]+0.222*[#   4]
    |psi|^2 = 0.995
==== e(   2) =     5.82732 eV ==== 
     psi = 0.422*[#   1]+0.186*[#   2]+0.186*[#   3]+0.186*[#   4]
    |psi|^2 = 0.980
==== e(   3) =    14.90258 eV ==== 
     psi = 0.179*[#   2]+0.179*[#   3]+0.179*[#   4]+0.125*[#   1]
    |psi|^2 = 0.662
==== e(   4) =    15.83888 eV ==== 
     psi = 0.261*[#   2]+0.261*[#   3]+0.261*[#   4]+0.060*[#   1]
    |psi|^2 = 0.842
==== e(   5) =    18.60570 eV ==== 
     psi = 0.077*[#   2]+0.077*[#   3]+0.077*[#   4]+0.054*[#   1]
    |psi|^2 = 0.284
==== e(   6) =    23.26753 eV ==== 
     psi = 0.040*[#   2]+0.040*[#   3]+0.040*[#   4]+0.001*[#   1]
    |psi|^2 = 0.122

 k =  -0.2357022604 -0.4242640687  0.4714045208
==== e(   1) =     3.14167 eV ==== 
     psi = 0.316*[#   1]+0.226*[#   2]+0.226*[#   3]+0.226*[#   4]
    |psi|^2 = 0.994
==== e(   2) =     4.88984 eV ==== 
     psi = 0.447*[#   1]+0.179*[#   2]+0.179*[#   3]+0.179*[#   4]
    |psi|^2 = 0.985
==== e(   3) =    14.55691 eV ==== 
     psi = 0.192*[#   2]+0.192*[#   3]+0.192*[#   4]+0.135*[#   1]
    |psi|^2 = 0.711
==== e(   4) =    16.01890 eV ==== 
     psi = 0.256*[#   2]+0.256*[#   3]+0.256*[#   4]+0.047*[#   1]
    |psi|^2 = 0.815
==== e(   5) =    18.80899 eV ==== 
     psi = 0.071*[#   2]+0.071*[#   3]+0.071*[#   4]+0.047*[#   1]
    |psi|^2 = 0.261
==== e(   6) =    22.93717 eV ==== 
     psi = 0.043*[#   2]+0.043*[#   3]+0.043*[#   4]+0.002*[#   1]
    |psi|^2 = 0.132

 k =  -0.2121320344 -0.4006938427  0.4478342948
==== e(   1) =     3.86341 eV ==== 
     psi = 0.333*[#   2]+0.333*[#   3]+0.333*[#   4]
    |psi|^2 = 0.998
==== e(   2) =     4.11477 eV ==== 
     psi = 0.767*[#   1]+0.072*[#   2]+0.072*[#   3]+0.072*[#   4]
    |psi|^2 = 0.982
==== e(   3) =    14.26215 eV ==== 
     psi = 0.202*[#   2]+0.202*[#   3]+0.202*[#   4]+0.143*[#   1]
    |psi|^2 = 0.749
==== e(   4) =    16.25503 eV ==== 
     psi = 0.250*[#   2]+0.250*[#   3]+0.250*[#   4]+0.041*[#   1]
    |psi|^2 = 0.792
==== e(   5) =    19.06431 eV ==== 
     psi = 0.066*[#   2]+0.066*[#   3]+0.066*[#   4]+0.042*[#   1]
    |psi|^2 = 0.239
==== e(   6) =    22.65398 eV ==== 
     psi = 0.047*[#   2]+0.047*[#   3]+0.047*[#   4]+0.002*[#   1]
    |psi|^2 = 0.142

 k =  -0.1885618083 -0.3771236166  0.4242640687
==== e(   1) =     3.14309 eV ==== 
     psi = 0.314*[#   1]+0.227*[#   2]+0.227*[#   3]+0.227*[#   4]
    |psi|^2 = 0.994
==== e(   2) =     4.88644 eV ==== 
     psi = 0.450*[#   1]+0.178*[#   2]+0.178*[#   3]+0.178*[#   4]
    |psi|^2 = 0.984
==== e(   3) =    14.02111 eV ==== 
     psi = 0.209*[#   2]+0.209*[#   3]+0.209*[#   4]+0.152*[#   1]
    |psi|^2 = 0.780
==== e(   4) =    16.54488 eV ==== 
     psi = 0.243*[#   2]+0.243*[#   3]+0.243*[#   4]+0.038*[#   1]
    |psi|^2 = 0.767
==== e(   5) =    19.37142 eV ==== 
     psi = 0.060*[#   2]+0.060*[#   3]+0.060*[#   4]+0.039*[#   1]
    |psi|^2 = 0.219
==== e(   6) =    22.41926 eV ==== 
     psi = 0.050*[#   2]+0.050*[#   3]+0.050*[#   4]+0.002*[#   1]
    |psi|^2 = 0.153

 k =  -0.1649915823 -0.3535533906  0.4006938427
==== e(   1) =     2.36316 eV ==== 
     psi = 0.328*[#   1]+0.222*[#   2]+0.222*[#   3]+0.222*[#   4]
    |psi|^2 = 0.995
==== e(   2) =     5.82197 eV ==== 
     psi = 0.425*[#   1]+0.185*[#   2]+0.185*[#   3]+0.185*[#   4]
    |psi|^2 = 0.979
==== e(   3) =    13.83510 eV ==== 
     psi = 0.213*[#   2]+0.213*[#   3]+0.213*[#   4]+0.166*[#   1]
    |psi|^2 = 0.804
==== e(   4) =    16.88753 eV ==== 
     psi = 0.235*[#   2]+0.235*[#   3]+0.235*[#   4]+0.036*[#   1]
    |psi|^2 = 0.741
==== e(   5) =    19.72960 eV ==== 
     psi = 0.055*[#   2]+0.055*[#   3]+0.055*[#   4]+0.036*[#   1]
    |psi|^2 = 0.201
==== e(   6) =    22.23356 eV ==== 
     psi = 0.053*[#   2]+0.053*[#   3]+0.053*[#   4]+0.003*[#   1]
    |psi|^2 = 0.162

 k =  -0.1414213562 -0.3299831646  0.3771236166
==== e(   1) =     1.63463 eV ==== 
     psi = 0.327*[#   1]+0.223*[#   2]+0.223*[#   3]+0.223*[#   4]
    |psi|^2 = 0.996
==== e(   2) =     6.80946 eV ==== 
     psi = 0.408*[#   1]+0.188*[#   2]+0.188*[#   3]+0.188*[#   4]
    |psi|^2 = 0.971
==== e(   3) =    13.70530 eV ==== 
     psi = 0.213*[#   2]+0.213*[#   3]+0.213*[#   4]+0.185*[#   1]
    |psi|^2 = 0.823
==== e(   4) =    17.28234 eV ==== 
     psi = 0.226*[#   2]+0.226*[#   3]+0.226*[#   4]+0.035*[#   1]
    |psi|^2 = 0.712
==== e(   5) =    20.13745 eV ==== 
     psi = 0.051*[#   2]+0.051*[#   3]+0.051*[#   4]+0.035*[#   1]
    |psi|^2 = 0.187
==== e(   6) =    22.09696 eV ==== 
     psi = 0.055*[#   2]+0.055*[#   3]+0.055*[#   4]+0.004*[#   1]
    |psi|^2 = 0.168

 k =  -0.1178511302 -0.3064129385  0.3535533906
==== e(   1) =     0.96059 eV ==== 
     psi = 0.325*[#   1]+0.224*[#   2]+0.224*[#   3]+0.224*[#   4]
    |psi|^2 = 0.996
==== e(   2) =     7.84413 eV ==== 
     psi = 0.382*[#   1]+0.193*[#   2]+0.193*[#   3]+0.193*[#   4]
    |psi|^2 = 0.959
==== e(   3) =    13.63321 eV ==== 
     psi = 0.211*[#   1]+0.209*[#   2]+0.209*[#   3]+0.209*[#   4]
    |psi|^2 = 0.838
==== e(   4) =    17.72868 eV ==== 
     psi = 0.215*[#   2]+0.215*[#   3]+0.215*[#   4]+0.035*[#   1]
    |psi|^2 = 0.681
==== e(   5) =    20.59242 eV ==== 
     psi = 0.048*[#   2]+0.048*[#   3]+0.048*[#   4]+0.033*[#   1]
    |psi|^2 = 0.178
==== e(   6) =    22.00917 eV ==== 
     psi = 0.054*[#   2]+0.054*[#   3]+0.054*[#   4]+0.005*[#   1]
    |psi|^2 = 0.168

 k =  -0.0942809042 -0.2828427125  0.3299831646
==== e(   1) =     0.34225 eV ==== 
     psi = 0.327*[#   1]+0.223*[#   2]+0.223*[#   3]+0.223*[#   4]
    |psi|^2 = 0.997
==== e(   2) =     8.92157 eV ==== 
     psi = 0.342*[#   1]+0.201*[#   2]+0.201*[#   3]+0.201*[#   4]
    |psi|^2 = 0.944
==== e(   3) =    13.62140 eV ==== 
     psi = 0.245*[#   1]+0.201*[#   2]+0.201*[#   3]+0.201*[#   4]
    |psi|^2 = 0.847
==== e(   4) =    18.22567 eV ==== 
     psi = 0.204*[#   2]+0.204*[#   3]+0.204*[#   4]+0.035*[#   1]
    |psi|^2 = 0.647
==== e(   5) =    21.08896 eV ==== 
     psi = 0.050*[#   2]+0.050*[#   3]+0.050*[#   4]+0.031*[#   1]
    |psi|^2 = 0.179
==== e(   6) =    21.97035 eV ==== 
     psi = 0.049*[#   2]+0.049*[#   3]+0.049*[#   4]+0.007*[#   1]
    |psi|^2 = 0.153

 k =  -0.0707106781 -0.2592724864  0.3064129385
==== e(   1) =    -0.21952 eV ==== 
     psi = 0.334*[#   1]+0.221*[#   2]+0.221*[#   3]+0.221*[#   4]
    |psi|^2 = 0.997
==== e(   2) =    10.03441 eV ==== 
     psi = 0.283*[#   1]+0.213*[#   2]+0.213*[#   3]+0.213*[#   4]
    |psi|^2 = 0.923
==== e(   3) =    13.67525 eV ==== 
     psi = 0.291*[#   1]+0.187*[#   2]+0.187*[#   3]+0.187*[#   4]
    |psi|^2 = 0.853
==== e(   4) =    18.77210 eV ==== 
     psi = 0.192*[#   2]+0.192*[#   3]+0.192*[#   4]+0.035*[#   1]
    |psi|^2 = 0.612
==== e(   5) =    21.60302 eV ==== 
     psi = 0.065*[#   2]+0.065*[#   3]+0.065*[#   4]+0.022*[#   1]
    |psi|^2 = 0.215
==== e(   6) =    21.99344 eV ==== 
     psi = 0.026*[#   2]+0.026*[#   3]+0.026*[#   4]+0.015*[#   1]
    |psi|^2 = 0.094

 k =  -0.0471404521 -0.2357022604  0.2828427125
==== e(   1) =    -0.72403 eV ==== 
     psi = 0.348*[#   1]+0.216*[#   2]+0.216*[#   3]+0.216*[#   4]
    |psi|^2 = 0.997
==== e(   2) =    11.16646 eV ==== 
     psi = 0.232*[#   2]+0.232*[#   3]+0.232*[#   4]+0.199*[#   1]
    |psi|^2 = 0.894
==== e(   3) =    13.80827 eV ==== 
     psi = 0.354*[#   1]+0.167*[#   2]+0.167*[#   3]+0.167*[#   4]
    |psi|^2 = 0.855
==== e(   4) =    19.36596 eV ==== 
     psi = 0.181*[#   2]+0.181*[#   3]+0.181*[#   4]+0.034*[#   1]
    |psi|^2 = 0.577
==== e(   5) =    21.89993 eV ==== 
     psi = 0.068*[#   2]+0.068*[#   3]+0.068*[#   4]
    |psi|^2 = 0.203
==== e(   6) =    22.28538 eV ==== 
     psi = 0.034*[#   1]+0.013*[#   2]+0.013*[#   3]+0.013*[#   4]
    |psi|^2 = 0.072

 k =  -0.0235702260 -0.2121320344  0.2592724864
==== e(   1) =    -1.17066 eV ==== 
     psi = 0.369*[#   1]+0.209*[#   2]+0.209*[#   3]+0.209*[#   4]
    |psi|^2 = 0.997
==== e(   2) =    12.27205 eV ==== 
     psi = 0.256*[#   2]+0.256*[#   3]+0.256*[#   4]+0.085*[#   1]
    |psi|^2 = 0.853
==== e(   3) =    14.06236 eV ==== 
     psi = 0.441*[#   1]+0.138*[#   2]+0.138*[#   3]+0.138*[#   4]
    |psi|^2 = 0.856
==== e(   4) =    20.00377 eV ==== 
     psi = 0.171*[#   2]+0.171*[#   3]+0.171*[#   4]+0.034*[#   1]
    |psi|^2 = 0.547
==== e(   5) =    21.91218 eV ==== 
     psi = 0.030*[#   2]+0.030*[#   3]+0.030*[#   4]
    |psi|^2 = 0.089
==== e(   6) =    22.81721 eV ==== 
     psi = 0.050*[#   2]+0.050*[#   3]+0.050*[#   4]+0.023*[#   1]
    |psi|^2 = 0.173

 k =   0.0000000000 -0.1885618083  0.2357022604
==== e(   1) =    -1.55886 eV ==== 
     psi = 0.398*[#   1]+0.200*[#   2]+0.200*[#   3]+0.200*[#   4]
    |psi|^2 = 0.997
==== e(   2) =    13.21057 eV ==== 
     psi = 0.268*[#   2]+0.268*[#   3]+0.268*[#   4]
    |psi|^2 = 0.804
==== e(   3) =    14.57220 eV ==== 
     psi = 0.489*[#   1]+0.120*[#   2]+0.120*[#   3]+0.120*[#   4]
    |psi|^2 = 0.850
==== e(   4) =    20.67808 eV ==== 
     psi = 0.166*[#   2]+0.166*[#   3]+0.166*[#   4]+0.035*[#   1]
    |psi|^2 = 0.533
==== e(   5) =    21.71918 eV ==== 
     psi = 0.011*[#   2]+0.011*[#   3]+0.011*[#   4]
    |psi|^2 = 0.032
==== e(   6) =    23.03767 eV ==== 
     psi = 0.146*[#   2]+0.146*[#   3]+0.146*[#   4]
    |psi|^2 = 0.439

 k =   0.2828427125  0.0471404521  0.0000000000
==== e(   1) =    -1.71842 eV ==== 
     psi = 0.401*[#   1]+0.199*[#   2]+0.199*[#   3]+0.199*[#   4]
    |psi|^2 = 0.997
==== e(   2) =    15.28387 eV ==== 
     psi = 0.191*[#   2]+0.191*[#   3]+0.191*[#   4]
    |psi|^2 = 0.574
==== e(   3) =    16.04008 eV ==== 
     psi = 0.258*[#   2]+0.258*[#   3]+0.258*[#   4]+0.079*[#   1]
    |psi|^2 = 0.851
==== e(   4) =    17.49000 eV ==== 
     psi = 0.095*[#   2]+0.095*[#   3]+0.095*[#   4]
    |psi|^2 = 0.284
==== e(   5) =    18.74064 eV ==== 
     psi = 0.171*[#   1]+0.043*[#   2]+0.043*[#   3]+0.043*[#   4]
    |psi|^2 = 0.299
==== e(   6) =    20.04819 eV ==== 
     psi = 0.320*[#   1]+0.106*[#   2]+0.106*[#   3]+0.106*[#   4]
    |psi|^2 = 0.640

 k =   0.3064129385  0.0707106781 -0.0235702260
==== e(   1) =    -1.40946 eV ==== 
     psi = 0.372*[#   1]+0.208*[#   2]+0.208*[#   3]+0.208*[#   4]
    |psi|^2 = 0.997
==== e(   2) =    14.24190 eV ==== 
     psi = 0.214*[#   2]+0.214*[#   3]+0.214*[#   4]+0.044*[#   1]
    |psi|^2 = 0.685
==== e(   3) =    15.64388 eV ==== 
     psi = 0.249*[#   2]+0.249*[#   3]+0.249*[#   4]+0.090*[#   1]
    |psi|^2 = 0.838
==== e(   4) =    17.69560 eV ==== 
     psi = 0.070*[#   2]+0.070*[#   3]+0.070*[#   4]+0.005*[#   1]
    |psi|^2 = 0.216
==== e(   5) =    17.97018 eV ==== 
     psi = 0.225*[#   1]+0.057*[#   2]+0.057*[#   3]+0.057*[#   4]
    |psi|^2 = 0.396
==== e(   6) =    20.24647 eV ==== 
     psi = 0.237*[#   1]+0.110*[#   2]+0.110*[#   3]+0.110*[#   4]
    |psi|^2 = 0.567

 k =   0.3299831646  0.0942809042 -0.0471404521
==== e(   1) =    -1.04158 eV ==== 
     psi = 0.349*[#   1]+0.216*[#   2]+0.216*[#   3]+0.216*[#   4]
    |psi|^2 = 0.997
==== e(   2) =    13.05713 eV ==== 
     psi = 0.225*[#   2]+0.225*[#   3]+0.225*[#   4]+0.108*[#   1]
    |psi|^2 = 0.783
==== e(   3) =    15.40876 eV ==== 
     psi = 0.251*[#   2]+0.251*[#   3]+0.251*[#   4]+0.076*[#   1]
    |psi|^2 = 0.828
==== e(   4) =    17.20979 eV ==== 
     psi = 0.185*[#   1]+0.065*[#   2]+0.065*[#   3]+0.065*[#   4]
    |psi|^2 = 0.380
==== e(   5) =    17.80912 eV ==== 
     psi = 0.113*[#   1]+0.066*[#   2]+0.066*[#   3]+0.066*[#   4]
    |psi|^2 = 0.311
==== e(   6) =    20.74072 eV ==== 
     psi = 0.145*[#   1]+0.101*[#   2]+0.101*[#   3]+0.101*[#   4]
    |psi|^2 = 0.448

 k =   0.3535533906  0.1178511302 -0.0707106781
==== e(   1) =    -0.61525 eV ==== 
     psi = 0.332*[#   1]+0.222*[#   2]+0.222*[#   3]+0.222*[#   4]
    |psi|^2 = 0.997
==== e(   2) =    11.86281 eV ==== 
     psi = 0.227*[#   2]+0.227*[#   3]+0.227*[#   4]+0.169*[#   1]
    |psi|^2 = 0.851
==== e(   3) =    15.24546 eV ==== 
     psi = 0.254*[#   2]+0.254*[#   3]+0.254*[#   4]+0.058*[#   1]
    |psi|^2 = 0.820
==== e(   4) =    16.53023 eV ==== 
     psi = 0.219*[#   1]+0.085*[#   2]+0.085*[#   3]+0.085*[#   4]
    |psi|^2 = 0.475
==== e(   5) =    17.81309 eV ==== 
     psi = 0.120*[#   1]+0.065*[#   2]+0.065*[#   3]+0.065*[#   4]
    |psi|^2 = 0.313
==== e(   6) =    21.43935 eV ==== 
     psi = 0.083*[#   1]+0.083*[#   2]+0.083*[#   3]+0.083*[#   4]
    |psi|^2 = 0.331

 k =   0.3771236166  0.1414213562 -0.0942809042
==== e(   1) =    -0.13099 eV ==== 
     psi = 0.320*[#   1]+0.226*[#   2]+0.226*[#   3]+0.226*[#   4]
    |psi|^2 = 0.997
==== e(   2) =    10.69077 eV ==== 
     psi = 0.225*[#   2]+0.225*[#   3]+0.225*[#   4]+0.224*[#   1]
    |psi|^2 = 0.899
==== e(   3) =    15.13464 eV ==== 
     psi = 0.255*[#   2]+0.255*[#   3]+0.255*[#   4]+0.033*[#   1]
    |psi|^2 = 0.797
==== e(   4) =    15.90467 eV ==== 
     psi = 0.244*[#   1]+0.109*[#   2]+0.109*[#   3]+0.109*[#   4]
    |psi|^2 = 0.573
==== e(   5) =    17.80349 eV ==== 
     psi = 0.115*[#   1]+0.067*[#   2]+0.067*[#   3]+0.067*[#   4]
    |psi|^2 = 0.317
==== e(   6) =    22.26171 eV ==== 
     psi = 0.064*[#   2]+0.064*[#   3]+0.064*[#   4]+0.047*[#   1]
    |psi|^2 = 0.238

 k =   0.4006938427  0.1649915823 -0.1178511302
==== e(   1) =     0.41056 eV ==== 
     psi = 0.314*[#   1]+0.228*[#   2]+0.228*[#   3]+0.228*[#   4]
    |psi|^2 = 0.997
==== e(   2) =     9.55330 eV ==== 
     psi = 0.272*[#   1]+0.220*[#   2]+0.220*[#   3]+0.220*[#   4]
    |psi|^2 = 0.931
==== e(   3) =    15.03912 eV ==== 
     psi = 0.228*[#   2]+0.228*[#   3]+0.228*[#   4]
    |psi|^2 = 0.684
==== e(   4) =    15.36989 eV ==== 
     psi = 0.272*[#   1]+0.160*[#   2]+0.160*[#   3]+0.160*[#   4]
    |psi|^2 = 0.751
==== e(   5) =    17.81327 eV ==== 
     psi = 0.103*[#   1]+0.070*[#   2]+0.070*[#   3]+0.070*[#   4]
    |psi|^2 = 0.312
==== e(   6) =    23.15758 eV ==== 
     psi = 0.048*[#   2]+0.048*[#   3]+0.048*[#   4]+0.026*[#   1]
    |psi|^2 = 0.172

 k =   0.4242640687  0.1885618083 -0.1414213562
==== e(   1) =     1.00869 eV ==== 
     psi = 0.311*[#   1]+0.228*[#   2]+0.228*[#   3]+0.228*[#   4]
    |psi|^2 = 0.997
==== e(   2) =     8.45673 eV ==== 
     psi = 0.312*[#   1]+0.214*[#   2]+0.214*[#   3]+0.214*[#   4]
    |psi|^2 = 0.953
==== e(   3) =    14.71208 eV ==== 
     psi = 0.152*[#   2]+0.152*[#   3]+0.152*[#   4]+0.128*[#   1]
    |psi|^2 = 0.583
==== e(   4) =    15.17270 eV ==== 
     psi = 0.257*[#   2]+0.257*[#   3]+0.257*[#   4]+0.135*[#   1]
    |psi|^2 = 0.905
==== e(   5) =    17.85917 eV ==== 
     psi = 0.089*[#   1]+0.070*[#   2]+0.070*[#   3]+0.070*[#   4]
    |psi|^2 = 0.299
==== e(   6) =    24.07837 eV ==== 
     psi = 0.038*[#   2]+0.038*[#   3]+0.038*[#   4]+0.013*[#   1]
    |psi|^2 = 0.127

 k =   0.4478342948  0.2121320344 -0.1649915823
==== e(   1) =     1.66255 eV ==== 
     psi = 0.312*[#   1]+0.228*[#   2]+0.228*[#   3]+0.228*[#   4]
    |psi|^2 = 0.996
==== e(   2) =     7.40501 eV ==== 
     psi = 0.342*[#   1]+0.208*[#   2]+0.208*[#   3]+0.208*[#   4]
    |psi|^2 = 0.967
==== e(   3) =    14.25793 eV ==== 
     psi = 0.174*[#   1]+0.160*[#   2]+0.160*[#   3]+0.160*[#   4]
    |psi|^2 = 0.654
==== e(   4) =    15.20908 eV ==== 
     psi = 0.266*[#   2]+0.266*[#   3]+0.266*[#   4]+0.080*[#   1]
    |psi|^2 = 0.878
==== e(   5) =    17.94946 eV ==== 
     psi = 0.075*[#   1]+0.069*[#   2]+0.069*[#   3]+0.069*[#   4]
    |psi|^2 = 0.281
==== e(   6) =    24.59876 eV ==== 
     psi = 0.032*[#   2]+0.032*[#   3]+0.032*[#   4]
    |psi|^2 = 0.095

 k =  -0.2357022604 -0.4714045208  0.5185449729
==== e(   1) =     2.37097 eV ==== 
     psi = 0.313*[#   1]+0.227*[#   2]+0.227*[#   3]+0.227*[#   4]
    |psi|^2 = 0.995
==== e(   2) =     6.40106 eV ==== 
     psi = 0.366*[#   1]+0.204*[#   2]+0.204*[#   3]+0.204*[#   4]
    |psi|^2 = 0.977
==== e(   3) =    13.83895 eV ==== 
     psi = 0.185*[#   1]+0.174*[#   2]+0.174*[#   3]+0.174*[#   4]
    |psi|^2 = 0.708
==== e(   4) =    15.31727 eV ==== 
     psi = 0.266*[#   2]+0.266*[#   3]+0.266*[#   4]+0.060*[#   1]
    |psi|^2 = 0.859
==== e(   5) =    18.08841 eV ==== 
     psi = 0.066*[#   2]+0.066*[#   3]+0.066*[#   4]+0.064*[#   1]
    |psi|^2 = 0.261
==== e(   6) =    24.28496 eV ==== 
     psi = 0.030*[#   2]+0.030*[#   3]+0.030*[#   4]
    |psi|^2 = 0.091

 k =  -0.2121320344 -0.4478342948  0.4949747468
==== e(   1) =     3.13171 eV ==== 
     psi = 0.305*[#   1]+0.230*[#   2]+0.230*[#   3]+0.230*[#   4]
    |psi|^2 = 0.994
==== e(   2) =     5.44808 eV ==== 
     psi = 0.391*[#   1]+0.198*[#   2]+0.198*[#   3]+0.198*[#   4]
    |psi|^2 = 0.984
==== e(   3) =    13.47039 eV ==== 
     psi = 0.191*[#   1]+0.186*[#   2]+0.186*[#   3]+0.186*[#   4]
    |psi|^2 = 0.750
==== e(   4) =    15.48257 eV ==== 
     psi = 0.264*[#   2]+0.264*[#   3]+0.264*[#   4]+0.050*[#   1]
    |psi|^2 = 0.842
==== e(   5) =    18.27821 eV ==== 
     psi = 0.062*[#   2]+0.062*[#   3]+0.062*[#   4]+0.055*[#   1]
    |psi|^2 = 0.241
==== e(   6) =    23.95187 eV ==== 
     psi = 0.032*[#   2]+0.032*[#   3]+0.032*[#   4]
    |psi|^2 = 0.097

 k =  -0.1885618083 -0.4242640687  0.4714045208
==== e(   1) =     3.92801 eV ==== 
     psi = 0.262*[#   2]+0.262*[#   3]+0.262*[#   4]+0.207*[#   1]
    |psi|^2 = 0.993
==== e(   2) =     4.56324 eV ==== 
     psi = 0.496*[#   1]+0.163*[#   2]+0.163*[#   3]+0.163*[#   4]
    |psi|^2 = 0.986
==== e(   3) =    13.15558 eV ==== 
     psi = 0.197*[#   1]+0.196*[#   2]+0.196*[#   3]+0.196*[#   4]
    |psi|^2 = 0.784
==== e(   4) =    15.70225 eV ==== 
     psi = 0.260*[#   2]+0.260*[#   3]+0.260*[#   4]+0.044*[#   1]
    |psi|^2 = 0.824
==== e(   5) =    18.51987 eV ==== 
     psi = 0.057*[#   2]+0.057*[#   3]+0.057*[#   4]+0.049*[#   1]
    |psi|^2 = 0.221
==== e(   6) =    23.65795 eV ==== 
     psi = 0.034*[#   2]+0.034*[#   3]+0.034*[#   4]
    |psi|^2 = 0.104

 k =  -0.1649915823 -0.4006938427  0.4478342948
==== e(   1) =     3.66685 eV ==== 
     psi = 0.268*[#   1]+0.242*[#   2]+0.242*[#   3]+0.242*[#   4]
    |psi|^2 = 0.994
==== e(   2) =     4.83946 eV ==== 
     psi = 0.434*[#   1]+0.184*[#   2]+0.184*[#   3]+0.184*[#   4]
    |psi|^2 = 0.985
==== e(   3) =    12.89615 eV ==== 
     psi = 0.206*[#   1]+0.202*[#   2]+0.202*[#   3]+0.202*[#   4]
    |psi|^2 = 0.812
==== e(   4) =    15.97534 eV ==== 
     psi = 0.255*[#   2]+0.255*[#   3]+0.255*[#   4]+0.040*[#   1]
    |psi|^2 = 0.805
==== e(   5) =    18.81364 eV ==== 
     psi = 0.053*[#   2]+0.053*[#   3]+0.053*[#   4]+0.045*[#   1]
    |psi|^2 = 0.203
==== e(   6) =    23.40935 eV ==== 
     psi = 0.037*[#   2]+0.037*[#   3]+0.037*[#   4]+0.001*[#   1]
    |psi|^2 = 0.112

 k =  -0.1414213562 -0.3771236166  0.4242640687
==== e(   1) =     2.87494 eV ==== 
     psi = 0.307*[#   1]+0.229*[#   2]+0.229*[#   3]+0.229*[#   4]
    |psi|^2 = 0.995
==== e(   2) =     5.74937 eV ==== 
     psi = 0.383*[#   1]+0.199*[#   2]+0.199*[#   3]+0.199*[#   4]
    |psi|^2 = 0.980
==== e(   3) =    12.69357 eV ==== 
     psi = 0.222*[#   1]+0.204*[#   2]+0.204*[#   3]+0.204*[#   4]
    |psi|^2 = 0.834
==== e(   4) =    16.30127 eV ==== 
     psi = 0.249*[#   2]+0.249*[#   3]+0.249*[#   4]+0.038*[#   1]
    |psi|^2 = 0.784
==== e(   5) =    19.15917 eV ==== 
     psi = 0.048*[#   2]+0.048*[#   3]+0.048*[#   4]+0.043*[#   1]
    |psi|^2 = 0.186
==== e(   6) =    23.20758 eV ==== 
     psi = 0.039*[#   2]+0.039*[#   3]+0.039*[#   4]+0.001*[#   1]
    |psi|^2 = 0.119

 k =  -0.1178511302 -0.3535533906  0.4006938427
==== e(   1) =     2.13041 eV ==== 
     psi = 0.312*[#   1]+0.228*[#   2]+0.228*[#   3]+0.228*[#   4]
    |psi|^2 = 0.996
==== e(   2) =     6.71328 eV ==== 
     psi = 0.357*[#   1]+0.206*[#   2]+0.206*[#   3]+0.206*[#   4]
    |psi|^2 = 0.973
==== e(   3) =    12.54966 eV ==== 
     psi = 0.245*[#   1]+0.202*[#   2]+0.202*[#   3]+0.202*[#   4]
    |psi|^2 = 0.852
==== e(   4) =    16.67960 eV ==== 
     psi = 0.241*[#   2]+0.241*[#   3]+0.241*[#   4]+0.037*[#   1]
    |psi|^2 = 0.760
==== e(   5) =    19.55557 eV ==== 
     psi = 0.044*[#   2]+0.044*[#   3]+0.044*[#   4]+0.041*[#   1]
    |psi|^2 = 0.172
==== e(   6) =    23.05240 eV ==== 
     psi = 0.041*[#   2]+0.041*[#   3]+0.041*[#   4]+0.002*[#   1]
    |psi|^2 = 0.125

 k =  -0.0942809042 -0.3299831646  0.3771236166
==== e(   1) =     1.43948 eV ==== 
     psi = 0.313*[#   1]+0.228*[#   2]+0.228*[#   3]+0.228*[#   4]
    |psi|^2 = 0.996
==== e(   2) =     7.72183 eV ==== 
     psi = 0.322*[#   1]+0.214*[#   2]+0.214*[#   3]+0.214*[#   4]
    |psi|^2 = 0.963
==== e(   3) =    12.46752 eV ==== 
     psi = 0.279*[#   1]+0.195*[#   2]+0.195*[#   3]+0.195*[#   4]
    |psi|^2 = 0.865
==== e(   4) =    17.10982 eV ==== 
     psi = 0.232*[#   2]+0.232*[#   3]+0.232*[#   4]+0.036*[#   1]
    |psi|^2 = 0.733
==== e(   5) =    20.00137 eV ==== 
     psi = 0.040*[#   2]+0.040*[#   3]+0.040*[#   4]+0.040*[#   1]
    |psi|^2 = 0.160
==== e(   6) =    22.94183 eV ==== 
     psi = 0.042*[#   2]+0.042*[#   3]+0.042*[#   4]+0.002*[#   1]
    |psi|^2 = 0.127

 k =  -0.0707106781 -0.3064129385  0.3535533906
==== e(   1) =     0.80373 eV ==== 
     psi = 0.315*[#   1]+0.227*[#   2]+0.227*[#   3]+0.227*[#   4]
    |psi|^2 = 0.997
==== e(   2) =     8.76668 eV ==== 
     psi = 0.270*[#   1]+0.227*[#   2]+0.227*[#   3]+0.227*[#   4]
    |psi|^2 = 0.950
==== e(   3) =    12.45339 eV ==== 
     psi = 0.326*[#   1]+0.183*[#   2]+0.183*[#   3]+0.183*[#   4]
    |psi|^2 = 0.874
==== e(   4) =    17.59132 eV ==== 
     psi = 0.222*[#   2]+0.222*[#   3]+0.222*[#   4]+0.036*[#   1]
    |psi|^2 = 0.701
==== e(   5) =    20.49429 eV ==== 
     psi = 0.038*[#   1]+0.038*[#   2]+0.038*[#   3]+0.038*[#   4]
    |psi|^2 = 0.151
==== e(   6) =    22.87027 eV ==== 
     psi = 0.040*[#   2]+0.040*[#   3]+0.040*[#   4]+0.003*[#   1]
    |psi|^2 = 0.122

 k =  -0.0471404521 -0.2828427125  0.3299831646
==== e(   1) =     0.22413 eV ==== 
     psi = 0.321*[#   1]+0.225*[#   2]+0.225*[#   3]+0.225*[#   4]
    |psi|^2 = 0.997
==== e(   2) =     9.83045 eV ==== 
     psi = 0.247*[#   2]+0.247*[#   3]+0.247*[#   4]+0.193*[#   1]
    |psi|^2 = 0.932
==== e(   3) =    12.52269 eV ==== 
     psi = 0.395*[#   1]+0.162*[#   2]+0.162*[#   3]+0.162*[#   4]
    |psi|^2 = 0.880
==== e(   4) =    18.12324 eV ==== 
     psi = 0.210*[#   2]+0.210*[#   3]+0.210*[#   4]+0.036*[#   1]
    |psi|^2 = 0.665
==== e(   5) =    21.03079 eV ==== 
     psi = 0.037*[#   1]+0.036*[#   2]+0.036*[#   3]+0.036*[#   4]
    |psi|^2 = 0.146
==== e(   6) =    22.82189 eV ==== 
     psi = 0.033*[#   2]+0.033*[#   3]+0.033*[#   4]+0.003*[#   1]
    |psi|^2 = 0.102

 k =  -0.0235702260 -0.2592724864  0.3064129385
==== e(   1) =    -0.29856 eV ==== 
     psi = 0.331*[#   1]+0.222*[#   2]+0.222*[#   3]+0.222*[#   4]
    |psi|^2 = 0.997
==== e(   2) =    10.86447 eV ==== 
     psi = 0.275*[#   2]+0.275*[#   3]+0.275*[#   4]+0.082*[#   1]
    |psi|^2 = 0.908
==== e(   3) =    12.72153 eV ==== 
     psi = 0.491*[#   1]+0.130*[#   2]+0.130*[#   3]+0.130*[#   4]
    |psi|^2 = 0.882
==== e(   4) =    18.70431 eV ==== 
     psi = 0.196*[#   2]+0.196*[#   3]+0.196*[#   4]+0.036*[#   1]
    |psi|^2 = 0.625
==== e(   5) =    21.60511 eV ==== 
     psi = 0.037*[#   2]+0.037*[#   3]+0.037*[#   4]+0.034*[#   1]
    |psi|^2 = 0.145
==== e(   6) =    22.74458 eV ==== 
     psi = 0.018*[#   2]+0.018*[#   3]+0.018*[#   4]+0.002*[#   1]
    |psi|^2 = 0.056

 k =   0.0000000000 -0.2357022604  0.2828427125
==== e(   1) =    -0.76368 eV ==== 
     psi = 0.347*[#   1]+0.217*[#   2]+0.217*[#   3]+0.217*[#   4]
    |psi|^2 = 0.997
==== e(   2) =    11.72747 eV ==== 
     psi = 0.292*[#   2]+0.292*[#   3]+0.292*[#   4]
    |psi|^2 = 0.877
==== e(   3) =    13.18752 eV ==== 
     psi = 0.552*[#   1]+0.109*[#   2]+0.109*[#   3]+0.109*[#   4]
    |psi|^2 = 0.879
==== e(   4) =    19.33249 eV ==== 
     psi = 0.182*[#   2]+0.182*[#   3]+0.182*[#   4]+0.035*[#   1]
    |psi|^2 = 0.583
==== e(   5) =    22.20545 eV ==== 
     psi = 0.042*[#   2]+0.042*[#   3]+0.042*[#   4]+0.030*[#   1]
    |psi|^2 = 0.156
==== e(   6) =    22.48207 eV ==== 
     psi = 0.007*[#   2]+0.007*[#   3]+0.007*[#   4]
    |psi|^2 = 0.021

 k =   0.3299831646  0.0471404521  0.0000000000
==== e(   1) =    -1.20057 eV ==== 
     psi = 0.354*[#   1]+0.214*[#   2]+0.214*[#   3]+0.214*[#   4]
    |psi|^2 = 0.997
==== e(   2) =    14.65996 eV ==== 
     psi = 0.194*[#   2]+0.194*[#   3]+0.194*[#   4]
    |psi|^2 = 0.582
==== e(   3) =    15.45335 eV ==== 
     psi = 0.273*[#   2]+0.273*[#   3]+0.273*[#   4]+0.061*[#   1]
    |psi|^2 = 0.880
==== e(   4) =    16.87648 eV ==== 
     psi = 0.105*[#   2]+0.105*[#   3]+0.105*[#   4]
    |psi|^2 = 0.314
==== e(   5) =    17.07679 eV ==== 
     psi = 0.229*[#   1]+0.045*[#   2]+0.045*[#   3]+0.045*[#   4]
    |psi|^2 = 0.363
==== e(   6) =    19.53794 eV ==== 
     psi = 0.329*[#   1]+0.089*[#   2]+0.089*[#   3]+0.089*[#   4]
    |psi|^2 = 0.596

 k =   0.3535533906  0.0707106781 -0.0235702260
==== e(   1) =    -0.85309 eV ==== 
     psi = 0.336*[#   1]+0.220*[#   2]+0.220*[#   3]+0.220*[#   4]
    |psi|^2 = 0.997
==== e(   2) =    13.65338 eV ==== 
     psi = 0.221*[#   2]+0.221*[#   3]+0.221*[#   4]+0.035*[#   1]
    |psi|^2 = 0.698
==== e(   3) =    15.08173 eV ==== 
     psi = 0.262*[#   2]+0.262*[#   3]+0.262*[#   4]+0.064*[#   1]
    |psi|^2 = 0.850
==== e(   4) =    16.32110 eV ==== 
     psi = 0.264*[#   1]+0.057*[#   2]+0.057*[#   3]+0.057*[#   4]
    |psi|^2 = 0.435
==== e(   5) =    17.13668 eV ==== 
     psi = 0.079*[#   2]+0.079*[#   3]+0.079*[#   4]+0.040*[#   1]
    |psi|^2 = 0.279
==== e(   6) =    19.75724 eV ==== 
     psi = 0.238*[#   1]+0.092*[#   2]+0.092*[#   3]+0.092*[#   4]
    |psi|^2 = 0.515

 k =   0.3771236166  0.0942809042 -0.0471404521
==== e(   1) =    -0.44716 eV ==== 
     psi = 0.322*[#   1]+0.225*[#   2]+0.225*[#   3]+0.225*[#   4]
    |psi|^2 = 0.997
==== e(   2) =    12.50310 eV ==== 
     psi = 0.236*[#   2]+0.236*[#   3]+0.236*[#   4]+0.089*[#   1]
    |psi|^2 = 0.797
==== e(   3) =    14.86805 eV ==== 
     psi = 0.259*[#   2]+0.259*[#   3]+0.259*[#   4]+0.036*[#   1]
    |psi|^2 = 0.813
==== e(   4) =    15.62417 eV ==== 
     psi = 0.306*[#   1]+0.076*[#   2]+0.076*[#   3]+0.076*[#   4]
    |psi|^2 = 0.533
==== e(   5) =    17.26489 eV ==== 
     psi = 0.083*[#   1]+0.063*[#   2]+0.063*[#   3]+0.063*[#   4]
    |psi|^2 = 0.272
==== e(   6) =    20.27682 eV ==== 
     psi = 0.144*[#   1]+0.085*[#   2]+0.085*[#   3]+0.085*[#   4]
    |psi|^2 = 0.399

 k =   0.4006938427  0.1178511302 -0.0707106781
==== e(   1) =     0.01672 eV ==== 
     psi = 0.312*[#   1]+0.228*[#   2]+0.228*[#   3]+0.228*[#   4]
    |psi|^2 = 0.997
==== e(   2) =    11.34295 eV ==== 
     psi = 0.241*[#   2]+0.241*[#   3]+0.241*[#   4]+0.143*[#   1]
    |psi|^2 = 0.866
==== e(   3) =    14.68493 eV ==== 
     psi = 0.229*[#   2]+0.229*[#   3]+0.229*[#   4]
    |psi|^2 = 0.688
==== e(   4) =    15.02294 eV ==== 
     psi = 0.346*[#   1]+0.127*[#   2]+0.127*[#   3]+0.127*[#   4]
    |psi|^2 = 0.727
==== e(   5) =    17.31177 eV ==== 
     psi = 0.103*[#   1]+0.058*[#   2]+0.058*[#   3]+0.058*[#   4]
    |psi|^2 = 0.278
==== e(   6) =    21.00618 eV ==== 
     psi = 0.082*[#   1]+0.069*[#   2]+0.069*[#   3]+0.069*[#   4]
    |psi|^2 = 0.287

 k =   0.4242640687  0.1414213562 -0.0942809042
==== e(   1) =     0.53791 eV ==== 
     psi = 0.306*[#   1]+0.230*[#   2]+0.230*[#   3]+0.230*[#   4]
    |psi|^2 = 0.997
==== e(   2) =    10.20546 eV ==== 
     psi = 0.240*[#   2]+0.240*[#   3]+0.240*[#   4]+0.193*[#   1]
    |psi|^2 = 0.911
==== e(   3) =    14.27694 eV ==== 
     psi = 0.169*[#   1]+0.133*[#   2]+0.133*[#   3]+0.133*[#   4]
    |psi|^2 = 0.568
==== e(   4) =    14.75780 eV ==== 
     psi = 0.246*[#   2]+0.246*[#   3]+0.246*[#   4]+0.173*[#   1]
    |psi|^2 = 0.911
==== e(   5) =    17.34108 eV ==== 
     psi = 0.102*[#   1]+0.059*[#   2]+0.059*[#   3]+0.059*[#   4]
    |psi|^2 = 0.279
==== e(   6) =    21.86454 eV ==== 
     psi = 0.052*[#   2]+0.052*[#   3]+0.052*[#   4]+0.046*[#   1]
    |psi|^2 = 0.200

 k =   0.4478342948  0.1649915823 -0.1178511302
==== e(   1) =     1.11571 eV ==== 
     psi = 0.303*[#   1]+0.231*[#   2]+0.231*[#   3]+0.231*[#   4]
    |psi|^2 = 0.997
==== e(   2) =     9.10303 eV ==== 
     psi = 0.237*[#   1]+0.235*[#   2]+0.235*[#   3]+0.235*[#   4]
    |psi|^2 = 0.941
==== e(   3) =    13.75011 eV ==== 
     psi = 0.230*[#   1]+0.136*[#   2]+0.136*[#   3]+0.136*[#   4]
    |psi|^2 = 0.638
==== e(   4) =    14.71963 eV ==== 
     psi = 0.265*[#   2]+0.265*[#   3]+0.265*[#   4]+0.102*[#   1]
    |psi|^2 = 0.896
==== e(   5) =    17.38882 eV ==== 
     psi = 0.093*[#   1]+0.060*[#   2]+0.060*[#   3]+0.060*[#   4]
    |psi|^2 = 0.272
==== e(   6) =    22.80314 eV ==== 
     psi = 0.038*[#   2]+0.038*[#   3]+0.038*[#   4]+0.026*[#   1]
    |psi|^2 = 0.139

 k =   0.4714045208  0.1885618083 -0.1414213562
==== e(   1) =     1.74924 eV ==== 
     psi = 0.301*[#   1]+0.231*[#   2]+0.231*[#   3]+0.231*[#   4]
    |psi|^2 = 0.996
==== e(   2) =     8.04207 eV ==== 
     psi = 0.275*[#   1]+0.229*[#   2]+0.229*[#   3]+0.229*[#   4]
    |psi|^2 = 0.961
==== e(   3) =    13.25719 eV ==== 
     psi = 0.245*[#   1]+0.151*[#   2]+0.151*[#   3]+0.151*[#   4]
    |psi|^2 = 0.697
==== e(   4) =    14.75522 eV ==== 
     psi = 0.269*[#   2]+0.269*[#   3]+0.269*[#   4]+0.076*[#   1]
    |psi|^2 = 0.883
==== e(   5) =    17.47247 eV ==== 
     psi = 0.081*[#   1]+0.059*[#   2]+0.059*[#   3]+0.059*[#   4]
    |psi|^2 = 0.258
==== e(   6) =    23.78727 eV ==== 
     psi = 0.028*[#   2]+0.028*[#   3]+0.028*[#   4]+0.014*[#   1]
    |psi|^2 = 0.098

 k =  -0.2121320344 -0.4949747468  0.5421151989
==== e(   1) =     2.43737 eV ==== 
     psi = 0.300*[#   1]+0.232*[#   2]+0.232*[#   3]+0.232*[#   4]
    |psi|^2 = 0.995
==== e(   2) =     7.02659 eV ==== 
     psi = 0.306*[#   1]+0.222*[#   2]+0.222*[#   3]+0.222*[#   4]
    |psi|^2 = 0.973
==== e(   3) =    12.81412 eV ==== 
     psi = 0.248*[#   1]+0.165*[#   2]+0.165*[#   3]+0.165*[#   4]
    |psi|^2 = 0.744
==== e(   4) =    14.84892 eV ==== 
     psi = 0.270*[#   2]+0.270*[#   3]+0.270*[#   4]+0.061*[#   1]
    |psi|^2 = 0.871
==== e(   5) =    17.60061 eV ==== 
     psi = 0.070*[#   1]+0.057*[#   2]+0.057*[#   3]+0.057*[#   4]
    |psi|^2 = 0.242
==== e(   6) =    24.74727 eV ==== 
     psi = 0.023*[#   2]+0.023*[#   3]+0.023*[#   4]+0.006*[#   1]
    |psi|^2 = 0.074

 k =  -0.1885618083 -0.4714045208  0.5185449729
==== e(   1) =     3.17823 eV ==== 
     psi = 0.292*[#   1]+0.234*[#   2]+0.234*[#   3]+0.234*[#   4]
    |psi|^2 = 0.994
==== e(   2) =     6.05999 eV ==== 
     psi = 0.335*[#   1]+0.216*[#   2]+0.216*[#   3]+0.216*[#   4]
    |psi|^2 = 0.981
==== e(   3) =    12.42458 eV ==== 
     psi = 0.250*[#   1]+0.177*[#   2]+0.177*[#   3]+0.177*[#   4]
    |psi|^2 = 0.782
==== e(   4) =    14.99765 eV ==== 
     psi = 0.269*[#   2]+0.269*[#   3]+0.269*[#   4]+0.052*[#   1]
    |psi|^2 = 0.860
==== e(   5) =    17.77756 eV ==== 
     psi = 0.061*[#   1]+0.055*[#   2]+0.055*[#   3]+0.055*[#   4]
    |psi|^2 = 0.225
==== e(   6) =    24.97148 eV ==== 
     psi = 0.024*[#   2]+0.024*[#   3]+0.024*[#   4]
    |psi|^2 = 0.073

 k =  -0.1649915823 -0.4478342948  0.4949747468
==== e(   1) =     3.96491 eV ==== 
     psi = 0.251*[#   1]+0.247*[#   2]+0.247*[#   3]+0.247*[#   4]
    |psi|^2 = 0.992
==== e(   2) =     5.14978 eV ==== 
     psi = 0.388*[#   1]+0.199*[#   2]+0.199*[#   3]+0.199*[#   4]
    |psi|^2 = 0.986
==== e(   3) =    12.09046 eV ==== 
     psi = 0.254*[#   1]+0.186*[#   2]+0.186*[#   3]+0.186*[#   4]
    |psi|^2 = 0.813
==== e(   4) =    15.20030 eV ==== 
     psi = 0.267*[#   2]+0.267*[#   3]+0.267*[#   4]+0.045*[#   1]
    |psi|^2 = 0.847
==== e(   5) =    18.00545 eV ==== 
     psi = 0.054*[#   1]+0.051*[#   2]+0.051*[#   3]+0.051*[#   4]
    |psi|^2 = 0.208
==== e(   6) =    24.69961 eV ==== 
     psi = 0.025*[#   2]+0.025*[#   3]+0.025*[#   4]
    |psi|^2 = 0.076

 k =  -0.1414213562 -0.4242640687  0.4714045208
==== e(   1) =     4.23502 eV ==== 
     psi = 0.271*[#   2]+0.271*[#   3]+0.271*[#   4]+0.180*[#   1]
    |psi|^2 = 0.994
==== e(   2) =     4.85812 eV ==== 
     psi = 0.459*[#   1]+0.175*[#   2]+0.175*[#   3]+0.175*[#   4]
    |psi|^2 = 0.984
==== e(   3) =    11.81343 eV ==== 
     psi = 0.263*[#   1]+0.192*[#   2]+0.192*[#   3]+0.192*[#   4]
    |psi|^2 = 0.838
==== e(   4) =    15.45631 eV ==== 
     psi = 0.264*[#   2]+0.264*[#   3]+0.264*[#   4]+0.042*[#   1]
    |psi|^2 = 0.832
==== e(   5) =    18.28519 eV ==== 
     psi = 0.049*[#   1]+0.047*[#   2]+0.047*[#   3]+0.047*[#   4]
    |psi|^2 = 0.192
==== e(   6) =    24.44419 eV ==== 
     psi = 0.027*[#   2]+0.027*[#   3]+0.027*[#   4]
    |psi|^2 = 0.081

 k =  -0.1178511302 -0.4006938427  0.4478342948
==== e(   1) =     3.44158 eV ==== 
     psi = 0.281*[#   1]+0.238*[#   2]+0.238*[#   3]+0.238*[#   4]
    |psi|^2 = 0.994
==== e(   2) =     5.73076 eV ==== 
     psi = 0.346*[#   1]+0.212*[#   2]+0.212*[#   3]+0.212*[#   4]
    |psi|^2 = 0.981
==== e(   3) =    11.59557 eV ==== 
     psi = 0.280*[#   1]+0.193*[#   2]+0.193*[#   3]+0.193*[#   4]
    |psi|^2 = 0.858
==== e(   4) =    15.76528 eV ==== 
     psi = 0.259*[#   2]+0.259*[#   3]+0.259*[#   4]+0.039*[#   1]
    |psi|^2 = 0.816
==== e(   5) =    18.61686 eV ==== 
     psi = 0.046*[#   1]+0.044*[#   2]+0.044*[#   3]+0.044*[#   4]
    |psi|^2 = 0.177
==== e(   6) =    24.22942 eV ==== 
     psi = 0.028*[#   2]+0.028*[#   3]+0.028*[#   4]
    |psi|^2 = 0.086

 k =  -0.0942809042 -0.3771236166  0.4242640687
==== e(   1) =     2.68213 eV ==== 
     psi = 0.295*[#   1]+0.233*[#   2]+0.233*[#   3]+0.233*[#   4]
    |psi|^2 = 0.995
==== e(   2) =     6.66720 eV ==== 
     psi = 0.306*[#   1]+0.223*[#   2]+0.223*[#   3]+0.223*[#   4]
    |psi|^2 = 0.975
==== e(   3) =    11.44026 eV ==== 
     psi = 0.308*[#   1]+0.188*[#   2]+0.188*[#   3]+0.188*[#   4]
    |psi|^2 = 0.874
==== e(   4) =    16.12682 eV ==== 
     psi = 0.253*[#   2]+0.253*[#   3]+0.253*[#   4]+0.038*[#   1]
    |psi|^2 = 0.796
==== e(   5) =    18.99990 eV ==== 
     psi = 0.045*[#   1]+0.040*[#   2]+0.040*[#   3]+0.040*[#   4]
    |psi|^2 = 0.165
==== e(   6) =    24.05760 eV ==== 
     psi = 0.030*[#   2]+0.030*[#   3]+0.030*[#   4]+0.001*[#   1]
    |psi|^2 = 0.090

 k =  -0.0707106781 -0.3535533906  0.4006938427
==== e(   1) =     1.97493 eV ==== 
     psi = 0.301*[#   1]+0.232*[#   2]+0.232*[#   3]+0.232*[#   4]
    |psi|^2 = 0.996
==== e(   2) =     7.64244 eV ==== 
     psi = 0.258*[#   1]+0.236*[#   2]+0.236*[#   3]+0.236*[#   4]
    |psi|^2 = 0.967
==== e(   3) =    11.35430 eV ==== 
     psi = 0.352*[#   1]+0.178*[#   2]+0.178*[#   3]+0.178*[#   4]
    |psi|^2 = 0.885
==== e(   4) =    16.54055 eV ==== 
     psi = 0.245*[#   2]+0.245*[#   3]+0.245*[#   4]+0.037*[#   1]
    |psi|^2 = 0.773
==== e(   5) =    19.43313 eV ==== 
     psi = 0.043*[#   1]+0.037*[#   2]+0.037*[#   3]+0.037*[#   4]
    |psi|^2 = 0.154
==== e(   6) =    23.92557 eV ==== 
     psi = 0.030*[#   2]+0.030*[#   3]+0.030*[#   4]+0.001*[#   1]
    |psi|^2 = 0.090

 k =  -0.0471404521 -0.3299831646  0.3771236166
==== e(   1) =     1.32225 eV ==== 
     psi = 0.304*[#   1]+0.231*[#   2]+0.231*[#   3]+0.231*[#   4]
    |psi|^2 = 0.997
==== e(   2) =     8.63734 eV ==== 
     psi = 0.257*[#   2]+0.257*[#   3]+0.257*[#   4]+0.186*[#   1]
    |psi|^2 = 0.956
==== e(   3) =    11.35421 eV ==== 
     psi = 0.420*[#   1]+0.158*[#   2]+0.158*[#   3]+0.158*[#   4]
    |psi|^2 = 0.892
==== e(   4) =    17.00597 eV ==== 
     psi = 0.236*[#   2]+0.236*[#   3]+0.236*[#   4]+0.037*[#   1]
    |psi|^2 = 0.745
==== e(   5) =    19.91460 eV ==== 
     psi = 0.042*[#   1]+0.035*[#   2]+0.035*[#   3]+0.035*[#   4]
    |psi|^2 = 0.146
==== e(   6) =    23.82116 eV ==== 
     psi = 0.026*[#   2]+0.026*[#   3]+0.026*[#   4]+0.001*[#   1]
    |psi|^2 = 0.081

 k =  -0.0235702260 -0.3064129385  0.3535533906
==== e(   1) =     0.72524 eV ==== 
     psi = 0.310*[#   1]+0.229*[#   2]+0.229*[#   3]+0.229*[#   4]
    |psi|^2 = 0.997
==== e(   2) =     9.60113 eV ==== 
     psi = 0.288*[#   2]+0.288*[#   3]+0.288*[#   4]+0.079*[#   1]
    |psi|^2 = 0.942
==== e(   3) =    11.48871 eV ==== 
     psi = 0.519*[#   1]+0.126*[#   2]+0.126*[#   3]+0.126*[#   4]
    |psi|^2 = 0.896
==== e(   4) =    17.52242 eV ==== 
     psi = 0.225*[#   2]+0.225*[#   3]+0.225*[#   4]+0.037*[#   1]
    |psi|^2 = 0.711
==== e(   5) =    20.44134 eV ==== 
     psi = 0.041*[#   1]+0.033*[#   2]+0.033*[#   3]+0.033*[#   4]
    |psi|^2 = 0.140
==== e(   6) =    23.69938 eV ==== 
     psi = 0.016*[#   2]+0.016*[#   3]+0.016*[#   4]
    |psi|^2 = 0.050

 k =   0.0000000000 -0.2828427125  0.3299831646
==== e(   1) =     0.18473 eV ==== 
     psi = 0.318*[#   1]+0.226*[#   2]+0.226*[#   3]+0.226*[#   4]
    |psi|^2 = 0.997
==== e(   2) =    10.39040 eV ==== 
     psi = 0.308*[#   2]+0.308*[#   3]+0.308*[#   4]
    |psi|^2 = 0.924
==== e(   3) =    11.89877 eV ==== 
     psi = 0.588*[#   1]+0.102*[#   2]+0.102*[#   3]+0.102*[#   4]
    |psi|^2 = 0.895
==== e(   4) =    18.08899 eV ==== 
     psi = 0.211*[#   2]+0.211*[#   3]+0.211*[#   4]+0.037*[#   1]
    |psi|^2 = 0.671
==== e(   5) =    21.00844 eV ==== 
     psi = 0.038*[#   1]+0.033*[#   2]+0.033*[#   3]+0.033*[#   4]
    |psi|^2 = 0.138
==== e(   6) =    23.39220 eV ==== 
     psi = 0.005*[#   2]+0.005*[#   3]+0.005*[#   4]
    |psi|^2 = 0.014

 k =   0.3771236166  0.0471404521  0.0000000000
==== e(   1) =    -0.60549 eV ==== 
     psi = 0.324*[#   1]+0.224*[#   2]+0.224*[#   3]+0.224*[#   4]
    |psi|^2 = 0.997
==== e(   2) =    14.10648 eV ==== 
     psi = 0.195*[#   2]+0.195*[#   3]+0.195*[#   4]
    |psi|^2 = 0.585
==== e(   3) =    14.91533 eV ==== 
     psi = 0.281*[#   2]+0.281*[#   3]+0.281*[#   4]+0.019*[#   1]
    |psi|^2 = 0.860
==== e(   4) =    15.47667 eV ==== 
     psi = 0.327*[#   1]+0.056*[#   2]+0.056*[#   3]+0.056*[#   4]
    |psi|^2 = 0.495
==== e(   5) =    16.33165 eV ==== 
     psi = 0.113*[#   2]+0.113*[#   3]+0.113*[#   4]
    |psi|^2 = 0.340
==== e(   6) =    19.06407 eV ==== 
     psi = 0.308*[#   1]+0.072*[#   2]+0.072*[#   3]+0.072*[#   4]
    |psi|^2 = 0.525

 k =   0.4006938427  0.0707106781 -0.0235702260
==== e(   1) =    -0.22009 eV ==== 
     psi = 0.313*[#   1]+0.228*[#   2]+0.228*[#   3]+0.228*[#   4]
    |psi|^2 = 0.997
==== e(   2) =    13.13499 eV ==== 
     psi = 0.227*[#   2]+0.227*[#   3]+0.227*[#   4]+0.025*[#   1]
    |psi|^2 = 0.705
==== e(   3) =    14.50417 eV ==== 
     psi = 0.224*[#   2]+0.224*[#   3]+0.224*[#   4]+0.007*[#   1]
    |psi|^2 = 0.679
==== e(   4) =    14.82370 eV ==== 
     psi = 0.388*[#   1]+0.111*[#   2]+0.111*[#   3]+0.111*[#   4]
    |psi|^2 = 0.722
==== e(   5) =    16.62586 eV ==== 
     psi = 0.084*[#   2]+0.084*[#   3]+0.084*[#   4]+0.030*[#   1]
    |psi|^2 = 0.283
==== e(   6) =    19.31067 eV ==== 
     psi = 0.219*[#   1]+0.076*[#   2]+0.076*[#   3]+0.076*[#   4]
    |psi|^2 = 0.448

 k =   0.4242640687  0.0942809042 -0.0471404521
==== e(   1) =     0.22322 eV ==== 
     psi = 0.305*[#   1]+0.231*[#   2]+0.231*[#   3]+0.231*[#   4]
    |psi|^2 = 0.997
==== e(   2) =    12.01917 eV ==== 
     psi = 0.246*[#   2]+0.246*[#   3]+0.246*[#   4]+0.068*[#   1]
    |psi|^2 = 0.807
==== e(   3) =    13.98547 eV ==== 
     psi = 0.208*[#   1]+0.112*[#   2]+0.112*[#   3]+0.112*[#   4]
    |psi|^2 = 0.545
==== e(   4) =    14.49550 eV ==== 
     psi = 0.236*[#   2]+0.236*[#   3]+0.236*[#   4]+0.203*[#   1]
    |psi|^2 = 0.911
==== e(   5) =    16.79138 eV ==== 
     psi = 0.070*[#   1]+0.064*[#   2]+0.064*[#   3]+0.064*[#   4]
    |psi|^2 = 0.260
==== e(   6) =    19.86074 eV ==== 
     psi = 0.131*[#   1]+0.070*[#   2]+0.070*[#   3]+0.070*[#   4]
    |psi|^2 = 0.342

 k =   0.4478342948  0.1178511302 -0.0707106781
==== e(   1) =     0.72383 eV ==== 
     psi = 0.300*[#   1]+0.232*[#   2]+0.232*[#   3]+0.232*[#   4]
    |psi|^2 = 0.997
==== e(   2) =    10.89400 eV ==== 
     psi = 0.253*[#   2]+0.253*[#   3]+0.253*[#   4]+0.115*[#   1]
    |psi|^2 = 0.875
==== e(   3) =    13.38478 eV ==== 
     psi = 0.287*[#   1]+0.108*[#   2]+0.108*[#   3]+0.108*[#   4]
    |psi|^2 = 0.611
==== e(   4) =    14.37682 eV ==== 
     psi = 0.260*[#   2]+0.260*[#   3]+0.260*[#   4]+0.125*[#   1]
    |psi|^2 = 0.905
==== e(   5) =    16.87586 eV ==== 
     psi = 0.088*[#   1]+0.056*[#   2]+0.056*[#   3]+0.056*[#   4]
    |psi|^2 = 0.255
==== e(   6) =    20.62366 eV ==== 
     psi = 0.074*[#   1]+0.056*[#   2]+0.056*[#   3]+0.056*[#   4]
    |psi|^2 = 0.242

 k =   0.4714045208  0.1414213562 -0.0942809042
==== e(   1) =     1.28099 eV ==== 
     psi = 0.297*[#   1]+0.233*[#   2]+0.233*[#   3]+0.233*[#   4]
    |psi|^2 = 0.996
==== e(   2) =     9.79206 eV ==== 
     psi = 0.253*[#   2]+0.253*[#   3]+0.253*[#   4]+0.161*[#   1]
    |psi|^2 = 0.920
==== e(   3) =    12.81800 eV ==== 
     psi = 0.310*[#   1]+0.122*[#   2]+0.122*[#   3]+0.122*[#   4]
    |psi|^2 = 0.675
==== e(   4) =    14.33666 eV ==== 
     psi = 0.267*[#   2]+0.267*[#   3]+0.267*[#   4]+0.093*[#   1]
    |psi|^2 = 0.895
==== e(   5) =    16.94269 eV ==== 
     psi = 0.089*[#   1]+0.053*[#   2]+0.053*[#   3]+0.053*[#   4]
    |psi|^2 = 0.249
==== e(   6) =    21.51855 eV ==== 
     psi = 0.041*[#   2]+0.041*[#   3]+0.041*[#   4]+0.041*[#   1]
    |psi|^2 = 0.165

 k =   0.4949747468  0.1649915823 -0.1178511302
==== e(   1) =     1.89382 eV ==== 
     psi = 0.294*[#   1]+0.234*[#   2]+0.234*[#   3]+0.234*[#   4]
    |psi|^2 = 0.996
==== e(   2) =     8.72571 eV ==== 
     psi = 0.248*[#   2]+0.248*[#   3]+0.248*[#   4]+0.204*[#   1]
    |psi|^2 = 0.948
==== e(   3) =    12.30021 eV ==== 
     psi = 0.316*[#   1]+0.138*[#   2]+0.138*[#   3]+0.138*[#   4]
    |psi|^2 = 0.728
==== e(   4) =    14.35702 eV ==== 
     psi = 0.271*[#   2]+0.271*[#   3]+0.271*[#   4]+0.075*[#   1]
    |psi|^2 = 0.888
==== e(   5) =    17.02799 eV ==== 
     psi = 0.081*[#   1]+0.053*[#   2]+0.053*[#   3]+0.053*[#   4]
    |psi|^2 = 0.239
==== e(   6) =    22.49725 eV ==== 
     psi = 0.029*[#   2]+0.029*[#   3]+0.029*[#   4]+0.023*[#   1]
    |psi|^2 = 0.111

 k =  -0.1885618083 -0.5185449729  0.5656854249
==== e(   1) =     2.56113 eV ==== 
     psi = 0.290*[#   1]+0.235*[#   2]+0.235*[#   3]+0.235*[#   4]
    |psi|^2 = 0.995
==== e(   2) =     7.70133 eV ==== 
     psi = 0.242*[#   2]+0.242*[#   3]+0.242*[#   4]+0.241*[#   1]
    |psi|^2 = 0.966
==== e(   3) =    11.83540 eV ==== 
     psi = 0.315*[#   1]+0.153*[#   2]+0.153*[#   3]+0.153*[#   4]
    |psi|^2 = 0.772
==== e(   4) =    14.43363 eV ==== 
     psi = 0.273*[#   2]+0.273*[#   3]+0.273*[#   4]+0.062*[#   1]
    |psi|^2 = 0.880
==== e(   5) =    17.14936 eV ==== 
     psi = 0.072*[#   1]+0.051*[#   2]+0.051*[#   3]+0.051*[#   4]
    |psi|^2 = 0.226
==== e(   6) =    23.52916 eV ==== 
     psi = 0.021*[#   2]+0.021*[#   3]+0.021*[#   4]+0.013*[#   1]
    |psi|^2 = 0.076

 k =  -0.1649915823 -0.4949747468  0.5421151989
==== e(   1) =     3.28115 eV ==== 
     psi = 0.281*[#   1]+0.237*[#   2]+0.237*[#   3]+0.237*[#   4]
    |psi|^2 = 0.993
==== e(   2) =     6.72324 eV ==== 
     psi = 0.276*[#   1]+0.234*[#   2]+0.234*[#   3]+0.234*[#   4]
    |psi|^2 = 0.977
==== e(   3) =    11.42575 eV ==== 
     psi = 0.313*[#   1]+0.165*[#   2]+0.165*[#   3]+0.165*[#   4]
    |psi|^2 = 0.808
==== e(   4) =    14.56491 eV ==== 
     psi = 0.273*[#   2]+0.273*[#   3]+0.273*[#   4]+0.053*[#   1]
    |psi|^2 = 0.871
==== e(   5) =    17.31536 eV ==== 
     psi = 0.064*[#   1]+0.049*[#   2]+0.049*[#   3]+0.049*[#   4]
    |psi|^2 = 0.212
==== e(   6) =    24.58226 eV ==== 
     psi = 0.015*[#   2]+0.015*[#   3]+0.015*[#   4]+0.008*[#   1]
    |psi|^2 = 0.053

 k =  -0.1414213562 -0.4714045208  0.5185449729
==== e(   1) =     4.04954 eV ==== 
     psi = 0.254*[#   1]+0.246*[#   2]+0.246*[#   3]+0.246*[#   4]
    |psi|^2 = 0.991
==== e(   2) =     5.79667 eV ==== 
     psi = 0.318*[#   1]+0.222*[#   2]+0.222*[#   3]+0.222*[#   4]
    |psi|^2 = 0.984
==== e(   3) =    11.07309 eV ==== 
     psi = 0.314*[#   1]+0.174*[#   2]+0.174*[#   3]+0.174*[#   4]
    |psi|^2 = 0.837
==== e(   4) =    14.75011 eV ==== 
     psi = 0.272*[#   2]+0.272*[#   3]+0.272*[#   4]+0.047*[#   1]
    |psi|^2 = 0.862
==== e(   5) =    17.53024 eV ==== 
     psi = 0.057*[#   1]+0.047*[#   2]+0.047*[#   3]+0.047*[#   4]
    |psi|^2 = 0.197
==== e(   6) =    25.50350 eV ==== 
     psi = 0.015*[#   2]+0.015*[#   3]+0.015*[#   4]+0.002*[#   1]
    |psi|^2 = 0.048

 k =  -0.1178511302 -0.4478342948  0.4949747468
==== e(   1) =     4.75547 eV ==== 
     psi = 0.331*[#   2]+0.331*[#   3]+0.331*[#   4]
    |psi|^2 = 0.994
==== e(   2) =     5.03193 eV ==== 
     psi = 0.573*[#   1]+0.136*[#   2]+0.136*[#   3]+0.136*[#   4]
    |psi|^2 = 0.982
==== e(   3) =    10.77969 eV ==== 
     psi = 0.323*[#   1]+0.179*[#   2]+0.179*[#   3]+0.179*[#   4]
    |psi|^2 = 0.859
==== e(   4) =    14.98877 eV ==== 
     psi = 0.269*[#   2]+0.269*[#   3]+0.269*[#   4]+0.043*[#   1]
    |psi|^2 = 0.851
==== e(   5) =    17.79603 eV ==== 
     psi = 0.052*[#   1]+0.044*[#   2]+0.044*[#   3]+0.044*[#   4]
    |psi|^2 = 0.184
==== e(   6) =    25.49812 eV ==== 
     psi = 0.020*[#   2]+0.020*[#   3]+0.020*[#   4]
    |psi|^2 = 0.059

 k =  -0.0942809042 -0.4242640687  0.4714045208
==== e(   1) =     4.06150 eV ==== 
     psi = 0.248*[#   2]+0.248*[#   3]+0.248*[#   4]+0.248*[#   1]
    |psi|^2 = 0.993
==== e(   2) =     5.76398 eV ==== 
     psi = 0.313*[#   1]+0.223*[#   2]+0.223*[#   3]+0.223*[#   4]
    |psi|^2 = 0.981
==== e(   3) =    10.54913 eV ==== 
     psi = 0.343*[#   1]+0.178*[#   2]+0.178*[#   3]+0.178*[#   4]
    |psi|^2 = 0.877
==== e(   4) =    15.28053 eV ==== 
     psi = 0.266*[#   2]+0.266*[#   3]+0.266*[#   4]+0.040*[#   1]
    |psi|^2 = 0.838
==== e(   5) =    18.11346 eV ==== 
     psi = 0.049*[#   1]+0.041*[#   2]+0.041*[#   3]+0.041*[#   4]
    |psi|^2 = 0.171
==== e(   6) =    25.28931 eV ==== 
     psi = 0.021*[#   2]+0.021*[#   3]+0.021*[#   4]
    |psi|^2 = 0.062

 k =  -0.0707106781 -0.4006938427  0.4478342948
==== e(   1) =     3.28886 eV ==== 
     psi = 0.276*[#   1]+0.239*[#   2]+0.239*[#   3]+0.239*[#   4]
    |psi|^2 = 0.995
==== e(   2) =     6.66518 eV ==== 
     psi = 0.252*[#   1]+0.241*[#   2]+0.241*[#   3]+0.241*[#   4]
    |psi|^2 = 0.976
==== e(   3) =    10.38847 eV ==== 
     psi = 0.379*[#   1]+0.170*[#   2]+0.170*[#   3]+0.170*[#   4]
    |psi|^2 = 0.890
==== e(   4) =    15.62506 eV ==== 
     psi = 0.261*[#   2]+0.261*[#   3]+0.261*[#   4]+0.039*[#   1]
    |psi|^2 = 0.822
==== e(   5) =    18.48237 eV ==== 
     psi = 0.047*[#   1]+0.038*[#   2]+0.038*[#   3]+0.038*[#   4]
    |psi|^2 = 0.161
==== e(   6) =    25.10530 eV ==== 
     psi = 0.021*[#   2]+0.021*[#   3]+0.021*[#   4]
    |psi|^2 = 0.064

 k =  -0.0471404521 -0.3771236166  0.4242640687
==== e(   1) =     2.56614 eV ==== 
     psi = 0.288*[#   1]+0.236*[#   2]+0.236*[#   3]+0.236*[#   4]
    |psi|^2 = 0.996
==== e(   2) =     7.59012 eV ==== 
     psi = 0.263*[#   2]+0.263*[#   3]+0.263*[#   4]+0.181*[#   1]
    |psi|^2 = 0.970
==== e(   3) =    10.31473 eV ==== 
     psi = 0.440*[#   1]+0.153*[#   2]+0.153*[#   3]+0.153*[#   4]
    |psi|^2 = 0.898
==== e(   4) =    16.02200 eV ==== 
     psi = 0.255*[#   2]+0.255*[#   3]+0.255*[#   4]+0.038*[#   1]
    |psi|^2 = 0.803
==== e(   5) =    18.90187 eV ==== 
     psi = 0.046*[#   1]+0.036*[#   2]+0.036*[#   3]+0.036*[#   4]
    |psi|^2 = 0.152
==== e(   6) =    24.95012 eV ==== 
     psi = 0.020*[#   2]+0.020*[#   3]+0.020*[#   4]
    |psi|^2 = 0.060

 k =  -0.0235702260 -0.3535533906  0.4006938427
==== e(   1) =     1.89711 eV ==== 
     psi = 0.295*[#   1]+0.234*[#   2]+0.234*[#   3]+0.234*[#   4]
    |psi|^2 = 0.996
==== e(   2) =     8.48459 eV ==== 
     psi = 0.295*[#   2]+0.295*[#   3]+0.295*[#   4]+0.078*[#   1]
    |psi|^2 = 0.963
==== e(   3) =    10.37817 eV ==== 
     psi = 0.537*[#   1]+0.122*[#   2]+0.122*[#   3]+0.122*[#   4]
    |psi|^2 = 0.902
==== e(   4) =    16.47092 eV ==== 
     psi = 0.247*[#   2]+0.247*[#   3]+0.247*[#   4]+0.038*[#   1]
    |psi|^2 = 0.779
==== e(   5) =    19.37031 eV ==== 
     psi = 0.044*[#   1]+0.034*[#   2]+0.034*[#   3]+0.034*[#   4]
    |psi|^2 = 0.146
==== e(   6) =    24.78996 eV ==== 
     psi = 0.014*[#   2]+0.014*[#   3]+0.014*[#   4]
    |psi|^2 = 0.041

 k =   0.0000000000 -0.3299831646  0.3771236166
==== e(   1) =     1.28315 eV ==== 
     psi = 0.302*[#   1]+0.232*[#   2]+0.232*[#   3]+0.232*[#   4]
    |psi|^2 = 0.997
==== e(   2) =     9.20162 eV ==== 
     psi = 0.318*[#   2]+0.318*[#   3]+0.318*[#   4]
    |psi|^2 = 0.954
==== e(   3) =    10.72361 eV ==== 
     psi = 0.607*[#   1]+0.098*[#   2]+0.098*[#   3]+0.098*[#   4]
    |psi|^2 = 0.901
==== e(   4) =    16.97130 eV ==== 
     psi = 0.237*[#   2]+0.237*[#   3]+0.237*[#   4]+0.037*[#   1]
    |psi|^2 = 0.749
==== e(   5) =    19.88496 eV ==== 
     psi = 0.043*[#   1]+0.033*[#   2]+0.033*[#   3]+0.033*[#   4]
    |psi|^2 = 0.141
==== e(   6) =    24.44559 eV ==== 
     psi = 0.003*[#   2]+0.003*[#   3]+0.003*[#   4]
    |psi|^2 = 0.009

 k =   0.4242640687  0.0471404521  0.0000000000
==== e(   1) =     0.06563 eV ==== 
     psi = 0.306*[#   1]+0.230*[#   2]+0.230*[#   3]+0.230*[#   4]
    |psi|^2 = 0.997
==== e(   2) =    13.62478 eV ==== 
     psi = 0.195*[#   2]+0.195*[#   3]+0.195*[#   4]
    |psi|^2 = 0.584
==== e(   3) =    13.85023 eV ==== 
     psi = 0.271*[#   1]+0.083*[#   2]+0.083*[#   3]+0.083*[#   4]
    |psi|^2 = 0.520
==== e(   4) =    14.52585 eV ==== 
     psi = 0.272*[#   2]+0.272*[#   3]+0.272*[#   4]+0.133*[#   1]
    |psi|^2 = 0.948
==== e(   5) =    15.85794 eV ==== 
     psi = 0.121*[#   2]+0.121*[#   3]+0.121*[#   4]
    |psi|^2 = 0.362
==== e(   6) =    18.63631 eV ==== 
     psi = 0.272*[#   1]+0.058*[#   2]+0.058*[#   3]+0.058*[#   4]
    |psi|^2 = 0.446

 k =   0.4478342948  0.0707106781 -0.0235702260
==== e(   1) =     0.48821 eV ==== 
     psi = 0.301*[#   1]+0.232*[#   2]+0.232*[#   3]+0.232*[#   4]
    |psi|^2 = 0.997
==== e(   2) =    12.67866 eV ==== 
     psi = 0.234*[#   2]+0.234*[#   3]+0.234*[#   4]+0.004*[#   1]
    |psi|^2 = 0.706
==== e(   3) =    13.16798 eV ==== 
     psi = 0.331*[#   1]+0.084*[#   2]+0.084*[#   3]+0.084*[#   4]
    |psi|^2 = 0.582
==== e(   4) =    14.21825 eV ==== 
     psi = 0.264*[#   2]+0.264*[#   3]+0.264*[#   4]+0.136*[#   1]
    |psi|^2 = 0.929
==== e(   5) =    16.18687 eV ==== 
     psi = 0.089*[#   2]+0.089*[#   3]+0.089*[#   4]+0.025*[#   1]
    |psi|^2 = 0.291
==== e(   6) =    18.91484 eV ==== 
     psi = 0.190*[#   1]+0.062*[#   2]+0.062*[#   3]+0.062*[#   4]
    |psi|^2 = 0.377

 k =   0.4714045208  0.0942809042 -0.0471404521
==== e(   1) =     0.96799 eV ==== 
     psi = 0.297*[#   1]+0.233*[#   2]+0.233*[#   3]+0.233*[#   4]
    |psi|^2 = 0.996
==== e(   2) =    11.59882 eV ==== 
     psi = 0.259*[#   2]+0.259*[#   3]+0.259*[#   4]+0.034*[#   1]
    |psi|^2 = 0.811
==== e(   3) =    12.52993 eV ==== 
     psi = 0.378*[#   1]+0.090*[#   2]+0.090*[#   3]+0.090*[#   4]
    |psi|^2 = 0.646
==== e(   4) =    14.07498 eV ==== 
     psi = 0.266*[#   2]+0.266*[#   3]+0.266*[#   4]+0.109*[#   1]
    |psi|^2 = 0.908
==== e(   5) =    16.38780 eV ==== 
     psi = 0.065*[#   2]+0.065*[#   3]+0.065*[#   4]+0.058*[#   1]
    |psi|^2 = 0.253
==== e(   6) =    19.49905 eV ==== 
     psi = 0.113*[#   1]+0.058*[#   2]+0.058*[#   3]+0.058*[#   4]
    |psi|^2 = 0.286

 k =   0.4949747468  0.1178511302 -0.0707106781
==== e(   1) =     1.50421 eV ==== 
     psi = 0.293*[#   1]+0.234*[#   2]+0.234*[#   3]+0.234*[#   4]
    |psi|^2 = 0.996
==== e(   2) =    10.51208 eV ==== 
     psi = 0.268*[#   2]+0.268*[#   3]+0.268*[#   4]+0.078*[#   1]
    |psi|^2 = 0.881
==== e(   3) =    11.93692 eV ==== 
     psi = 0.393*[#   1]+0.104*[#   2]+0.104*[#   3]+0.104*[#   4]
    |psi|^2 = 0.704
==== e(   4) =    14.01320 eV ==== 
     psi = 0.270*[#   2]+0.270*[#   3]+0.270*[#   4]+0.089*[#   1]
    |psi|^2 = 0.898
==== e(   5) =    16.50881 eV ==== 
     psi = 0.074*[#   1]+0.054*[#   2]+0.054*[#   3]+0.054*[#   4]
    |psi|^2 = 0.237
==== e(   6) =    20.29750 eV ==== 
     psi = 0.063*[#   1]+0.046*[#   2]+0.046*[#   3]+0.046*[#   4]
    |psi|^2 = 0.200

 k =   0.5185449729  0.1414213562 -0.0942809042
==== e(   1) =     2.09589 eV ==== 
     psi = 0.290*[#   1]+0.235*[#   2]+0.235*[#   3]+0.235*[#   4]
    |psi|^2 = 0.995
==== e(   2) =     9.44845 eV ==== 
     psi = 0.267*[#   2]+0.267*[#   3]+0.267*[#   4]+0.124*[#   1]
    |psi|^2 = 0.926
==== e(   3) =    11.39569 eV ==== 
     psi = 0.394*[#   1]+0.120*[#   2]+0.120*[#   3]+0.120*[#   4]
    |psi|^2 = 0.755
==== e(   4) =    14.01396 eV ==== 
     psi = 0.272*[#   2]+0.272*[#   3]+0.272*[#   4]+0.074*[#   1]
    |psi|^2 = 0.891
==== e(   5) =    16.61276 eV ==== 
     psi = 0.076*[#   1]+0.050*[#   2]+0.050*[#   3]+0.050*[#   4]
    |psi|^2 = 0.225
==== e(   6) =    21.22932 eV ==== 
     psi = 0.035*[#   1]+0.033*[#   2]+0.033*[#   3]+0.033*[#   4]
    |psi|^2 = 0.135

 k =  -0.1649915823 -0.5421151989  0.5892556510
==== e(   1) =     2.74174 eV ==== 
     psi = 0.284*[#   1]+0.237*[#   2]+0.237*[#   3]+0.237*[#   4]
    |psi|^2 = 0.994
==== e(   2) =     8.42019 eV ==== 
     psi = 0.262*[#   2]+0.262*[#   3]+0.262*[#   4]+0.169*[#   1]
    |psi|^2 = 0.953
==== e(   3) =    10.90919 eV ==== 
     psi = 0.388*[#   1]+0.136*[#   2]+0.136*[#   3]+0.136*[#   4]
    |psi|^2 = 0.796
==== e(   4) =    14.07190 eV ==== 
     psi = 0.274*[#   2]+0.274*[#   3]+0.274*[#   4]+0.063*[#   1]
    |psi|^2 = 0.885
==== e(   5) =    16.73555 eV ==== 
     psi = 0.070*[#   1]+0.048*[#   2]+0.048*[#   3]+0.048*[#   4]
    |psi|^2 = 0.213
==== e(   6) =    22.24667 eV ==== 
     psi = 0.023*[#   2]+0.023*[#   3]+0.023*[#   4]+0.020*[#   1]
    |psi|^2 = 0.089

 k =  -0.1414213562 -0.5185449729  0.5656854249
==== e(   1) =     3.43983 eV ==== 
     psi = 0.272*[#   1]+0.240*[#   2]+0.240*[#   3]+0.240*[#   4]
    |psi|^2 = 0.992
==== e(   2) =     7.43404 eV ==== 
     psi = 0.253*[#   2]+0.253*[#   3]+0.253*[#   4]+0.210*[#   1]
    |psi|^2 = 0.970
==== e(   3) =    10.47952 eV ==== 
     psi = 0.383*[#   1]+0.149*[#   2]+0.149*[#   3]+0.149*[#   4]
    |psi|^2 = 0.830
==== e(   4) =    14.18501 eV ==== 
     psi = 0.275*[#   2]+0.275*[#   3]+0.275*[#   4]+0.054*[#   1]
    |psi|^2 = 0.879
==== e(   5) =    16.89463 eV ==== 
     psi = 0.064*[#   1]+0.046*[#   2]+0.046*[#   3]+0.046*[#   4]
    |psi|^2 = 0.201
==== e(   6) =    23.32064 eV ==== 
     psi = 0.016*[#   2]+0.016*[#   3]+0.016*[#   4]+0.012*[#   1]
    |psi|^2 = 0.059

 k =  -0.1178511302 -0.4949747468  0.5421151989
==== e(   1) =     4.18645 eV ==== 
     psi = 0.248*[#   2]+0.248*[#   3]+0.248*[#   4]+0.247*[#   1]
    |psi|^2 = 0.990
==== e(   2) =     6.49530 eV ==== 
     psi = 0.252*[#   1]+0.243*[#   2]+0.243*[#   3]+0.243*[#   4]
    |psi|^2 = 0.980
==== e(   3) =    10.10908 eV ==== 
     psi = 0.382*[#   1]+0.158*[#   2]+0.158*[#   3]+0.158*[#   4]
    |psi|^2 = 0.856
==== e(   4) =    14.35235 eV ==== 
     psi = 0.274*[#   2]+0.274*[#   3]+0.274*[#   4]+0.048*[#   1]
    |psi|^2 = 0.871
==== e(   5) =    17.09846 eV ==== 
     psi = 0.058*[#   1]+0.044*[#   2]+0.044*[#   3]+0.044*[#   4]
    |psi|^2 = 0.189
==== e(   6) =    24.42706 eV ==== 
     psi = 0.011*[#   2]+0.011*[#   3]+0.011*[#   4]+0.007*[#   1]
    |psi|^2 = 0.040

 k =  -0.0942809042 -0.4714045208  0.5185449729
==== e(   1) =     4.96168 eV ==== 
     psi = 0.279*[#   2]+0.279*[#   3]+0.279*[#   4]+0.152*[#   1]
    |psi|^2 = 0.989
==== e(   2) =     5.62268 eV ==== 
     psi = 0.350*[#   1]+0.212*[#   2]+0.212*[#   3]+0.212*[#   4]
    |psi|^2 = 0.984
==== e(   3) =     9.80150 eV ==== 
     psi = 0.392*[#   1]+0.162*[#   2]+0.162*[#   3]+0.162*[#   4]
    |psi|^2 = 0.876
==== e(   4) =    14.57338 eV ==== 
     psi = 0.273*[#   2]+0.273*[#   3]+0.273*[#   4]+0.044*[#   1]
    |psi|^2 = 0.863
==== e(   5) =    17.35114 eV ==== 
     psi = 0.054*[#   1]+0.041*[#   2]+0.041*[#   3]+0.041*[#   4]
    |psi|^2 = 0.178
==== e(   6) =    25.52690 eV ==== 
     psi = 0.008*[#   2]+0.008*[#   3]+0.008*[#   4]+0.004*[#   1]
    |psi|^2 = 0.028

 k =  -0.0707106781 -0.4478342948  0.4949747468
==== e(   1) =     4.73174 eV ==== 
     psi = 0.263*[#   2]+0.263*[#   3]+0.263*[#   4]+0.202*[#   1]
    |psi|^2 = 0.992
==== e(   2) =     5.84442 eV ==== 
     psi = 0.281*[#   1]+0.233*[#   2]+0.233*[#   3]+0.233*[#   4]
    |psi|^2 = 0.981
==== e(   3) =     9.56389 eV ==== 
     psi = 0.417*[#   1]+0.158*[#   2]+0.158*[#   3]+0.158*[#   4]
    |psi|^2 = 0.891
==== e(   4) =    14.84771 eV ==== 
     psi = 0.271*[#   2]+0.271*[#   3]+0.271*[#   4]+0.041*[#   1]
    |psi|^2 = 0.853
==== e(   5) =    17.65449 eV ==== 
     psi = 0.050*[#   1]+0.039*[#   2]+0.039*[#   3]+0.039*[#   4]
    |psi|^2 = 0.168
==== e(   6) =    26.27811 eV ==== 
     psi = 0.014*[#   2]+0.014*[#   3]+0.014*[#   4]
    |psi|^2 = 0.041

 k =  -0.0471404521 -0.4242640687  0.4714045208
==== e(   1) =     3.94940 eV ==== 
     psi = 0.253*[#   1]+0.247*[#   2]+0.247*[#   3]+0.247*[#   4]
    |psi|^2 = 0.993
==== e(   2) =     6.69159 eV ==== 
     psi = 0.265*[#   2]+0.265*[#   3]+0.265*[#   4]+0.184*[#   1]
    |psi|^2 = 0.978
==== e(   3) =     9.41336 eV ==== 
     psi = 0.468*[#   1]+0.144*[#   2]+0.144*[#   3]+0.144*[#   4]
    |psi|^2 = 0.900
==== e(   4) =    15.17500 eV ==== 
     psi = 0.267*[#   2]+0.267*[#   3]+0.267*[#   4]+0.039*[#   1]
    |psi|^2 = 0.841
==== e(   5) =    18.00903 eV ==== 
     psi = 0.049*[#   1]+0.037*[#   2]+0.037*[#   3]+0.037*[#   4]
    |psi|^2 = 0.160
==== e(   6) =    26.17923 eV ==== 
     psi = 0.015*[#   2]+0.015*[#   3]+0.015*[#   4]
    |psi|^2 = 0.045

 k =  -0.0235702260 -0.4006938427  0.4478342948
==== e(   1) =     3.21216 eV ==== 
     psi = 0.272*[#   1]+0.241*[#   2]+0.241*[#   3]+0.241*[#   4]
    |psi|^2 = 0.995
==== e(   2) =     7.51625 eV ==== 
     psi = 0.299*[#   2]+0.299*[#   3]+0.299*[#   4]+0.078*[#   1]
    |psi|^2 = 0.976
==== e(   3) =     9.40078 eV ==== 
     psi = 0.557*[#   1]+0.116*[#   2]+0.116*[#   3]+0.116*[#   4]
    |psi|^2 = 0.904
==== e(   4) =    15.55490 eV ==== 
     psi = 0.262*[#   2]+0.262*[#   3]+0.262*[#   4]+0.038*[#   1]
    |psi|^2 = 0.825
==== e(   5) =    18.41426 eV ==== 
     psi = 0.047*[#   1]+0.035*[#   2]+0.035*[#   3]+0.035*[#   4]
    |psi|^2 = 0.153
==== e(   6) =    25.99835 eV ==== 
     psi = 0.011*[#   2]+0.011*[#   3]+0.011*[#   4]
    |psi|^2 = 0.035

 k =  -0.0000000000 -0.3771236166  0.4242640687
==== e(   1) =     2.52744 eV ==== 
     psi = 0.285*[#   1]+0.237*[#   2]+0.237*[#   3]+0.237*[#   4]
    |psi|^2 = 0.996
==== e(   2) =     8.16201 eV ==== 
     psi = 0.324*[#   2]+0.324*[#   3]+0.324*[#   4]
    |psi|^2 = 0.972
==== e(   3) =     9.67510 eV ==== 
     psi = 0.624*[#   1]+0.093*[#   2]+0.093*[#   3]+0.093*[#   4]
    |psi|^2 = 0.903
==== e(   4) =    15.98703 eV ==== 
     psi = 0.256*[#   2]+0.256*[#   3]+0.256*[#   4]+0.038*[#   1]
    |psi|^2 = 0.806
==== e(   5) =    18.86884 eV ==== 
     psi = 0.046*[#   1]+0.034*[#   2]+0.034*[#   3]+0.034*[#   4]
    |psi|^2 = 0.148
==== e(   6) =    25.63640 eV ==== 
     psi = 0.002*[#   2]+0.002*[#   3]+0.002*[#   4]
    |psi|^2 = 0.006

 k =   0.4714045208  0.0471404521 -0.0000000000
==== e(   1) =     0.81124 eV ==== 
     psi = 0.298*[#   1]+0.233*[#   2]+0.233*[#   3]+0.233*[#   4]
    |psi|^2 = 0.996
==== e(   2) =    12.35960 eV ==== 
     psi = 0.378*[#   1]+0.079*[#   2]+0.079*[#   3]+0.079*[#   4]
    |psi|^2 = 0.613
==== e(   3) =    13.21581 eV ==== 
     psi = 0.194*[#   2]+0.194*[#   3]+0.194*[#   4]
    |psi|^2 = 0.581
==== e(   4) =    14.12876 eV ==== 
     psi = 0.292*[#   2]+0.292*[#   3]+0.292*[#   4]+0.082*[#   1]
    |psi|^2 = 0.959
==== e(   5) =    15.45652 eV ==== 
     psi = 0.127*[#   2]+0.127*[#   3]+0.127*[#   4]
    |psi|^2 = 0.382
==== e(   6) =    18.26284 eV ==== 
     psi = 0.231*[#   1]+0.046*[#   2]+0.046*[#   3]+0.046*[#   4]
    |psi|^2 = 0.368

 k =   0.4949747468  0.0707106781 -0.0235702260
==== e(   1) =     1.26993 eV ==== 
     psi = 0.295*[#   1]+0.233*[#   2]+0.233*[#   3]+0.233*[#   4]
    |psi|^2 = 0.996
==== e(   2) =    11.67323 eV ==== 
     psi = 0.355*[#   1]+0.105*[#   2]+0.105*[#   3]+0.105*[#   4]
    |psi|^2 = 0.671
==== e(   3) =    12.33968 eV ==== 
     psi = 0.216*[#   2]+0.216*[#   3]+0.216*[#   4]+0.063*[#   1]
    |psi|^2 = 0.711
==== e(   4) =    13.85734 eV ==== 
     psi = 0.277*[#   2]+0.277*[#   3]+0.277*[#   4]+0.098*[#   1]
    |psi|^2 = 0.929
==== e(   5) =    15.82001 eV ==== 
     psi = 0.093*[#   2]+0.093*[#   3]+0.093*[#   4]+0.020*[#   1]
    |psi|^2 = 0.299
==== e(   6) =    18.57637 eV ==== 
     psi = 0.159*[#   1]+0.050*[#   2]+0.050*[#   3]+0.050*[#   4]
    |psi|^2 = 0.310

 k =   0.5185449729  0.0942809042 -0.0471404521
==== e(   1) =     1.78482 eV ==== 
     psi = 0.292*[#   1]+0.234*[#   2]+0.234*[#   3]+0.234*[#   4]
    |psi|^2 = 0.995
==== e(   2) =    10.99555 eV ==== 
     psi = 0.196*[#   1]+0.184*[#   2]+0.184*[#   3]+0.184*[#   4]
    |psi|^2 = 0.747
==== e(   3) =    11.36520 eV ==== 
     psi = 0.275*[#   1]+0.174*[#   2]+0.174*[#   3]+0.174*[#   4]
    |psi|^2 = 0.798
==== e(   4) =    13.75251 eV ==== 
     psi = 0.274*[#   2]+0.274*[#   3]+0.274*[#   4]+0.086*[#   1]
    |psi|^2 = 0.907
==== e(   5) =    16.05583 eV ==== 
     psi = 0.066*[#   2]+0.066*[#   3]+0.066*[#   4]+0.049*[#   1]
    |psi|^2 = 0.248
==== e(   6) =    19.19695 eV ==== 
     psi = 0.094*[#   1]+0.047*[#   2]+0.047*[#   3]+0.047*[#   4]
    |psi|^2 = 0.236

 k =   0.5421151989  0.1178511302 -0.0707106781
==== e(   1) =     2.35480 eV ==== 
     psi = 0.287*[#   1]+0.236*[#   2]+0.236*[#   3]+0.236*[#   4]
    |psi|^2 = 0.994
==== e(   2) =    10.14588 eV ==== 
     psi = 0.290*[#   2]+0.290*[#   3]+0.290*[#   4]
    |psi|^2 = 0.870
==== e(   3) =    10.60419 eV ==== 
     psi = 0.517*[#   1]+0.092*[#   2]+0.092*[#   3]+0.092*[#   4]
    |psi|^2 = 0.793
==== e(   4) =    13.72770 eV ==== 
     psi = 0.274*[#   2]+0.274*[#   3]+0.274*[#   4]+0.074*[#   1]
    |psi|^2 = 0.896
==== e(   5) =    16.21305 eV ==== 
     psi = 0.063*[#   1]+0.053*[#   2]+0.053*[#   3]+0.053*[#   4]
    |psi|^2 = 0.223
==== e(   6) =    20.03204 eV ==== 
     psi = 0.052*[#   1]+0.037*[#   2]+0.037*[#   3]+0.037*[#   4]
    |psi|^2 = 0.164

 k =  -0.1414213562 -0.5656854249  0.6128258770
==== e(   1) =     2.97831 eV ==== 
     psi = 0.279*[#   1]+0.238*[#   2]+0.238*[#   3]+0.238*[#   4]
    |psi|^2 = 0.993
==== e(   2) =     9.15902 eV ==== 
     psi = 0.290*[#   2]+0.290*[#   3]+0.290*[#   4]+0.057*[#   1]
    |psi|^2 = 0.928
==== e(   3) =    10.05845 eV ==== 
     psi = 0.501*[#   1]+0.106*[#   2]+0.106*[#   3]+0.106*[#   4]
    |psi|^2 = 0.818
==== e(   4) =    13.76475 eV ==== 
     psi = 0.275*[#   2]+0.275*[#   3]+0.275*[#   4]+0.063*[#   1]
    |psi|^2 = 0.889
==== e(   5) =    16.35404 eV ==== 
     psi = 0.065*[#   1]+0.047*[#   2]+0.047*[#   3]+0.047*[#   4]
    |psi|^2 = 0.207
==== e(   6) =    21.00079 eV ==== 
     psi = 0.030*[#   1]+0.027*[#   2]+0.027*[#   3]+0.027*[#   4]
    |psi|^2 = 0.110

 k =  -0.1178511302 -0.5421151989  0.5892556510
==== e(   1) =     3.65296 eV ==== 
     psi = 0.263*[#   1]+0.243*[#   2]+0.243*[#   3]+0.243*[#   4]
    |psi|^2 = 0.991
==== e(   2) =     8.18000 eV ==== 
     psi = 0.280*[#   2]+0.280*[#   3]+0.280*[#   4]+0.118*[#   1]
    |psi|^2 = 0.957
==== e(   3) =     9.59887 eV ==== 
     psi = 0.480*[#   1]+0.123*[#   2]+0.123*[#   3]+0.123*[#   4]
    |psi|^2 = 0.848
==== e(   4) =    13.85868 eV ==== 
     psi = 0.276*[#   2]+0.276*[#   3]+0.276*[#   4]+0.055*[#   1]
    |psi|^2 = 0.883
==== e(   5) =    16.51433 eV ==== 
     psi = 0.062*[#   1]+0.044*[#   2]+0.044*[#   3]+0.044*[#   4]
    |psi|^2 = 0.194
==== e(   6) =    22.05566 eV ==== 
     psi = 0.018*[#   2]+0.018*[#   3]+0.018*[#   4]+0.018*[#   1]
    |psi|^2 = 0.072

 k =  -0.0942809042 -0.5185449729  0.5656854249
==== e(   1) =     4.37433 eV ==== 
     psi = 0.251*[#   2]+0.251*[#   3]+0.251*[#   4]+0.235*[#   1]
    |psi|^2 = 0.989
==== e(   2) =     7.23703 eV ==== 
     psi = 0.267*[#   2]+0.267*[#   3]+0.267*[#   4]+0.171*[#   1]
    |psi|^2 = 0.973
==== e(   3) =     9.20838 eV ==== 
     psi = 0.472*[#   1]+0.133*[#   2]+0.133*[#   3]+0.133*[#   4]
    |psi|^2 = 0.872
==== e(   4) =    14.00762 eV ==== 
     psi = 0.276*[#   2]+0.276*[#   3]+0.276*[#   4]+0.049*[#   1]
    |psi|^2 = 0.878
==== e(   5) =    16.71111 eV ==== 
     psi = 0.058*[#   1]+0.042*[#   2]+0.042*[#   3]+0.042*[#   4]
    |psi|^2 = 0.183
==== e(   6) =    23.16839 eV ==== 
     psi = 0.012*[#   2]+0.012*[#   3]+0.012*[#   4]+0.011*[#   1]
    |psi|^2 = 0.047

 k =  -0.0707106781 -0.4949747468  0.5421151989
==== e(   1) =     5.13069 eV ==== 
     psi = 0.270*[#   2]+0.270*[#   3]+0.270*[#   4]+0.176*[#   1]
    |psi|^2 = 0.987
==== e(   2) =     6.34273 eV ==== 
     psi = 0.250*[#   2]+0.250*[#   3]+0.250*[#   4]+0.233*[#   1]
    |psi|^2 = 0.982
==== e(   3) =     8.88993 eV ==== 
     psi = 0.482*[#   1]+0.136*[#   2]+0.136*[#   3]+0.136*[#   4]
    |psi|^2 = 0.889
==== e(   4) =    14.21068 eV ==== 
     psi = 0.275*[#   2]+0.275*[#   3]+0.275*[#   4]+0.045*[#   1]
    |psi|^2 = 0.871
==== e(   5) =    16.95264 eV ==== 
     psi = 0.054*[#   1]+0.040*[#   2]+0.040*[#   3]+0.040*[#   4]
    |psi|^2 = 0.174
==== e(   6) =    24.31713 eV ==== 
     psi = 0.008*[#   2]+0.008*[#   3]+0.008*[#   4]+0.007*[#   1]
    |psi|^2 = 0.031

 k =  -0.0471404521 -0.4714045208  0.5185449729
==== e(   1) =     5.44268 eV ==== 
     psi = 0.288*[#   2]+0.288*[#   3]+0.288*[#   4]+0.125*[#   1]
    |psi|^2 = 0.990
==== e(   2) =     5.96315 eV ==== 
     psi = 0.254*[#   1]+0.243*[#   2]+0.243*[#   3]+0.243*[#   4]
    |psi|^2 = 0.982
==== e(   3) =     8.65916 eV ==== 
     psi = 0.519*[#   1]+0.127*[#   2]+0.127*[#   3]+0.127*[#   4]
    |psi|^2 = 0.900
==== e(   4) =    14.46733 eV ==== 
     psi = 0.274*[#   2]+0.274*[#   3]+0.274*[#   4]+0.042*[#   1]
    |psi|^2 = 0.863
==== e(   5) =    17.24281 eV ==== 
     psi = 0.051*[#   1]+0.038*[#   2]+0.038*[#   3]+0.038*[#   4]
    |psi|^2 = 0.166
==== e(   6) =    25.47635 eV ==== 
     psi = 0.006*[#   2]+0.006*[#   3]+0.006*[#   4]+0.004*[#   1]
    |psi|^2 = 0.021

 k =  -0.0235702260 -0.4478342948  0.4949747468
==== e(   1) =     4.66205 eV ==== 
     psi = 0.256*[#   2]+0.256*[#   3]+0.256*[#   4]+0.223*[#   1]
    |psi|^2 = 0.992
==== e(   2) =     6.69765 eV ==== 
     psi = 0.300*[#   2]+0.300*[#   3]+0.300*[#   4]+0.084*[#   1]
    |psi|^2 = 0.983
==== e(   3) =     8.56639 eV ==== 
     psi = 0.596*[#   1]+0.103*[#   2]+0.103*[#   3]+0.103*[#   4]
    |psi|^2 = 0.904
==== e(   4) =    14.77716 eV ==== 
     psi = 0.271*[#   2]+0.271*[#   3]+0.271*[#   4]+0.040*[#   1]
    |psi|^2 = 0.854
==== e(   5) =    17.58321 eV ==== 
     psi = 0.050*[#   1]+0.037*[#   2]+0.037*[#   3]+0.037*[#   4]
    |psi|^2 = 0.160
==== e(   6) =    26.58893 eV ==== 
     psi = 0.005*[#   2]+0.005*[#   3]+0.005*[#   4]+0.002*[#   1]
    |psi|^2 = 0.017

 k =  -0.0000000000 -0.4242640687  0.4714045208
==== e(   1) =     3.91164 eV ==== 
     psi = 0.253*[#   1]+0.247*[#   2]+0.247*[#   3]+0.247*[#   4]
    |psi|^2 = 0.994
==== e(   2) =     7.27171 eV ==== 
     psi = 0.328*[#   2]+0.328*[#   3]+0.328*[#   4]
    |psi|^2 = 0.983
==== e(   3) =     8.76406 eV ==== 
     psi = 0.653*[#   1]+0.083*[#   2]+0.083*[#   3]+0.083*[#   4]
    |psi|^2 = 0.902
==== e(   4) =    15.13981 eV ==== 
     psi = 0.268*[#   2]+0.268*[#   3]+0.268*[#   4]+0.039*[#   1]
    |psi|^2 = 0.842
==== e(   5) =    17.97400 eV ==== 
     psi = 0.048*[#   1]+0.036*[#   2]+0.036*[#   3]+0.036*[#   4]
    |psi|^2 = 0.156
==== e(   6) =    26.95583 eV ==== 
     psi = 0.001*[#   2]+0.001*[#   3]+0.001*[#   4]
    |psi|^2 = 0.004

 k =   0.5185449729  0.0471404521 -0.0000000000
==== e(   1) =     1.62904 eV ==== 
     psi = 0.295*[#   1]+0.233*[#   2]+0.233*[#   3]+0.233*[#   4]
    |psi|^2 = 0.995
==== e(   2) =    10.92043 eV ==== 
     psi = 0.441*[#   1]+0.086*[#   2]+0.086*[#   3]+0.086*[#   4]
    |psi|^2 = 0.700
==== e(   3) =    12.88031 eV ==== 
     psi = 0.192*[#   2]+0.192*[#   3]+0.192*[#   4]
    |psi|^2 = 0.577
==== e(   4) =    13.81332 eV ==== 
     psi = 0.300*[#   2]+0.300*[#   3]+0.300*[#   4]+0.065*[#   1]
    |psi|^2 = 0.965
==== e(   5) =    15.12791 eV ==== 
     psi = 0.133*[#   2]+0.133*[#   3]+0.133*[#   4]
    |psi|^2 = 0.398
==== e(   6) =    17.94991 eV ==== 
     psi = 0.191*[#   1]+0.035*[#   2]+0.035*[#   3]+0.035*[#   4]
    |psi|^2 = 0.296

 k =   0.5421151989  0.0707106781 -0.0235702260
==== e(   1) =     2.12210 eV ==== 
     psi = 0.292*[#   1]+0.234*[#   2]+0.234*[#   3]+0.234*[#   4]
    |psi|^2 = 0.994
==== e(   2) =    10.27700 eV ==== 
     psi = 0.437*[#   1]+0.104*[#   2]+0.104*[#   3]+0.104*[#   4]
    |psi|^2 = 0.749
==== e(   3) =    12.03444 eV ==== 
     psi = 0.226*[#   2]+0.226*[#   3]+0.226*[#   4]+0.036*[#   1]
    |psi|^2 = 0.713
==== e(   4) =    13.57363 eV ==== 
     psi = 0.284*[#   2]+0.284*[#   3]+0.284*[#   4]+0.080*[#   1]
    |psi|^2 = 0.931
==== e(   5) =    15.52596 eV ==== 
     psi = 0.096*[#   2]+0.096*[#   3]+0.096*[#   4]+0.017*[#   1]
    |psi|^2 = 0.305
==== e(   6) =    18.30027 eV ==== 
     psi = 0.131*[#   1]+0.040*[#   2]+0.040*[#   3]+0.040*[#   4]
    |psi|^2 = 0.252

 k =   0.5656854249  0.0942809042 -0.0471404521
==== e(   1) =     2.66958 eV ==== 
     psi = 0.285*[#   1]+0.236*[#   2]+0.236*[#   3]+0.236*[#   4]
    |psi|^2 = 0.992
==== e(   2) =     9.68560 eV ==== 
     psi = 0.411*[#   1]+0.128*[#   2]+0.128*[#   3]+0.128*[#   4]
    |psi|^2 = 0.796
==== e(   3) =    11.04650 eV ==== 
     psi = 0.238*[#   2]+0.238*[#   3]+0.238*[#   4]+0.107*[#   1]
    |psi|^2 = 0.820
==== e(   4) =    13.50361 eV ==== 
     psi = 0.278*[#   2]+0.278*[#   3]+0.278*[#   4]+0.072*[#   1]
    |psi|^2 = 0.906
==== e(   5) =    15.79668 eV ==== 
     psi = 0.068*[#   2]+0.068*[#   3]+0.068*[#   4]+0.041*[#   1]
    |psi|^2 = 0.244
==== e(   6) =    18.95833 eV ==== 
     psi = 0.077*[#   1]+0.039*[#   2]+0.039*[#   3]+0.039*[#   4]
    |psi|^2 = 0.194

 k =  -0.1178511302 -0.5892556510  0.6363961031
==== e(   1) =     3.26937 eV ==== 
     psi = 0.273*[#   1]+0.239*[#   2]+0.239*[#   3]+0.239*[#   4]
    |psi|^2 = 0.991
==== e(   2) =     9.14184 eV ==== 
     psi = 0.349*[#   1]+0.163*[#   2]+0.163*[#   3]+0.163*[#   4]
    |psi|^2 = 0.839
==== e(   3) =    10.05496 eV ==== 
     psi = 0.224*[#   2]+0.224*[#   3]+0.224*[#   4]+0.212*[#   1]
    |psi|^2 = 0.884
==== e(   4) =    13.51429 eV ==== 
     psi = 0.277*[#   2]+0.277*[#   3]+0.277*[#   4]+0.064*[#   1]
    |psi|^2 = 0.894
==== e(   5) =    15.99014 eV ==== 
     psi = 0.053*[#   1]+0.053*[#   2]+0.053*[#   3]+0.053*[#   4]
    |psi|^2 = 0.212
==== e(   6) =    19.83043 eV ==== 
     psi = 0.044*[#   1]+0.031*[#   2]+0.031*[#   3]+0.031*[#   4]
    |psi|^2 = 0.136

 k =  -0.0942809042 -0.5656854249  0.6128258770
==== e(   1) =     3.91791 eV ==== 
     psi = 0.252*[#   1]+0.246*[#   2]+0.246*[#   3]+0.246*[#   4]
    |psi|^2 = 0.989
==== e(   2) =     8.61453 eV ==== 
     psi = 0.235*[#   2]+0.235*[#   3]+0.235*[#   4]+0.180*[#   1]
    |psi|^2 = 0.887
==== e(   3) =     9.13016 eV ==== 
     psi = 0.426*[#   1]+0.161*[#   2]+0.161*[#   3]+0.161*[#   4]
    |psi|^2 = 0.909
==== e(   4) =    13.58700 eV ==== 
     psi = 0.277*[#   2]+0.277*[#   3]+0.277*[#   4]+0.056*[#   1]
    |psi|^2 = 0.887
==== e(   5) =    16.16825 eV ==== 
     psi = 0.056*[#   1]+0.046*[#   2]+0.046*[#   3]+0.046*[#   4]
    |psi|^2 = 0.193
==== e(   6) =    20.83577 eV ==== 
     psi = 0.025*[#   1]+0.022*[#   2]+0.022*[#   3]+0.022*[#   4]
    |psi|^2 = 0.091

 k =  -0.0707106781 -0.5421151989  0.5892556510
==== e(   1) =     4.60807 eV ==== 
     psi = 0.258*[#   2]+0.258*[#   3]+0.258*[#   4]+0.214*[#   1]
    |psi|^2 = 0.987
==== e(   2) =     7.93592 eV ==== 
     psi = 0.316*[#   2]+0.316*[#   3]+0.316*[#   4]+0.002*[#   1]
    |psi|^2 = 0.950
==== e(   3) =     8.46062 eV ==== 
     psi = 0.658*[#   1]+0.078*[#   2]+0.078*[#   3]+0.078*[#   4]
    |psi|^2 = 0.892
==== e(   4) =    13.71660 eV ==== 
     psi = 0.277*[#   2]+0.277*[#   3]+0.277*[#   4]+0.051*[#   1]
    |psi|^2 = 0.882
==== e(   5) =    16.36604 eV ==== 
     psi = 0.056*[#   1]+0.042*[#   2]+0.042*[#   3]+0.042*[#   4]
    |psi|^2 = 0.181
==== e(   6) =    21.92695 eV ==== 
     psi = 0.015*[#   1]+0.015*[#   2]+0.015*[#   3]+0.015*[#   4]
    |psi|^2 = 0.060

 k =  -0.0471404521 -0.5185449729  0.5656854249
==== e(   1) =     5.32238 eV ==== 
     psi = 0.279*[#   2]+0.279*[#   3]+0.279*[#   4]+0.150*[#   1]
    |psi|^2 = 0.986
==== e(   2) =     7.08982 eV ==== 
     psi = 0.297*[#   2]+0.297*[#   3]+0.297*[#   4]+0.085*[#   1]
    |psi|^2 = 0.974
==== e(   3) =     8.08671 eV ==== 
     psi = 0.651*[#   1]+0.082*[#   2]+0.082*[#   3]+0.082*[#   4]
    |psi|^2 = 0.897
==== e(   4) =    13.90119 eV ==== 
     psi = 0.277*[#   2]+0.277*[#   3]+0.277*[#   4]+0.046*[#   1]
    |psi|^2 = 0.876
==== e(   5) =    16.60042 eV ==== 
     psi = 0.054*[#   1]+0.040*[#   2]+0.040*[#   3]+0.040*[#   4]
    |psi|^2 = 0.172
==== e(   6) =    23.07586 eV ==== 
     psi = 0.010*[#   2]+0.010*[#   3]+0.010*[#   4]+0.010*[#   1]
    |psi|^2 = 0.040

 k =  -0.0235702260 -0.4949747468  0.5421151989
==== e(   1) =     5.99331 eV ==== 
     psi = 0.323*[#   2]+0.323*[#   3]+0.323*[#   4]+0.019*[#   1]
    |psi|^2 = 0.988
==== e(   2) =     6.26131 eV ==== 
     psi = 0.266*[#   2]+0.266*[#   3]+0.266*[#   4]+0.185*[#   1]
    |psi|^2 = 0.984
==== e(   3) =     7.89465 eV ==== 
     psi = 0.689*[#   1]+0.071*[#   2]+0.071*[#   3]+0.071*[#   4]
    |psi|^2 = 0.901
==== e(   4) =    14.13983 eV ==== 
     psi = 0.276*[#   2]+0.276*[#   3]+0.276*[#   4]+0.043*[#   1]
    |psi|^2 = 0.871
==== e(   5) =    16.87939 eV ==== 
     psi = 0.052*[#   1]+0.038*[#   2]+0.038*[#   3]+0.038*[#   4]
    |psi|^2 = 0.166
==== e(   6) =    24.26081 eV ==== 
     psi = 0.007*[#   2]+0.007*[#   3]+0.007*[#   4]+0.007*[#   1]
    |psi|^2 = 0.028

 k =  -0.0000000000 -0.4714045208  0.5185449729
==== e(   1) =     5.42334 eV ==== 
     psi = 0.269*[#   2]+0.269*[#   3]+0.269*[#   4]+0.181*[#   1]
    |psi|^2 = 0.989
==== e(   2) =     6.53056 eV ==== 
     psi = 0.330*[#   2]+0.330*[#   3]+0.330*[#   4]
    |psi|^2 = 0.990
==== e(   3) =     8.00400 eV ==== 
     psi = 0.718*[#   1]+0.061*[#   2]+0.061*[#   3]+0.061*[#   4]
    |psi|^2 = 0.900
==== e(   4) =    14.43197 eV ==== 
     psi = 0.274*[#   2]+0.274*[#   3]+0.274*[#   4]+0.041*[#   1]
    |psi|^2 = 0.863
==== e(   5) =    17.20656 eV ==== 
     psi = 0.051*[#   1]+0.037*[#   2]+0.037*[#   3]+0.037*[#   4]
    |psi|^2 = 0.162
==== e(   6) =    25.45610 eV ==== 
     psi = 0.005*[#   2]+0.005*[#   3]+0.005*[#   4]+0.004*[#   1]
    |psi|^2 = 0.019

 k =   0.5656854249  0.0471404521  0.0000000000
==== e(   1) =     2.51494 eV ==== 
     psi = 0.290*[#   1]+0.234*[#   2]+0.234*[#   3]+0.234*[#   4]
    |psi|^2 = 0.992
==== e(   2) =     9.54891 eV ==== 
     psi = 0.492*[#   1]+0.094*[#   2]+0.094*[#   3]+0.094*[#   4]
    |psi|^2 = 0.773
==== e(   3) =    12.61883 eV ==== 
     psi = 0.191*[#   2]+0.191*[#   3]+0.191*[#   4]
    |psi|^2 = 0.573
==== e(   4) =    13.56907 eV ==== 
     psi = 0.305*[#   2]+0.305*[#   3]+0.305*[#   4]+0.054*[#   1]
    |psi|^2 = 0.969
==== e(   5) =    14.87232 eV ==== 
     psi = 0.137*[#   2]+0.137*[#   3]+0.137*[#   4]
    |psi|^2 = 0.410
==== e(   6) =    17.70215 eV ==== 
     psi = 0.157*[#   1]+0.026*[#   2]+0.026*[#   3]+0.026*[#   4]
    |psi|^2 = 0.236

 k =   0.5892556510  0.0707106781 -0.0235702260
==== e(   1) =     3.03860 eV ==== 
     psi = 0.282*[#   1]+0.236*[#   2]+0.236*[#   3]+0.236*[#   4]
    |psi|^2 = 0.990
==== e(   2) =     8.94625 eV ==== 
     psi = 0.493*[#   1]+0.106*[#   2]+0.106*[#   3]+0.106*[#   4]
    |psi|^2 = 0.812
==== e(   3) =    11.80959 eV ==== 
     psi = 0.228*[#   2]+0.228*[#   3]+0.228*[#   4]+0.029*[#   1]
    |psi|^2 = 0.712
==== e(   4) =    13.36160 eV ==== 
     psi = 0.287*[#   2]+0.287*[#   3]+0.287*[#   4]+0.069*[#   1]
    |psi|^2 = 0.931
==== e(   5) =    15.30516 eV ==== 
     psi = 0.098*[#   2]+0.098*[#   3]+0.098*[#   4]+0.014*[#   1]
    |psi|^2 = 0.309
==== e(   6) =    18.09021 eV ==== 
     psi = 0.108*[#   1]+0.032*[#   2]+0.032*[#   3]+0.032*[#   4]
    |psi|^2 = 0.205

 k =  -0.0942809042 -0.6128258770  0.6599663291
==== e(   1) =     3.61216 eV ==== 
     psi = 0.264*[#   1]+0.242*[#   2]+0.242*[#   3]+0.242*[#   4]
    |psi|^2 = 0.988
==== e(   2) =     8.40323 eV ==== 
     psi = 0.485*[#   1]+0.121*[#   2]+0.121*[#   3]+0.121*[#   4]
    |psi|^2 = 0.848
==== e(   3) =    10.85357 eV ==== 
     psi = 0.246*[#   2]+0.246*[#   3]+0.246*[#   4]+0.083*[#   1]
    |psi|^2 = 0.822
==== e(   4) =    13.32612 eV ==== 
     psi = 0.280*[#   2]+0.280*[#   3]+0.280*[#   4]+0.064*[#   1]
    |psi|^2 = 0.904
==== e(   5) =    15.61112 eV ==== 
     psi = 0.068*[#   2]+0.068*[#   3]+0.068*[#   4]+0.035*[#   1]
    |psi|^2 = 0.241
==== e(   6) =    18.78602 eV ==== 
     psi = 0.064*[#   1]+0.032*[#   2]+0.032*[#   3]+0.032*[#   4]
    |psi|^2 = 0.162

 k =  -0.0707106781 -0.5892556510  0.6363961031
==== e(   1) =     4.22911 eV ==== 
     psi = 0.252*[#   2]+0.252*[#   3]+0.252*[#   4]+0.231*[#   1]
    |psi|^2 = 0.987
==== e(   2) =     7.92509 eV ==== 
     psi = 0.474*[#   1]+0.134*[#   2]+0.134*[#   3]+0.134*[#   4]
    |psi|^2 = 0.876
==== e(   3) =     9.88530 eV ==== 
     psi = 0.247*[#   2]+0.247*[#   3]+0.247*[#   4]+0.149*[#   1]
    |psi|^2 = 0.890
==== e(   4) =    13.37212 eV ==== 
     psi = 0.278*[#   2]+0.278*[#   3]+0.278*[#   4]+0.058*[#   1]
    |psi|^2 = 0.892
==== e(   5) =    15.84107 eV ==== 
     psi = 0.052*[#   2]+0.052*[#   3]+0.052*[#   4]+0.047*[#   1]
    |psi|^2 = 0.205
==== e(   6) =    19.69487 eV ==== 
     psi = 0.037*[#   1]+0.026*[#   2]+0.026*[#   3]+0.026*[#   4]
    |psi|^2 = 0.116

 k =  -0.0471404521 -0.5656854249  0.6128258770
==== e(   1) =     4.87362 eV ==== 
     psi = 0.271*[#   2]+0.271*[#   3]+0.271*[#   4]+0.173*[#   1]
    |psi|^2 = 0.987
==== e(   2) =     7.52321 eV ==== 
     psi = 0.458*[#   1]+0.146*[#   2]+0.146*[#   3]+0.146*[#   4]
    |psi|^2 = 0.897
==== e(   3) =     8.94534 eV ==== 
     psi = 0.238*[#   1]+0.230*[#   2]+0.230*[#   3]+0.230*[#   4]
    |psi|^2 = 0.929
==== e(   4) =    13.48038 eV ==== 
     psi = 0.278*[#   2]+0.278*[#   3]+0.278*[#   4]+0.052*[#   1]
    |psi|^2 = 0.886
==== e(   5) =    16.05640 eV ==== 
     psi = 0.051*[#   1]+0.045*[#   2]+0.045*[#   3]+0.045*[#   4]
    |psi|^2 = 0.185
==== e(   6) =    20.73606 eV ==== 
     psi = 0.023*[#   1]+0.019*[#   2]+0.019*[#   3]+0.019*[#   4]
    |psi|^2 = 0.080

 k =  -0.0235702260 -0.5421151989  0.5892556510
==== e(   1) =     5.49701 eV ==== 
     psi = 0.304*[#   2]+0.304*[#   3]+0.304*[#   4]+0.078*[#   1]
    |psi|^2 = 0.990
==== e(   2) =     7.22415 eV ==== 
     psi = 0.386*[#   1]+0.176*[#   2]+0.176*[#   3]+0.176*[#   4]
    |psi|^2 = 0.913
==== e(   3) =     8.06957 eV ==== 
     psi = 0.418*[#   1]+0.176*[#   2]+0.176*[#   3]+0.176*[#   4]
    |psi|^2 = 0.945
==== e(   4) =    13.64557 eV ==== 
     psi = 0.277*[#   2]+0.277*[#   3]+0.277*[#   4]+0.048*[#   1]
    |psi|^2 = 0.881
==== e(   5) =    16.29167 eV ==== 
     psi = 0.052*[#   1]+0.041*[#   2]+0.041*[#   3]+0.041*[#   4]
    |psi|^2 = 0.175
==== e(   6) =    21.86221 eV ==== 
     psi = 0.014*[#   1]+0.013*[#   2]+0.013*[#   3]+0.013*[#   4]
    |psi|^2 = 0.055

 k =   0.0000000000 -0.5185449729  0.5656854249
==== e(   1) =     5.93824 eV ==== 
     psi = 0.331*[#   2]+0.331*[#   3]+0.331*[#   4]
    |psi|^2 = 0.994
==== e(   2) =     6.93036 eV ==== 
     psi = 0.320*[#   2]+0.320*[#   3]+0.320*[#   4]+0.005*[#   1]
    |psi|^2 = 0.964
==== e(   3) =     7.52327 eV ==== 
     psi = 0.884*[#   1]+0.008*[#   2]+0.008*[#   3]+0.008*[#   4]
    |psi|^2 = 0.908
==== e(   4) =    13.86571 eV ==== 
     psi = 0.277*[#   2]+0.277*[#   3]+0.277*[#   4]+0.045*[#   1]
    |psi|^2 = 0.876
==== e(   5) =    16.56344 eV ==== 
     psi = 0.052*[#   1]+0.039*[#   2]+0.039*[#   3]+0.039*[#   4]
    |psi|^2 = 0.169
==== e(   6) =    23.04482 eV ==== 
     psi = 0.010*[#   1]+0.009*[#   2]+0.009*[#   3]+0.009*[#   4]
    |psi|^2 = 0.038

 k =   0.6128258770  0.0471404521  0.0000000000
==== e(   1) =     3.45899 eV ==== 
     psi = 0.272*[#   1]+0.239*[#   2]+0.239*[#   3]+0.239*[#   4]
    |psi|^2 = 0.988
==== e(   2) =     8.25718 eV ==== 
     psi = 0.545*[#   1]+0.095*[#   2]+0.095*[#   3]+0.095*[#   4]
    |psi|^2 = 0.831
==== e(   3) =    12.43178 eV ==== 
     psi = 0.190*[#   2]+0.190*[#   3]+0.190*[#   4]
    |psi|^2 = 0.570
==== e(   4) =    13.39481 eV ==== 
     psi = 0.308*[#   2]+0.308*[#   3]+0.308*[#   4]+0.048*[#   1]
    |psi|^2 = 0.971
==== e(   5) =    14.68979 eV ==== 
     psi = 0.140*[#   2]+0.140*[#   3]+0.140*[#   4]
    |psi|^2 = 0.419
==== e(   6) =    17.52293 eV ==== 
     psi = 0.131*[#   1]+0.020*[#   2]+0.020*[#   3]+0.020*[#   4]
    |psi|^2 = 0.190

 k =  -0.0707106781 -0.6363961031  0.6835365551
==== e(   1) =     4.00097 eV ==== 
     psi = 0.248*[#   2]+0.248*[#   3]+0.248*[#   4]+0.243*[#   1]
    |psi|^2 = 0.986
==== e(   2) =     7.70660 eV ==== 
     psi = 0.561*[#   1]+0.099*[#   2]+0.099*[#   3]+0.099*[#   4]
    |psi|^2 = 0.858
==== e(   3) =    11.66006 eV ==== 
     psi = 0.229*[#   2]+0.229*[#   3]+0.229*[#   4]+0.025*[#   1]
    |psi|^2 = 0.712
==== e(   4) =    13.22037 eV ==== 
     psi = 0.290*[#   2]+0.290*[#   3]+0.290*[#   4]+0.062*[#   1]
    |psi|^2 = 0.931
==== e(   5) =    15.15785 eV ==== 
     psi = 0.100*[#   2]+0.100*[#   3]+0.100*[#   4]+0.013*[#   1]
    |psi|^2 = 0.312
==== e(   6) =    17.94881 eV ==== 
     psi = 0.092*[#   1]+0.027*[#   2]+0.027*[#   3]+0.027*[#   4]
    |psi|^2 = 0.172

 k =  -0.0471404521 -0.6128258770  0.6599663291
==== e(   1) =     4.57230 eV ==== 
     psi = 0.266*[#   2]+0.266*[#   3]+0.266*[#   4]+0.188*[#   1]
    |psi|^2 = 0.986
==== e(   2) =     7.23687 eV ==== 
     psi = 0.587*[#   1]+0.097*[#   2]+0.097*[#   3]+0.097*[#   4]
    |psi|^2 = 0.880
==== e(   3) =    10.73974 eV ==== 
     psi = 0.250*[#   2]+0.250*[#   3]+0.250*[#   4]+0.073*[#   1]
    |psi|^2 = 0.823
==== e(   4) =    13.21966 eV ==== 
     psi = 0.282*[#   2]+0.282*[#   3]+0.282*[#   4]+0.059*[#   1]
    |psi|^2 = 0.903
==== e(   5) =    15.49961 eV ==== 
     psi = 0.069*[#   2]+0.069*[#   3]+0.069*[#   4]+0.032*[#   1]
    |psi|^2 = 0.239
==== e(   6) =    18.68190 eV ==== 
     psi = 0.057*[#   1]+0.028*[#   2]+0.028*[#   3]+0.028*[#   4]
    |psi|^2 = 0.142

 k =  -0.0235702260 -0.5892556510  0.6363961031
==== e(   1) =     5.12490 eV ==== 
     psi = 0.301*[#   2]+0.301*[#   3]+0.301*[#   4]+0.088*[#   1]
    |psi|^2 = 0.991
==== e(   2) =     6.89492 eV ==== 
     psi = 0.642*[#   1]+0.083*[#   2]+0.083*[#   3]+0.083*[#   4]
    |psi|^2 = 0.890
==== e(   3) =     9.80612 eV ==== 
     psi = 0.253*[#   2]+0.253*[#   3]+0.253*[#   4]+0.133*[#   1]
    |psi|^2 = 0.891
==== e(   4) =    13.30105 eV ==== 
     psi = 0.279*[#   2]+0.279*[#   3]+0.279*[#   4]+0.055*[#   1]
    |psi|^2 = 0.891
==== e(   5) =    15.76640 eV ==== 
     psi = 0.052*[#   2]+0.052*[#   3]+0.052*[#   4]+0.044*[#   1]
    |psi|^2 = 0.201
==== e(   6) =    19.62676 eV ==== 
     psi = 0.034*[#   1]+0.024*[#   2]+0.024*[#   3]+0.024*[#   4]
    |psi|^2 = 0.106

 k =  -0.0000000000 -0.5656854249  0.6128258770
==== e(   1) =     5.49438 eV ==== 
     psi = 0.332*[#   2]+0.332*[#   3]+0.332*[#   4]
    |psi|^2 = 0.997
==== e(   2) =     6.84086 eV ==== 
     psi = 0.659*[#   1]+0.078*[#   2]+0.078*[#   3]+0.078*[#   4]
    |psi|^2 = 0.895
==== e(   3) =     8.90004 eV ==== 
     psi = 0.239*[#   2]+0.239*[#   3]+0.239*[#   4]+0.214*[#   1]
    |psi|^2 = 0.931
==== e(   4) =    13.44483 eV ==== 
     psi = 0.278*[#   2]+0.278*[#   3]+0.278*[#   4]+0.051*[#   1]
    |psi|^2 = 0.885
==== e(   5) =    16.01906 eV ==== 
     psi = 0.050*[#   1]+0.044*[#   2]+0.044*[#   3]+0.044*[#   4]
    |psi|^2 = 0.183
==== e(   6) =    20.70271 eV ==== 
     psi = 0.022*[#   1]+0.018*[#   2]+0.018*[#   3]+0.018*[#   4]
    |psi|^2 = 0.076

 k =  -0.0471404521 -0.6599663291  0.7071067812
==== e(   1) =     4.42134 eV ==== 
     psi = 0.263*[#   2]+0.263*[#   3]+0.263*[#   4]+0.197*[#   1]
    |psi|^2 = 0.985
==== e(   2) =     7.08597 eV ==== 
     psi = 0.640*[#   1]+0.075*[#   2]+0.075*[#   3]+0.075*[#   4]
    |psi|^2 = 0.867
==== e(   3) =    12.31945 eV ==== 
     psi = 0.189*[#   2]+0.189*[#   3]+0.189*[#   4]
    |psi|^2 = 0.567
==== e(   4) =    13.29030 eV ==== 
     psi = 0.309*[#   2]+0.309*[#   3]+0.309*[#   4]+0.044*[#   1]
    |psi|^2 = 0.972
==== e(   5) =    14.58030 eV ==== 
     psi = 0.141*[#   2]+0.141*[#   3]+0.141*[#   4]
    |psi|^2 = 0.424
==== e(   6) =    17.41452 eV ==== 
     psi = 0.116*[#   1]+0.015*[#   2]+0.015*[#   3]+0.015*[#   4]
    |psi|^2 = 0.161

 k =  -0.0235702260 -0.6363961031  0.6835365551
==== e(   1) =     4.90118 eV ==== 
     psi = 0.298*[#   2]+0.298*[#   3]+0.298*[#   4]+0.096*[#   1]
    |psi|^2 = 0.991
==== e(   2) =     6.66752 eV ==== 
     psi = 0.723*[#   1]+0.051*[#   2]+0.051*[#   3]+0.051*[#   4]
    |psi|^2 = 0.875
==== e(   3) =    11.58534 eV ==== 
     psi = 0.229*[#   2]+0.229*[#   3]+0.229*[#   4]+0.024*[#   1]
    |psi|^2 = 0.711
==== e(   4) =    13.14977 eV ==== 
     psi = 0.291*[#   2]+0.291*[#   3]+0.291*[#   4]+0.058*[#   1]
    |psi|^2 = 0.930
==== e(   5) =    15.08417 eV ==== 
     psi = 0.101*[#   2]+0.101*[#   3]+0.101*[#   4]+0.012*[#   1]
    |psi|^2 = 0.314
==== e(   6) =    17.87772 eV ==== 
     psi = 0.084*[#   1]+0.024*[#   2]+0.024*[#   3]+0.024*[#   4]
    |psi|^2 = 0.155

 k =   0.0000000000 -0.6128258770  0.6599663291
==== e(   1) =     5.19867 eV ==== 
     psi = 0.333*[#   2]+0.333*[#   3]+0.333*[#   4]
    |psi|^2 = 0.998
==== e(   2) =     6.54154 eV ==== 
     psi = 0.784*[#   1]+0.031*[#   2]+0.031*[#   3]+0.031*[#   4]
    |psi|^2 = 0.878
==== e(   3) =    10.70195 eV ==== 
     psi = 0.251*[#   2]+0.251*[#   3]+0.251*[#   4]+0.071*[#   1]
    |psi|^2 = 0.823
==== e(   4) =    13.18418 eV ==== 
     psi = 0.282*[#   2]+0.282*[#   3]+0.282*[#   4]+0.057*[#   1]
    |psi|^2 = 0.903
==== e(   5) =    15.46242 eV ==== 
     psi = 0.069*[#   2]+0.069*[#   3]+0.069*[#   4]+0.031*[#   1]
    |psi|^2 = 0.238
==== e(   6) =    18.64708 eV ==== 
     psi = 0.054*[#   1]+0.027*[#   2]+0.027*[#   3]+0.027*[#   4]
    |psi|^2 = 0.135

 k =  -0.7071067812  0.0471404521  0.0000000000
==== e(   1) =     5.05088 eV ==== 
     psi = 0.333*[#   2]+0.333*[#   3]+0.333*[#   4]
    |psi|^2 = 0.999
==== e(   2) =     6.38678 eV ==== 
     psi = 0.844*[#   1]+0.007*[#   2]+0.007*[#   3]+0.007*[#   4]
    |psi|^2 = 0.865
==== e(   3) =    12.28198 eV ==== 
     psi = 0.189*[#   2]+0.189*[#   3]+0.189*[#   4]
    |psi|^2 = 0.567
==== e(   4) =    13.25546 eV ==== 
     psi = 0.310*[#   2]+0.310*[#   3]+0.310*[#   4]+0.042*[#   1]
    |psi|^2 = 0.972
==== e(   5) =    14.54380 eV ==== 
     psi = 0.142*[#   2]+0.142*[#   3]+0.142*[#   4]
    |psi|^2 = 0.426
==== e(   6) =    17.37824 eV ==== 
     psi = 0.110*[#   1]+0.014*[#   2]+0.014*[#   3]+0.014*[#   4]
    |psi|^2 = 0.151

 k =   0.1885618083  0.0942809042 -0.0000000000
==== e(   1) =    -2.39852 eV ==== 
     psi = 0.525*[#   1]+0.157*[#   2]+0.157*[#   3]+0.157*[#   4]
    |psi|^2 = 0.997
==== e(   2) =    15.75163 eV ==== 
     psi = 0.205*[#   2]+0.205*[#   3]+0.205*[#   4]
    |psi|^2 = 0.616
==== e(   3) =    16.76494 eV ==== 
     psi = 0.259*[#   1]+0.171*[#   2]+0.171*[#   3]+0.171*[#   4]
    |psi|^2 = 0.772
==== e(   4) =    20.02510 eV ==== 
     psi = 0.042*[#   2]+0.042*[#   3]+0.042*[#   4]
    |psi|^2 = 0.127
==== e(   5) =    21.64473 eV ==== 
     psi = 0.252*[#   2]+0.252*[#   3]+0.252*[#   4]+0.165*[#   1]
    |psi|^2 = 0.922
==== e(   6) =    22.38977 eV ==== 
     psi = 0.001*[#   2]+0.001*[#   3]+0.001*[#   4]
    |psi|^2 = 0.005

 k =   0.2121320344  0.1178511302 -0.0235702260
==== e(   1) =    -2.12810 eV ==== 
     psi = 0.469*[#   1]+0.176*[#   2]+0.176*[#   3]+0.176*[#   4]
    |psi|^2 = 0.997
==== e(   2) =    14.69366 eV ==== 
     psi = 0.211*[#   2]+0.211*[#   3]+0.211*[#   4]+0.077*[#   1]
    |psi|^2 = 0.709
==== e(   3) =    16.24477 eV ==== 
     psi = 0.254*[#   1]+0.176*[#   2]+0.176*[#   3]+0.176*[#   4]
    |psi|^2 = 0.781
==== e(   4) =    20.14929 eV ==== 
     psi = 0.051*[#   2]+0.051*[#   3]+0.051*[#   4]+0.015*[#   1]
    |psi|^2 = 0.167
==== e(   5) =    21.31685 eV ==== 
     psi = 0.147*[#   2]+0.147*[#   3]+0.147*[#   4]+0.102*[#   1]
    |psi|^2 = 0.545
==== e(   6) =    22.25084 eV ==== 
     psi = 0.100*[#   2]+0.100*[#   3]+0.100*[#   4]+0.031*[#   1]
    |psi|^2 = 0.332

 k =   0.2357022604  0.1414213562 -0.0471404521
==== e(   1) =    -1.79827 eV ==== 
     psi = 0.423*[#   1]+0.192*[#   2]+0.192*[#   3]+0.192*[#   4]
    |psi|^2 = 0.997
==== e(   2) =    13.47859 eV ==== 
     psi = 0.202*[#   2]+0.202*[#   3]+0.202*[#   4]+0.182*[#   1]
    |psi|^2 = 0.789
==== e(   3) =    15.94050 eV ==== 
     psi = 0.210*[#   1]+0.192*[#   2]+0.192*[#   3]+0.192*[#   4]
    |psi|^2 = 0.785
==== e(   4) =    20.12090 eV ==== 
     psi = 0.078*[#   2]+0.078*[#   3]+0.078*[#   4]+0.035*[#   1]
    |psi|^2 = 0.271
==== e(   5) =    20.64222 eV ==== 
     psi = 0.104*[#   2]+0.104*[#   3]+0.104*[#   4]+0.072*[#   1]
    |psi|^2 = 0.384
==== e(   6) =    22.75019 eV ==== 
     psi = 0.121*[#   2]+0.121*[#   3]+0.121*[#   4]+0.027*[#   1]
    |psi|^2 = 0.388

 k =   0.2592724864  0.1649915823 -0.0707106781
==== e(   1) =    -1.40943 eV ==== 
     psi = 0.388*[#   1]+0.203*[#   2]+0.203*[#   3]+0.203*[#   4]
    |psi|^2 = 0.997
==== e(   2) =    12.24734 eV ==== 
     psi = 0.269*[#   1]+0.193*[#   2]+0.193*[#   3]+0.193*[#   4]
    |psi|^2 = 0.847
==== e(   3) =    15.73025 eV ==== 
     psi = 0.205*[#   2]+0.205*[#   3]+0.205*[#   4]+0.175*[#   1]
    |psi|^2 = 0.791
==== e(   4) =    19.94820 eV ==== 
     psi = 0.157*[#   2]+0.157*[#   3]+0.157*[#   4]+0.097*[#   1]
    |psi|^2 = 0.569
==== e(   5) =    20.05413 eV ==== 
     psi = 0.047*[#   2]+0.047*[#   3]+0.047*[#   4]+0.011*[#   1]
    |psi|^2 = 0.151
==== e(   6) =    23.40840 eV ==== 
     psi = 0.109*[#   2]+0.109*[#   3]+0.109*[#   4]+0.010*[#   1]
    |psi|^2 = 0.336

 k =   0.2828427125  0.1885618083 -0.0942809042
==== e(   1) =    -0.96207 eV ==== 
     psi = 0.363*[#   1]+0.211*[#   2]+0.211*[#   3]+0.211*[#   4]
    |psi|^2 = 0.997
==== e(   2) =    11.03713 eV ==== 
     psi = 0.337*[#   1]+0.184*[#   2]+0.184*[#   3]+0.184*[#   4]
    |psi|^2 = 0.888
==== e(   3) =    15.58630 eV ==== 
     psi = 0.216*[#   2]+0.216*[#   3]+0.216*[#   4]+0.147*[#   1]
    |psi|^2 = 0.794
==== e(   4) =    19.30859 eV ==== 
     psi = 0.133*[#   2]+0.133*[#   3]+0.133*[#   4]+0.076*[#   1]
    |psi|^2 = 0.477
==== e(   5) =    19.97624 eV ==== 
     psi = 0.093*[#   2]+0.093*[#   3]+0.093*[#   4]+0.030*[#   1]
    |psi|^2 = 0.310
==== e(   6) =    23.64599 eV ==== 
     psi = 0.059*[#   2]+0.059*[#   3]+0.059*[#   4]+0.004*[#   1]
    |psi|^2 = 0.181

 k =   0.3064129385  0.2121320344 -0.1178511302
==== e(   1) =    -0.45672 eV ==== 
     psi = 0.347*[#   1]+0.217*[#   2]+0.217*[#   3]+0.217*[#   4]
    |psi|^2 = 0.997
==== e(   2) =     9.86135 eV ==== 
     psi = 0.391*[#   1]+0.176*[#   2]+0.176*[#   3]+0.176*[#   4]
    |psi|^2 = 0.919
==== e(   3) =    15.50089 eV ==== 
     psi = 0.223*[#   2]+0.223*[#   3]+0.223*[#   4]+0.124*[#   1]
    |psi|^2 = 0.793
==== e(   4) =    18.70757 eV ==== 
     psi = 0.144*[#   2]+0.144*[#   3]+0.144*[#   4]+0.075*[#   1]
    |psi|^2 = 0.508
==== e(   5) =    19.93532 eV ==== 
     psi = 0.103*[#   2]+0.103*[#   3]+0.103*[#   4]+0.028*[#   1]
    |psi|^2 = 0.336
==== e(   6) =    23.15376 eV ==== 
     psi = 0.042*[#   2]+0.042*[#   3]+0.042*[#   4]+0.010*[#   1]
    |psi|^2 = 0.135

 k =   0.3299831646  0.2357022604 -0.1414213562
==== e(   1) =     0.10600 eV ==== 
     psi = 0.340*[#   1]+0.219*[#   2]+0.219*[#   3]+0.219*[#   4]
    |psi|^2 = 0.997
==== e(   2) =     8.72648 eV ==== 
     psi = 0.430*[#   1]+0.171*[#   2]+0.171*[#   3]+0.171*[#   4]
    |psi|^2 = 0.941
==== e(   3) =    15.47116 eV ==== 
     psi = 0.227*[#   2]+0.227*[#   3]+0.227*[#   4]+0.104*[#   1]
    |psi|^2 = 0.786
==== e(   4) =    18.15504 eV ==== 
     psi = 0.159*[#   2]+0.159*[#   3]+0.159*[#   4]+0.074*[#   1]
    |psi|^2 = 0.550
==== e(   5) =    19.93507 eV ==== 
     psi = 0.106*[#   2]+0.106*[#   3]+0.106*[#   4]+0.024*[#   1]
    |psi|^2 = 0.341
==== e(   6) =    22.63692 eV ==== 
     psi = 0.042*[#   2]+0.042*[#   3]+0.042*[#   4]+0.011*[#   1]
    |psi|^2 = 0.136

 k =   0.3535533906  0.2592724864 -0.1649915823
==== e(   1) =     0.72539 eV ==== 
     psi = 0.339*[#   1]+0.219*[#   2]+0.219*[#   3]+0.219*[#   4]
    |psi|^2 = 0.996
==== e(   2) =     7.63636 eV ==== 
     psi = 0.456*[#   1]+0.167*[#   2]+0.167*[#   3]+0.167*[#   4]
    |psi|^2 = 0.958
==== e(   3) =    15.49572 eV ==== 
     psi = 0.228*[#   2]+0.228*[#   3]+0.228*[#   4]+0.088*[#   1]
    |psi|^2 = 0.773
==== e(   4) =    17.65322 eV ==== 
     psi = 0.173*[#   2]+0.173*[#   3]+0.173*[#   4]+0.075*[#   1]
    |psi|^2 = 0.595
==== e(   5) =    19.97995 eV ==== 
     psi = 0.105*[#   2]+0.105*[#   3]+0.105*[#   4]+0.020*[#   1]
    |psi|^2 = 0.336
==== e(   6) =    22.15458 eV ==== 
     psi = 0.044*[#   2]+0.044*[#   3]+0.044*[#   4]+0.012*[#   1]
    |psi|^2 = 0.143

 k =   0.3771236166  0.2828427125 -0.1885618083
==== e(   1) =     1.40063 eV ==== 
     psi = 0.344*[#   1]+0.217*[#   2]+0.217*[#   3]+0.217*[#   4]
    |psi|^2 = 0.996
==== e(   2) =     6.59365 eV ==== 
     psi = 0.470*[#   1]+0.167*[#   2]+0.167*[#   3]+0.167*[#   4]
    |psi|^2 = 0.970
==== e(   3) =    15.57344 eV ==== 
     psi = 0.226*[#   2]+0.226*[#   3]+0.226*[#   4]+0.073*[#   1]
    |psi|^2 = 0.752
==== e(   4) =    17.20377 eV ==== 
     psi = 0.188*[#   2]+0.188*[#   3]+0.188*[#   4]+0.076*[#   1]
    |psi|^2 = 0.641
==== e(   5) =    20.07194 eV ==== 
     psi = 0.104*[#   2]+0.104*[#   3]+0.104*[#   4]+0.016*[#   1]
    |psi|^2 = 0.327
==== e(   6) =    21.71653 eV ==== 
     psi = 0.046*[#   2]+0.046*[#   3]+0.046*[#   4]+0.012*[#   1]
    |psi|^2 = 0.151

 k =  -0.3064129385 -0.4006938427  0.4949747468
==== e(   1) =     2.13054 eV ==== 
     psi = 0.350*[#   1]+0.215*[#   2]+0.215*[#   3]+0.215*[#   4]
    |psi|^2 = 0.995
==== e(   2) =     5.60062 eV ==== 
     psi = 0.478*[#   1]+0.167*[#   2]+0.167*[#   3]+0.167*[#   4]
    |psi|^2 = 0.979
==== e(   3) =    15.70238 eV ==== 
     psi = 0.220*[#   2]+0.220*[#   3]+0.220*[#   4]+0.060*[#   1]
    |psi|^2 = 0.721
==== e(   4) =    16.80904 eV ==== 
     psi = 0.203*[#   2]+0.203*[#   3]+0.203*[#   4]+0.081*[#   1]
    |psi|^2 = 0.691
==== e(   5) =    20.21071 eV ==== 
     psi = 0.103*[#   2]+0.103*[#   3]+0.103*[#   4]+0.012*[#   1]
    |psi|^2 = 0.322
==== e(   6) =    21.32809 eV ==== 
     psi = 0.047*[#   2]+0.047*[#   3]+0.047*[#   4]+0.013*[#   1]
    |psi|^2 = 0.155

 k =  -0.2828427125 -0.3771236166  0.4714045208
==== e(   1) =     2.91224 eV ==== 
     psi = 0.341*[#   1]+0.218*[#   2]+0.218*[#   3]+0.218*[#   4]
    |psi|^2 = 0.994
==== e(   2) =     4.66081 eV ==== 
     psi = 0.495*[#   1]+0.163*[#   2]+0.163*[#   3]+0.163*[#   4]
    |psi|^2 = 0.984
==== e(   3) =    15.87501 eV ==== 
     psi = 0.208*[#   2]+0.208*[#   3]+0.208*[#   4]+0.040*[#   1]
    |psi|^2 = 0.664
==== e(   4) =    16.47682 eV ==== 
     psi = 0.222*[#   2]+0.222*[#   3]+0.222*[#   4]+0.095*[#   1]
    |psi|^2 = 0.760
==== e(   5) =    20.38940 eV ==== 
     psi = 0.110*[#   2]+0.110*[#   3]+0.110*[#   4]+0.007*[#   1]
    |psi|^2 = 0.336
==== e(   6) =    20.99873 eV ==== 
     psi = 0.041*[#   2]+0.041*[#   3]+0.041*[#   4]+0.016*[#   1]
    |psi|^2 = 0.139

 k =  -0.2592724864 -0.3535533906  0.4478342948
==== e(   1) =     3.63956 eV ==== 
     psi = 0.333*[#   2]+0.333*[#   3]+0.333*[#   4]
    |psi|^2 = 0.999
==== e(   2) =     3.88076 eV ==== 
     psi = 0.839*[#   1]+0.047*[#   2]+0.047*[#   3]+0.047*[#   4]
    |psi|^2 = 0.980
==== e(   3) =    16.01307 eV ==== 
     psi = 0.184*[#   2]+0.184*[#   3]+0.184*[#   4]
    |psi|^2 = 0.552
==== e(   4) =    16.28554 eV ==== 
     psi = 0.247*[#   2]+0.247*[#   3]+0.247*[#   4]+0.133*[#   1]
    |psi|^2 = 0.875
==== e(   5) =    20.52899 eV ==== 
     psi = 0.137*[#   2]+0.137*[#   3]+0.137*[#   4]
    |psi|^2 = 0.412
==== e(   6) =    20.80879 eV ==== 
     psi = 0.023*[#   1]+0.013*[#   2]+0.013*[#   3]+0.013*[#   4]
    |psi|^2 = 0.063

 k =   0.2357022604  0.0942809042 -0.0000000000
==== e(   1) =    -2.03806 eV ==== 
     psi = 0.449*[#   1]+0.183*[#   2]+0.183*[#   3]+0.183*[#   4]
    |psi|^2 = 0.997
==== e(   2) =    14.98421 eV ==== 
     psi = 0.219*[#   2]+0.219*[#   3]+0.219*[#   4]
    |psi|^2 = 0.656
==== e(   3) =    16.05989 eV ==== 
     psi = 0.250*[#   1]+0.190*[#   2]+0.190*[#   3]+0.190*[#   4]
    |psi|^2 = 0.820
==== e(   4) =    19.34429 eV ==== 
     psi = 0.054*[#   2]+0.054*[#   3]+0.054*[#   4]
    |psi|^2 = 0.162
==== e(   5) =    20.48931 eV ==== 
     psi = 0.153*[#   1]+0.098*[#   2]+0.098*[#   3]+0.098*[#   4]
    |psi|^2 = 0.448
==== e(   6) =    21.36283 eV ==== 
     psi = 0.123*[#   2]+0.123*[#   3]+0.123*[#   4]+0.111*[#   1]
    |psi|^2 = 0.481

 k =   0.2592724864  0.1178511302 -0.0235702260
==== e(   1) =    -1.72840 eV ==== 
     psi = 0.409*[#   1]+0.196*[#   2]+0.196*[#   3]+0.196*[#   4]
    |psi|^2 = 0.997
==== e(   2) =    13.96196 eV ==== 
     psi = 0.225*[#   2]+0.225*[#   3]+0.225*[#   4]+0.068*[#   1]
    |psi|^2 = 0.744
==== e(   3) =    15.56098 eV ==== 
     psi = 0.244*[#   1]+0.192*[#   2]+0.192*[#   3]+0.192*[#   4]
    |psi|^2 = 0.819
==== e(   4) =    19.51498 eV ==== 
     psi = 0.051*[#   2]+0.051*[#   3]+0.051*[#   4]+0.014*[#   1]
    |psi|^2 = 0.167
==== e(   5) =    19.74335 eV ==== 
     psi = 0.135*[#   1]+0.091*[#   2]+0.091*[#   3]+0.091*[#   4]
    |psi|^2 = 0.407
==== e(   6) =    21.66782 eV ==== 
     psi = 0.135*[#   2]+0.135*[#   3]+0.135*[#   4]+0.094*[#   1]
    |psi|^2 = 0.499

 k =   0.2828427125  0.1414213562 -0.0471404521
==== e(   1) =    -1.35967 eV ==== 
     psi = 0.377*[#   1]+0.207*[#   2]+0.207*[#   3]+0.207*[#   4]
    |psi|^2 = 0.997
==== e(   2) =    12.78152 eV ==== 
     psi = 0.219*[#   2]+0.219*[#   3]+0.219*[#   4]+0.163*[#   1]
    |psi|^2 = 0.820
==== e(   3) =    15.28226 eV ==== 
     psi = 0.204*[#   2]+0.204*[#   3]+0.204*[#   4]+0.202*[#   1]
    |psi|^2 = 0.815
==== e(   4) =    19.02428 eV ==== 
     psi = 0.127*[#   1]+0.096*[#   2]+0.096*[#   3]+0.096*[#   4]
    |psi|^2 = 0.416
==== e(   5) =    19.54031 eV ==== 
     psi = 0.068*[#   2]+0.068*[#   3]+0.068*[#   4]+0.041*[#   1]
    |psi|^2 = 0.244
==== e(   6) =    22.24722 eV ==== 
     psi = 0.116*[#   2]+0.116*[#   3]+0.116*[#   4]+0.056*[#   1]
    |psi|^2 = 0.403

 k =   0.3064129385  0.1649915823 -0.0707106781
==== e(   1) =    -0.93233 eV ==== 
     psi = 0.354*[#   1]+0.215*[#   2]+0.215*[#   3]+0.215*[#   4]
    |psi|^2 = 0.997
==== e(   2) =    11.58337 eV ==== 
     psi = 0.241*[#   1]+0.210*[#   2]+0.210*[#   3]+0.210*[#   4]
    |psi|^2 = 0.873
==== e(   3) =    15.10151 eV ==== 
     psi = 0.216*[#   2]+0.216*[#   3]+0.216*[#   4]+0.167*[#   1]
    |psi|^2 = 0.814
==== e(   4) =    18.34970 eV ==== 
     psi = 0.131*[#   1]+0.112*[#   2]+0.112*[#   3]+0.112*[#   4]
    |psi|^2 = 0.467
==== e(   5) =    19.50944 eV ==== 
     psi = 0.079*[#   2]+0.079*[#   3]+0.079*[#   4]+0.047*[#   1]
    |psi|^2 = 0.285
==== e(   6) =    22.97202 eV ==== 
     psi = 0.095*[#   2]+0.095*[#   3]+0.095*[#   4]+0.029*[#   1]
    |psi|^2 = 0.313

 k =   0.3299831646  0.1885618083 -0.0942809042
==== e(   1) =    -0.44690 eV ==== 
     psi = 0.338*[#   1]+0.220*[#   2]+0.220*[#   3]+0.220*[#   4]
    |psi|^2 = 0.997
==== e(   2) =    10.40624 eV ==== 
     psi = 0.304*[#   1]+0.202*[#   2]+0.202*[#   3]+0.202*[#   4]
    |psi|^2 = 0.909
==== e(   3) =    14.98881 eV ==== 
     psi = 0.225*[#   2]+0.225*[#   3]+0.225*[#   4]+0.138*[#   1]
    |psi|^2 = 0.812
==== e(   4) =    17.72338 eV ==== 
     psi = 0.133*[#   1]+0.130*[#   2]+0.130*[#   3]+0.130*[#   4]
    |psi|^2 = 0.523
==== e(   5) =    19.48070 eV ==== 
     psi = 0.087*[#   2]+0.087*[#   3]+0.087*[#   4]+0.046*[#   1]
    |psi|^2 = 0.306
==== e(   6) =    23.67245 eV ==== 
     psi = 0.080*[#   2]+0.080*[#   3]+0.080*[#   4]+0.006*[#   1]
    |psi|^2 = 0.245

 k =   0.3535533906  0.2121320344 -0.1178511302
==== e(   1) =     0.09602 eV ==== 
     psi = 0.329*[#   1]+0.223*[#   2]+0.223*[#   3]+0.223*[#   4]
    |psi|^2 = 0.997
==== e(   2) =     9.26397 eV ==== 
     psi = 0.353*[#   1]+0.194*[#   2]+0.194*[#   3]+0.194*[#   4]
    |psi|^2 = 0.936
==== e(   3) =    14.93525 eV ==== 
     psi = 0.230*[#   2]+0.230*[#   3]+0.230*[#   4]+0.114*[#   1]
    |psi|^2 = 0.805
==== e(   4) =    17.14773 eV ==== 
     psi = 0.148*[#   2]+0.148*[#   3]+0.148*[#   4]+0.135*[#   1]
    |psi|^2 = 0.579
==== e(   5) =    19.47981 eV ==== 
     psi = 0.090*[#   2]+0.090*[#   3]+0.090*[#   4]+0.040*[#   1]
    |psi|^2 = 0.311
==== e(   6) =    23.55985 eV ==== 
     psi = 0.043*[#   2]+0.043*[#   3]+0.043*[#   4]+0.003*[#   1]
    |psi|^2 = 0.132

 k =   0.3771236166  0.2357022604 -0.1414213562
==== e(   1) =     0.69574 eV ==== 
     psi = 0.326*[#   1]+0.223*[#   2]+0.223*[#   3]+0.223*[#   4]
    |psi|^2 = 0.997
==== e(   2) =     8.16317 eV ==== 
     psi = 0.389*[#   1]+0.189*[#   2]+0.189*[#   3]+0.189*[#   4]
    |psi|^2 = 0.954
==== e(   3) =    14.93693 eV ==== 
     psi = 0.233*[#   2]+0.233*[#   3]+0.233*[#   4]+0.092*[#   1]
    |psi|^2 = 0.791
==== e(   4) =    16.62479 eV ==== 
     psi = 0.166*[#   2]+0.166*[#   3]+0.166*[#   4]+0.138*[#   1]
    |psi|^2 = 0.635
==== e(   5) =    19.51837 eV ==== 
     psi = 0.091*[#   2]+0.091*[#   3]+0.091*[#   4]+0.034*[#   1]
    |psi|^2 = 0.306
==== e(   6) =    23.10530 eV ==== 
     psi = 0.038*[#   2]+0.038*[#   3]+0.038*[#   4]+0.005*[#   1]
    |psi|^2 = 0.120

 k =   0.4006938427  0.2592724864 -0.1649915823
==== e(   1) =     1.35147 eV ==== 
     psi = 0.328*[#   1]+0.223*[#   2]+0.223*[#   3]+0.223*[#   4]
    |psi|^2 = 0.996
==== e(   2) =     7.10774 eV ==== 
     psi = 0.413*[#   1]+0.185*[#   2]+0.185*[#   3]+0.185*[#   4]
    |psi|^2 = 0.968
==== e(   3) =    14.99026 eV ==== 
     psi = 0.232*[#   2]+0.232*[#   3]+0.232*[#   4]+0.070*[#   1]
    |psi|^2 = 0.766
==== e(   4) =    16.15764 eV ==== 
     psi = 0.183*[#   2]+0.183*[#   3]+0.183*[#   4]+0.144*[#   1]
    |psi|^2 = 0.694
==== e(   5) =    19.60196 eV ==== 
     psi = 0.089*[#   2]+0.089*[#   3]+0.089*[#   4]+0.028*[#   1]
    |psi|^2 = 0.294
==== e(   6) =    22.66472 eV ==== 
     psi = 0.039*[#   2]+0.039*[#   3]+0.039*[#   4]+0.006*[#   1]
    |psi|^2 = 0.124

 k =  -0.2828427125 -0.4242640687  0.5185449729
==== e(   1) =     2.06216 eV ==== 
     psi = 0.332*[#   1]+0.221*[#   2]+0.221*[#   3]+0.221*[#   4]
    |psi|^2 = 0.995
==== e(   2) =     6.10050 eV ==== 
     psi = 0.429*[#   1]+0.183*[#   2]+0.183*[#   3]+0.183*[#   4]
    |psi|^2 = 0.977
==== e(   3) =    15.08554 eV ==== 
     psi = 0.225*[#   2]+0.225*[#   3]+0.225*[#   4]+0.040*[#   1]
    |psi|^2 = 0.716
==== e(   4) =    15.75598 eV ==== 
     psi = 0.203*[#   2]+0.203*[#   3]+0.203*[#   4]+0.161*[#   1]
    |psi|^2 = 0.771
==== e(   5) =    19.73331 eV ==== 
     psi = 0.086*[#   2]+0.086*[#   3]+0.086*[#   4]+0.023*[#   1]
    |psi|^2 = 0.280
==== e(   6) =    22.26397 eV ==== 
     psi = 0.041*[#   2]+0.041*[#   3]+0.041*[#   4]+0.007*[#   1]
    |psi|^2 = 0.130

 k =  -0.2592724864 -0.4006938427  0.4949747468
==== e(   1) =     2.82579 eV ==== 
     psi = 0.329*[#   1]+0.222*[#   2]+0.222*[#   3]+0.222*[#   4]
    |psi|^2 = 0.994
==== e(   2) =     5.14448 eV ==== 
     psi = 0.446*[#   1]+0.179*[#   2]+0.179*[#   3]+0.179*[#   4]
    |psi|^2 = 0.983
==== e(   3) =    15.15124 eV ==== 
     psi = 0.202*[#   2]+0.202*[#   3]+0.202*[#   4]
    |psi|^2 = 0.605
==== e(   4) =    15.49145 eV ==== 
     psi = 0.235*[#   2]+0.235*[#   3]+0.235*[#   4]+0.193*[#   1]
    |psi|^2 = 0.899
==== e(   5) =    19.91344 eV ==== 
     psi = 0.082*[#   2]+0.082*[#   3]+0.082*[#   4]+0.019*[#   1]
    |psi|^2 = 0.267
==== e(   6) =    21.90959 eV ==== 
     psi = 0.043*[#   2]+0.043*[#   3]+0.043*[#   4]+0.007*[#   1]
    |psi|^2 = 0.138

 k =  -0.2357022604 -0.3771236166  0.4714045208
==== e(   1) =     3.62699 eV ==== 
     psi = 0.254*[#   2]+0.254*[#   3]+0.254*[#   4]+0.232*[#   1]
    |psi|^2 = 0.994
==== e(   2) =     4.25556 eV ==== 
     psi = 0.549*[#   1]+0.146*[#   2]+0.146*[#   3]+0.146*[#   4]
    |psi|^2 = 0.986
==== e(   3) =    14.97408 eV ==== 
     psi = 0.203*[#   2]+0.203*[#   3]+0.203*[#   4]+0.059*[#   1]
    |psi|^2 = 0.668
==== e(   4) =    15.57748 eV ==== 
     psi = 0.238*[#   2]+0.238*[#   3]+0.238*[#   4]+0.131*[#   1]
    |psi|^2 = 0.846
==== e(   5) =    20.14186 eV ==== 
     psi = 0.080*[#   2]+0.080*[#   3]+0.080*[#   4]+0.016*[#   1]
    |psi|^2 = 0.257
==== e(   6) =    21.60521 eV ==== 
     psi = 0.045*[#   2]+0.045*[#   3]+0.045*[#   4]+0.009*[#   1]
    |psi|^2 = 0.142

 k =  -0.2121320344 -0.3535533906  0.4478342948
==== e(   1) =     3.36065 eV ==== 
     psi = 0.298*[#   1]+0.232*[#   2]+0.232*[#   3]+0.232*[#   4]
    |psi|^2 = 0.994
==== e(   2) =     4.53905 eV ==== 
     psi = 0.481*[#   1]+0.168*[#   2]+0.168*[#   3]+0.168*[#   4]
    |psi|^2 = 0.985
==== e(   3) =    14.73787 eV ==== 
     psi = 0.214*[#   2]+0.214*[#   3]+0.214*[#   4]+0.089*[#   1]
    |psi|^2 = 0.730
==== e(   4) =    15.83040 eV ==== 
     psi = 0.228*[#   2]+0.228*[#   3]+0.228*[#   4]+0.103*[#   1]
    |psi|^2 = 0.786
==== e(   5) =    20.41482 eV ==== 
     psi = 0.082*[#   2]+0.082*[#   3]+0.082*[#   4]+0.013*[#   1]
    |psi|^2 = 0.259
==== e(   6) =    21.35584 eV ==== 
     psi = 0.042*[#   2]+0.042*[#   3]+0.042*[#   4]+0.011*[#   1]
    |psi|^2 = 0.137

 k =  -0.1885618083 -0.3299831646  0.4242640687
==== e(   1) =     2.56597 eV ==== 
     psi = 0.332*[#   1]+0.221*[#   2]+0.221*[#   3]+0.221*[#   4]
    |psi|^2 = 0.995
==== e(   2) =     5.45564 eV ==== 
     psi = 0.440*[#   1]+0.180*[#   2]+0.180*[#   3]+0.180*[#   4]
    |psi|^2 = 0.981
==== e(   3) =    14.54024 eV ==== 
     psi = 0.220*[#   2]+0.220*[#   3]+0.220*[#   4]+0.107*[#   1]
    |psi|^2 = 0.767
==== e(   4) =    16.15269 eV ==== 
     psi = 0.217*[#   2]+0.217*[#   3]+0.217*[#   4]+0.092*[#   1]
    |psi|^2 = 0.744
==== e(   5) =    20.71067 eV ==== 
     psi = 0.098*[#   2]+0.098*[#   3]+0.098*[#   4]+0.007*[#   1]
    |psi|^2 = 0.300
==== e(   6) =    21.18311 eV ==== 
     psi = 0.026*[#   2]+0.026*[#   3]+0.026*[#   4]+0.017*[#   1]
    |psi|^2 = 0.094

 k =  -0.1649915823 -0.3064129385  0.4006938427
==== e(   1) =     1.81949 eV ==== 
     psi = 0.331*[#   1]+0.222*[#   2]+0.222*[#   3]+0.222*[#   4]
    |psi|^2 = 0.996
==== e(   2) =     6.42832 eV ==== 
     psi = 0.425*[#   1]+0.183*[#   2]+0.183*[#   3]+0.183*[#   4]
    |psi|^2 = 0.974
==== e(   3) =    14.39337 eV ==== 
     psi = 0.223*[#   2]+0.223*[#   3]+0.223*[#   4]+0.124*[#   1]
    |psi|^2 = 0.793
==== e(   4) =    16.53229 eV ==== 
     psi = 0.206*[#   2]+0.206*[#   3]+0.206*[#   4]+0.088*[#   1]
    |psi|^2 = 0.705
==== e(   5) =    20.85960 eV ==== 
     psi = 0.114*[#   2]+0.114*[#   3]+0.114*[#   4]
    |psi|^2 = 0.341
==== e(   6) =    21.25562 eV ==== 
     psi = 0.024*[#   1]+0.009*[#   2]+0.009*[#   3]+0.009*[#   4]
    |psi|^2 = 0.051

 k =  -0.1414213562 -0.2828427125  0.3771236166
==== e(   1) =     1.12689 eV ==== 
     psi = 0.328*[#   1]+0.223*[#   2]+0.223*[#   3]+0.223*[#   4]
    |psi|^2 = 0.996
==== e(   2) =     7.45044 eV ==== 
     psi = 0.406*[#   1]+0.186*[#   2]+0.186*[#   3]+0.186*[#   4]
    |psi|^2 = 0.964
==== e(   3) =    14.30058 eV ==== 
     psi = 0.222*[#   2]+0.222*[#   3]+0.222*[#   4]+0.144*[#   1]
    |psi|^2 = 0.811
==== e(   4) =    16.96607 eV ==== 
     psi = 0.193*[#   2]+0.193*[#   3]+0.193*[#   4]+0.086*[#   1]
    |psi|^2 = 0.665
==== e(   5) =    20.80226 eV ==== 
     psi = 0.095*[#   2]+0.095*[#   3]+0.095*[#   4]+0.006*[#   1]
    |psi|^2 = 0.292
==== e(   6) =    21.62995 eV ==== 
     psi = 0.026*[#   2]+0.026*[#   3]+0.026*[#   4]+0.020*[#   1]
    |psi|^2 = 0.099

 k =  -0.1178511302 -0.2592724864  0.3535533906
==== e(   1) =     0.48967 eV ==== 
     psi = 0.327*[#   1]+0.223*[#   2]+0.223*[#   3]+0.223*[#   4]
    |psi|^2 = 0.997
==== e(   2) =     8.51880 eV ==== 
     psi = 0.376*[#   1]+0.191*[#   2]+0.191*[#   3]+0.191*[#   4]
    |psi|^2 = 0.949
==== e(   3) =    14.26387 eV ==== 
     psi = 0.218*[#   2]+0.218*[#   3]+0.218*[#   4]+0.169*[#   1]
    |psi|^2 = 0.824
==== e(   4) =    17.45249 eV ==== 
     psi = 0.179*[#   2]+0.179*[#   3]+0.179*[#   4]+0.086*[#   1]
    |psi|^2 = 0.624
==== e(   5) =    20.74861 eV ==== 
     psi = 0.089*[#   2]+0.089*[#   3]+0.089*[#   4]+0.010*[#   1]
    |psi|^2 = 0.276
==== e(   6) =    22.09060 eV ==== 
     psi = 0.032*[#   2]+0.032*[#   3]+0.032*[#   4]+0.017*[#   1]
    |psi|^2 = 0.113

 k =  -0.0942809042 -0.2357022604  0.3299831646
==== e(   1) =    -0.09124 eV ==== 
     psi = 0.333*[#   1]+0.221*[#   2]+0.221*[#   3]+0.221*[#   4]
    |psi|^2 = 0.997
==== e(   2) =     9.62932 eV ==== 
     psi = 0.332*[#   1]+0.199*[#   2]+0.199*[#   3]+0.199*[#   4]
    |psi|^2 = 0.929
==== e(   3) =    14.28568 eV ==== 
     psi = 0.211*[#   2]+0.211*[#   3]+0.211*[#   4]+0.200*[#   1]
    |psi|^2 = 0.832
==== e(   4) =    17.99026 eV ==== 
     psi = 0.165*[#   2]+0.165*[#   3]+0.165*[#   4]+0.086*[#   1]
    |psi|^2 = 0.581
==== e(   5) =    20.72900 eV ==== 
     psi = 0.083*[#   2]+0.083*[#   3]+0.083*[#   4]+0.013*[#   1]
    |psi|^2 = 0.261
==== e(   6) =    22.59464 eV ==== 
     psi = 0.036*[#   2]+0.036*[#   3]+0.036*[#   4]+0.015*[#   1]
    |psi|^2 = 0.122

 k =  -0.0707106781 -0.2121320344  0.3064129385
==== e(   1) =    -0.61509 eV ==== 
     psi = 0.344*[#   1]+0.218*[#   2]+0.218*[#   3]+0.218*[#   4]
    |psi|^2 = 0.997
==== e(   2) =    10.77498 eV ==== 
     psi = 0.270*[#   1]+0.211*[#   2]+0.211*[#   3]+0.211*[#   4]
    |psi|^2 = 0.902
==== e(   3) =    14.37068 eV ==== 
     psi = 0.239*[#   1]+0.199*[#   2]+0.199*[#   3]+0.199*[#   4]
    |psi|^2 = 0.836
==== e(   4) =    18.57783 eV ==== 
     psi = 0.150*[#   2]+0.150*[#   3]+0.150*[#   4]+0.086*[#   1]
    |psi|^2 = 0.537
==== e(   5) =    20.73977 eV ==== 
     psi = 0.074*[#   2]+0.074*[#   3]+0.074*[#   4]+0.014*[#   1]
    |psi|^2 = 0.236
==== e(   6) =    23.09974 eV ==== 
     psi = 0.050*[#   2]+0.050*[#   3]+0.050*[#   4]+0.009*[#   1]
    |psi|^2 = 0.160

 k =  -0.0471404521 -0.1885618083  0.2828427125
==== e(   1) =    -1.08124 eV ==== 
     psi = 0.363*[#   1]+0.211*[#   2]+0.211*[#   3]+0.211*[#   4]
    |psi|^2 = 0.997
==== e(   2) =    11.94056 eV ==== 
     psi = 0.225*[#   2]+0.225*[#   3]+0.225*[#   4]+0.187*[#   1]
    |psi|^2 = 0.863
==== e(   3) =    14.53067 eV ==== 
     psi = 0.291*[#   1]+0.182*[#   2]+0.182*[#   3]+0.182*[#   4]
    |psi|^2 = 0.837
==== e(   4) =    19.21289 eV ==== 
     psi = 0.137*[#   2]+0.137*[#   3]+0.137*[#   4]+0.086*[#   1]
    |psi|^2 = 0.497
==== e(   5) =    20.76107 eV ==== 
     psi = 0.058*[#   2]+0.058*[#   3]+0.058*[#   4]+0.012*[#   1]
    |psi|^2 = 0.188
==== e(   6) =    23.17563 eV ==== 
     psi = 0.118*[#   2]+0.118*[#   3]+0.118*[#   4]+0.005*[#   1]
    |psi|^2 = 0.359

 k =  -0.0235702260 -0.1649915823  0.2592724864
==== e(   1) =    -1.48911 eV ==== 
     psi = 0.390*[#   1]+0.202*[#   2]+0.202*[#   3]+0.202*[#   4]
    |psi|^2 = 0.997
==== e(   2) =    13.08304 eV ==== 
     psi = 0.243*[#   2]+0.243*[#   3]+0.243*[#   4]+0.079*[#   1]
    |psi|^2 = 0.808
==== e(   3) =    14.80332 eV ==== 
     psi = 0.359*[#   1]+0.160*[#   2]+0.160*[#   3]+0.160*[#   4]
    |psi|^2 = 0.839
==== e(   4) =    19.89122 eV ==== 
     psi = 0.127*[#   2]+0.127*[#   3]+0.127*[#   4]+0.087*[#   1]
    |psi|^2 = 0.468
==== e(   5) =    20.73790 eV ==== 
     psi = 0.037*[#   2]+0.037*[#   3]+0.037*[#   4]+0.006*[#   1]
    |psi|^2 = 0.117
==== e(   6) =    22.62842 eV ==== 
     psi = 0.142*[#   2]+0.142*[#   3]+0.142*[#   4]+0.028*[#   1]
    |psi|^2 = 0.454

 k =   0.0000000000 -0.1414213562  0.2357022604
==== e(   1) =    -1.83820 eV ==== 
     psi = 0.426*[#   1]+0.191*[#   2]+0.191*[#   3]+0.191*[#   4]
    |psi|^2 = 0.997
==== e(   2) =    14.06156 eV ==== 
     psi = 0.247*[#   2]+0.247*[#   3]+0.247*[#   4]
    |psi|^2 = 0.741
==== e(   3) =    15.32023 eV ==== 
     psi = 0.389*[#   1]+0.148*[#   2]+0.148*[#   3]+0.148*[#   4]
    |psi|^2 = 0.835
==== e(   4) =    20.55360 eV ==== 
     psi = 0.029*[#   2]+0.029*[#   3]+0.029*[#   4]
    |psi|^2 = 0.088
==== e(   5) =    20.60308 eV ==== 
     psi = 0.125*[#   2]+0.125*[#   3]+0.125*[#   4]+0.091*[#   1]
    |psi|^2 = 0.467
==== e(   6) =    22.26232 eV ==== 
     psi = 0.146*[#   2]+0.146*[#   3]+0.146*[#   4]+0.043*[#   1]
    |psi|^2 = 0.482

 k =   0.2828427125  0.0942809042  0.0000000000
==== e(   1) =    -1.59874 eV ==== 
     psi = 0.392*[#   1]+0.202*[#   2]+0.202*[#   3]+0.202*[#   4]
    |psi|^2 = 0.997
==== e(   2) =    14.28608 eV ==== 
     psi = 0.228*[#   2]+0.228*[#   3]+0.228*[#   4]
    |psi|^2 = 0.684
==== e(   3) =    15.40812 eV ==== 
     psi = 0.224*[#   1]+0.210*[#   2]+0.210*[#   3]+0.210*[#   4]
    |psi|^2 = 0.855
==== e(   4) =    18.68967 eV ==== 
     psi = 0.062*[#   2]+0.062*[#   3]+0.062*[#   4]
    |psi|^2 = 0.185
==== e(   5) =    18.84185 eV ==== 
     psi = 0.173*[#   1]+0.066*[#   2]+0.066*[#   3]+0.066*[#   4]
    |psi|^2 = 0.371
==== e(   6) =    20.81484 eV ==== 
     psi = 0.181*[#   1]+0.130*[#   2]+0.130*[#   3]+0.130*[#   4]
    |psi|^2 = 0.572

 k =   0.3064129385  0.1178511302 -0.0235702260
==== e(   1) =    -1.25025 eV ==== 
     psi = 0.364*[#   1]+0.211*[#   2]+0.211*[#   3]+0.211*[#   4]
    |psi|^2 = 0.997
==== e(   2) =    13.29996 eV ==== 
     psi = 0.237*[#   2]+0.237*[#   3]+0.237*[#   4]+0.059*[#   1]
    |psi|^2 = 0.770
==== e(   3) =    14.93357 eV ==== 
     psi = 0.218*[#   1]+0.209*[#   2]+0.209*[#   3]+0.209*[#   4]
    |psi|^2 = 0.846
==== e(   4) =    18.09566 eV ==== 
     psi = 0.184*[#   1]+0.079*[#   2]+0.079*[#   3]+0.079*[#   4]
    |psi|^2 = 0.420
==== e(   5) =    18.90382 eV ==== 
     psi = 0.057*[#   2]+0.057*[#   3]+0.057*[#   4]+0.021*[#   1]
    |psi|^2 = 0.193
==== e(   6) =    21.16026 eV ==== 
     psi = 0.126*[#   1]+0.122*[#   2]+0.122*[#   3]+0.122*[#   4]
    |psi|^2 = 0.492

 k =   0.3299831646  0.1414213562 -0.0471404521
==== e(   1) =    -0.84309 eV ==== 
     psi = 0.343*[#   1]+0.218*[#   2]+0.218*[#   3]+0.218*[#   4]
    |psi|^2 = 0.997
==== e(   2) =    12.15456 eV ==== 
     psi = 0.233*[#   2]+0.233*[#   3]+0.233*[#   4]+0.142*[#   1]
    |psi|^2 = 0.843
==== e(   3) =    14.68245 eV ==== 
     psi = 0.218*[#   2]+0.218*[#   3]+0.218*[#   4]+0.178*[#   1]
    |psi|^2 = 0.834
==== e(   4) =    17.39707 eV ==== 
     psi = 0.195*[#   1]+0.096*[#   2]+0.096*[#   3]+0.096*[#   4]
    |psi|^2 = 0.483
==== e(   5) =    18.97419 eV ==== 
     psi = 0.063*[#   2]+0.063*[#   3]+0.063*[#   4]+0.044*[#   1]
    |psi|^2 = 0.234
==== e(   6) =    21.76899 eV ==== 
     psi = 0.100*[#   2]+0.100*[#   3]+0.100*[#   4]+0.073*[#   1]
    |psi|^2 = 0.374

 k =   0.3535533906  0.1649915823 -0.0707106781
==== e(   1) =    -0.37778 eV ==== 
     psi = 0.328*[#   1]+0.223*[#   2]+0.223*[#   3]+0.223*[#   4]
    |psi|^2 = 0.997
==== e(   2) =    10.99033 eV ==== 
     psi = 0.227*[#   2]+0.227*[#   3]+0.227*[#   4]+0.212*[#   1]
    |psi|^2 = 0.892
==== e(   3) =    14.53169 eV ==== 
     psi = 0.227*[#   2]+0.227*[#   3]+0.227*[#   4]+0.143*[#   1]
    |psi|^2 = 0.826
==== e(   4) =    16.74865 eV ==== 
     psi = 0.203*[#   1]+0.115*[#   2]+0.115*[#   3]+0.115*[#   4]
    |psi|^2 = 0.549
==== e(   5) =    18.98564 eV ==== 
     psi = 0.071*[#   2]+0.071*[#   3]+0.071*[#   4]+0.052*[#   1]
    |psi|^2 = 0.265
==== e(   6) =    22.53535 eV ==== 
     psi = 0.078*[#   2]+0.078*[#   3]+0.078*[#   4]+0.040*[#   1]
    |psi|^2 = 0.274

 k =   0.3771236166  0.1885618083 -0.0942809042
==== e(   1) =     0.14510 eV ==== 
     psi = 0.319*[#   1]+0.226*[#   2]+0.226*[#   3]+0.226*[#   4]
    |psi|^2 = 0.997
==== e(   2) =     9.84715 eV ==== 
     psi = 0.269*[#   1]+0.219*[#   2]+0.219*[#   3]+0.219*[#   4]
    |psi|^2 = 0.925
==== e(   3) =    14.44903 eV ==== 
     psi = 0.234*[#   2]+0.234*[#   3]+0.234*[#   4]+0.112*[#   1]
    |psi|^2 = 0.815
==== e(   4) =    16.15282 eV ==== 
     psi = 0.211*[#   1]+0.135*[#   2]+0.135*[#   3]+0.135*[#   4]
    |psi|^2 = 0.616
==== e(   5) =    18.99639 eV ==== 
     psi = 0.076*[#   2]+0.076*[#   3]+0.076*[#   4]+0.050*[#   1]
    |psi|^2 = 0.278
==== e(   6) =    23.36757 eV ==== 
     psi = 0.062*[#   2]+0.062*[#   3]+0.062*[#   4]+0.019*[#   1]
    |psi|^2 = 0.206

 k =   0.4006938427  0.2121320344 -0.1178511302
==== e(   1) =     0.72487 eV ==== 
     psi = 0.315*[#   1]+0.227*[#   2]+0.227*[#   3]+0.227*[#   4]
    |psi|^2 = 0.997
==== e(   2) =     8.73924 eV ==== 
     psi = 0.314*[#   1]+0.211*[#   2]+0.211*[#   3]+0.211*[#   4]
    |psi|^2 = 0.948
==== e(   3) =    14.42256 eV ==== 
     psi = 0.238*[#   2]+0.238*[#   3]+0.238*[#   4]+0.081*[#   1]
    |psi|^2 = 0.794
==== e(   4) =    15.61334 eV ==== 
     psi = 0.220*[#   1]+0.155*[#   2]+0.155*[#   3]+0.155*[#   4]
    |psi|^2 = 0.685
==== e(   5) =    19.03370 eV ==== 
     psi = 0.078*[#   2]+0.078*[#   3]+0.078*[#   4]+0.044*[#   1]
    |psi|^2 = 0.277
==== e(   6) =    23.93169 eV ==== 
     psi = 0.048*[#   2]+0.048*[#   3]+0.048*[#   4]
    |psi|^2 = 0.144

 k =   0.4242640687  0.2357022604 -0.1414213562
==== e(   1) =     1.36077 eV ==== 
     psi = 0.315*[#   1]+0.227*[#   2]+0.227*[#   3]+0.227*[#   4]
    |psi|^2 = 0.996
==== e(   2) =     7.67336 eV ==== 
     psi = 0.348*[#   1]+0.205*[#   2]+0.205*[#   3]+0.205*[#   4]
    |psi|^2 = 0.964
==== e(   3) =    14.43824 eV ==== 
     psi = 0.236*[#   2]+0.236*[#   3]+0.236*[#   4]+0.041*[#   1]
    |psi|^2 = 0.749
==== e(   4) =    15.14164 eV ==== 
     psi = 0.240*[#   1]+0.176*[#   2]+0.176*[#   3]+0.176*[#   4]
    |psi|^2 = 0.770
==== e(   5) =    19.11003 eV ==== 
     psi = 0.077*[#   2]+0.077*[#   3]+0.077*[#   4]+0.038*[#   1]
    |psi|^2 = 0.269
==== e(   6) =    23.64963 eV ==== 
     psi = 0.034*[#   2]+0.034*[#   3]+0.034*[#   4]+0.002*[#   1]
    |psi|^2 = 0.103

 k =  -0.2592724864 -0.4478342948  0.5421151989
==== e(   1) =     2.05178 eV ==== 
     psi = 0.316*[#   1]+0.226*[#   2]+0.226*[#   3]+0.226*[#   4]
    |psi|^2 = 0.996
==== e(   2) =     6.65352 eV ==== 
     psi = 0.373*[#   1]+0.201*[#   2]+0.201*[#   3]+0.201*[#   4]
    |psi|^2 = 0.975
==== e(   3) =    14.42317 eV ==== 
     psi = 0.214*[#   2]+0.214*[#   3]+0.214*[#   4]+0.001*[#   1]
    |psi|^2 = 0.644
==== e(   4) =    14.80983 eV ==== 
     psi = 0.264*[#   1]+0.214*[#   2]+0.214*[#   3]+0.214*[#   4]
    |psi|^2 = 0.906
==== e(   5) =    19.23144 eV ==== 
     psi = 0.075*[#   2]+0.075*[#   3]+0.075*[#   4]+0.032*[#   1]
    |psi|^2 = 0.256
==== e(   6) =    23.26048 eV ==== 
     psi = 0.033*[#   2]+0.033*[#   3]+0.033*[#   4]+0.003*[#   1]
    |psi|^2 = 0.102

 k =  -0.2357022604 -0.4242640687  0.5185449729
==== e(   1) =     2.79630 eV ==== 
     psi = 0.314*[#   1]+0.227*[#   2]+0.227*[#   3]+0.227*[#   4]
    |psi|^2 = 0.994
==== e(   2) =     5.68300 eV ==== 
     psi = 0.394*[#   1]+0.196*[#   2]+0.196*[#   3]+0.196*[#   4]
    |psi|^2 = 0.982
==== e(   3) =    14.18553 eV ==== 
     psi = 0.198*[#   2]+0.198*[#   3]+0.198*[#   4]+0.083*[#   1]
    |psi|^2 = 0.678
==== e(   4) =    14.80951 eV ==== 
     psi = 0.241*[#   2]+0.241*[#   3]+0.241*[#   4]+0.171*[#   1]
    |psi|^2 = 0.894
==== e(   5) =    19.40091 eV ==== 
     psi = 0.072*[#   2]+0.072*[#   3]+0.072*[#   4]+0.027*[#   1]
    |psi|^2 = 0.241
==== e(   6) =    22.89939 eV ==== 
     psi = 0.034*[#   2]+0.034*[#   3]+0.034*[#   4]+0.004*[#   1]
    |psi|^2 = 0.106

 k =  -0.2121320344 -0.4006938427  0.4949747468
==== e(   1) =     3.58817 eV ==== 
     psi = 0.277*[#   1]+0.239*[#   2]+0.239*[#   3]+0.239*[#   4]
    |psi|^2 = 0.993
==== e(   2) =     4.76877 eV ==== 
     psi = 0.441*[#   1]+0.182*[#   2]+0.182*[#   3]+0.182*[#   4]
    |psi|^2 = 0.986
==== e(   3) =    13.88177 eV ==== 
     psi = 0.205*[#   2]+0.205*[#   3]+0.205*[#   4]+0.124*[#   1]
    |psi|^2 = 0.739
==== e(   4) =    14.98435 eV ==== 
     psi = 0.241*[#   2]+0.241*[#   3]+0.241*[#   4]+0.125*[#   1]
    |psi|^2 = 0.847
==== e(   5) =    19.61979 eV ==== 
     psi = 0.068*[#   2]+0.068*[#   3]+0.068*[#   4]+0.023*[#   1]
    |psi|^2 = 0.227
==== e(   6) =    22.58099 eV ==== 
     psi = 0.036*[#   2]+0.036*[#   3]+0.036*[#   4]+0.004*[#   1]
    |psi|^2 = 0.112

 k =  -0.1885618083 -0.3771236166  0.4714045208
==== e(   1) =     3.85532 eV ==== 
     psi = 0.262*[#   2]+0.262*[#   3]+0.262*[#   4]+0.209*[#   1]
    |psi|^2 = 0.994
==== e(   2) =     4.48324 eV ==== 
     psi = 0.511*[#   1]+0.158*[#   2]+0.158*[#   3]+0.158*[#   4]
    |psi|^2 = 0.985
==== e(   3) =    13.61311 eV ==== 
     psi = 0.212*[#   2]+0.212*[#   3]+0.212*[#   4]+0.143*[#   1]
    |psi|^2 = 0.779
==== e(   4) =    15.23334 eV ==== 
     psi = 0.236*[#   2]+0.236*[#   3]+0.236*[#   4]+0.106*[#   1]
    |psi|^2 = 0.814
==== e(   5) =    19.88829 eV ==== 
     psi = 0.065*[#   2]+0.065*[#   3]+0.065*[#   4]+0.020*[#   1]
    |psi|^2 = 0.215
==== e(   6) =    22.30950 eV ==== 
     psi = 0.038*[#   2]+0.038*[#   3]+0.038*[#   4]+0.005*[#   1]
    |psi|^2 = 0.118

 k =  -0.1649915823 -0.3535533906  0.4478342948
==== e(   1) =     3.05709 eV ==== 
     psi = 0.308*[#   1]+0.229*[#   2]+0.229*[#   3]+0.229*[#   4]
    |psi|^2 = 0.994
==== e(   2) =     5.36685 eV ==== 
     psi = 0.405*[#   1]+0.193*[#   2]+0.193*[#   3]+0.193*[#   4]
    |psi|^2 = 0.983
==== e(   3) =    13.39470 eV ==== 
     psi = 0.216*[#   2]+0.216*[#   3]+0.216*[#   4]+0.160*[#   1]
    |psi|^2 = 0.808
==== e(   4) =    15.54166 eV ==== 
     psi = 0.229*[#   2]+0.229*[#   3]+0.229*[#   4]+0.097*[#   1]
    |psi|^2 = 0.784
==== e(   5) =    20.20558 eV ==== 
     psi = 0.063*[#   2]+0.063*[#   3]+0.063*[#   4]+0.018*[#   1]
    |psi|^2 = 0.206
==== e(   6) =    22.08696 eV ==== 
     psi = 0.039*[#   2]+0.039*[#   3]+0.039*[#   4]+0.006*[#   1]
    |psi|^2 = 0.122

 k =  -0.1414213562 -0.3299831646  0.4242640687
==== e(   1) =     2.29502 eV ==== 
     psi = 0.316*[#   1]+0.227*[#   2]+0.227*[#   3]+0.227*[#   4]
    |psi|^2 = 0.995
==== e(   2) =     6.31734 eV ==== 
     psi = 0.381*[#   1]+0.199*[#   2]+0.199*[#   3]+0.199*[#   4]
    |psi|^2 = 0.977
==== e(   3) =    13.23087 eV ==== 
     psi = 0.217*[#   2]+0.217*[#   3]+0.217*[#   4]+0.180*[#   1]
    |psi|^2 = 0.830
==== e(   4) =    15.90556 eV ==== 
     psi = 0.220*[#   2]+0.220*[#   3]+0.220*[#   4]+0.093*[#   1]
    |psi|^2 = 0.753
==== e(   5) =    20.56901 eV ==== 
     psi = 0.062*[#   2]+0.062*[#   3]+0.062*[#   4]+0.016*[#   1]
    |psi|^2 = 0.203
==== e(   6) =    21.91519 eV ==== 
     psi = 0.038*[#   2]+0.038*[#   3]+0.038*[#   4]+0.008*[#   1]
    |psi|^2 = 0.121

 k =  -0.1178511302 -0.3064129385  0.4006938427
==== e(   1) =     1.58562 eV ==== 
     psi = 0.316*[#   1]+0.227*[#   2]+0.227*[#   3]+0.227*[#   4]
    |psi|^2 = 0.996
==== e(   2) =     7.31661 eV ==== 
     psi = 0.355*[#   1]+0.204*[#   2]+0.204*[#   3]+0.204*[#   4]
    |psi|^2 = 0.968
==== e(   3) =    13.12425 eV ==== 
     psi = 0.214*[#   2]+0.214*[#   3]+0.214*[#   4]+0.205*[#   1]
    |psi|^2 = 0.846
==== e(   4) =    16.32340 eV ==== 
     psi = 0.209*[#   2]+0.209*[#   3]+0.209*[#   4]+0.092*[#   1]
    |psi|^2 = 0.721
==== e(   5) =    20.97032 eV ==== 
     psi = 0.067*[#   2]+0.067*[#   3]+0.067*[#   4]+0.013*[#   1]
    |psi|^2 = 0.215
==== e(   6) =    21.79940 eV ==== 
     psi = 0.031*[#   2]+0.031*[#   3]+0.031*[#   4]+0.012*[#   1]
    |psi|^2 = 0.106

 k =  -0.0942809042 -0.2828427125  0.3771236166
==== e(   1) =     0.93102 eV ==== 
     psi = 0.316*[#   1]+0.227*[#   2]+0.227*[#   3]+0.227*[#   4]
    |psi|^2 = 0.997
==== e(   2) =     8.35938 eV ==== 
     psi = 0.317*[#   1]+0.213*[#   2]+0.213*[#   3]+0.213*[#   4]
    |psi|^2 = 0.955
==== e(   3) =    13.07807 eV ==== 
     psi = 0.238*[#   1]+0.207*[#   2]+0.207*[#   3]+0.207*[#   4]
    |psi|^2 = 0.858
==== e(   4) =    16.79408 eV ==== 
     psi = 0.197*[#   2]+0.197*[#   3]+0.197*[#   4]+0.092*[#   1]
    |psi|^2 = 0.684
==== e(   5) =    21.36514 eV ==== 
     psi = 0.088*[#   2]+0.088*[#   3]+0.088*[#   4]+0.005*[#   1]
    |psi|^2 = 0.269
==== e(   6) =    21.77737 eV ==== 
     psi = 0.020*[#   1]+0.009*[#   2]+0.009*[#   3]+0.009*[#   4]
    |psi|^2 = 0.048

 k =  -0.0707106781 -0.2592724864  0.3535533906
==== e(   1) =     0.33231 eV ==== 
     psi = 0.320*[#   1]+0.226*[#   2]+0.226*[#   3]+0.226*[#   4]
    |psi|^2 = 0.997
==== e(   2) =     9.43797 eV ==== 
     psi = 0.263*[#   1]+0.225*[#   2]+0.225*[#   3]+0.225*[#   4]
    |psi|^2 = 0.938
==== e(   3) =    13.09824 eV ==== 
     psi = 0.282*[#   1]+0.194*[#   2]+0.194*[#   3]+0.194*[#   4]
    |psi|^2 = 0.866
==== e(   4) =    17.31658 eV ==== 
     psi = 0.184*[#   2]+0.184*[#   3]+0.184*[#   4]+0.092*[#   1]
    |psi|^2 = 0.643
==== e(   5) =    21.53646 eV ==== 
     psi = 0.081*[#   2]+0.081*[#   3]+0.081*[#   4]+0.001*[#   1]
    |psi|^2 = 0.243
==== e(   6) =    22.05114 eV ==== 
     psi = 0.022*[#   1]+0.014*[#   2]+0.014*[#   3]+0.014*[#   4]
    |psi|^2 = 0.065

 k =  -0.0471404521 -0.2357022604  0.3299831646
==== e(   1) =    -0.20971 eV ==== 
     psi = 0.328*[#   1]+0.223*[#   2]+0.223*[#   3]+0.223*[#   4]
    |psi|^2 = 0.997
==== e(   2) =    10.53571 eV ==== 
     psi = 0.243*[#   2]+0.243*[#   3]+0.243*[#   4]+0.185*[#   1]
    |psi|^2 = 0.913
==== e(   3) =    13.19916 eV ==== 
     psi = 0.344*[#   1]+0.176*[#   2]+0.176*[#   3]+0.176*[#   4]
    |psi|^2 = 0.871
==== e(   4) =    17.88971 eV ==== 
     psi = 0.169*[#   2]+0.169*[#   3]+0.169*[#   4]+0.092*[#   1]
    |psi|^2 = 0.598
==== e(   5) =    21.53852 eV ==== 
     psi = 0.056*[#   2]+0.056*[#   3]+0.056*[#   4]+0.004*[#   1]
    |psi|^2 = 0.172
==== e(   6) =    22.52367 eV ==== 
     psi = 0.040*[#   2]+0.040*[#   3]+0.040*[#   4]+0.014*[#   1]
    |psi|^2 = 0.134

 k =  -0.0235702260 -0.2121320344  0.3064129385
==== e(   1) =    -0.69434 eV ==== 
     psi = 0.342*[#   1]+0.218*[#   2]+0.218*[#   3]+0.218*[#   4]
    |psi|^2 = 0.997
==== e(   2) =    11.60569 eV ==== 
     psi = 0.267*[#   2]+0.267*[#   3]+0.267*[#   4]+0.078*[#   1]
    |psi|^2 = 0.878
==== e(   3) =    13.42450 eV ==== 
     psi = 0.428*[#   1]+0.149*[#   2]+0.149*[#   3]+0.149*[#   4]
    |psi|^2 = 0.874
==== e(   4) =    18.51185 eV ==== 
     psi = 0.153*[#   2]+0.153*[#   3]+0.153*[#   4]+0.091*[#   1]
    |psi|^2 = 0.550
==== e(   5) =    21.47333 eV ==== 
     psi = 0.032*[#   2]+0.032*[#   3]+0.032*[#   4]+0.003*[#   1]
    |psi|^2 = 0.100
==== e(   6) =    22.87529 eV ==== 
     psi = 0.107*[#   2]+0.107*[#   3]+0.107*[#   4]
    |psi|^2 = 0.322

 k =   0.0000000000 -0.1885618083  0.2828427125
==== e(   1) =    -1.12098 eV ==== 
     psi = 0.363*[#   1]+0.211*[#   2]+0.211*[#   3]+0.211*[#   4]
    |psi|^2 = 0.997
==== e(   2) =    12.50701 eV ==== 
     psi = 0.278*[#   2]+0.278*[#   3]+0.278*[#   4]
    |psi|^2 = 0.835
==== e(   3) =    13.91001 eV ==== 
     psi = 0.476*[#   1]+0.132*[#   2]+0.132*[#   3]+0.132*[#   4]
    |psi|^2 = 0.872
==== e(   4) =    19.18055 eV ==== 
     psi = 0.138*[#   2]+0.138*[#   3]+0.138*[#   4]+0.089*[#   1]
    |psi|^2 = 0.503
==== e(   5) =    21.23197 eV ==== 
     psi = 0.019*[#   2]+0.019*[#   3]+0.019*[#   4]
    |psi|^2 = 0.058
==== e(   6) =    22.70572 eV ==== 
     psi = 0.155*[#   2]+0.155*[#   3]+0.155*[#   4]+0.018*[#   1]
    |psi|^2 = 0.482

 k =   0.3299831646  0.0942809042  0.0000000000
==== e(   1) =    -1.08131 eV ==== 
     psi = 0.350*[#   1]+0.216*[#   2]+0.216*[#   3]+0.216*[#   4]
    |psi|^2 = 0.997
==== e(   2) =    13.65896 eV ==== 
     psi = 0.234*[#   2]+0.234*[#   3]+0.234*[#   4]
    |psi|^2 = 0.703
==== e(   3) =    14.81408 eV ==== 
     psi = 0.230*[#   2]+0.230*[#   3]+0.230*[#   4]+0.188*[#   1]
    |psi|^2 = 0.877
==== e(   4) =    17.19318 eV ==== 
     psi = 0.238*[#   1]+0.064*[#   2]+0.064*[#   3]+0.064*[#   4]
    |psi|^2 = 0.430
==== e(   5) =    18.08786 eV ==== 
     psi = 0.067*[#   2]+0.067*[#   3]+0.067*[#   4]
    |psi|^2 = 0.202
==== e(   6) =    20.31592 eV ==== 
     psi = 0.200*[#   1]+0.112*[#   2]+0.112*[#   3]+0.112*[#   4]
    |psi|^2 = 0.536

 k =   0.3535533906  0.1178511302 -0.0235702260
==== e(   1) =    -0.69449 eV ==== 
     psi = 0.332*[#   1]+0.222*[#   2]+0.222*[#   3]+0.222*[#   4]
    |psi|^2 = 0.997
==== e(   2) =    12.70912 eV ==== 
     psi = 0.246*[#   2]+0.246*[#   3]+0.246*[#   4]+0.050*[#   1]
    |psi|^2 = 0.787
==== e(   3) =    14.36464 eV ==== 
     psi = 0.227*[#   2]+0.227*[#   3]+0.227*[#   4]+0.178*[#   1]
    |psi|^2 = 0.859
==== e(   4) =    16.47481 eV ==== 
     psi = 0.264*[#   1]+0.080*[#   2]+0.080*[#   3]+0.080*[#   4]
    |psi|^2 = 0.503
==== e(   5) =    18.34188 eV ==== 
     psi = 0.059*[#   2]+0.059*[#   3]+0.059*[#   4]+0.019*[#   1]
    |psi|^2 = 0.195
==== e(   6) =    20.68711 eV ==== 
     psi = 0.135*[#   1]+0.103*[#   2]+0.103*[#   3]+0.103*[#   4]
    |psi|^2 = 0.445

 k =   0.3771236166  0.1414213562 -0.0471404521
==== e(   1) =    -0.24948 eV ==== 
     psi = 0.319*[#   1]+0.226*[#   2]+0.226*[#   3]+0.226*[#   4]
    |psi|^2 = 0.997
==== e(   2) =    11.59891 eV ==== 
     psi = 0.246*[#   2]+0.246*[#   3]+0.246*[#   4]+0.122*[#   1]
    |psi|^2 = 0.859
==== e(   3) =    14.14034 eV ==== 
     psi = 0.233*[#   2]+0.233*[#   3]+0.233*[#   4]+0.136*[#   1]
    |psi|^2 = 0.836
==== e(   4) =    15.80755 eV ==== 
     psi = 0.284*[#   1]+0.098*[#   2]+0.098*[#   3]+0.098*[#   4]
    |psi|^2 = 0.579
==== e(   5) =    18.45441 eV ==== 
     psi = 0.060*[#   2]+0.060*[#   3]+0.060*[#   4]+0.042*[#   1]
    |psi|^2 = 0.222
==== e(   6) =    21.32418 eV ==== 
     psi = 0.083*[#   2]+0.083*[#   3]+0.083*[#   4]+0.079*[#   1]
    |psi|^2 = 0.328

 k =   0.4006938427  0.1649915823 -0.0707106781
==== e(   1) =     0.25314 eV ==== 
     psi = 0.310*[#   1]+0.229*[#   2]+0.229*[#   3]+0.229*[#   4]
    |psi|^2 = 0.997
==== e(   2) =    10.46919 eV ==== 
     psi = 0.241*[#   2]+0.241*[#   3]+0.241*[#   4]+0.184*[#   1]
    |psi|^2 = 0.906
==== e(   3) =    14.01435 eV ==== 
     psi = 0.240*[#   2]+0.240*[#   3]+0.240*[#   4]+0.093*[#   1]
    |psi|^2 = 0.813
==== e(   4) =    15.19649 eV ==== 
     psi = 0.303*[#   1]+0.118*[#   2]+0.118*[#   3]+0.118*[#   4]
    |psi|^2 = 0.659
==== e(   5) =    18.50601 eV ==== 
     psi = 0.064*[#   2]+0.064*[#   3]+0.064*[#   4]+0.050*[#   1]
    |psi|^2 = 0.243
==== e(   6) =    22.12721 eV ==== 
     psi = 0.063*[#   2]+0.063*[#   3]+0.063*[#   4]+0.043*[#   1]
    |psi|^2 = 0.231

 k =   0.4242640687  0.1885618083 -0.0942809042
==== e(   1) =     0.81271 eV ==== 
     psi = 0.306*[#   1]+0.230*[#   2]+0.230*[#   3]+0.230*[#   4]
    |psi|^2 = 0.997
==== e(   2) =     9.36071 eV ==== 
     psi = 0.236*[#   1]+0.234*[#   2]+0.234*[#   3]+0.234*[#   4]
    |psi|^2 = 0.937
==== e(   3) =    13.94193 eV ==== 
     psi = 0.242*[#   2]+0.242*[#   3]+0.242*[#   4]+0.041*[#   1]
    |psi|^2 = 0.768
==== e(   4) =    14.65499 eV ==== 
     psi = 0.332*[#   1]+0.141*[#   2]+0.141*[#   3]+0.141*[#   4]
    |psi|^2 = 0.755
==== e(   5) =    18.55524 eV ==== 
     psi = 0.067*[#   2]+0.067*[#   3]+0.067*[#   4]+0.048*[#   1]
    |psi|^2 = 0.250
==== e(   6) =    23.01907 eV ==== 
     psi = 0.047*[#   2]+0.047*[#   3]+0.047*[#   4]+0.023*[#   1]
    |psi|^2 = 0.165

 k =   0.4478342948  0.2121320344 -0.1178511302
==== e(   1) =     1.42844 eV ==== 
     psi = 0.304*[#   1]+0.231*[#   2]+0.231*[#   3]+0.231*[#   4]
    |psi|^2 = 0.996
==== e(   2) =     8.28795 eV ==== 
     psi = 0.278*[#   1]+0.226*[#   2]+0.226*[#   3]+0.226*[#   4]
    |psi|^2 = 0.957
==== e(   3) =    13.83919 eV ==== 
     psi = 0.220*[#   2]+0.220*[#   3]+0.220*[#   4]+0.005*[#   1]
    |psi|^2 = 0.664
==== e(   4) =    14.25819 eV ==== 
     psi = 0.346*[#   1]+0.185*[#   2]+0.185*[#   3]+0.185*[#   4]
    |psi|^2 = 0.902
==== e(   5) =    18.63025 eV ==== 
     psi = 0.068*[#   2]+0.068*[#   3]+0.068*[#   4]+0.043*[#   1]
    |psi|^2 = 0.246
==== e(   6) =    23.90783 eV ==== 
     psi = 0.039*[#   2]+0.039*[#   3]+0.039*[#   4]+0.009*[#   1]
    |psi|^2 = 0.125

 k =  -0.2357022604 -0.4714045208  0.5656854249
==== e(   1) =     2.09936 eV ==== 
     psi = 0.303*[#   1]+0.231*[#   2]+0.231*[#   3]+0.231*[#   4]
    |psi|^2 = 0.996
==== e(   2) =     7.25781 eV ==== 
     psi = 0.312*[#   1]+0.220*[#   2]+0.220*[#   3]+0.220*[#   4]
    |psi|^2 = 0.971
==== e(   3) =    13.52963 eV ==== 
     psi = 0.189*[#   2]+0.189*[#   3]+0.189*[#   4]+0.115*[#   1]
    |psi|^2 = 0.682
==== e(   4) =    14.17975 eV ==== 
     psi = 0.234*[#   2]+0.234*[#   3]+0.234*[#   4]+0.217*[#   1]
    |psi|^2 = 0.917
==== e(   5) =    18.74407 eV ==== 
     psi = 0.066*[#   2]+0.066*[#   3]+0.066*[#   4]+0.037*[#   1]
    |psi|^2 = 0.236
==== e(   6) =    24.21489 eV ==== 
     psi = 0.030*[#   2]+0.030*[#   3]+0.030*[#   4]
    |psi|^2 = 0.091

 k =  -0.2121320344 -0.4478342948  0.5421151989
==== e(   1) =     2.82404 eV ==== 
     psi = 0.300*[#   1]+0.232*[#   2]+0.232*[#   3]+0.232*[#   4]
    |psi|^2 = 0.995
==== e(   2) =     6.27460 eV ==== 
     psi = 0.339*[#   1]+0.213*[#   2]+0.213*[#   3]+0.213*[#   4]
    |psi|^2 = 0.980
==== e(   3) =    13.15514 eV ==== 
     psi = 0.192*[#   2]+0.192*[#   3]+0.192*[#   4]+0.166*[#   1]
    |psi|^2 = 0.742
==== e(   4) =    14.27688 eV ==== 
     psi = 0.244*[#   2]+0.244*[#   3]+0.244*[#   4]+0.151*[#   1]
    |psi|^2 = 0.883
==== e(   5) =    18.90296 eV ==== 
     psi = 0.064*[#   2]+0.064*[#   3]+0.064*[#   4]+0.032*[#   1]
    |psi|^2 = 0.224
==== e(   6) =    23.92222 eV ==== 
     psi = 0.027*[#   2]+0.027*[#   3]+0.027*[#   4]+0.001*[#   1]
    |psi|^2 = 0.082

 k =  -0.1885618083 -0.4242640687  0.5185449729
==== e(   1) =     3.59884 eV ==== 
     psi = 0.279*[#   1]+0.238*[#   2]+0.238*[#   3]+0.238*[#   4]
    |psi|^2 = 0.993
==== e(   2) =     5.34336 eV ==== 
     psi = 0.375*[#   1]+0.204*[#   2]+0.204*[#   3]+0.204*[#   4]
    |psi|^2 = 0.985
==== e(   3) =    12.81367 eV ==== 
     psi = 0.200*[#   2]+0.200*[#   3]+0.200*[#   4]+0.186*[#   1]
    |psi|^2 = 0.785
==== e(   4) =    14.45152 eV ==== 
     psi = 0.245*[#   2]+0.245*[#   3]+0.245*[#   4]+0.122*[#   1]
    |psi|^2 = 0.857
==== e(   5) =    19.11004 eV ==== 
     psi = 0.061*[#   2]+0.061*[#   3]+0.061*[#   4]+0.028*[#   1]
    |psi|^2 = 0.211
==== e(   6) =    23.60658 eV ==== 
     psi = 0.027*[#   2]+0.027*[#   3]+0.027*[#   4]+0.002*[#   1]
    |psi|^2 = 0.084

 k =  -0.1649915823 -0.4006938427  0.4949747468
==== e(   1) =     4.31044 eV ==== 
     psi = 0.332*[#   2]+0.332*[#   3]+0.332*[#   4]
    |psi|^2 = 0.996
==== e(   2) =     4.57789 eV ==== 
     psi = 0.658*[#   1]+0.108*[#   2]+0.108*[#   3]+0.108*[#   4]
    |psi|^2 = 0.983
==== e(   3) =    12.52193 eV ==== 
     psi = 0.205*[#   2]+0.205*[#   3]+0.205*[#   4]+0.200*[#   1]
    |psi|^2 = 0.816
==== e(   4) =    14.68728 eV ==== 
     psi = 0.243*[#   2]+0.243*[#   3]+0.243*[#   4]+0.108*[#   1]
    |psi|^2 = 0.836
==== e(   5) =    19.36668 eV ==== 
     psi = 0.058*[#   2]+0.058*[#   3]+0.058*[#   4]+0.025*[#   1]
    |psi|^2 = 0.198
==== e(   6) =    23.32514 eV ==== 
     psi = 0.028*[#   2]+0.028*[#   3]+0.028*[#   4]+0.003*[#   1]
    |psi|^2 = 0.088

 k =  -0.1414213562 -0.3771236166  0.4714045208
==== e(   1) =     3.60249 eV ==== 
     psi = 0.276*[#   1]+0.239*[#   2]+0.239*[#   3]+0.239*[#   4]
    |psi|^2 = 0.994
==== e(   2) =     5.33421 eV ==== 
     psi = 0.377*[#   1]+0.202*[#   2]+0.202*[#   3]+0.202*[#   4]
    |psi|^2 = 0.984
==== e(   3) =    12.28491 eV ==== 
     psi = 0.216*[#   1]+0.208*[#   2]+0.208*[#   3]+0.208*[#   4]
    |psi|^2 = 0.840
==== e(   4) =    14.97984 eV ==== 
     psi = 0.238*[#   2]+0.238*[#   3]+0.238*[#   4]+0.100*[#   1]
    |psi|^2 = 0.814
==== e(   5) =    19.67319 eV ==== 
     psi = 0.055*[#   2]+0.055*[#   3]+0.055*[#   4]+0.023*[#   1]
    |psi|^2 = 0.187
==== e(   6) =    23.08649 eV ==== 
     psi = 0.030*[#   2]+0.030*[#   3]+0.030*[#   4]+0.003*[#   1]
    |psi|^2 = 0.092

 k =  -0.1178511302 -0.3535533906  0.4478342948
==== e(   1) =     2.82643 eV ==== 
     psi = 0.298*[#   1]+0.232*[#   2]+0.232*[#   3]+0.232*[#   4]
    |psi|^2 = 0.995
==== e(   2) =     6.25955 eV ==== 
     psi = 0.337*[#   1]+0.214*[#   2]+0.214*[#   3]+0.214*[#   4]
    |psi|^2 = 0.978
==== e(   3) =    12.10573 eV ==== 
     psi = 0.238*[#   1]+0.207*[#   2]+0.207*[#   3]+0.207*[#   4]
    |psi|^2 = 0.859
==== e(   4) =    15.32741 eV ==== 
     psi = 0.232*[#   2]+0.232*[#   3]+0.232*[#   4]+0.096*[#   1]
    |psi|^2 = 0.790
==== e(   5) =    20.02902 eV ==== 
     psi = 0.052*[#   2]+0.052*[#   3]+0.052*[#   4]+0.021*[#   1]
    |psi|^2 = 0.178
==== e(   6) =    22.89218 eV ==== 
     psi = 0.031*[#   2]+0.031*[#   3]+0.031*[#   4]+0.004*[#   1]
    |psi|^2 = 0.096

 k =  -0.0942809042 -0.3299831646  0.4242640687
==== e(   1) =     2.10093 eV ==== 
     psi = 0.303*[#   1]+0.231*[#   2]+0.231*[#   3]+0.231*[#   4]
    |psi|^2 = 0.996
==== e(   2) =     7.23225 eV ==== 
     psi = 0.302*[#   1]+0.223*[#   2]+0.223*[#   3]+0.223*[#   4]
    |psi|^2 = 0.970
==== e(   3) =    11.98808 eV ==== 
     psi = 0.269*[#   1]+0.202*[#   2]+0.202*[#   3]+0.202*[#   4]
    |psi|^2 = 0.873
==== e(   4) =    15.72891 eV ==== 
     psi = 0.223*[#   2]+0.223*[#   3]+0.223*[#   4]+0.094*[#   1]
    |psi|^2 = 0.764
==== e(   5) =    20.43271 eV ==== 
     psi = 0.051*[#   2]+0.051*[#   3]+0.051*[#   4]+0.020*[#   1]
    |psi|^2 = 0.172
==== e(   6) =    22.74039 eV ==== 
     psi = 0.030*[#   2]+0.030*[#   3]+0.030*[#   4]+0.005*[#   1]
    |psi|^2 = 0.096

 k =  -0.0707106781 -0.3064129385  0.4006938427
==== e(   1) =     1.42947 eV ==== 
     psi = 0.305*[#   1]+0.230*[#   2]+0.230*[#   3]+0.230*[#   4]
    |psi|^2 = 0.996
==== e(   2) =     8.24212 eV ==== 
     psi = 0.253*[#   1]+0.236*[#   2]+0.236*[#   3]+0.236*[#   4]
    |psi|^2 = 0.960
==== e(   3) =    11.93870 eV ==== 
     psi = 0.313*[#   1]+0.190*[#   2]+0.190*[#   3]+0.190*[#   4]
    |psi|^2 = 0.883
==== e(   4) =    16.18346 eV ==== 
     psi = 0.213*[#   2]+0.213*[#   3]+0.213*[#   4]+0.095*[#   1]
    |psi|^2 = 0.733
==== e(   5) =    20.88151 eV ==== 
     psi = 0.051*[#   2]+0.051*[#   3]+0.051*[#   4]+0.018*[#   1]
    |psi|^2 = 0.171
==== e(   6) =    22.62459 eV ==== 
     psi = 0.028*[#   2]+0.028*[#   3]+0.028*[#   4]+0.006*[#   1]
    |psi|^2 = 0.090

 k =  -0.0471404521 -0.2828427125  0.3771236166
==== e(   1) =     0.81338 eV ==== 
     psi = 0.309*[#   1]+0.229*[#   2]+0.229*[#   3]+0.229*[#   4]
    |psi|^2 = 0.997
==== e(   2) =     9.27124 eV ==== 
     psi = 0.255*[#   2]+0.255*[#   3]+0.255*[#   4]+0.180*[#   1]
    |psi|^2 = 0.945
==== e(   3) =    11.97358 eV ==== 
     psi = 0.377*[#   1]+0.171*[#   2]+0.171*[#   3]+0.171*[#   4]
    |psi|^2 = 0.890
==== e(   4) =    16.69021 eV ==== 
     psi = 0.200*[#   2]+0.200*[#   3]+0.200*[#   4]+0.095*[#   1]
    |psi|^2 = 0.696
==== e(   5) =    21.37025 eV ==== 
     psi = 0.053*[#   2]+0.053*[#   3]+0.053*[#   4]+0.016*[#   1]
    |psi|^2 = 0.175
==== e(   6) =    22.52632 eV ==== 
     psi = 0.022*[#   2]+0.022*[#   3]+0.022*[#   4]+0.006*[#   1]
    |psi|^2 = 0.072

 k =  -0.0235702260 -0.2592724864  0.3535533906
==== e(   1) =     0.25357 eV ==== 
     psi = 0.316*[#   1]+0.227*[#   2]+0.227*[#   3]+0.227*[#   4]
    |psi|^2 = 0.997
==== e(   2) =    10.27007 eV ==== 
     psi = 0.282*[#   2]+0.282*[#   3]+0.282*[#   4]+0.076*[#   1]
    |psi|^2 = 0.924
==== e(   3) =    12.14003 eV ==== 
     psi = 0.469*[#   1]+0.142*[#   2]+0.142*[#   3]+0.142*[#   4]
    |psi|^2 = 0.894
==== e(   4) =    17.24815 eV ==== 
     psi = 0.186*[#   2]+0.186*[#   3]+0.186*[#   4]+0.095*[#   1]
    |psi|^2 = 0.654
==== e(   5) =    21.88733 eV ==== 
     psi = 0.060*[#   2]+0.060*[#   3]+0.060*[#   4]+0.011*[#   1]
    |psi|^2 = 0.191
==== e(   6) =    22.39026 eV ==== 
     psi = 0.011*[#   2]+0.011*[#   3]+0.011*[#   4]+0.005*[#   1]
    |psi|^2 = 0.039

 k =   0.0000000000 -0.2357022604  0.3299831646
==== e(   1) =    -0.24922 eV ==== 
     psi = 0.327*[#   1]+0.223*[#   2]+0.223*[#   3]+0.223*[#   4]
    |psi|^2 = 0.997
==== e(   2) =    11.09640 eV ==== 
     psi = 0.299*[#   2]+0.299*[#   3]+0.299*[#   4]
    |psi|^2 = 0.898
==== e(   3) =    12.57715 eV ==== 
     psi = 0.528*[#   1]+0.122*[#   2]+0.122*[#   3]+0.122*[#   4]
    |psi|^2 = 0.894
==== e(   4) =    17.85597 eV ==== 
     psi = 0.170*[#   2]+0.170*[#   3]+0.170*[#   4]+0.094*[#   1]
    |psi|^2 = 0.604
==== e(   5) =    22.05790 eV ==== 
     psi = 0.012*[#   2]+0.012*[#   3]+0.012*[#   4]
    |psi|^2 = 0.037
==== e(   6) =    22.42283 eV ==== 
     psi = 0.074*[#   2]+0.074*[#   3]+0.074*[#   4]+0.007*[#   1]
    |psi|^2 = 0.228

 k =   0.3771236166  0.0942809042  0.0000000000
==== e(   1) =    -0.48672 eV ==== 
     psi = 0.322*[#   1]+0.225*[#   2]+0.225*[#   3]+0.225*[#   4]
    |psi|^2 = 0.997
==== e(   2) =    13.10400 eV ==== 
     psi = 0.238*[#   2]+0.238*[#   3]+0.238*[#   4]
    |psi|^2 = 0.715
==== e(   3) =    14.27308 eV ==== 
     psi = 0.249*[#   2]+0.249*[#   3]+0.249*[#   4]+0.128*[#   1]
    |psi|^2 = 0.875
==== e(   4) =    15.59565 eV ==== 
     psi = 0.336*[#   1]+0.066*[#   2]+0.066*[#   3]+0.066*[#   4]
    |psi|^2 = 0.533
==== e(   5) =    17.54934 eV ==== 
     psi = 0.072*[#   2]+0.072*[#   3]+0.072*[#   4]
    |psi|^2 = 0.217
==== e(   6) =    19.85444 eV ==== 
     psi = 0.194*[#   1]+0.093*[#   2]+0.093*[#   3]+0.093*[#   4]
    |psi|^2 = 0.473

 k =   0.4006938427  0.1178511302 -0.0235702260
==== e(   1) =    -0.06218 eV ==== 
     psi = 0.311*[#   1]+0.229*[#   2]+0.229*[#   3]+0.229*[#   4]
    |psi|^2 = 0.997
==== e(   2) =    12.19015 eV ==== 
     psi = 0.253*[#   2]+0.253*[#   3]+0.253*[#   4]+0.040*[#   1]
    |psi|^2 = 0.799
==== e(   3) =    13.84266 eV ==== 
     psi = 0.246*[#   2]+0.246*[#   3]+0.246*[#   4]+0.103*[#   1]
    |psi|^2 = 0.841
==== e(   4) =    14.91741 eV ==== 
     psi = 0.382*[#   1]+0.080*[#   2]+0.080*[#   3]+0.080*[#   4]
    |psi|^2 = 0.621
==== e(   5) =    17.84176 eV ==== 
     psi = 0.061*[#   2]+0.061*[#   3]+0.061*[#   4]+0.017*[#   1]
    |psi|^2 = 0.199
==== e(   6) =    20.25466 eV ==== 
     psi = 0.130*[#   1]+0.085*[#   2]+0.085*[#   3]+0.085*[#   4]
    |psi|^2 = 0.384

 k =   0.4242640687  0.1414213562 -0.0471404521
==== e(   1) =     0.41998 eV ==== 
     psi = 0.304*[#   1]+0.231*[#   2]+0.231*[#   3]+0.231*[#   4]
    |psi|^2 = 0.997
==== e(   2) =    11.11502 eV ==== 
     psi = 0.256*[#   2]+0.256*[#   3]+0.256*[#   4]+0.102*[#   1]
    |psi|^2 = 0.870
==== e(   3) =    13.62231 eV ==== 
     psi = 0.247*[#   2]+0.247*[#   3]+0.247*[#   4]+0.038*[#   1]
    |psi|^2 = 0.781
==== e(   4) =    14.30922 eV ==== 
     psi = 0.430*[#   1]+0.100*[#   2]+0.100*[#   3]+0.100*[#   4]
    |psi|^2 = 0.731
==== e(   5) =    17.99396 eV ==== 
     psi = 0.058*[#   2]+0.058*[#   3]+0.058*[#   4]+0.037*[#   1]
    |psi|^2 = 0.212
==== e(   6) =    20.92290 eV ==== 
     psi = 0.075*[#   1]+0.068*[#   2]+0.068*[#   3]+0.068*[#   4]
    |psi|^2 = 0.278

 k =   0.4478342948  0.1649915823 -0.0707106781
==== e(   1) =     0.95908 eV ==== 
     psi = 0.299*[#   1]+0.233*[#   2]+0.233*[#   3]+0.233*[#   4]
    |psi|^2 = 0.997
==== e(   2) =    10.02033 eV ==== 
     psi = 0.253*[#   2]+0.253*[#   3]+0.253*[#   4]+0.157*[#   1]
    |psi|^2 = 0.916
==== e(   3) =    13.40729 eV ==== 
     psi = 0.219*[#   2]+0.219*[#   3]+0.219*[#   4]+0.013*[#   1]
    |psi|^2 = 0.669
==== e(   4) =    13.85264 eV ==== 
     psi = 0.434*[#   1]+0.152*[#   2]+0.152*[#   3]+0.152*[#   4]
    |psi|^2 = 0.891
==== e(   5) =    18.08434 eV ==== 
     psi = 0.059*[#   2]+0.059*[#   3]+0.059*[#   4]+0.045*[#   1]
    |psi|^2 = 0.223
==== e(   6) =    21.76199 eV ==== 
     psi = 0.050*[#   2]+0.050*[#   3]+0.050*[#   4]+0.041*[#   1]
    |psi|^2 = 0.191

 k =   0.4714045208  0.1885618083 -0.0942809042
==== e(   1) =     1.55432 eV ==== 
     psi = 0.296*[#   1]+0.233*[#   2]+0.233*[#   3]+0.233*[#   4]
    |psi|^2 = 0.996
==== e(   2) =     8.94730 eV ==== 
     psi = 0.247*[#   2]+0.247*[#   3]+0.247*[#   4]+0.205*[#   1]
    |psi|^2 = 0.945
==== e(   3) =    13.01489 eV ==== 
     psi = 0.175*[#   2]+0.175*[#   3]+0.175*[#   4]+0.152*[#   1]
    |psi|^2 = 0.678
==== e(   4) =    13.69835 eV ==== 
     psi = 0.270*[#   1]+0.219*[#   2]+0.219*[#   3]+0.219*[#   4]
    |psi|^2 = 0.926
==== e(   5) =    18.17144 eV ==== 
     psi = 0.060*[#   2]+0.060*[#   3]+0.060*[#   4]+0.044*[#   1]
    |psi|^2 = 0.225
==== e(   6) =    22.69919 eV ==== 
     psi = 0.036*[#   2]+0.036*[#   3]+0.036*[#   4]+0.023*[#   1]
    |psi|^2 = 0.131

 k =  -0.2121320344 -0.4949747468  0.5892556510
==== e(   1) =     2.20472 eV ==== 
     psi = 0.294*[#   1]+0.234*[#   2]+0.234*[#   3]+0.234*[#   4]
    |psi|^2 = 0.996
==== e(   2) =     7.91053 eV ==== 
     psi = 0.246*[#   1]+0.239*[#   2]+0.239*[#   3]+0.239*[#   4]
    |psi|^2 = 0.964
==== e(   3) =    12.56751 eV ==== 
     psi = 0.216*[#   1]+0.174*[#   2]+0.174*[#   3]+0.174*[#   4]
    |psi|^2 = 0.737
==== e(   4) =    13.71500 eV ==== 
     psi = 0.239*[#   2]+0.239*[#   3]+0.239*[#   4]+0.184*[#   1]
    |psi|^2 = 0.902
==== e(   5) =    18.28391 eV ==== 
     psi = 0.060*[#   2]+0.060*[#   3]+0.060*[#   4]+0.039*[#   1]
    |psi|^2 = 0.219
==== e(   6) =    23.68118 eV ==== 
     psi = 0.027*[#   2]+0.027*[#   3]+0.027*[#   4]+0.012*[#   1]
    |psi|^2 = 0.092

 k =  -0.1885618083 -0.4714045208  0.5656854249
==== e(   1) =     2.90889 eV ==== 
     psi = 0.288*[#   1]+0.235*[#   2]+0.235*[#   3]+0.235*[#   4]
    |psi|^2 = 0.994
==== e(   2) =     6.91709 eV ==== 
     psi = 0.280*[#   1]+0.232*[#   2]+0.232*[#   3]+0.232*[#   4]
    |psi|^2 = 0.975
==== e(   3) =    12.15216 eV ==== 
     psi = 0.238*[#   1]+0.182*[#   2]+0.182*[#   3]+0.182*[#   4]
    |psi|^2 = 0.782
==== e(   4) =    13.81281 eV ==== 
     psi = 0.246*[#   2]+0.246*[#   3]+0.246*[#   4]+0.144*[#   1]
    |psi|^2 = 0.883
==== e(   5) =    18.43506 eV ==== 
     psi = 0.058*[#   2]+0.058*[#   3]+0.058*[#   4]+0.035*[#   1]
    |psi|^2 = 0.210
==== e(   6) =    24.55178 eV ==== 
     psi = 0.024*[#   2]+0.024*[#   3]+0.024*[#   4]+0.003*[#   1]
    |psi|^2 = 0.075

 k =  -0.1649915823 -0.4478342948  0.5421151989
==== e(   1) =     3.66410 eV ==== 
     psi = 0.272*[#   1]+0.240*[#   2]+0.240*[#   3]+0.240*[#   4]
    |psi|^2 = 0.993
==== e(   2) =     5.97221 eV ==== 
     psi = 0.316*[#   1]+0.222*[#   2]+0.222*[#   3]+0.222*[#   4]
    |psi|^2 = 0.983
==== e(   3) =    11.78592 eV ==== 
     psi = 0.249*[#   1]+0.190*[#   2]+0.190*[#   3]+0.190*[#   4]
    |psi|^2 = 0.817
==== e(   4) =    13.97403 eV ==== 
     psi = 0.248*[#   2]+0.248*[#   3]+0.248*[#   4]+0.122*[#   1]
    |psi|^2 = 0.867
==== e(   5) =    18.63126 eV ==== 
     psi = 0.056*[#   2]+0.056*[#   3]+0.056*[#   4]+0.031*[#   1]
    |psi|^2 = 0.199
==== e(   6) =    24.62286 eV ==== 
     psi = 0.022*[#   2]+0.022*[#   3]+0.022*[#   4]
    |psi|^2 = 0.065

 k =  -0.1414213562 -0.4242640687  0.5185449729
==== e(   1) =     4.45168 eV ==== 
     psi = 0.272*[#   2]+0.272*[#   3]+0.272*[#   4]+0.175*[#   1]
    |psi|^2 = 0.992
==== e(   2) =     5.09536 eV ==== 
     psi = 0.421*[#   1]+0.188*[#   2]+0.188*[#   3]+0.188*[#   4]
    |psi|^2 = 0.986
==== e(   3) =    11.47424 eV ==== 
     psi = 0.259*[#   1]+0.195*[#   2]+0.195*[#   3]+0.195*[#   4]
    |psi|^2 = 0.844
==== e(   4) =    14.19358 eV ==== 
     psi = 0.248*[#   2]+0.248*[#   3]+0.248*[#   4]+0.108*[#   1]
    |psi|^2 = 0.852
==== e(   5) =    18.87560 eV ==== 
     psi = 0.053*[#   2]+0.053*[#   3]+0.053*[#   4]+0.027*[#   1]
    |psi|^2 = 0.188
==== e(   6) =    24.37393 eV ==== 
     psi = 0.021*[#   2]+0.021*[#   3]+0.021*[#   4]+0.001*[#   1]
    |psi|^2 = 0.065

 k =  -0.1178511302 -0.4006938427  0.4949747468
==== e(   1) =     4.19940 eV ==== 
     psi = 0.254*[#   2]+0.254*[#   3]+0.254*[#   4]+0.230*[#   1]
    |psi|^2 = 0.993
==== e(   2) =     5.35810 eV ==== 
     psi = 0.360*[#   1]+0.208*[#   2]+0.208*[#   3]+0.208*[#   4]
    |psi|^2 = 0.984
==== e(   3) =    11.22056 eV ==== 
     psi = 0.275*[#   1]+0.197*[#   2]+0.197*[#   3]+0.197*[#   4]
    |psi|^2 = 0.865
==== e(   4) =    14.46929 eV ==== 
     psi = 0.245*[#   2]+0.245*[#   3]+0.245*[#   4]+0.100*[#   1]
    |psi|^2 = 0.835
==== e(   5) =    19.16940 eV ==== 
     psi = 0.051*[#   2]+0.051*[#   3]+0.051*[#   4]+0.025*[#   1]
    |psi|^2 = 0.178
==== e(   6) =    24.13109 eV ==== 
     psi = 0.022*[#   2]+0.022*[#   3]+0.022*[#   4]+0.002*[#   1]
    |psi|^2 = 0.067

 k =  -0.0942809042 -0.3771236166  0.4714045208
==== e(   1) =     3.41274 eV ==== 
     psi = 0.276*[#   1]+0.240*[#   2]+0.240*[#   3]+0.240*[#   4]
    |psi|^2 = 0.994
==== e(   2) =     6.25237 eV ==== 
     psi = 0.295*[#   1]+0.228*[#   2]+0.228*[#   3]+0.228*[#   4]
    |psi|^2 = 0.979
==== e(   3) =    11.02892 eV ==== 
     psi = 0.300*[#   1]+0.194*[#   2]+0.194*[#   3]+0.194*[#   4]
    |psi|^2 = 0.881
==== e(   4) =    14.79995 eV ==== 
     psi = 0.240*[#   2]+0.240*[#   3]+0.240*[#   4]+0.096*[#   1]
    |psi|^2 = 0.817
==== e(   5) =    19.51286 eV ==== 
     psi = 0.049*[#   2]+0.049*[#   3]+0.049*[#   4]+0.024*[#   1]
    |psi|^2 = 0.169
==== e(   6) =    23.92152 eV ==== 
     psi = 0.022*[#   2]+0.022*[#   3]+0.022*[#   4]+0.002*[#   1]
    |psi|^2 = 0.069

 k =  -0.0707106781 -0.3535533906  0.4478342948
==== e(   1) =     2.67203 eV ==== 
     psi = 0.288*[#   1]+0.236*[#   2]+0.236*[#   3]+0.236*[#   4]
    |psi|^2 = 0.995
==== e(   2) =     7.19131 eV ==== 
     psi = 0.245*[#   1]+0.243*[#   2]+0.243*[#   3]+0.243*[#   4]
    |psi|^2 = 0.973
==== e(   3) =    10.90647 eV ==== 
     psi = 0.339*[#   1]+0.184*[#   2]+0.184*[#   3]+0.184*[#   4]
    |psi|^2 = 0.893
==== e(   4) =    15.18469 eV ==== 
     psi = 0.234*[#   2]+0.234*[#   3]+0.234*[#   4]+0.095*[#   1]
    |psi|^2 = 0.796
==== e(   5) =    19.90527 eV ==== 
     psi = 0.047*[#   2]+0.047*[#   3]+0.047*[#   4]+0.022*[#   1]
    |psi|^2 = 0.163
==== e(   6) =    23.74518 eV ==== 
     psi = 0.022*[#   2]+0.022*[#   3]+0.022*[#   4]+0.002*[#   1]
    |psi|^2 = 0.068

 k =  -0.0471404521 -0.3299831646  0.4242640687
==== e(   1) =     1.98431 eV ==== 
     psi = 0.295*[#   1]+0.234*[#   2]+0.234*[#   3]+0.234*[#   4]
    |psi|^2 = 0.996
==== e(   2) =     8.15111 eV ==== 
     psi = 0.263*[#   2]+0.263*[#   3]+0.263*[#   4]+0.175*[#   1]
    |psi|^2 = 0.964
==== e(   3) =    10.87009 eV ==== 
     psi = 0.401*[#   1]+0.166*[#   2]+0.166*[#   3]+0.166*[#   4]
    |psi|^2 = 0.901
==== e(   4) =    15.62274 eV ==== 
     psi = 0.225*[#   2]+0.225*[#   3]+0.225*[#   4]+0.095*[#   1]
    |psi|^2 = 0.771
==== e(   5) =    20.34502 eV ==== 
     psi = 0.046*[#   2]+0.046*[#   3]+0.046*[#   4]+0.021*[#   1]
    |psi|^2 = 0.158
==== e(   6) =    23.58754 eV ==== 
     psi = 0.019*[#   2]+0.019*[#   3]+0.019*[#   4]+0.003*[#   1]
    |psi|^2 = 0.060

 k =  -0.0235702260 -0.3064129385  0.4006938427
==== e(   1) =     1.35133 eV ==== 
     psi = 0.300*[#   1]+0.232*[#   2]+0.232*[#   3]+0.232*[#   4]
    |psi|^2 = 0.997
==== e(   2) =     9.08006 eV ==== 
     psi = 0.292*[#   2]+0.292*[#   3]+0.292*[#   4]+0.075*[#   1]
    |psi|^2 = 0.952
==== e(   3) =    10.96928 eV ==== 
     psi = 0.494*[#   1]+0.137*[#   2]+0.137*[#   3]+0.137*[#   4]
    |psi|^2 = 0.905
==== e(   4) =    16.11331 eV ==== 
     psi = 0.215*[#   2]+0.215*[#   3]+0.215*[#   4]+0.096*[#   1]
    |psi|^2 = 0.739
==== e(   5) =    20.82918 eV ==== 
     psi = 0.046*[#   2]+0.046*[#   3]+0.046*[#   4]+0.020*[#   1]
    |psi|^2 = 0.157
==== e(   6) =    23.39754 eV ==== 
     psi = 0.013*[#   2]+0.013*[#   3]+0.013*[#   4]+0.002*[#   1]
    |psi|^2 = 0.040

 k =   0.0000000000 -0.2828427125  0.3771236166
==== e(   1) =     0.77414 eV ==== 
     psi = 0.307*[#   1]+0.230*[#   2]+0.230*[#   3]+0.230*[#   4]
    |psi|^2 = 0.997
==== e(   2) =     9.83321 eV ==== 
     psi = 0.312*[#   2]+0.312*[#   3]+0.312*[#   4]
    |psi|^2 = 0.937
==== e(   3) =    11.34678 eV ==== 
     psi = 0.559*[#   1]+0.115*[#   2]+0.115*[#   3]+0.115*[#   4]
    |psi|^2 = 0.905
==== e(   4) =    16.65549 eV ==== 
     psi = 0.202*[#   2]+0.202*[#   3]+0.202*[#   4]+0.096*[#   1]
    |psi|^2 = 0.701
==== e(   5) =    21.35205 eV ==== 
     psi = 0.048*[#   2]+0.048*[#   3]+0.048*[#   4]+0.017*[#   1]
    |psi|^2 = 0.161
==== e(   6) =    23.02857 eV ==== 
     psi = 0.008*[#   2]+0.008*[#   3]+0.008*[#   4]
    |psi|^2 = 0.023

 k =   0.4242640687  0.0942809042 -0.0000000000
==== e(   1) =     0.18384 eV ==== 
     psi = 0.305*[#   1]+0.231*[#   2]+0.231*[#   3]+0.231*[#   4]
    |psi|^2 = 0.997
==== e(   2) =    12.62197 eV ==== 
     psi = 0.241*[#   2]+0.241*[#   3]+0.241*[#   4]
    |psi|^2 = 0.722
==== e(   3) =    13.68722 eV ==== 
     psi = 0.240*[#   2]+0.240*[#   3]+0.240*[#   4]
    |psi|^2 = 0.719
==== e(   4) =    14.16174 eV ==== 
     psi = 0.505*[#   1]+0.095*[#   2]+0.095*[#   3]+0.095*[#   4]
    |psi|^2 = 0.791
==== e(   5) =    17.07890 eV ==== 
     psi = 0.076*[#   2]+0.076*[#   3]+0.076*[#   4]
    |psi|^2 = 0.229
==== e(   6) =    19.43855 eV ==== 
     psi = 0.175*[#   1]+0.076*[#   2]+0.076*[#   3]+0.076*[#   4]
    |psi|^2 = 0.403

 k =   0.4478342948  0.1178511302 -0.0235702260
==== e(   1) =     0.64533 eV ==== 
     psi = 0.299*[#   1]+0.232*[#   2]+0.232*[#   3]+0.232*[#   4]
    |psi|^2 = 0.997
==== e(   2) =    11.74255 eV ==== 
     psi = 0.259*[#   2]+0.259*[#   3]+0.259*[#   4]+0.029*[#   1]
    |psi|^2 = 0.807
==== e(   3) =    13.15402 eV ==== 
     psi = 0.201*[#   2]+0.201*[#   3]+0.201*[#   4]+0.046*[#   1]
    |psi|^2 = 0.648
==== e(   4) =    13.65044 eV ==== 
     psi = 0.484*[#   1]+0.142*[#   2]+0.142*[#   3]+0.142*[#   4]
    |psi|^2 = 0.909
==== e(   5) =    17.40878 eV ==== 
     psi = 0.062*[#   2]+0.062*[#   3]+0.062*[#   4]+0.014*[#   1]
    |psi|^2 = 0.202
==== e(   6) =    19.87111 eV ==== 
     psi = 0.115*[#   1]+0.069*[#   2]+0.069*[#   3]+0.069*[#   4]
    |psi|^2 = 0.323

 k =   0.4714045208  0.1414213562 -0.0471404521
==== e(   1) =     1.16369 eV ==== 
     psi = 0.295*[#   1]+0.234*[#   2]+0.234*[#   3]+0.234*[#   4]
    |psi|^2 = 0.996
==== e(   2) =    10.70197 eV ==== 
     psi = 0.266*[#   2]+0.266*[#   3]+0.266*[#   4]+0.079*[#   1]
    |psi|^2 = 0.878
==== e(   3) =    12.64589 eV ==== 
     psi = 0.194*[#   1]+0.156*[#   2]+0.156*[#   3]+0.156*[#   4]
    |psi|^2 = 0.663
==== e(   4) =    13.39680 eV ==== 
     psi = 0.324*[#   1]+0.203*[#   2]+0.203*[#   3]+0.203*[#   4]
    |psi|^2 = 0.934
==== e(   5) =    17.59917 eV ==== 
     psi = 0.057*[#   2]+0.057*[#   3]+0.057*[#   4]+0.032*[#   1]
    |psi|^2 = 0.203
==== e(   6) =    20.57299 eV ==== 
     psi = 0.066*[#   1]+0.055*[#   2]+0.055*[#   3]+0.055*[#   4]
    |psi|^2 = 0.230

 k =   0.4949747468  0.1649915823 -0.0707106781
==== e(   1) =     1.73810 eV ==== 
     psi = 0.292*[#   1]+0.235*[#   2]+0.235*[#   3]+0.235*[#   4]
    |psi|^2 = 0.996
==== e(   2) =     9.64310 eV ==== 
     psi = 0.265*[#   2]+0.265*[#   3]+0.265*[#   4]+0.129*[#   1]
    |psi|^2 = 0.923
==== e(   3) =    12.12412 eV ==== 
     psi = 0.271*[#   1]+0.150*[#   2]+0.150*[#   3]+0.150*[#   4]
    |psi|^2 = 0.721
==== e(   4) =    13.31472 eV ==== 
     psi = 0.230*[#   2]+0.230*[#   3]+0.230*[#   4]+0.225*[#   1]
    |psi|^2 = 0.915
==== e(   5) =    17.72744 eV ==== 
     psi = 0.056*[#   2]+0.056*[#   3]+0.056*[#   4]+0.039*[#   1]
    |psi|^2 = 0.206
==== e(   6) =    21.44837 eV ==== 
     psi = 0.040*[#   2]+0.040*[#   3]+0.040*[#   4]+0.037*[#   1]
    |psi|^2 = 0.155

 k =  -0.1885618083 -0.5185449729  0.6128258770
==== e(   1) =     2.36750 eV ==== 
     psi = 0.287*[#   1]+0.236*[#   2]+0.236*[#   3]+0.236*[#   4]
    |psi|^2 = 0.995
==== e(   2) =     8.60660 eV ==== 
     psi = 0.259*[#   2]+0.259*[#   3]+0.259*[#   4]+0.175*[#   1]
    |psi|^2 = 0.951
==== e(   3) =    11.63481 eV ==== 
     psi = 0.299*[#   1]+0.157*[#   2]+0.157*[#   3]+0.157*[#   4]
    |psi|^2 = 0.772
==== e(   4) =    13.32660 eV ==== 
     psi = 0.242*[#   2]+0.242*[#   3]+0.242*[#   4]+0.173*[#   1]
    |psi|^2 = 0.898
==== e(   5) =    17.85204 eV ==== 
     psi = 0.055*[#   2]+0.055*[#   3]+0.055*[#   4]+0.038*[#   1]
    |psi|^2 = 0.204
==== e(   6) =    22.42629 eV ==== 
     psi = 0.028*[#   2]+0.028*[#   3]+0.028*[#   4]+0.021*[#   1]
    |psi|^2 = 0.104

 k =  -0.1649915823 -0.4949747468  0.5892556510
==== e(   1) =     3.05042 eV ==== 
     psi = 0.279*[#   1]+0.238*[#   2]+0.238*[#   3]+0.238*[#   4]
    |psi|^2 = 0.994
==== e(   2) =     7.60693 eV ==== 
     psi = 0.251*[#   2]+0.251*[#   3]+0.251*[#   4]+0.216*[#   1]
    |psi|^2 = 0.968
==== e(   3) =    11.19352 eV ==== 
     psi = 0.309*[#   1]+0.167*[#   2]+0.167*[#   3]+0.167*[#   4]
    |psi|^2 = 0.811
==== e(   4) =    13.40836 eV ==== 
     psi = 0.248*[#   2]+0.248*[#   3]+0.248*[#   4]+0.142*[#   1]
    |psi|^2 = 0.886
==== e(   5) =    18.00181 eV ==== 
     psi = 0.054*[#   2]+0.054*[#   3]+0.054*[#   4]+0.035*[#   1]
    |psi|^2 = 0.198
==== e(   6) =    23.46256 eV ==== 
     psi = 0.020*[#   2]+0.020*[#   3]+0.020*[#   4]+0.012*[#   1]
    |psi|^2 = 0.070

 k =  -0.1414213562 -0.4714045208  0.5656854249
==== e(   1) =     3.78440 eV ==== 
     psi = 0.263*[#   1]+0.243*[#   2]+0.243*[#   3]+0.243*[#   4]
    |psi|^2 = 0.992
==== e(   2) =     6.65160 eV ==== 
     psi = 0.255*[#   1]+0.241*[#   2]+0.241*[#   3]+0.241*[#   4]
    |psi|^2 = 0.979
==== e(   3) =    10.80621 eV ==== 
     psi = 0.315*[#   1]+0.176*[#   2]+0.176*[#   3]+0.176*[#   4]
    |psi|^2 = 0.842
==== e(   4) =    13.55180 eV ==== 
     psi = 0.251*[#   2]+0.251*[#   3]+0.251*[#   4]+0.122*[#   1]
    |psi|^2 = 0.874
==== e(   5) =    18.19016 eV ==== 
     psi = 0.052*[#   2]+0.052*[#   3]+0.052*[#   4]+0.032*[#   1]
    |psi|^2 = 0.189
==== e(   6) =    24.50466 eV ==== 
     psi = 0.015*[#   2]+0.015*[#   3]+0.015*[#   4]+0.006*[#   1]
    |psi|^2 = 0.051

 k =  -0.1178511302 -0.4478342948  0.5421151989
==== e(   1) =     4.56125 eV ==== 
     psi = 0.259*[#   2]+0.259*[#   3]+0.259*[#   4]+0.214*[#   1]
    |psi|^2 = 0.990
==== e(   2) =     5.75018 eV ==== 
     psi = 0.314*[#   1]+0.223*[#   2]+0.223*[#   3]+0.223*[#   4]
    |psi|^2 = 0.985
==== e(   3) =    10.47667 eV ==== 
     psi = 0.323*[#   1]+0.181*[#   2]+0.181*[#   3]+0.181*[#   4]
    |psi|^2 = 0.866
==== e(   4) =    13.75343 eV ==== 
     psi = 0.251*[#   2]+0.251*[#   3]+0.251*[#   4]+0.109*[#   1]
    |psi|^2 = 0.863
==== e(   5) =    18.42346 eV ==== 
     psi = 0.050*[#   2]+0.050*[#   3]+0.050*[#   4]+0.029*[#   1]
    |psi|^2 = 0.180
==== e(   6) =    25.24565 eV ==== 
     psi = 0.016*[#   2]+0.016*[#   3]+0.016*[#   4]
    |psi|^2 = 0.049

 k =  -0.0942809042 -0.4242640687  0.5185449729
==== e(   1) =     4.83849 eV ==== 
     psi = 0.281*[#   2]+0.281*[#   3]+0.281*[#   4]+0.148*[#   1]
    |psi|^2 = 0.992
==== e(   2) =     5.44369 eV ==== 
     psi = 0.375*[#   1]+0.203*[#   2]+0.203*[#   3]+0.203*[#   4]
    |psi|^2 = 0.983
==== e(   3) =    10.20917 eV ==== 
     psi = 0.340*[#   1]+0.181*[#   2]+0.181*[#   3]+0.181*[#   4]
    |psi|^2 = 0.884
==== e(   4) =    14.01140 eV ==== 
     psi = 0.250*[#   2]+0.250*[#   3]+0.250*[#   4]+0.101*[#   1]
    |psi|^2 = 0.850
==== e(   5) =    18.70472 eV ==== 
     psi = 0.048*[#   2]+0.048*[#   3]+0.048*[#   4]+0.027*[#   1]
    |psi|^2 = 0.172
==== e(   6) =    25.18420 eV ==== 
     psi = 0.016*[#   2]+0.016*[#   3]+0.016*[#   4]
    |psi|^2 = 0.049

 k =  -0.0707106781 -0.4006938427  0.4949747468
==== e(   1) =     4.05262 eV ==== 
     psi = 0.249*[#   1]+0.248*[#   2]+0.248*[#   3]+0.248*[#   4]
    |psi|^2 = 0.993
==== e(   2) =     6.28987 eV ==== 
     psi = 0.249*[#   1]+0.244*[#   2]+0.244*[#   3]+0.244*[#   4]
    |psi|^2 = 0.980
==== e(   3) =    10.01111 eV ==== 
     psi = 0.371*[#   1]+0.175*[#   2]+0.175*[#   3]+0.175*[#   4]
    |psi|^2 = 0.897
==== e(   4) =    14.32459 eV ==== 
     psi = 0.247*[#   2]+0.247*[#   3]+0.247*[#   4]+0.097*[#   1]
    |psi|^2 = 0.836
==== e(   5) =    19.03509 eV ==== 
     psi = 0.047*[#   2]+0.047*[#   3]+0.047*[#   4]+0.025*[#   1]
    |psi|^2 = 0.165
==== e(   6) =    24.98348 eV ==== 
     psi = 0.016*[#   2]+0.016*[#   3]+0.016*[#   4]+0.001*[#   1]
    |psi|^2 = 0.048

 k =  -0.0471404521 -0.3771236166  0.4714045208
==== e(   1) =     3.29795 eV ==== 
     psi = 0.271*[#   1]+0.241*[#   2]+0.241*[#   3]+0.241*[#   4]
    |psi|^2 = 0.995
==== e(   2) =     7.17802 eV ==== 
     psi = 0.267*[#   2]+0.267*[#   3]+0.267*[#   4]+0.175*[#   1]
    |psi|^2 = 0.975
==== e(   3) =     9.89972 eV ==== 
     psi = 0.426*[#   1]+0.160*[#   2]+0.160*[#   3]+0.160*[#   4]
    |psi|^2 = 0.906
==== e(   4) =    14.69215 eV ==== 
     psi = 0.242*[#   2]+0.242*[#   3]+0.242*[#   4]+0.095*[#   1]
    |psi|^2 = 0.820
==== e(   5) =    19.41453 eV ==== 
     psi = 0.045*[#   2]+0.045*[#   3]+0.045*[#   4]+0.024*[#   1]
    |psi|^2 = 0.159
==== e(   6) =    24.78341 eV ==== 
     psi = 0.014*[#   2]+0.014*[#   3]+0.014*[#   4]+0.001*[#   1]
    |psi|^2 = 0.044

 k =  -0.0235702260 -0.3535533906  0.4478342948
==== e(   1) =     2.59470 eV ==== 
     psi = 0.283*[#   1]+0.237*[#   2]+0.237*[#   3]+0.237*[#   4]
    |psi|^2 = 0.996
==== e(   2) =     8.03756 eV ==== 
     psi = 0.298*[#   2]+0.298*[#   3]+0.298*[#   4]+0.075*[#   1]
    |psi|^2 = 0.969
==== e(   3) =     9.92562 eV ==== 
     psi = 0.514*[#   1]+0.132*[#   2]+0.132*[#   3]+0.132*[#   4]
    |psi|^2 = 0.909
==== e(   4) =    15.11331 eV ==== 
     psi = 0.235*[#   2]+0.235*[#   3]+0.235*[#   4]+0.095*[#   1]
    |psi|^2 = 0.799
==== e(   5) =    19.84196 eV ==== 
     psi = 0.044*[#   2]+0.044*[#   3]+0.044*[#   4]+0.023*[#   1]
    |psi|^2 = 0.155
==== e(   6) =    24.55475 eV ==== 
     psi = 0.010*[#   2]+0.010*[#   3]+0.010*[#   4]
    |psi|^2 = 0.030

 k =   0.0000000000 -0.3299831646  0.4242640687
==== e(   1) =     1.94541 eV ==== 
     psi = 0.292*[#   1]+0.235*[#   2]+0.235*[#   3]+0.235*[#   4]
    |psi|^2 = 0.996
==== e(   2) =     8.71888 eV ==== 
     psi = 0.321*[#   2]+0.321*[#   3]+0.321*[#   4]
    |psi|^2 = 0.962
==== e(   3) =    10.23559 eV ==== 
     psi = 0.579*[#   1]+0.110*[#   2]+0.110*[#   3]+0.110*[#   4]
    |psi|^2 = 0.909
==== e(   4) =    15.58731 eV ==== 
     psi = 0.226*[#   2]+0.226*[#   3]+0.226*[#   4]+0.095*[#   1]
    |psi|^2 = 0.773
==== e(   5) =    20.31506 eV ==== 
     psi = 0.044*[#   2]+0.044*[#   3]+0.044*[#   4]+0.022*[#   1]
    |psi|^2 = 0.154
==== e(   6) =    24.14012 eV ==== 
     psi = 0.005*[#   2]+0.005*[#   3]+0.005*[#   4]
    |psi|^2 = 0.015

 k =   0.4714045208  0.0942809042 -0.0000000000
==== e(   1) =     0.92882 eV ==== 
     psi = 0.297*[#   1]+0.233*[#   2]+0.233*[#   3]+0.233*[#   4]
    |psi|^2 = 0.996
==== e(   2) =    12.21339 eV ==== 
     psi = 0.242*[#   2]+0.242*[#   3]+0.242*[#   4]
    |psi|^2 = 0.727
==== e(   3) =    12.43557 eV ==== 
     psi = 0.266*[#   1]+0.124*[#   2]+0.124*[#   3]+0.124*[#   4]
    |psi|^2 = 0.637
==== e(   4) =    13.52054 eV ==== 
     psi = 0.277*[#   1]+0.230*[#   2]+0.230*[#   3]+0.230*[#   4]
    |psi|^2 = 0.967
==== e(   5) =    16.67896 eV ==== 
     psi = 0.080*[#   2]+0.080*[#   3]+0.080*[#   4]
    |psi|^2 = 0.239
==== e(   6) =    19.07582 eV ==== 
     psi = 0.150*[#   1]+0.062*[#   2]+0.062*[#   3]+0.062*[#   4]
    |psi|^2 = 0.335

 k =   0.4949747468  0.1178511302 -0.0235702260
==== e(   1) =     1.42616 eV ==== 
     psi = 0.293*[#   1]+0.234*[#   2]+0.234*[#   3]+0.234*[#   4]
    |psi|^2 = 0.996
==== e(   2) =    11.35486 eV ==== 
     psi = 0.268*[#   2]+0.268*[#   3]+0.268*[#   4]+0.004*[#   1]
    |psi|^2 = 0.808
==== e(   3) =    11.83193 eV ==== 
     psi = 0.321*[#   1]+0.126*[#   2]+0.126*[#   3]+0.126*[#   4]
    |psi|^2 = 0.699
==== e(   4) =    13.16037 eV ==== 
     psi = 0.263*[#   1]+0.227*[#   2]+0.227*[#   3]+0.227*[#   4]
    |psi|^2 = 0.945
==== e(   5) =    17.04571 eV ==== 
     psi = 0.064*[#   2]+0.064*[#   3]+0.064*[#   4]+0.012*[#   1]
    |psi|^2 = 0.204
==== e(   6) =    19.54306 eV ==== 
     psi = 0.098*[#   1]+0.056*[#   2]+0.056*[#   3]+0.056*[#   4]
    |psi|^2 = 0.266

 k =   0.5185449729  0.1414213562 -0.0471404521
==== e(   1) =     1.97932 eV ==== 
     psi = 0.289*[#   1]+0.235*[#   2]+0.235*[#   3]+0.235*[#   4]
    |psi|^2 = 0.995
==== e(   2) =    10.35121 eV ==== 
     psi = 0.280*[#   2]+0.280*[#   3]+0.280*[#   4]+0.040*[#   1]
    |psi|^2 = 0.881
==== e(   3) =    11.27186 eV ==== 
     psi = 0.372*[#   1]+0.127*[#   2]+0.127*[#   3]+0.127*[#   4]
    |psi|^2 = 0.753
==== e(   4) =    13.02605 eV ==== 
     psi = 0.236*[#   2]+0.236*[#   3]+0.236*[#   4]+0.209*[#   1]
    |psi|^2 = 0.918
==== e(   5) =    17.27342 eV ==== 
     psi = 0.056*[#   2]+0.056*[#   3]+0.056*[#   4]+0.027*[#   1]
    |psi|^2 = 0.196
==== e(   6) =    20.28021 eV ==== 
     psi = 0.056*[#   1]+0.044*[#   2]+0.044*[#   3]+0.044*[#   4]
    |psi|^2 = 0.188

 k =  -0.1649915823 -0.5421151989  0.6363961031
==== e(   1) =     2.58712 eV ==== 
     psi = 0.283*[#   1]+0.237*[#   2]+0.237*[#   3]+0.237*[#   4]
    |psi|^2 = 0.994
==== e(   2) =     9.33279 eV ==== 
     psi = 0.279*[#   2]+0.279*[#   3]+0.279*[#   4]+0.090*[#   1]
    |psi|^2 = 0.927
==== e(   3) =    10.75426 eV ==== 
     psi = 0.388*[#   1]+0.136*[#   2]+0.136*[#   3]+0.136*[#   4]
    |psi|^2 = 0.797
==== e(   4) =    13.00619 eV ==== 
     psi = 0.244*[#   2]+0.244*[#   3]+0.244*[#   4]+0.169*[#   1]
    |psi|^2 = 0.900
==== e(   5) =    17.43905 eV ==== 
     psi = 0.053*[#   2]+0.053*[#   3]+0.053*[#   4]+0.033*[#   1]
    |psi|^2 = 0.193
==== e(   6) =    21.19207 eV ==== 
     psi = 0.031*[#   2]+0.031*[#   3]+0.031*[#   4]+0.031*[#   1]
    |psi|^2 = 0.126

 k =  -0.1414213562 -0.5185449729  0.6128258770
==== e(   1) =     3.24785 eV ==== 
     psi = 0.272*[#   1]+0.240*[#   2]+0.240*[#   3]+0.240*[#   4]
    |psi|^2 = 0.993
==== e(   2) =     8.33609 eV ==== 
     psi = 0.272*[#   2]+0.272*[#   3]+0.272*[#   4]+0.139*[#   1]
    |psi|^2 = 0.955
==== e(   3) =    10.28931 eV ==== 
     psi = 0.391*[#   1]+0.147*[#   2]+0.147*[#   3]+0.147*[#   4]
    |psi|^2 = 0.833
==== e(   4) =    13.06368 eV ==== 
     psi = 0.249*[#   2]+0.249*[#   3]+0.249*[#   4]+0.141*[#   1]
    |psi|^2 = 0.889
==== e(   5) =    17.60091 eV ==== 
     psi = 0.052*[#   2]+0.052*[#   3]+0.052*[#   4]+0.033*[#   1]
    |psi|^2 = 0.188
==== e(   6) =    22.20851 eV ==== 
     psi = 0.022*[#   2]+0.022*[#   3]+0.022*[#   4]+0.018*[#   1]
    |psi|^2 = 0.083

 k =  -0.1178511302 -0.4949747468  0.5892556510
==== e(   1) =     3.95876 eV ==== 
     psi = 0.253*[#   1]+0.246*[#   2]+0.246*[#   3]+0.246*[#   4]
    |psi|^2 = 0.991
==== e(   2) =     7.37587 eV ==== 
     psi = 0.262*[#   2]+0.262*[#   3]+0.262*[#   4]+0.185*[#   1]
    |psi|^2 = 0.971
==== e(   3) =     9.88189 eV ==== 
     psi = 0.392*[#   1]+0.157*[#   2]+0.157*[#   3]+0.157*[#   4]
    |psi|^2 = 0.861
==== e(   4) =    13.18598 eV ==== 
     psi = 0.252*[#   2]+0.252*[#   3]+0.252*[#   4]+0.122*[#   1]
    |psi|^2 = 0.879
==== e(   5) =    17.78784 eV ==== 
     psi = 0.050*[#   2]+0.050*[#   3]+0.050*[#   4]+0.031*[#   1]
    |psi|^2 = 0.182
==== e(   6) =    23.28836 eV ==== 
     psi = 0.015*[#   2]+0.015*[#   3]+0.015*[#   4]+0.011*[#   1]
    |psi|^2 = 0.055

 k =  -0.0942809042 -0.4714045208  0.5656854249
==== e(   1) =     4.71361 eV ==== 
     psi = 0.258*[#   2]+0.258*[#   3]+0.258*[#   4]+0.214*[#   1]
    |psi|^2 = 0.989
==== e(   2) =     6.46155 eV ==== 
     psi = 0.248*[#   2]+0.248*[#   3]+0.248*[#   4]+0.235*[#   1]
    |psi|^2 = 0.981
==== e(   3) =     9.53652 eV ==== 
     psi = 0.399*[#   1]+0.161*[#   2]+0.161*[#   3]+0.161*[#   4]
    |psi|^2 = 0.883
==== e(   4) =    13.36802 eV ==== 
     psi = 0.253*[#   2]+0.253*[#   3]+0.253*[#   4]+0.110*[#   1]
    |psi|^2 = 0.870
==== e(   5) =    18.01322 eV ==== 
     psi = 0.048*[#   2]+0.048*[#   3]+0.048*[#   4]+0.029*[#   1]
    |psi|^2 = 0.175
==== e(   6) =    24.39798 eV ==== 
     psi = 0.010*[#   2]+0.010*[#   3]+0.010*[#   4]+0.006*[#   1]
    |psi|^2 = 0.037

 k =  -0.0707106781 -0.4478342948  0.5421151989
==== e(   1) =     5.41508 eV ==== 
     psi = 0.329*[#   2]+0.329*[#   3]+0.329*[#   4]+0.003*[#   1]
    |psi|^2 = 0.990
==== e(   2) =     5.68709 eV ==== 
     psi = 0.438*[#   1]+0.181*[#   2]+0.181*[#   3]+0.181*[#   4]
    |psi|^2 = 0.982
==== e(   3) =     9.26057 eV ==== 
     psi = 0.419*[#   1]+0.159*[#   2]+0.159*[#   3]+0.159*[#   4]
    |psi|^2 = 0.898
==== e(   4) =    13.60731 eV ==== 
     psi = 0.253*[#   2]+0.253*[#   3]+0.253*[#   4]+0.102*[#   1]
    |psi|^2 = 0.861
==== e(   5) =    18.28333 eV ==== 
     psi = 0.047*[#   2]+0.047*[#   3]+0.047*[#   4]+0.028*[#   1]
    |psi|^2 = 0.168
==== e(   6) =    25.46549 eV ==== 
     psi = 0.009*[#   2]+0.009*[#   3]+0.009*[#   4]+0.003*[#   1]
    |psi|^2 = 0.029

 k =  -0.0471404521 -0.4242640687  0.5185449729
==== e(   1) =     4.74416 eV ==== 
     psi = 0.259*[#   2]+0.259*[#   3]+0.259*[#   4]+0.214*[#   1]
    |psi|^2 = 0.992
==== e(   2) =     6.35659 eV ==== 
     psi = 0.264*[#   2]+0.264*[#   3]+0.264*[#   4]+0.189*[#   1]
    |psi|^2 = 0.981
==== e(   3) =     9.07123 eV ==== 
     psi = 0.464*[#   1]+0.148*[#   2]+0.148*[#   3]+0.148*[#   4]
    |psi|^2 = 0.908
==== e(   4) =    13.90241 eV ==== 
     psi = 0.251*[#   2]+0.251*[#   3]+0.251*[#   4]+0.097*[#   1]
    |psi|^2 = 0.850
==== e(   5) =    18.60102 eV ==== 
     psi = 0.045*[#   2]+0.045*[#   3]+0.045*[#   4]+0.026*[#   1]
    |psi|^2 = 0.163
==== e(   6) =    25.98837 eV ==== 
     psi = 0.012*[#   2]+0.012*[#   3]+0.012*[#   4]
    |psi|^2 = 0.035

 k =  -0.0235702260 -0.4006938427  0.4949747468
==== e(   1) =     3.97741 eV ==== 
     psi = 0.250*[#   1]+0.248*[#   2]+0.248*[#   3]+0.248*[#   4]
    |psi|^2 = 0.994
==== e(   2) =     7.14383 eV ==== 
     psi = 0.301*[#   2]+0.301*[#   3]+0.301*[#   4]+0.077*[#   1]
    |psi|^2 = 0.980
==== e(   3) =     9.01941 eV ==== 
     psi = 0.544*[#   1]+0.122*[#   2]+0.122*[#   3]+0.122*[#   4]
    |psi|^2 = 0.911
==== e(   4) =    14.25232 eV ==== 
     psi = 0.247*[#   2]+0.247*[#   3]+0.247*[#   4]+0.095*[#   1]
    |psi|^2 = 0.837
==== e(   5) =    18.96721 eV ==== 
     psi = 0.044*[#   2]+0.044*[#   3]+0.044*[#   4]+0.025*[#   1]
    |psi|^2 = 0.158
==== e(   6) =    25.82335 eV ==== 
     psi = 0.008*[#   2]+0.008*[#   3]+0.008*[#   4]
    |psi|^2 = 0.024

 k =  -0.0000000000 -0.3771236166  0.4714045208
==== e(   1) =     3.25959 eV ==== 
     psi = 0.269*[#   1]+0.242*[#   2]+0.242*[#   3]+0.242*[#   4]
    |psi|^2 = 0.995
==== e(   2) =     7.75386 eV ==== 
     psi = 0.326*[#   2]+0.326*[#   3]+0.326*[#   4]
    |psi|^2 = 0.977
==== e(   3) =     9.25587 eV ==== 
     psi = 0.603*[#   1]+0.102*[#   2]+0.102*[#   3]+0.102*[#   4]
    |psi|^2 = 0.910
==== e(   4) =    14.65621 eV ==== 
     psi = 0.242*[#   2]+0.242*[#   3]+0.242*[#   4]+0.094*[#   1]
    |psi|^2 = 0.821
==== e(   5) =    19.38144 eV ==== 
     psi = 0.044*[#   2]+0.044*[#   3]+0.044*[#   4]+0.024*[#   1]
    |psi|^2 = 0.156
==== e(   6) =    25.38695 eV ==== 
     psi = 0.003*[#   2]+0.003*[#   3]+0.003*[#   4]
    |psi|^2 = 0.010

 k =   0.5185449729  0.0942809042  0.0000000000
==== e(   1) =     1.74589 eV ==== 
     psi = 0.292*[#   1]+0.234*[#   2]+0.234*[#   3]+0.234*[#   4]
    |psi|^2 = 0.995
==== e(   2) =    11.01960 eV ==== 
     psi = 0.376*[#   1]+0.115*[#   2]+0.115*[#   3]+0.115*[#   4]
    |psi|^2 = 0.722
==== e(   3) =    11.87867 eV ==== 
     psi = 0.243*[#   2]+0.243*[#   3]+0.243*[#   4]
    |psi|^2 = 0.729
==== e(   4) =    13.17675 eV ==== 
     psi = 0.255*[#   2]+0.255*[#   3]+0.255*[#   4]+0.200*[#   1]
    |psi|^2 = 0.964
==== e(   5) =    16.35081 eV ==== 
     psi = 0.083*[#   2]+0.083*[#   3]+0.083*[#   4]
    |psi|^2 = 0.248
==== e(   6) =    18.77216 eV ==== 
     psi = 0.124*[#   1]+0.050*[#   2]+0.050*[#   3]+0.050*[#   4]
    |psi|^2 = 0.274

 k =   0.5421151989  0.1178511302 -0.0235702260
==== e(   1) =     2.27728 eV ==== 
     psi = 0.288*[#   1]+0.235*[#   2]+0.235*[#   3]+0.235*[#   4]
    |psi|^2 = 0.994
==== e(   2) =    10.40528 eV ==== 
     psi = 0.340*[#   1]+0.145*[#   2]+0.145*[#   3]+0.145*[#   4]
    |psi|^2 = 0.773
==== e(   3) =    11.09756 eV ==== 
     psi = 0.246*[#   2]+0.246*[#   3]+0.246*[#   4]+0.075*[#   1]
    |psi|^2 = 0.814
==== e(   4) =    12.85464 eV ==== 
     psi = 0.246*[#   2]+0.246*[#   3]+0.246*[#   4]+0.201*[#   1]
    |psi|^2 = 0.938
==== e(   5) =    16.75411 eV ==== 
     psi = 0.065*[#   2]+0.065*[#   3]+0.065*[#   4]+0.010*[#   1]
    |psi|^2 = 0.206
==== e(   6) =    19.27547 eV ==== 
     psi = 0.081*[#   1]+0.046*[#   2]+0.046*[#   3]+0.046*[#   4]
    |psi|^2 = 0.217

 k =  -0.1414213562 -0.5656854249  0.6599663291
==== e(   1) =     2.86264 eV ==== 
     psi = 0.280*[#   1]+0.238*[#   2]+0.238*[#   3]+0.238*[#   4]
    |psi|^2 = 0.993
==== e(   2) =     9.80045 eV ==== 
     psi = 0.219*[#   2]+0.219*[#   3]+0.219*[#   4]+0.178*[#   1]
    |psi|^2 = 0.834
==== e(   3) =    10.20437 eV ==== 
     psi = 0.298*[#   1]+0.190*[#   2]+0.190*[#   3]+0.190*[#   4]
    |psi|^2 = 0.869
==== e(   4) =    12.76275 eV ==== 
     psi = 0.247*[#   2]+0.247*[#   3]+0.247*[#   4]+0.169*[#   1]
    |psi|^2 = 0.910
==== e(   5) =    17.01865 eV ==== 
     psi = 0.056*[#   2]+0.056*[#   3]+0.056*[#   4]+0.023*[#   1]
    |psi|^2 = 0.190
==== e(   6) =    20.04874 eV ==== 
     psi = 0.047*[#   1]+0.036*[#   2]+0.036*[#   3]+0.036*[#   4]
    |psi|^2 = 0.154

 k =  -0.1178511302 -0.5421151989  0.6363961031
==== e(   1) =     3.49974 eV ==== 
     psi = 0.265*[#   1]+0.242*[#   2]+0.242*[#   3]+0.242*[#   4]
    |psi|^2 = 0.991
==== e(   2) =     9.03233 eV ==== 
     psi = 0.306*[#   2]+0.306*[#   3]+0.306*[#   4]+0.001*[#   1]
    |psi|^2 = 0.919
==== e(   3) =     9.50843 eV ==== 
     psi = 0.531*[#   1]+0.111*[#   2]+0.111*[#   3]+0.111*[#   4]
    |psi|^2 = 0.862
==== e(   4) =    12.78291 eV ==== 
     psi = 0.250*[#   2]+0.250*[#   3]+0.250*[#   4]+0.143*[#   1]
    |psi|^2 = 0.894
==== e(   5) =    17.22135 eV ==== 
     psi = 0.051*[#   2]+0.051*[#   3]+0.051*[#   4]+0.028*[#   1]
    |psi|^2 = 0.182
==== e(   6) =    20.99696 eV ==== 
     psi = 0.027*[#   1]+0.025*[#   2]+0.025*[#   3]+0.025*[#   4]
    |psi|^2 = 0.103

 k =  -0.0942809042 -0.5185449729  0.6128258770
==== e(   1) =     4.18475 eV ==== 
     psi = 0.250*[#   2]+0.250*[#   3]+0.250*[#   4]+0.241*[#   1]
    |psi|^2 = 0.989
==== e(   2) =     8.11878 eV ==== 
     psi = 0.296*[#   2]+0.296*[#   3]+0.296*[#   4]+0.068*[#   1]
    |psi|^2 = 0.957
==== e(   3) =     9.03957 eV ==== 
     psi = 0.517*[#   1]+0.120*[#   2]+0.120*[#   3]+0.120*[#   4]
    |psi|^2 = 0.878
==== e(   4) =    12.87889 eV ==== 
     psi = 0.253*[#   2]+0.253*[#   3]+0.253*[#   4]+0.125*[#   1]
    |psi|^2 = 0.884
==== e(   5) =    17.42029 eV ==== 
     psi = 0.049*[#   2]+0.049*[#   3]+0.049*[#   4]+0.029*[#   1]
    |psi|^2 = 0.176
==== e(   6) =    22.05039 eV ==== 
     psi = 0.017*[#   2]+0.017*[#   3]+0.017*[#   4]+0.016*[#   1]
    |psi|^2 = 0.068

 k =  -0.0707106781 -0.4949747468  0.5892556510
==== e(   1) =     4.90967 eV ==== 
     psi = 0.263*[#   2]+0.263*[#   3]+0.263*[#   4]+0.198*[#   1]
    |psi|^2 = 0.987
==== e(   2) =     7.20994 eV ==== 
     psi = 0.280*[#   2]+0.280*[#   3]+0.280*[#   4]+0.135*[#   1]
    |psi|^2 = 0.974
==== e(   3) =     8.67162 eV ==== 
     psi = 0.511*[#   1]+0.128*[#   2]+0.128*[#   3]+0.128*[#   4]
    |psi|^2 = 0.895
==== e(   4) =    13.03890 eV ==== 
     psi = 0.255*[#   2]+0.255*[#   3]+0.255*[#   4]+0.112*[#   1]
    |psi|^2 = 0.876
==== e(   5) =    17.64419 eV ==== 
     psi = 0.047*[#   2]+0.047*[#   3]+0.047*[#   4]+0.029*[#   1]
    |psi|^2 = 0.171
==== e(   6) =    23.16886 eV ==== 
     psi = 0.012*[#   2]+0.012*[#   3]+0.012*[#   4]+0.010*[#   1]
    |psi|^2 = 0.045

 k =  -0.0471404521 -0.4714045208  0.5656854249
==== e(   1) =     5.64859 eV ==== 
     psi = 0.293*[#   2]+0.293*[#   3]+0.293*[#   4]+0.106*[#   1]
    |psi|^2 = 0.986
==== e(   2) =     6.34629 eV ==== 
     psi = 0.256*[#   2]+0.256*[#   3]+0.256*[#   4]+0.214*[#   1]
    |psi|^2 = 0.982
==== e(   3) =     8.39723 eV ==== 
     psi = 0.537*[#   1]+0.123*[#   2]+0.123*[#   3]+0.123*[#   4]
    |psi|^2 = 0.906
==== e(   4) =    13.25819 eV ==== 
     psi = 0.255*[#   2]+0.255*[#   3]+0.255*[#   4]+0.104*[#   1]
    |psi|^2 = 0.868
==== e(   5) =    17.90634 eV ==== 
     psi = 0.046*[#   2]+0.046*[#   3]+0.046*[#   4]+0.028*[#   1]
    |psi|^2 = 0.166
==== e(   6) =    24.32316 eV ==== 
     psi = 0.008*[#   2]+0.008*[#   3]+0.008*[#   4]+0.006*[#   1]
    |psi|^2 = 0.030

 k =  -0.0235702260 -0.4478342948  0.5421151989
==== e(   1) =     5.48406 eV ==== 
     psi = 0.273*[#   2]+0.273*[#   3]+0.273*[#   4]+0.169*[#   1]
    |psi|^2 = 0.989
==== e(   2) =     6.40325 eV ==== 
     psi = 0.297*[#   2]+0.297*[#   3]+0.297*[#   4]+0.094*[#   1]
    |psi|^2 = 0.986
==== e(   3) =     8.26215 eV ==== 
     psi = 0.602*[#   1]+0.103*[#   2]+0.103*[#   3]+0.103*[#   4]
    |psi|^2 = 0.910
==== e(   4) =    13.53439 eV ==== 
     psi = 0.254*[#   2]+0.254*[#   3]+0.254*[#   4]+0.099*[#   1]
    |psi|^2 = 0.860
==== e(   5) =    18.21284 eV ==== 
     psi = 0.045*[#   2]+0.045*[#   3]+0.045*[#   4]+0.027*[#   1]
    |psi|^2 = 0.162
==== e(   6) =    25.47536 eV ==== 
     psi = 0.006*[#   2]+0.006*[#   3]+0.006*[#   4]+0.003*[#   1]
    |psi|^2 = 0.022

 k =  -0.0000000000 -0.4242640687  0.5185449729
==== e(   1) =     4.70841 eV ==== 
     psi = 0.257*[#   2]+0.257*[#   3]+0.257*[#   4]+0.221*[#   1]
    |psi|^2 = 0.992
==== e(   2) =     6.93811 eV ==== 
     psi = 0.329*[#   2]+0.329*[#   3]+0.329*[#   4]
    |psi|^2 = 0.986
==== e(   3) =     8.41879 eV ==== 
     psi = 0.648*[#   1]+0.087*[#   2]+0.087*[#   3]+0.087*[#   4]
    |psi|^2 = 0.910
==== e(   4) =    13.86610 eV ==== 
     psi = 0.251*[#   2]+0.251*[#   3]+0.251*[#   4]+0.096*[#   1]
    |psi|^2 = 0.850
==== e(   5) =    18.56628 eV ==== 
     psi = 0.044*[#   2]+0.044*[#   3]+0.044*[#   4]+0.026*[#   1]
    |psi|^2 = 0.159
==== e(   6) =    26.50400 eV ==== 
     psi = 0.008*[#   2]+0.008*[#   3]+0.008*[#   4]
    |psi|^2 = 0.024

 k =   0.5656854249  0.0942809042  0.0000000000
==== e(   1) =     2.63094 eV ==== 
     psi = 0.286*[#   1]+0.235*[#   2]+0.235*[#   3]+0.235*[#   4]
    |psi|^2 = 0.992
==== e(   2) =     9.65566 eV ==== 
     psi = 0.442*[#   1]+0.117*[#   2]+0.117*[#   3]+0.117*[#   4]
    |psi|^2 = 0.791
==== e(   3) =    11.61807 eV ==== 
     psi = 0.243*[#   2]+0.243*[#   3]+0.243*[#   4]
    |psi|^2 = 0.730
==== e(   4) =    12.92055 eV ==== 
     psi = 0.266*[#   2]+0.266*[#   3]+0.266*[#   4]+0.164*[#   1]
    |psi|^2 = 0.961
==== e(   5) =    16.09515 eV ==== 
     psi = 0.085*[#   2]+0.085*[#   3]+0.085*[#   4]
    |psi|^2 = 0.254
==== e(   6) =    18.53192 eV ==== 
     psi = 0.102*[#   1]+0.040*[#   2]+0.040*[#   3]+0.040*[#   4]
    |psi|^2 = 0.223

 k =  -0.1178511302 -0.5892556510  0.6835365551
==== e(   1) =     3.19250 eV ==== 
     psi = 0.275*[#   1]+0.239*[#   2]+0.239*[#   3]+0.239*[#   4]
    |psi|^2 = 0.991
==== e(   2) =     9.08941 eV ==== 
     psi = 0.430*[#   1]+0.134*[#   2]+0.134*[#   3]+0.134*[#   4]
    |psi|^2 = 0.831
==== e(   3) =    10.86467 eV ==== 
     psi = 0.257*[#   2]+0.257*[#   3]+0.257*[#   4]+0.045*[#   1]
    |psi|^2 = 0.817
==== e(   4) =    12.63255 eV ==== 
     psi = 0.255*[#   2]+0.255*[#   3]+0.255*[#   4]+0.169*[#   1]
    |psi|^2 = 0.933
==== e(   5) =    16.53486 eV ==== 
     psi = 0.066*[#   2]+0.066*[#   3]+0.066*[#   4]+0.008*[#   1]
    |psi|^2 = 0.208
==== e(   6) =    19.07192 eV ==== 
     psi = 0.067*[#   1]+0.037*[#   2]+0.037*[#   3]+0.037*[#   4]
    |psi|^2 = 0.179

 k =  -0.0942809042 -0.5656854249  0.6599663291
==== e(   1) =     3.80339 eV ==== 
     psi = 0.255*[#   1]+0.245*[#   2]+0.245*[#   3]+0.245*[#   4]
    |psi|^2 = 0.989
==== e(   2) =     8.57968 eV ==== 
     psi = 0.403*[#   1]+0.154*[#   2]+0.154*[#   3]+0.154*[#   4]
    |psi|^2 = 0.865
==== e(   3) =     9.95499 eV ==== 
     psi = 0.252*[#   2]+0.252*[#   3]+0.252*[#   4]+0.132*[#   1]
    |psi|^2 = 0.888
==== e(   4) =    12.57781 eV ==== 
     psi = 0.253*[#   2]+0.253*[#   3]+0.253*[#   4]+0.147*[#   1]
    |psi|^2 = 0.905
==== e(   5) =    16.83603 eV ==== 
     psi = 0.055*[#   2]+0.055*[#   3]+0.055*[#   4]+0.019*[#   1]
    |psi|^2 = 0.186
==== e(   6) =    19.88150 eV ==== 
     psi = 0.039*[#   1]+0.030*[#   2]+0.030*[#   3]+0.030*[#   4]
    |psi|^2 = 0.128

 k =  -0.0707106781 -0.5421151989  0.6363961031
==== e(   1) =     4.45684 eV ==== 
     psi = 0.256*[#   2]+0.256*[#   3]+0.256*[#   4]+0.220*[#   1]
    |psi|^2 = 0.988
==== e(   2) =     8.12447 eV ==== 
     psi = 0.343*[#   1]+0.183*[#   2]+0.183*[#   3]+0.183*[#   4]
    |psi|^2 = 0.893
==== e(   3) =     9.03449 eV ==== 
     psi = 0.256*[#   1]+0.224*[#   2]+0.224*[#   3]+0.224*[#   4]
    |psi|^2 = 0.927
==== e(   4) =    12.63535 eV ==== 
     psi = 0.254*[#   2]+0.254*[#   3]+0.254*[#   4]+0.129*[#   1]
    |psi|^2 = 0.890
==== e(   5) =    17.07563 eV ==== 
     psi = 0.050*[#   2]+0.050*[#   3]+0.050*[#   4]+0.025*[#   1]
    |psi|^2 = 0.175
==== e(   6) =    20.86559 eV ==== 
     psi = 0.023*[#   1]+0.021*[#   2]+0.021*[#   3]+0.021*[#   4]
    |psi|^2 = 0.087

 k =  -0.0471404521 -0.5185449729  0.6128258770
==== e(   1) =     5.13655 eV ==== 
     psi = 0.276*[#   2]+0.276*[#   3]+0.276*[#   4]+0.161*[#   1]
    |psi|^2 = 0.987
==== e(   2) =     7.68744 eV ==== 
     psi = 0.259*[#   2]+0.259*[#   3]+0.259*[#   4]+0.151*[#   1]
    |psi|^2 = 0.927
==== e(   3) =     8.19988 eV ==== 
     psi = 0.527*[#   1]+0.136*[#   2]+0.136*[#   3]+0.136*[#   4]
    |psi|^2 = 0.935
==== e(   4) =    12.76854 eV ==== 
     psi = 0.255*[#   2]+0.255*[#   3]+0.255*[#   4]+0.116*[#   1]
    |psi|^2 = 0.881
==== e(   5) =    17.31147 eV ==== 
     psi = 0.047*[#   2]+0.047*[#   3]+0.047*[#   4]+0.027*[#   1]
    |psi|^2 = 0.169
==== e(   6) =    21.95457 eV ==== 
     psi = 0.015*[#   2]+0.015*[#   3]+0.015*[#   4]+0.014*[#   1]
    |psi|^2 = 0.058

 k =  -0.0235702260 -0.4949747468  0.5892556510
==== e(   1) =     5.79320 eV ==== 
     psi = 0.308*[#   2]+0.308*[#   3]+0.308*[#   4]+0.067*[#   1]
    |psi|^2 = 0.989
==== e(   2) =     7.05487 eV ==== 
     psi = 0.320*[#   2]+0.320*[#   3]+0.320*[#   4]+0.012*[#   1]
    |psi|^2 = 0.971
==== e(   3) =     7.73000 eV ==== 
     psi = 0.773*[#   1]+0.046*[#   2]+0.046*[#   3]+0.046*[#   4]
    |psi|^2 = 0.911
==== e(   4) =    12.96555 eV ==== 
     psi = 0.256*[#   2]+0.256*[#   3]+0.256*[#   4]+0.107*[#   1]
    |psi|^2 = 0.874
==== e(   5) =    17.57210 eV ==== 
     psi = 0.046*[#   2]+0.046*[#   3]+0.046*[#   4]+0.027*[#   1]
    |psi|^2 = 0.165
==== e(   6) =    23.10827 eV ==== 
     psi = 0.010*[#   2]+0.010*[#   3]+0.010*[#   4]+0.009*[#   1]
    |psi|^2 = 0.040

 k =   0.0000000000 -0.4714045208  0.5656854249
==== e(   1) =     6.26456 eV ==== 
     psi = 0.293*[#   2]+0.293*[#   3]+0.293*[#   4]+0.104*[#   1]
    |psi|^2 = 0.984
==== e(   2) =     6.27135 eV ==== 
     psi = 0.331*[#   2]+0.331*[#   3]+0.331*[#   4]
    |psi|^2 = 0.992
==== e(   3) =     7.74951 eV ==== 
     psi = 0.756*[#   1]+0.050*[#   2]+0.050*[#   3]+0.050*[#   4]
    |psi|^2 = 0.907
==== e(   4) =    13.22162 eV ==== 
     psi = 0.255*[#   2]+0.255*[#   3]+0.255*[#   4]+0.102*[#   1]
    |psi|^2 = 0.867
==== e(   5) =    17.87060 eV ==== 
     psi = 0.045*[#   2]+0.045*[#   3]+0.045*[#   4]+0.027*[#   1]
    |psi|^2 = 0.163
==== e(   6) =    24.29711 eV ==== 
     psi = 0.007*[#   2]+0.007*[#   3]+0.007*[#   4]+0.006*[#   1]
    |psi|^2 = 0.028

 k =  -0.0942809042 -0.6128258770  0.7071067812
==== e(   1) =     3.57389 eV ==== 
     psi = 0.265*[#   1]+0.241*[#   2]+0.241*[#   3]+0.241*[#   4]
    |psi|^2 = 0.988
==== e(   2) =     8.36792 eV ==== 
     psi = 0.502*[#   1]+0.114*[#   2]+0.114*[#   3]+0.114*[#   4]
    |psi|^2 = 0.845
==== e(   3) =    11.43180 eV ==== 
     psi = 0.243*[#   2]+0.243*[#   3]+0.243*[#   4]
    |psi|^2 = 0.730
==== e(   4) =    12.73934 eV ==== 
     psi = 0.272*[#   2]+0.272*[#   3]+0.272*[#   4]+0.143*[#   1]
    |psi|^2 = 0.959
==== e(   5) =    15.91236 eV ==== 
     psi = 0.086*[#   2]+0.086*[#   3]+0.086*[#   4]
    |psi|^2 = 0.259
==== e(   6) =    18.35823 eV ==== 
     psi = 0.085*[#   1]+0.033*[#   2]+0.033*[#   3]+0.033*[#   4]
    |psi|^2 = 0.184

 k =  -0.0707106781 -0.5892556510  0.6835365551
==== e(   1) =     4.15314 eV ==== 
     psi = 0.251*[#   2]+0.251*[#   3]+0.251*[#   4]+0.234*[#   1]
    |psi|^2 = 0.987
==== e(   2) =     7.85536 eV ==== 
     psi = 0.508*[#   1]+0.122*[#   2]+0.122*[#   3]+0.122*[#   4]
    |psi|^2 = 0.873
==== e(   3) =    10.71372 eV ==== 
     psi = 0.260*[#   2]+0.260*[#   3]+0.260*[#   4]+0.038*[#   1]
    |psi|^2 = 0.818
==== e(   4) =    12.48574 eV ==== 
     psi = 0.260*[#   2]+0.260*[#   3]+0.260*[#   4]+0.151*[#   1]
    |psi|^2 = 0.930
==== e(   5) =    16.38847 eV ==== 
     psi = 0.067*[#   2]+0.067*[#   3]+0.067*[#   4]+0.007*[#   1]
    |psi|^2 = 0.209
==== e(   6) =    18.93491 eV ==== 
     psi = 0.057*[#   1]+0.032*[#   2]+0.032*[#   3]+0.032*[#   4]
    |psi|^2 = 0.152

 k =  -0.0471404521 -0.5656854249  0.6599663291
==== e(   1) =     4.76080 eV ==== 
     psi = 0.270*[#   2]+0.270*[#   3]+0.270*[#   4]+0.178*[#   1]
    |psi|^2 = 0.987
==== e(   2) =     7.42313 eV ==== 
     psi = 0.522*[#   1]+0.124*[#   2]+0.124*[#   3]+0.124*[#   4]
    |psi|^2 = 0.893
==== e(   3) =     9.83543 eV ==== 
     psi = 0.261*[#   2]+0.261*[#   3]+0.261*[#   4]+0.108*[#   1]
    |psi|^2 = 0.890
==== e(   4) =    12.46742 eV ==== 
     psi = 0.256*[#   2]+0.256*[#   3]+0.256*[#   4]+0.135*[#   1]
    |psi|^2 = 0.903
==== e(   5) =    16.72622 eV ==== 
     psi = 0.055*[#   2]+0.055*[#   3]+0.055*[#   4]+0.017*[#   1]
    |psi|^2 = 0.183
==== e(   6) =    19.78041 eV ==== 
     psi = 0.035*[#   1]+0.026*[#   2]+0.026*[#   3]+0.026*[#   4]
    |psi|^2 = 0.113

 k =  -0.0235702260 -0.5421151989  0.6363961031
==== e(   1) =     5.34845 eV ==== 
     psi = 0.303*[#   2]+0.303*[#   3]+0.303*[#   4]+0.081*[#   1]
    |psi|^2 = 0.991
==== e(   2) =     7.11605 eV ==== 
     psi = 0.552*[#   1]+0.117*[#   2]+0.117*[#   3]+0.117*[#   4]
    |psi|^2 = 0.904
==== e(   3) =     8.93848 eV ==== 
     psi = 0.246*[#   2]+0.246*[#   3]+0.246*[#   4]+0.195*[#   1]
    |psi|^2 = 0.932
==== e(   4) =    12.56178 eV ==== 
     psi = 0.255*[#   2]+0.255*[#   3]+0.255*[#   4]+0.122*[#   1]
    |psi|^2 = 0.888
==== e(   5) =    17.00260 eV ==== 
     psi = 0.049*[#   2]+0.049*[#   3]+0.049*[#   4]+0.023*[#   1]
    |psi|^2 = 0.172
==== e(   6) =    20.79953 eV ==== 
     psi = 0.022*[#   1]+0.019*[#   2]+0.019*[#   3]+0.019*[#   4]
    |psi|^2 = 0.079

 k =   0.0000000000 -0.5185449729  0.6128258770
==== e(   1) =     5.75326 eV ==== 
     psi = 0.332*[#   2]+0.332*[#   3]+0.332*[#   4]
    |psi|^2 = 0.995
==== e(   2) =     7.07612 eV ==== 
     psi = 0.482*[#   1]+0.143*[#   2]+0.143*[#   3]+0.143*[#   4]
    |psi|^2 = 0.912
==== e(   3) =     8.08793 eV ==== 
     psi = 0.361*[#   1]+0.197*[#   2]+0.197*[#   3]+0.197*[#   4]
    |psi|^2 = 0.950
==== e(   4) =    12.73181 eV ==== 
     psi = 0.256*[#   2]+0.256*[#   3]+0.256*[#   4]+0.113*[#   1]
    |psi|^2 = 0.880
==== e(   5) =    17.27512 eV ==== 
     psi = 0.047*[#   2]+0.047*[#   3]+0.047*[#   4]+0.026*[#   1]
    |psi|^2 = 0.167
==== e(   6) =    21.92248 eV ==== 
     psi = 0.014*[#   1]+0.014*[#   2]+0.014*[#   3]+0.014*[#   4]
    |psi|^2 = 0.055

 k =  -0.0471404521 -0.6128258770  0.7071067812
==== e(   1) =     4.53458 eV ==== 
     psi = 0.265*[#   2]+0.265*[#   3]+0.265*[#   4]+0.190*[#   1]
    |psi|^2 = 0.986
==== e(   2) =     7.19967 eV ==== 
     psi = 0.600*[#   1]+0.092*[#   2]+0.092*[#   3]+0.092*[#   4]
    |psi|^2 = 0.878
==== e(   3) =    11.31999 eV ==== 
     psi = 0.244*[#   2]+0.244*[#   3]+0.244*[#   4]
    |psi|^2 = 0.731
==== e(   4) =    12.63095 eV ==== 
     psi = 0.275*[#   2]+0.275*[#   3]+0.275*[#   4]+0.131*[#   1]
    |psi|^2 = 0.958
==== e(   5) =    15.80262 eV ==== 
     psi = 0.087*[#   2]+0.087*[#   3]+0.087*[#   4]
    |psi|^2 = 0.262
==== e(   6) =    18.25321 eV ==== 
     psi = 0.075*[#   1]+0.028*[#   2]+0.028*[#   3]+0.028*[#   4]
    |psi|^2 = 0.160

 k =  -0.0235702260 -0.5892556510  0.6835365551
==== e(   1) =     5.05038 eV ==== 
     psi = 0.300*[#   2]+0.300*[#   3]+0.300*[#   4]+0.090*[#   1]
    |psi|^2 = 0.991
==== e(   2) =     6.82064 eV ==== 
     psi = 0.669*[#   1]+0.073*[#   2]+0.073*[#   3]+0.073*[#   4]
    |psi|^2 = 0.888
==== e(   3) =    10.63859 eV ==== 
     psi = 0.261*[#   2]+0.261*[#   3]+0.261*[#   4]+0.035*[#   1]
    |psi|^2 = 0.819
==== e(   4) =    12.41254 eV ==== 
     psi = 0.262*[#   2]+0.262*[#   3]+0.262*[#   4]+0.143*[#   1]
    |psi|^2 = 0.929
==== e(   5) =    16.31520 eV ==== 
     psi = 0.067*[#   2]+0.067*[#   3]+0.067*[#   4]+0.007*[#   1]
    |psi|^2 = 0.209
==== e(   6) =    18.86603 eV ==== 
     psi = 0.052*[#   1]+0.029*[#   2]+0.029*[#   3]+0.029*[#   4]
    |psi|^2 = 0.138

 k =   0.0000000000 -0.5656854249  0.6599663291
==== e(   1) =     5.38347 eV ==== 
     psi = 0.332*[#   2]+0.332*[#   3]+0.332*[#   4]
    |psi|^2 = 0.997
==== e(   2) =     6.73299 eV ==== 
     psi = 0.712*[#   1]+0.060*[#   2]+0.060*[#   3]+0.060*[#   4]
    |psi|^2 = 0.893
==== e(   3) =     9.79653 eV ==== 
     psi = 0.263*[#   2]+0.263*[#   3]+0.263*[#   4]+0.103*[#   1]
    |psi|^2 = 0.890
==== e(   4) =    12.43067 eV ==== 
     psi = 0.257*[#   2]+0.257*[#   3]+0.257*[#   4]+0.131*[#   1]
    |psi|^2 = 0.902
==== e(   5) =    16.68958 eV ==== 
     psi = 0.055*[#   2]+0.055*[#   3]+0.055*[#   4]+0.017*[#   1]
    |psi|^2 = 0.182
==== e(   6) =    19.74660 eV ==== 
     psi = 0.033*[#   1]+0.025*[#   2]+0.025*[#   3]+0.025*[#   4]
    |psi|^2 = 0.107

 k =  -0.7071067812  0.0942809042  0.0000000000
==== e(   1) =     5.16172 eV ==== 
     psi = 0.333*[#   2]+0.333*[#   3]+0.333*[#   4]
    |psi|^2 = 0.998
==== e(   2) =     6.50326 eV ==== 
     psi = 0.798*[#   1]+0.026*[#   2]+0.026*[#   3]+0.026*[#   4]
    |psi|^2 = 0.876
==== e(   3) =    11.28271 eV ==== 
     psi = 0.244*[#   2]+0.244*[#   3]+0.244*[#   4]
    |psi|^2 = 0.731
==== e(   4) =    12.59486 eV ==== 
     psi = 0.277*[#   2]+0.277*[#   3]+0.277*[#   4]+0.127*[#   1]
    |psi|^2 = 0.957
==== e(   5) =    15.76603 eV ==== 
     psi = 0.088*[#   2]+0.088*[#   3]+0.088*[#   4]
    |psi|^2 = 0.263
==== e(   6) =    18.21808 eV ==== 
     psi = 0.071*[#   1]+0.027*[#   2]+0.027*[#   3]+0.027*[#   4]
    |psi|^2 = 0.152

 k =   0.2828427125  0.1414213562  0.0000000000
==== e(   1) =    -1.39949 eV ==== 
     psi = 0.378*[#   1]+0.206*[#   2]+0.206*[#   3]+0.206*[#   4]
    |psi|^2 = 0.997
==== e(   2) =    13.36009 eV ==== 
     psi = 0.257*[#   2]+0.257*[#   3]+0.257*[#   4]
    |psi|^2 = 0.772
==== e(   3) =    14.66361 eV ==== 
     psi = 0.363*[#   1]+0.167*[#   2]+0.167*[#   3]+0.167*[#   4]
    |psi|^2 = 0.864
==== e(   4) =    18.99412 eV ==== 
     psi = 0.140*[#   1]+0.099*[#   2]+0.099*[#   3]+0.099*[#   4]
    |psi|^2 = 0.438
==== e(   5) =    19.94414 eV ==== 
     psi = 0.037*[#   2]+0.037*[#   3]+0.037*[#   4]
    |psi|^2 = 0.110
==== e(   6) =    21.76902 eV ==== 
     psi = 0.143*[#   2]+0.143*[#   3]+0.143*[#   4]+0.083*[#   1]
    |psi|^2 = 0.514

 k =   0.3064129385  0.1649915823 -0.0235702260
==== e(   1) =    -1.01174 eV ==== 
     psi = 0.354*[#   1]+0.214*[#   2]+0.214*[#   3]+0.214*[#   4]
    |psi|^2 = 0.997
==== e(   2) =    12.41845 eV ==== 
     psi = 0.254*[#   2]+0.254*[#   3]+0.254*[#   4]+0.070*[#   1]
    |psi|^2 = 0.834
==== e(   3) =    14.17065 eV ==== 
     psi = 0.334*[#   1]+0.176*[#   2]+0.176*[#   3]+0.176*[#   4]
    |psi|^2 = 0.862
==== e(   4) =    18.28662 eV ==== 
     psi = 0.146*[#   1]+0.115*[#   2]+0.115*[#   3]+0.115*[#   4]
    |psi|^2 = 0.489
==== e(   5) =    20.17235 eV ==== 
     psi = 0.041*[#   2]+0.041*[#   3]+0.041*[#   4]+0.009*[#   1]
    |psi|^2 = 0.132
==== e(   6) =    22.18365 eV ==== 
     psi = 0.127*[#   2]+0.127*[#   3]+0.127*[#   4]+0.053*[#   1]
    |psi|^2 = 0.434

 k =   0.3299831646  0.1885618083 -0.0471404521
==== e(   1) =    -0.56565 eV ==== 
     psi = 0.336*[#   1]+0.220*[#   2]+0.220*[#   3]+0.220*[#   4]
    |psi|^2 = 0.997
==== e(   2) =    11.31149 eV ==== 
     psi = 0.239*[#   2]+0.239*[#   3]+0.239*[#   4]+0.168*[#   1]
    |psi|^2 = 0.885
==== e(   3) =    13.92595 eV ==== 
     psi = 0.270*[#   1]+0.195*[#   2]+0.195*[#   3]+0.195*[#   4]
    |psi|^2 = 0.855
==== e(   4) =    17.62567 eV ==== 
     psi = 0.149*[#   1]+0.132*[#   2]+0.132*[#   3]+0.132*[#   4]
    |psi|^2 = 0.545
==== e(   5) =    20.24609 eV ==== 
     psi = 0.055*[#   2]+0.055*[#   3]+0.055*[#   4]+0.019*[#   1]
    |psi|^2 = 0.184
==== e(   6) =    22.82605 eV ==== 
     psi = 0.102*[#   2]+0.102*[#   3]+0.102*[#   4]+0.024*[#   1]
    |psi|^2 = 0.331

 k =   0.3535533906  0.2121320344 -0.0707106781
==== e(   1) =    -0.06176 eV ==== 
     psi = 0.324*[#   1]+0.224*[#   2]+0.224*[#   3]+0.224*[#   4]
    |psi|^2 = 0.997
==== e(   2) =    10.18011 eV ==== 
     psi = 0.244*[#   1]+0.225*[#   2]+0.225*[#   3]+0.225*[#   4]
    |psi|^2 = 0.919
==== e(   3) =    13.79708 eV ==== 
     psi = 0.220*[#   1]+0.210*[#   2]+0.210*[#   3]+0.210*[#   4]
    |psi|^2 = 0.849
==== e(   4) =    17.01399 eV ==== 
     psi = 0.151*[#   1]+0.150*[#   2]+0.150*[#   3]+0.150*[#   4]
    |psi|^2 = 0.600
==== e(   5) =    20.27143 eV ==== 
     psi = 0.066*[#   2]+0.066*[#   3]+0.066*[#   4]+0.021*[#   1]
    |psi|^2 = 0.217
==== e(   6) =    23.32670 eV ==== 
     psi = 0.073*[#   2]+0.073*[#   3]+0.073*[#   4]
    |psi|^2 = 0.221

 k =   0.3771236166  0.2357022604 -0.0942809042
==== e(   1) =     0.49930 eV ==== 
     psi = 0.318*[#   1]+0.226*[#   2]+0.226*[#   3]+0.226*[#   4]
    |psi|^2 = 0.997
==== e(   2) =     9.06858 eV ==== 
     psi = 0.300*[#   1]+0.214*[#   2]+0.214*[#   3]+0.214*[#   4]
    |psi|^2 = 0.943
==== e(   3) =    13.74445 eV ==== 
     psi = 0.220*[#   2]+0.220*[#   3]+0.220*[#   4]+0.181*[#   1]
    |psi|^2 = 0.841
==== e(   4) =    16.45349 eV ==== 
     psi = 0.167*[#   2]+0.167*[#   3]+0.167*[#   4]+0.152*[#   1]
    |psi|^2 = 0.652
==== e(   5) =    20.30417 eV ==== 
     psi = 0.071*[#   2]+0.071*[#   3]+0.071*[#   4]+0.019*[#   1]
    |psi|^2 = 0.231
==== e(   6) =    23.02751 eV ==== 
     psi = 0.039*[#   2]+0.039*[#   3]+0.039*[#   4]+0.005*[#   1]
    |psi|^2 = 0.123

 k =   0.4006938427  0.2592724864 -0.1178511302
==== e(   1) =     1.11680 eV ==== 
     psi = 0.316*[#   1]+0.227*[#   2]+0.227*[#   3]+0.227*[#   4]
    |psi|^2 = 0.997
==== e(   2) =     7.99259 eV ==== 
     psi = 0.341*[#   1]+0.206*[#   2]+0.206*[#   3]+0.206*[#   4]
    |psi|^2 = 0.960
==== e(   3) =    13.75511 eV ==== 
     psi = 0.226*[#   2]+0.226*[#   3]+0.226*[#   4]+0.150*[#   1]
    |psi|^2 = 0.829
==== e(   4) =    15.94582 eV ==== 
     psi = 0.182*[#   2]+0.182*[#   3]+0.182*[#   4]+0.154*[#   1]
    |psi|^2 = 0.701
==== e(   5) =    20.36701 eV ==== 
     psi = 0.073*[#   2]+0.073*[#   3]+0.073*[#   4]+0.016*[#   1]
    |psi|^2 = 0.235
==== e(   6) =    22.57781 eV ==== 
     psi = 0.033*[#   2]+0.033*[#   3]+0.033*[#   4]+0.008*[#   1]
    |psi|^2 = 0.109

 k =  -0.2828427125 -0.4242640687  0.5656854249
==== e(   1) =     1.78984 eV ==== 
     psi = 0.317*[#   1]+0.226*[#   2]+0.226*[#   3]+0.226*[#   4]
    |psi|^2 = 0.996
==== e(   2) =     6.95934 eV ==== 
     psi = 0.370*[#   1]+0.200*[#   2]+0.200*[#   3]+0.200*[#   4]
    |psi|^2 = 0.971
==== e(   3) =    13.82301 eV ==== 
     psi = 0.229*[#   2]+0.229*[#   3]+0.229*[#   4]+0.123*[#   1]
    |psi|^2 = 0.811
==== e(   4) =    15.49302 eV ==== 
     psi = 0.196*[#   2]+0.196*[#   3]+0.196*[#   4]+0.158*[#   1]
    |psi|^2 = 0.747
==== e(   5) =    20.46888 eV ==== 
     psi = 0.074*[#   2]+0.074*[#   3]+0.074*[#   4]+0.013*[#   1]
    |psi|^2 = 0.234
==== e(   6) =    22.15075 eV ==== 
     psi = 0.032*[#   2]+0.032*[#   3]+0.032*[#   4]+0.010*[#   1]
    |psi|^2 = 0.105

 k =  -0.2592724864 -0.4006938427  0.5421151989
==== e(   1) =     2.51715 eV ==== 
     psi = 0.317*[#   1]+0.226*[#   2]+0.226*[#   3]+0.226*[#   4]
    |psi|^2 = 0.995
==== e(   2) =     5.97322 eV ==== 
     psi = 0.392*[#   1]+0.196*[#   2]+0.196*[#   3]+0.196*[#   4]
    |psi|^2 = 0.980
==== e(   3) =    13.94253 eV ==== 
     psi = 0.229*[#   2]+0.229*[#   3]+0.229*[#   4]+0.095*[#   1]
    |psi|^2 = 0.782
==== e(   4) =    15.09916 eV ==== 
     psi = 0.209*[#   2]+0.209*[#   3]+0.209*[#   4]+0.169*[#   1]
    |psi|^2 = 0.795
==== e(   5) =    20.61168 eV ==== 
     psi = 0.075*[#   2]+0.075*[#   3]+0.075*[#   4]+0.010*[#   1]
    |psi|^2 = 0.236
==== e(   6) =    21.76864 eV ==== 
     psi = 0.029*[#   2]+0.029*[#   3]+0.029*[#   4]+0.012*[#   1]
    |psi|^2 = 0.099

 k =  -0.2357022604 -0.3771236166  0.5185449729
==== e(   1) =     3.29547 eV ==== 
     psi = 0.300*[#   1]+0.231*[#   2]+0.231*[#   3]+0.231*[#   4]
    |psi|^2 = 0.994
==== e(   2) =     5.03909 eV ==== 
     psi = 0.421*[#   1]+0.188*[#   2]+0.188*[#   3]+0.188*[#   4]
    |psi|^2 = 0.985
==== e(   3) =    14.09887 eV ==== 
     psi = 0.226*[#   2]+0.226*[#   3]+0.226*[#   4]+0.054*[#   1]
    |psi|^2 = 0.730
==== e(   4) =    14.77839 eV ==== 
     psi = 0.220*[#   2]+0.220*[#   3]+0.220*[#   4]+0.199*[#   1]
    |psi|^2 = 0.858
==== e(   5) =    20.78586 eV ==== 
     psi = 0.083*[#   2]+0.083*[#   3]+0.083*[#   4]+0.005*[#   1]
    |psi|^2 = 0.256
==== e(   6) =    21.44877 eV ==== 
     psi = 0.021*[#   2]+0.021*[#   3]+0.021*[#   4]+0.015*[#   1]
    |psi|^2 = 0.077

 k =  -0.2121320344 -0.3535533906  0.4949747468
==== e(   1) =     4.01257 eV ==== 
     psi = 0.333*[#   2]+0.333*[#   3]+0.333*[#   4]
    |psi|^2 = 0.998
==== e(   2) =     4.26997 eV ==== 
     psi = 0.725*[#   1]+0.086*[#   2]+0.086*[#   3]+0.086*[#   4]
    |psi|^2 = 0.983
==== e(   3) =    14.20575 eV ==== 
     psi = 0.220*[#   2]+0.220*[#   3]+0.220*[#   4]
    |psi|^2 = 0.661
==== e(   4) =    14.61672 eV ==== 
     psi = 0.249*[#   1]+0.227*[#   2]+0.227*[#   3]+0.227*[#   4]
    |psi|^2 = 0.931
==== e(   5) =    20.90644 eV ==== 
     psi = 0.102*[#   2]+0.102*[#   3]+0.102*[#   4]
    |psi|^2 = 0.306
==== e(   6) =    21.27933 eV ==== 
     psi = 0.020*[#   1]+0.002*[#   2]+0.002*[#   3]+0.002*[#   4]
    |psi|^2 = 0.025

 k =   0.3299831646  0.1414213562  0.0000000000
==== e(   1) =    -0.88277 eV ==== 
     psi = 0.343*[#   1]+0.218*[#   2]+0.218*[#   3]+0.218*[#   4]
    |psi|^2 = 0.997
==== e(   2) =    12.73099 eV ==== 
     psi = 0.265*[#   2]+0.265*[#   3]+0.265*[#   4]
    |psi|^2 = 0.794
==== e(   3) =    14.06381 eV ==== 
     psi = 0.320*[#   1]+0.188*[#   2]+0.188*[#   3]+0.188*[#   4]
    |psi|^2 = 0.884
==== e(   4) =    17.36613 eV ==== 
     psi = 0.207*[#   1]+0.095*[#   2]+0.095*[#   3]+0.095*[#   4]
    |psi|^2 = 0.494
==== e(   5) =    19.36277 eV ==== 
     psi = 0.041*[#   2]+0.041*[#   3]+0.041*[#   4]
    |psi|^2 = 0.122
==== e(   6) =    21.30078 eV ==== 
     psi = 0.123*[#   2]+0.123*[#   3]+0.123*[#   4]+0.105*[#   1]
    |psi|^2 = 0.473

 k =   0.3535533906  0.1649915823 -0.0235702260
==== e(   1) =    -0.45690 eV ==== 
     psi = 0.327*[#   1]+0.223*[#   2]+0.223*[#   3]+0.223*[#   4]
    |psi|^2 = 0.997
==== e(   2) =    11.82599 eV ==== 
     psi = 0.264*[#   2]+0.264*[#   3]+0.264*[#   4]+0.061*[#   1]
    |psi|^2 = 0.852
==== e(   3) =    13.59742 eV ==== 
     psi = 0.292*[#   1]+0.195*[#   2]+0.195*[#   3]+0.195*[#   4]
    |psi|^2 = 0.877
==== e(   4) =    16.68292 eV ==== 
     psi = 0.220*[#   1]+0.114*[#   2]+0.114*[#   3]+0.114*[#   4]
    |psi|^2 = 0.561
==== e(   5) =    19.63306 eV ==== 
     psi = 0.041*[#   2]+0.041*[#   3]+0.041*[#   4]+0.010*[#   1]
    |psi|^2 = 0.134
==== e(   6) =    21.74880 eV ==== 
     psi = 0.105*[#   2]+0.105*[#   3]+0.105*[#   4]+0.067*[#   1]
    |psi|^2 = 0.383

 k =   0.3771236166  0.1885618083 -0.0471404521
==== e(   1) =     0.02683 eV ==== 
     psi = 0.316*[#   1]+0.227*[#   2]+0.227*[#   3]+0.227*[#   4]
    |psi|^2 = 0.997
==== e(   2) =    10.75444 eV ==== 
     psi = 0.251*[#   2]+0.251*[#   3]+0.251*[#   4]+0.148*[#   1]
    |psi|^2 = 0.900
==== e(   3) =    13.38220 eV ==== 
     psi = 0.232*[#   1]+0.211*[#   2]+0.211*[#   3]+0.211*[#   4]
    |psi|^2 = 0.865
==== e(   4) =    16.04979 eV ==== 
     psi = 0.227*[#   1]+0.133*[#   2]+0.133*[#   3]+0.133*[#   4]
    |psi|^2 = 0.625
==== e(   5) =    19.75225 eV ==== 
     psi = 0.051*[#   2]+0.051*[#   3]+0.051*[#   4]+0.020*[#   1]
    |psi|^2 = 0.172
==== e(   6) =    22.44066 eV ==== 
     psi = 0.081*[#   2]+0.081*[#   3]+0.081*[#   4]+0.036*[#   1]
    |psi|^2 = 0.279

 k =   0.4006938427  0.2121320344 -0.0707106781
==== e(   1) =     0.56779 eV ==== 
     psi = 0.309*[#   1]+0.229*[#   2]+0.229*[#   3]+0.229*[#   4]
    |psi|^2 = 0.997
==== e(   2) =     9.65771 eV ==== 
     psi = 0.239*[#   2]+0.239*[#   3]+0.239*[#   4]+0.217*[#   1]
    |psi|^2 = 0.932
==== e(   3) =    13.28423 eV ==== 
     psi = 0.224*[#   2]+0.224*[#   3]+0.224*[#   4]+0.183*[#   1]
    |psi|^2 = 0.854
==== e(   4) =    15.46901 eV ==== 
     psi = 0.231*[#   1]+0.151*[#   2]+0.151*[#   3]+0.151*[#   4]
    |psi|^2 = 0.684
==== e(   5) =    19.82026 eV ==== 
     psi = 0.057*[#   2]+0.057*[#   3]+0.057*[#   4]+0.023*[#   1]
    |psi|^2 = 0.195
==== e(   6) =    23.21278 eV ==== 
     psi = 0.065*[#   2]+0.065*[#   3]+0.065*[#   4]+0.013*[#   1]
    |psi|^2 = 0.209

 k =   0.4242640687  0.2357022604 -0.0942809042
==== e(   1) =     1.16526 eV ==== 
     psi = 0.306*[#   1]+0.230*[#   2]+0.230*[#   3]+0.230*[#   4]
    |psi|^2 = 0.997
==== e(   2) =     8.58098 eV ==== 
     psi = 0.268*[#   1]+0.228*[#   2]+0.228*[#   3]+0.228*[#   4]
    |psi|^2 = 0.953
==== e(   3) =    13.26148 eV ==== 
     psi = 0.232*[#   2]+0.232*[#   3]+0.232*[#   4]+0.142*[#   1]
    |psi|^2 = 0.840
==== e(   4) =    14.94321 eV ==== 
     psi = 0.236*[#   1]+0.168*[#   2]+0.168*[#   3]+0.168*[#   4]
    |psi|^2 = 0.740
==== e(   5) =    19.89350 eV ==== 
     psi = 0.060*[#   2]+0.060*[#   3]+0.060*[#   4]+0.022*[#   1]
    |psi|^2 = 0.202
==== e(   6) =    23.49062 eV ==== 
     psi = 0.042*[#   2]+0.042*[#   3]+0.042*[#   4]
    |psi|^2 = 0.127

 k =  -0.2592724864 -0.4478342948  0.5892556510
==== e(   1) =     1.81837 eV ==== 
     psi = 0.305*[#   1]+0.230*[#   2]+0.230*[#   3]+0.230*[#   4]
    |psi|^2 = 0.996
==== e(   2) =     7.54027 eV ==== 
     psi = 0.308*[#   1]+0.220*[#   2]+0.220*[#   3]+0.220*[#   4]
    |psi|^2 = 0.968
==== e(   3) =    13.29696 eV ==== 
     psi = 0.238*[#   2]+0.238*[#   3]+0.238*[#   4]+0.102*[#   1]
    |psi|^2 = 0.817
==== e(   4) =    14.47731 eV ==== 
     psi = 0.248*[#   1]+0.182*[#   2]+0.182*[#   3]+0.182*[#   4]
    |psi|^2 = 0.795
==== e(   5) =    19.99601 eV ==== 
     psi = 0.061*[#   2]+0.061*[#   3]+0.061*[#   4]+0.019*[#   1]
    |psi|^2 = 0.201
==== e(   6) =    23.15170 eV ==== 
     psi = 0.030*[#   2]+0.030*[#   3]+0.030*[#   4]+0.004*[#   1]
    |psi|^2 = 0.095

 k =  -0.2357022604 -0.4242640687  0.5656854249
==== e(   1) =     2.52594 eV ==== 
     psi = 0.303*[#   1]+0.231*[#   2]+0.231*[#   3]+0.231*[#   4]
    |psi|^2 = 0.995
==== e(   2) =     6.54305 eV ==== 
     psi = 0.337*[#   1]+0.213*[#   2]+0.213*[#   3]+0.213*[#   4]
    |psi|^2 = 0.977
==== e(   3) =    13.37024 eV ==== 
     psi = 0.241*[#   2]+0.241*[#   3]+0.241*[#   4]+0.049*[#   1]
    |psi|^2 = 0.773
==== e(   4) =    14.08746 eV ==== 
     psi = 0.279*[#   1]+0.194*[#   2]+0.194*[#   3]+0.194*[#   4]
    |psi|^2 = 0.863
==== e(   5) =    20.13812 eV ==== 
     psi = 0.060*[#   2]+0.060*[#   3]+0.060*[#   4]+0.016*[#   1]
    |psi|^2 = 0.196
==== e(   6) =    22.77187 eV ==== 
     psi = 0.028*[#   2]+0.028*[#   3]+0.028*[#   4]+0.005*[#   1]
    |psi|^2 = 0.090

 k =  -0.2121320344 -0.4006938427  0.5421151989
==== e(   1) =     3.28568 eV ==== 
     psi = 0.292*[#   1]+0.234*[#   2]+0.234*[#   3]+0.234*[#   4]
    |psi|^2 = 0.994
==== e(   2) =     5.59457 eV ==== 
     psi = 0.367*[#   1]+0.206*[#   2]+0.206*[#   3]+0.206*[#   4]
    |psi|^2 = 0.984
==== e(   3) =    13.39603 eV ==== 
     psi = 0.236*[#   2]+0.236*[#   3]+0.236*[#   4]
    |psi|^2 = 0.709
==== e(   4) =    13.85724 eV ==== 
     psi = 0.314*[#   1]+0.210*[#   2]+0.210*[#   3]+0.210*[#   4]
    |psi|^2 = 0.942
==== e(   5) =    20.32415 eV ==== 
     psi = 0.059*[#   2]+0.059*[#   3]+0.059*[#   4]+0.013*[#   1]
    |psi|^2 = 0.190
==== e(   6) =    22.42411 eV ==== 
     psi = 0.028*[#   2]+0.028*[#   3]+0.028*[#   4]+0.006*[#   1]
    |psi|^2 = 0.090

 k =  -0.1885618083 -0.3771236166  0.5185449729
==== e(   1) =     4.08011 eV ==== 
     psi = 0.267*[#   2]+0.267*[#   3]+0.267*[#   4]+0.194*[#   1]
    |psi|^2 = 0.994
==== e(   2) =     4.71368 eV ==== 
     psi = 0.473*[#   1]+0.171*[#   2]+0.171*[#   3]+0.171*[#   4]
    |psi|^2 = 0.986
==== e(   3) =    13.22779 eV ==== 
     psi = 0.227*[#   2]+0.227*[#   3]+0.227*[#   4]+0.072*[#   1]
    |psi|^2 = 0.753
==== e(   4) =    13.93260 eV ==== 
     psi = 0.236*[#   1]+0.223*[#   2]+0.223*[#   3]+0.223*[#   4]
    |psi|^2 = 0.906
==== e(   5) =    20.55486 eV ==== 
     psi = 0.059*[#   2]+0.059*[#   3]+0.059*[#   4]+0.011*[#   1]
    |psi|^2 = 0.187
==== e(   6) =    22.12158 eV ==== 
     psi = 0.027*[#   2]+0.027*[#   3]+0.027*[#   4]+0.008*[#   1]
    |psi|^2 = 0.089

 k =  -0.1649915823 -0.3535533906  0.4949747468
==== e(   1) =     3.81772 eV ==== 
     psi = 0.256*[#   1]+0.246*[#   2]+0.246*[#   3]+0.246*[#   4]
    |psi|^2 = 0.993
==== e(   2) =     4.99231 eV ==== 
     psi = 0.409*[#   1]+0.192*[#   2]+0.192*[#   3]+0.192*[#   4]
    |psi|^2 = 0.986
==== e(   3) =    13.00494 eV ==== 
     psi = 0.226*[#   2]+0.226*[#   3]+0.226*[#   4]+0.122*[#   1]
    |psi|^2 = 0.801
==== e(   4) =    14.17405 eV ==== 
     psi = 0.223*[#   2]+0.223*[#   3]+0.223*[#   4]+0.189*[#   1]
    |psi|^2 = 0.859
==== e(   5) =    20.82646 eV ==== 
     psi = 0.061*[#   2]+0.061*[#   3]+0.061*[#   4]+0.008*[#   1]
    |psi|^2 = 0.192
==== e(   6) =    21.87216 eV ==== 
     psi = 0.024*[#   2]+0.024*[#   3]+0.024*[#   4]+0.010*[#   1]
    |psi|^2 = 0.082

 k =  -0.1414213562 -0.3299831646  0.4714045208
==== e(   1) =     3.02783 eV ==== 
     psi = 0.297*[#   1]+0.233*[#   2]+0.233*[#   3]+0.233*[#   4]
    |psi|^2 = 0.995
==== e(   2) =     5.90078 eV ==== 
     psi = 0.356*[#   1]+0.208*[#   2]+0.208*[#   3]+0.208*[#   4]
    |psi|^2 = 0.981
==== e(   3) =    12.81573 eV ==== 
     psi = 0.226*[#   2]+0.226*[#   3]+0.226*[#   4]+0.152*[#   1]
    |psi|^2 = 0.830
==== e(   4) =    14.49373 eV ==== 
     psi = 0.218*[#   2]+0.218*[#   3]+0.218*[#   4]+0.170*[#   1]
    |psi|^2 = 0.823
==== e(   5) =    21.11766 eV ==== 
     psi = 0.072*[#   2]+0.072*[#   3]+0.072*[#   4]+0.004*[#   1]
    |psi|^2 = 0.220
==== e(   6) =    21.69737 eV ==== 
     psi = 0.014*[#   1]+0.013*[#   2]+0.013*[#   3]+0.013*[#   4]
    |psi|^2 = 0.052

 k =  -0.1178511302 -0.3064129385  0.4478342948
==== e(   1) =     2.28473 eV ==== 
     psi = 0.304*[#   1]+0.231*[#   2]+0.231*[#   3]+0.231*[#   4]
    |psi|^2 = 0.996
==== e(   2) =     6.86342 eV ==== 
     psi = 0.326*[#   1]+0.216*[#   2]+0.216*[#   3]+0.216*[#   4]
    |psi|^2 = 0.974
==== e(   3) =    12.67793 eV ==== 
     psi = 0.223*[#   2]+0.223*[#   3]+0.223*[#   4]+0.181*[#   1]
    |psi|^2 = 0.850
==== e(   4) =    14.87482 eV ==== 
     psi = 0.209*[#   2]+0.209*[#   3]+0.209*[#   4]+0.162*[#   1]
    |psi|^2 = 0.789
==== e(   5) =    21.29514 eV ==== 
     psi = 0.083*[#   2]+0.083*[#   3]+0.083*[#   4]
    |psi|^2 = 0.248
==== e(   6) =    21.72751 eV ==== 
     psi = 0.018*[#   1]+0.002*[#   2]+0.002*[#   3]+0.002*[#   4]
    |psi|^2 = 0.025

 k =  -0.0942809042 -0.2828427125  0.4242640687
==== e(   1) =     1.59494 eV ==== 
     psi = 0.305*[#   1]+0.230*[#   2]+0.230*[#   3]+0.230*[#   4]
    |psi|^2 = 0.996
==== e(   2) =     7.87071 eV ==== 
     psi = 0.290*[#   1]+0.225*[#   2]+0.225*[#   3]+0.225*[#   4]
    |psi|^2 = 0.964
==== e(   3) =    12.59856 eV ==== 
     psi = 0.217*[#   2]+0.217*[#   3]+0.217*[#   4]+0.214*[#   1]
    |psi|^2 = 0.865
==== e(   4) =    15.31253 eV ==== 
     psi = 0.198*[#   2]+0.198*[#   3]+0.198*[#   4]+0.160*[#   1]
    |psi|^2 = 0.752
==== e(   5) =    21.25444 eV ==== 
     psi = 0.065*[#   2]+0.065*[#   3]+0.065*[#   4]+0.005*[#   1]
    |psi|^2 = 0.201
==== e(   6) =    22.05874 eV ==== 
     psi = 0.020*[#   2]+0.020*[#   3]+0.020*[#   4]+0.013*[#   1]
    |psi|^2 = 0.073

 k =  -0.0707106781 -0.2592724864  0.4006938427
==== e(   1) =     0.96012 eV ==== 
     psi = 0.307*[#   1]+0.230*[#   2]+0.230*[#   3]+0.230*[#   4]
    |psi|^2 = 0.997
==== e(   2) =     8.91442 eV ==== 
     psi = 0.239*[#   1]+0.237*[#   2]+0.237*[#   3]+0.237*[#   4]
    |psi|^2 = 0.949
==== e(   3) =    12.58506 eV ==== 
     psi = 0.256*[#   1]+0.206*[#   2]+0.206*[#   3]+0.206*[#   4]
    |psi|^2 = 0.875
==== e(   4) =    15.80464 eV ==== 
     psi = 0.184*[#   2]+0.184*[#   3]+0.184*[#   4]+0.160*[#   1]
    |psi|^2 = 0.711
==== e(   5) =    21.18000 eV ==== 
     psi = 0.055*[#   2]+0.055*[#   3]+0.055*[#   4]+0.008*[#   1]
    |psi|^2 = 0.173
==== e(   6) =    22.48422 eV ==== 
     psi = 0.032*[#   2]+0.032*[#   3]+0.032*[#   4]+0.009*[#   1]
    |psi|^2 = 0.105

 k =  -0.0471404521 -0.2357022604  0.3771236166
==== e(   1) =     0.38131 eV ==== 
     psi = 0.312*[#   1]+0.228*[#   2]+0.228*[#   3]+0.228*[#   4]
    |psi|^2 = 0.997
==== e(   2) =     9.97749 eV ==== 
     psi = 0.253*[#   2]+0.253*[#   3]+0.253*[#   4]+0.168*[#   1]
    |psi|^2 = 0.927
==== e(   3) =    12.65287 eV ==== 
     psi = 0.314*[#   1]+0.190*[#   2]+0.190*[#   3]+0.190*[#   4]
    |psi|^2 = 0.882
==== e(   4) =    16.34965 eV ==== 
     psi = 0.168*[#   2]+0.168*[#   3]+0.168*[#   4]+0.160*[#   1]
    |psi|^2 = 0.664
==== e(   5) =    21.10429 eV ==== 
     psi = 0.045*[#   2]+0.045*[#   3]+0.045*[#   4]+0.008*[#   1]
    |psi|^2 = 0.143
==== e(   6) =    22.87463 eV ==== 
     psi = 0.059*[#   2]+0.059*[#   3]+0.059*[#   4]+0.001*[#   1]
    |psi|^2 = 0.179

 k =  -0.0235702260 -0.2121320344  0.3535533906
==== e(   1) =    -0.14070 eV ==== 
     psi = 0.321*[#   1]+0.225*[#   2]+0.225*[#   3]+0.225*[#   4]
    |psi|^2 = 0.997
==== e(   2) =    11.01209 eV ==== 
     psi = 0.275*[#   2]+0.275*[#   3]+0.275*[#   4]+0.070*[#   1]
    |psi|^2 = 0.896
==== e(   3) =    12.84711 eV ==== 
     psi = 0.392*[#   1]+0.166*[#   2]+0.166*[#   3]+0.166*[#   4]
    |psi|^2 = 0.889
==== e(   4) =    16.94616 eV ==== 
     psi = 0.158*[#   1]+0.151*[#   2]+0.151*[#   3]+0.151*[#   4]
    |psi|^2 = 0.611
==== e(   5) =    20.98079 eV ==== 
     psi = 0.030*[#   2]+0.030*[#   3]+0.030*[#   4]+0.005*[#   1]
    |psi|^2 = 0.096
==== e(   6) =    22.74694 eV ==== 
     psi = 0.112*[#   2]+0.112*[#   3]+0.112*[#   4]+0.015*[#   1]
    |psi|^2 = 0.352

 k =   0.0000000000 -0.1885618083  0.3299831646
==== e(   1) =    -0.60525 eV ==== 
     psi = 0.335*[#   1]+0.221*[#   2]+0.221*[#   3]+0.221*[#   4]
    |psi|^2 = 0.997
==== e(   2) =    11.87667 eV ==== 
     psi = 0.285*[#   2]+0.285*[#   3]+0.285*[#   4]
    |psi|^2 = 0.856
==== e(   3) =    13.30484 eV ==== 
     psi = 0.436*[#   1]+0.151*[#   2]+0.151*[#   3]+0.151*[#   4]
    |psi|^2 = 0.891
==== e(   4) =    17.59256 eV ==== 
     psi = 0.154*[#   1]+0.133*[#   2]+0.133*[#   3]+0.133*[#   4]
    |psi|^2 = 0.552
==== e(   5) =    20.69273 eV ==== 
     psi = 0.023*[#   2]+0.023*[#   3]+0.023*[#   4]
    |psi|^2 = 0.070
==== e(   6) =    22.33474 eV ==== 
     psi = 0.130*[#   2]+0.130*[#   3]+0.130*[#   4]+0.040*[#   1]
    |psi|^2 = 0.430

 k =   0.3771236166  0.1414213562  0.0000000000
==== e(   1) =    -0.28899 eV ==== 
     psi = 0.319*[#   1]+0.226*[#   2]+0.226*[#   3]+0.226*[#   4]
    |psi|^2 = 0.997
==== e(   2) =    12.17496 eV ==== 
     psi = 0.269*[#   2]+0.269*[#   3]+0.269*[#   4]
    |psi|^2 = 0.808
==== e(   3) =    13.52168 eV ==== 
     psi = 0.259*[#   1]+0.211*[#   2]+0.211*[#   3]+0.211*[#   4]
    |psi|^2 = 0.893
==== e(   4) =    15.77372 eV ==== 
     psi = 0.294*[#   1]+0.095*[#   2]+0.095*[#   3]+0.095*[#   4]
    |psi|^2 = 0.580
==== e(   5) =    18.83494 eV ==== 
     psi = 0.044*[#   2]+0.044*[#   3]+0.044*[#   4]
    |psi|^2 = 0.132
==== e(   6) =    20.86196 eV ==== 
     psi = 0.109*[#   1]+0.101*[#   2]+0.101*[#   3]+0.101*[#   4]
    |psi|^2 = 0.412

 k =   0.4006938427  0.1649915823 -0.0235702260
==== e(   1) =     0.17437 eV ==== 
     psi = 0.309*[#   1]+0.229*[#   2]+0.229*[#   3]+0.229*[#   4]
    |psi|^2 = 0.997
==== e(   2) =    11.30628 eV ==== 
     psi = 0.271*[#   2]+0.271*[#   3]+0.271*[#   4]+0.052*[#   1]
    |psi|^2 = 0.865
==== e(   3) =    13.08241 eV ==== 
     psi = 0.231*[#   1]+0.217*[#   2]+0.217*[#   3]+0.217*[#   4]
    |psi|^2 = 0.881
==== e(   4) =    15.12192 eV ==== 
     psi = 0.312*[#   1]+0.113*[#   2]+0.113*[#   3]+0.113*[#   4]
    |psi|^2 = 0.651
==== e(   5) =    19.14540 eV ==== 
     psi = 0.041*[#   2]+0.041*[#   3]+0.041*[#   4]+0.009*[#   1]
    |psi|^2 = 0.134
==== e(   6) =    21.34237 eV ==== 
     psi = 0.085*[#   2]+0.085*[#   3]+0.085*[#   4]+0.070*[#   1]
    |psi|^2 = 0.324

 k =   0.4242640687  0.1885618083 -0.0471404521
==== e(   1) =     0.69499 eV ==== 
     psi = 0.302*[#   1]+0.232*[#   2]+0.232*[#   3]+0.232*[#   4]
    |psi|^2 = 0.997
==== e(   2) =    10.27000 eV ==== 
     psi = 0.261*[#   2]+0.261*[#   3]+0.261*[#   4]+0.129*[#   1]
    |psi|^2 = 0.912
==== e(   3) =    12.89476 eV ==== 
     psi = 0.230*[#   2]+0.230*[#   3]+0.230*[#   4]+0.171*[#   1]
    |psi|^2 = 0.862
==== e(   4) =    14.52407 eV ==== 
     psi = 0.326*[#   1]+0.130*[#   2]+0.130*[#   3]+0.130*[#   4]
    |psi|^2 = 0.717
==== e(   5) =    19.30689 eV ==== 
     psi = 0.047*[#   2]+0.047*[#   3]+0.047*[#   4]+0.020*[#   1]
    |psi|^2 = 0.159
==== e(   6) =    22.07318 eV ==== 
     psi = 0.064*[#   2]+0.064*[#   3]+0.064*[#   4]+0.038*[#   1]
    |psi|^2 = 0.229

 k =   0.4478342948  0.2121320344 -0.0707106781
==== e(   1) =     1.27215 eV ==== 
     psi = 0.298*[#   1]+0.233*[#   2]+0.233*[#   3]+0.233*[#   4]
    |psi|^2 = 0.997
==== e(   2) =     9.20835 eV ==== 
     psi = 0.250*[#   2]+0.250*[#   3]+0.250*[#   4]+0.191*[#   1]
    |psi|^2 = 0.942
==== e(   3) =    12.81939 eV ==== 
     psi = 0.242*[#   2]+0.242*[#   3]+0.242*[#   4]+0.113*[#   1]
    |psi|^2 = 0.839
==== e(   4) =    13.98645 eV ==== 
     psi = 0.343*[#   1]+0.146*[#   2]+0.146*[#   3]+0.146*[#   4]
    |psi|^2 = 0.782
==== e(   5) =    19.41540 eV ==== 
     psi = 0.051*[#   2]+0.051*[#   3]+0.051*[#   4]+0.022*[#   1]
    |psi|^2 = 0.174
==== e(   6) =    22.93219 eV ==== 
     psi = 0.048*[#   2]+0.048*[#   3]+0.048*[#   4]+0.019*[#   1]
    |psi|^2 = 0.162

 k =  -0.2357022604 -0.4714045208  0.6128258770
==== e(   1) =     1.90496 eV ==== 
     psi = 0.296*[#   1]+0.234*[#   2]+0.234*[#   3]+0.234*[#   4]
    |psi|^2 = 0.996
==== e(   2) =     8.16710 eV ==== 
     psi = 0.241*[#   2]+0.241*[#   3]+0.241*[#   4]+0.239*[#   1]
    |psi|^2 = 0.961
==== e(   3) =    12.79752 eV ==== 
     psi = 0.251*[#   2]+0.251*[#   3]+0.251*[#   4]+0.045*[#   1]
    |psi|^2 = 0.798
==== e(   4) =    13.52750 eV ==== 
     psi = 0.377*[#   1]+0.160*[#   2]+0.160*[#   3]+0.160*[#   4]
    |psi|^2 = 0.857
==== e(   5) =    19.52762 eV ==== 
     psi = 0.052*[#   2]+0.052*[#   3]+0.052*[#   4]+0.021*[#   1]
    |psi|^2 = 0.178
==== e(   6) =    23.72285 eV ==== 
     psi = 0.040*[#   2]+0.040*[#   3]+0.040*[#   4]+0.004*[#   1]
    |psi|^2 = 0.124

 k =  -0.2121320344 -0.4478342948  0.5892556510
==== e(   1) =     2.59228 eV ==== 
     psi = 0.292*[#   1]+0.234*[#   2]+0.234*[#   3]+0.234*[#   4]
    |psi|^2 = 0.995
==== e(   2) =     7.16249 eV ==== 
     psi = 0.277*[#   1]+0.232*[#   2]+0.232*[#   3]+0.232*[#   4]
    |psi|^2 = 0.973
==== e(   3) =    12.73255 eV ==== 
     psi = 0.244*[#   2]+0.244*[#   3]+0.244*[#   4]+0.004*[#   1]
    |psi|^2 = 0.737
==== e(   4) =    13.23152 eV ==== 
     psi = 0.392*[#   1]+0.184*[#   2]+0.184*[#   3]+0.184*[#   4]
    |psi|^2 = 0.944
==== e(   5) =    19.66843 eV ==== 
     psi = 0.052*[#   2]+0.052*[#   3]+0.052*[#   4]+0.019*[#   1]
    |psi|^2 = 0.175
==== e(   6) =    23.76831 eV ==== 
     psi = 0.027*[#   2]+0.027*[#   3]+0.027*[#   4]
    |psi|^2 = 0.082

 k =  -0.1885618083 -0.4242640687  0.5656854249
==== e(   1) =     3.33221 eV ==== 
     psi = 0.282*[#   1]+0.237*[#   2]+0.237*[#   3]+0.237*[#   4]
    |psi|^2 = 0.994
==== e(   2) =     6.20252 eV ==== 
     psi = 0.311*[#   1]+0.223*[#   2]+0.223*[#   3]+0.223*[#   4]
    |psi|^2 = 0.981
==== e(   3) =    12.49160 eV ==== 
     psi = 0.224*[#   2]+0.224*[#   3]+0.224*[#   4]+0.097*[#   1]
    |psi|^2 = 0.768
==== e(   4) =    13.22706 eV ==== 
     psi = 0.280*[#   1]+0.217*[#   2]+0.217*[#   3]+0.217*[#   4]
    |psi|^2 = 0.932
==== e(   5) =    19.84873 eV ==== 
     psi = 0.051*[#   2]+0.051*[#   3]+0.051*[#   4]+0.016*[#   1]
    |psi|^2 = 0.169
==== e(   6) =    23.46371 eV ==== 
     psi = 0.023*[#   2]+0.023*[#   3]+0.023*[#   4]+0.003*[#   1]
    |psi|^2 = 0.073

 k =  -0.1649915823 -0.4006938427  0.5421151989
==== e(   1) =     4.11764 eV ==== 
     psi = 0.252*[#   2]+0.252*[#   3]+0.252*[#   4]+0.238*[#   1]
    |psi|^2 = 0.992
==== e(   2) =     5.29689 eV ==== 
     psi = 0.368*[#   1]+0.206*[#   2]+0.206*[#   3]+0.206*[#   4]
    |psi|^2 = 0.986
==== e(   3) =    12.19821 eV ==== 
     psi = 0.219*[#   2]+0.219*[#   3]+0.219*[#   4]+0.155*[#   1]
    |psi|^2 = 0.813
==== e(   4) =    13.38910 eV ==== 
     psi = 0.228*[#   2]+0.228*[#   3]+0.228*[#   4]+0.213*[#   1]
    |psi|^2 = 0.898
==== e(   5) =    20.07338 eV ==== 
     psi = 0.049*[#   2]+0.049*[#   3]+0.049*[#   4]+0.014*[#   1]
    |psi|^2 = 0.162
==== e(   6) =    23.15785 eV ==== 
     psi = 0.023*[#   2]+0.023*[#   3]+0.023*[#   4]+0.004*[#   1]
    |psi|^2 = 0.072

 k =  -0.1414213562 -0.3771236166  0.5185449729
==== e(   1) =     4.38388 eV ==== 
     psi = 0.274*[#   2]+0.274*[#   3]+0.274*[#   4]+0.172*[#   1]
    |psi|^2 = 0.993
==== e(   2) =     5.01105 eV ==== 
     psi = 0.434*[#   1]+0.184*[#   2]+0.184*[#   3]+0.184*[#   4]
    |psi|^2 = 0.985
==== e(   3) =    11.93672 eV ==== 
     psi = 0.219*[#   2]+0.219*[#   3]+0.219*[#   4]+0.186*[#   1]
    |psi|^2 = 0.843
==== e(   4) =    13.63313 eV ==== 
     psi = 0.230*[#   2]+0.230*[#   3]+0.230*[#   4]+0.183*[#   1]
    |psi|^2 = 0.871
==== e(   5) =    20.34424 eV ==== 
     psi = 0.048*[#   2]+0.048*[#   3]+0.048*[#   4]+0.012*[#   1]
    |psi|^2 = 0.157
==== e(   6) =    22.88721 eV ==== 
     psi = 0.023*[#   2]+0.023*[#   3]+0.023*[#   4]+0.005*[#   1]
    |psi|^2 = 0.073

 k =  -0.1178511302 -0.3535533906  0.4949747468
==== e(   1) =     3.59305 eV ==== 
     psi = 0.272*[#   1]+0.241*[#   2]+0.241*[#   3]+0.241*[#   4]
    |psi|^2 = 0.994
==== e(   2) =     5.88214 eV ==== 
     psi = 0.323*[#   1]+0.220*[#   2]+0.220*[#   3]+0.220*[#   4]
    |psi|^2 = 0.982
==== e(   3) =    11.72631 eV ==== 
     psi = 0.217*[#   2]+0.217*[#   3]+0.217*[#   4]+0.213*[#   1]
    |psi|^2 = 0.865
==== e(   4) =    13.94086 eV ==== 
     psi = 0.226*[#   2]+0.226*[#   3]+0.226*[#   4]+0.169*[#   1]
    |psi|^2 = 0.847
==== e(   5) =    20.66113 eV ==== 
     psi = 0.048*[#   2]+0.048*[#   3]+0.048*[#   4]+0.011*[#   1]
    |psi|^2 = 0.154
==== e(   6) =    22.65858 eV ==== 
     psi = 0.022*[#   2]+0.022*[#   3]+0.022*[#   4]+0.006*[#   1]
    |psi|^2 = 0.073

 k =  -0.0942809042 -0.3299831646  0.4714045208
==== e(   1) =     2.83533 eV ==== 
     psi = 0.288*[#   1]+0.236*[#   2]+0.236*[#   3]+0.236*[#   4]
    |psi|^2 = 0.995
==== e(   2) =     6.81736 eV ==== 
     psi = 0.281*[#   1]+0.232*[#   2]+0.232*[#   3]+0.232*[#   4]
    |psi|^2 = 0.976
==== e(   3) =    11.57487 eV ==== 
     psi = 0.243*[#   1]+0.212*[#   2]+0.212*[#   3]+0.212*[#   4]
    |psi|^2 = 0.880
==== e(   4) =    14.30685 eV ==== 
     psi = 0.220*[#   2]+0.220*[#   3]+0.220*[#   4]+0.162*[#   1]
    |psi|^2 = 0.822
==== e(   5) =    21.02152 eV ==== 
     psi = 0.049*[#   2]+0.049*[#   3]+0.049*[#   4]+0.009*[#   1]
    |psi|^2 = 0.155
==== e(   6) =    22.47244 eV ==== 
     psi = 0.021*[#   2]+0.021*[#   3]+0.021*[#   4]+0.007*[#   1]
    |psi|^2 = 0.069

 k =  -0.0707106781 -0.3064129385  0.4478342948
==== e(   1) =     2.12946 eV ==== 
     psi = 0.294*[#   1]+0.234*[#   2]+0.234*[#   3]+0.234*[#   4]
    |psi|^2 = 0.996
==== e(   2) =     7.79148 eV ==== 
     psi = 0.245*[#   2]+0.245*[#   3]+0.245*[#   4]+0.233*[#   1]
    |psi|^2 = 0.967
==== e(   3) =    11.49069 eV ==== 
     psi = 0.285*[#   1]+0.202*[#   2]+0.202*[#   3]+0.202*[#   4]
    |psi|^2 = 0.892
==== e(   4) =    14.72865 eV ==== 
     psi = 0.211*[#   2]+0.211*[#   3]+0.211*[#   4]+0.161*[#   1]
    |psi|^2 = 0.793
==== e(   5) =    21.41772 eV ==== 
     psi = 0.053*[#   2]+0.053*[#   3]+0.053*[#   4]+0.007*[#   1]
    |psi|^2 = 0.166
==== e(   6) =    22.32607 eV ==== 
     psi = 0.016*[#   2]+0.016*[#   3]+0.016*[#   4]+0.008*[#   1]
    |psi|^2 = 0.056

 k =  -0.0471404521 -0.2828427125  0.4242640687
==== e(   1) =     1.47785 eV ==== 
     psi = 0.298*[#   1]+0.233*[#   2]+0.233*[#   3]+0.233*[#   4]
    |psi|^2 = 0.997
==== e(   2) =     8.78554 eV ==== 
     psi = 0.263*[#   2]+0.263*[#   3]+0.263*[#   4]+0.165*[#   1]
    |psi|^2 = 0.954
==== e(   3) =    11.49066 eV ==== 
     psi = 0.344*[#   1]+0.185*[#   2]+0.185*[#   3]+0.185*[#   4]
    |psi|^2 = 0.900
==== e(   4) =    15.20475 eV ==== 
     psi = 0.199*[#   2]+0.199*[#   3]+0.199*[#   4]+0.161*[#   1]
    |psi|^2 = 0.759
==== e(   5) =    21.81383 eV ==== 
     psi = 0.063*[#   2]+0.063*[#   3]+0.063*[#   4]+0.002*[#   1]
    |psi|^2 = 0.193
==== e(   6) =    22.22629 eV ==== 
     psi = 0.010*[#   1]+0.005*[#   2]+0.005*[#   3]+0.005*[#   4]
    |psi|^2 = 0.026

 k =  -0.0235702260 -0.2592724864  0.4006938427
==== e(   1) =     0.88172 eV ==== 
     psi = 0.303*[#   1]+0.231*[#   2]+0.231*[#   3]+0.231*[#   4]
    |psi|^2 = 0.997
==== e(   2) =     9.74932 eV ==== 
     psi = 0.289*[#   2]+0.289*[#   3]+0.289*[#   4]+0.070*[#   1]
    |psi|^2 = 0.935
==== e(   3) =    11.62312 eV ==== 
     psi = 0.428*[#   1]+0.159*[#   2]+0.159*[#   3]+0.159*[#   4]
    |psi|^2 = 0.905
==== e(   4) =    15.73392 eV ==== 
     psi = 0.185*[#   2]+0.185*[#   3]+0.185*[#   4]+0.162*[#   1]
    |psi|^2 = 0.718
==== e(   5) =    21.91405 eV ==== 
     psi = 0.031*[#   2]+0.031*[#   3]+0.031*[#   4]
    |psi|^2 = 0.095
==== e(   6) =    22.38123 eV ==== 
     psi = 0.044*[#   2]+0.044*[#   3]+0.044*[#   4]+0.005*[#   1]
    |psi|^2 = 0.137

 k =   0.0000000000 -0.2357022604  0.3771236166
==== e(   1) =     0.34196 eV ==== 
     psi = 0.311*[#   1]+0.229*[#   2]+0.229*[#   3]+0.229*[#   4]
    |psi|^2 = 0.997
==== e(   2) =    10.53935 eV ==== 
     psi = 0.304*[#   2]+0.304*[#   3]+0.304*[#   4]
    |psi|^2 = 0.912
==== e(   3) =    12.02886 eV ==== 
     psi = 0.482*[#   1]+0.142*[#   2]+0.142*[#   3]+0.142*[#   4]
    |psi|^2 = 0.906
==== e(   4) =    16.31489 eV ==== 
     psi = 0.169*[#   2]+0.169*[#   3]+0.169*[#   4]+0.162*[#   1]
    |psi|^2 = 0.669
==== e(   5) =    21.58786 eV ==== 
     psi = 0.015*[#   2]+0.015*[#   3]+0.015*[#   4]
    |psi|^2 = 0.044
==== e(   6) =    22.66622 eV ==== 
     psi = 0.098*[#   2]+0.098*[#   3]+0.098*[#   4]
    |psi|^2 = 0.296

 k =   0.4242640687  0.1414213562 -0.0000000000
==== e(   1) =     0.38064 eV ==== 
     psi = 0.303*[#   1]+0.231*[#   2]+0.231*[#   3]+0.231*[#   4]
    |psi|^2 = 0.997
==== e(   2) =    11.69247 eV ==== 
     psi = 0.273*[#   2]+0.273*[#   3]+0.273*[#   4]
    |psi|^2 = 0.818
==== e(   3) =    13.02335 eV ==== 
     psi = 0.239*[#   2]+0.239*[#   3]+0.239*[#   4]+0.159*[#   1]
    |psi|^2 = 0.876
==== e(   4) =    14.25145 eV ==== 
     psi = 0.422*[#   1]+0.090*[#   2]+0.090*[#   3]+0.090*[#   4]
    |psi|^2 = 0.691
==== e(   5) =    18.37052 eV ==== 
     psi = 0.046*[#   2]+0.046*[#   3]+0.046*[#   4]
    |psi|^2 = 0.139
==== e(   6) =    20.46379 eV ==== 
     psi = 0.102*[#   1]+0.082*[#   2]+0.082*[#   3]+0.082*[#   4]
    |psi|^2 = 0.347

 k =   0.4478342948  0.1649915823 -0.0235702260
==== e(   1) =     0.88070 eV ==== 
     psi = 0.297*[#   1]+0.233*[#   2]+0.233*[#   3]+0.233*[#   4]
    |psi|^2 = 0.997
==== e(   2) =    10.85948 eV ==== 
     psi = 0.277*[#   2]+0.277*[#   3]+0.277*[#   4]+0.043*[#   1]
    |psi|^2 = 0.874
==== e(   3) =    12.60325 eV ==== 
     psi = 0.245*[#   2]+0.245*[#   3]+0.245*[#   4]+0.119*[#   1]
    |psi|^2 = 0.855
==== e(   4) =    13.64382 eV ==== 
     psi = 0.455*[#   1]+0.103*[#   2]+0.103*[#   3]+0.103*[#   4]
    |psi|^2 = 0.764
==== e(   5) =    18.71991 eV ==== 
     psi = 0.042*[#   2]+0.042*[#   3]+0.042*[#   4]+0.008*[#   1]
    |psi|^2 = 0.133
==== e(   6) =    20.97772 eV ==== 
     psi = 0.067*[#   2]+0.067*[#   3]+0.067*[#   4]+0.065*[#   1]
    |psi|^2 = 0.267

 k =   0.4714045208  0.1885618083 -0.0471404521
==== e(   1) =     1.43724 eV ==== 
     psi = 0.293*[#   1]+0.234*[#   2]+0.234*[#   3]+0.234*[#   4]
    |psi|^2 = 0.996
==== e(   2) =     9.85822 eV ==== 
     psi = 0.270*[#   2]+0.270*[#   3]+0.270*[#   4]+0.109*[#   1]
    |psi|^2 = 0.920
==== e(   3) =    12.41005 eV ==== 
     psi = 0.257*[#   2]+0.257*[#   3]+0.257*[#   4]+0.037*[#   1]
    |psi|^2 = 0.808
==== e(   4) =    13.11832 eV ==== 
     psi = 0.496*[#   1]+0.117*[#   2]+0.117*[#   3]+0.117*[#   4]
    |psi|^2 = 0.849
==== e(   5) =    18.92166 eV ==== 
     psi = 0.044*[#   2]+0.044*[#   3]+0.044*[#   4]+0.017*[#   1]
    |psi|^2 = 0.148
==== e(   6) =    21.74499 eV ==== 
     psi = 0.049*[#   2]+0.049*[#   3]+0.049*[#   4]+0.036*[#   1]
    |psi|^2 = 0.185

 k =  -0.2121320344 -0.4949747468  0.6363961031
==== e(   1) =     2.04936 eV ==== 
     psi = 0.289*[#   1]+0.236*[#   2]+0.236*[#   3]+0.236*[#   4]
    |psi|^2 = 0.996
==== e(   2) =     8.83214 eV ==== 
     psi = 0.261*[#   2]+0.261*[#   3]+0.261*[#   4]+0.165*[#   1]
    |psi|^2 = 0.948
==== e(   3) =    12.22311 eV ==== 
     psi = 0.246*[#   2]+0.246*[#   3]+0.246*[#   4]+0.012*[#   1]
    |psi|^2 = 0.750
==== e(   4) =    12.76091 eV ==== 
     psi = 0.484*[#   1]+0.152*[#   2]+0.152*[#   3]+0.152*[#   4]
    |psi|^2 = 0.941
==== e(   5) =    19.06932 eV ==== 
     psi = 0.046*[#   2]+0.046*[#   3]+0.046*[#   4]+0.020*[#   1]
    |psi|^2 = 0.157
==== e(   6) =    22.65543 eV ==== 
     psi = 0.035*[#   2]+0.035*[#   3]+0.035*[#   4]+0.019*[#   1]
    |psi|^2 = 0.125

 k =  -0.1885618083 -0.4714045208  0.6128258770
==== e(   1) =     2.71589 eV ==== 
     psi = 0.283*[#   1]+0.237*[#   2]+0.237*[#   3]+0.237*[#   4]
    |psi|^2 = 0.995
==== e(   2) =     7.82714 eV ==== 
     psi = 0.251*[#   2]+0.251*[#   3]+0.251*[#   4]+0.212*[#   1]
    |psi|^2 = 0.966
==== e(   3) =    11.89814 eV ==== 
     psi = 0.215*[#   2]+0.215*[#   3]+0.215*[#   4]+0.129*[#   1]
    |psi|^2 = 0.774
==== e(   4) =    12.67546 eV ==== 
     psi = 0.336*[#   1]+0.202*[#   2]+0.202*[#   3]+0.202*[#   4]
    |psi|^2 = 0.944
==== e(   5) =    19.21968 eV ==== 
     psi = 0.046*[#   2]+0.046*[#   3]+0.046*[#   4]+0.020*[#   1]
    |psi|^2 = 0.158
==== e(   6) =    23.61199 eV ==== 
     psi = 0.027*[#   2]+0.027*[#   3]+0.027*[#   4]+0.009*[#   1]
    |psi|^2 = 0.090

 k =  -0.1649915823 -0.4478342948  0.5892556510
==== e(   1) =     3.43503 eV ==== 
     psi = 0.272*[#   1]+0.241*[#   2]+0.241*[#   3]+0.241*[#   4]
    |psi|^2 = 0.994
==== e(   2) =     6.85970 eV ==== 
     psi = 0.252*[#   1]+0.242*[#   2]+0.242*[#   3]+0.242*[#   4]
    |psi|^2 = 0.977
==== e(   3) =    11.53157 eV ==== 
     psi = 0.207*[#   2]+0.207*[#   3]+0.207*[#   4]+0.197*[#   1]
    |psi|^2 = 0.817
==== e(   4) =    12.75343 eV ==== 
     psi = 0.246*[#   1]+0.224*[#   2]+0.224*[#   3]+0.224*[#   4]
    |psi|^2 = 0.920
==== e(   5) =    19.39808 eV ==== 
     psi = 0.046*[#   2]+0.046*[#   3]+0.046*[#   4]+0.018*[#   1]
    |psi|^2 = 0.155
==== e(   6) =    24.29503 eV ==== 
     psi = 0.024*[#   2]+0.024*[#   3]+0.024*[#   4]
    |psi|^2 = 0.072

 k =  -0.1414213562 -0.4242640687  0.5656854249
==== e(   1) =     4.20236 eV ==== 
     psi = 0.250*[#   2]+0.250*[#   3]+0.250*[#   4]+0.242*[#   1]
    |psi|^2 = 0.992
==== e(   2) =     5.93965 eV ==== 
     psi = 0.298*[#   1]+0.229*[#   2]+0.229*[#   3]+0.229*[#   4]
    |psi|^2 = 0.984
==== e(   3) =    11.19621 eV ==== 
     psi = 0.229*[#   1]+0.207*[#   2]+0.207*[#   3]+0.207*[#   4]
    |psi|^2 = 0.849
==== e(   4) =    12.91814 eV ==== 
     psi = 0.233*[#   2]+0.233*[#   3]+0.233*[#   4]+0.202*[#   1]
    |psi|^2 = 0.900
==== e(   5) =    19.61572 eV ==== 
     psi = 0.044*[#   2]+0.044*[#   3]+0.044*[#   4]+0.016*[#   1]
    |psi|^2 = 0.149
==== e(   6) =    24.20212 eV ==== 
     psi = 0.019*[#   2]+0.019*[#   3]+0.019*[#   4]+0.001*[#   1]
    |psi|^2 = 0.058

 k =  -0.1178511302 -0.4006938427  0.5421151989
==== e(   1) =     4.90403 eV ==== 
     psi = 0.331*[#   2]+0.331*[#   3]+0.331*[#   4]
    |psi|^2 = 0.994
==== e(   2) =     5.18231 eV ==== 
     psi = 0.544*[#   1]+0.147*[#   2]+0.147*[#   3]+0.147*[#   4]
    |psi|^2 = 0.983
==== e(   3) =    10.91139 eV ==== 
     psi = 0.252*[#   1]+0.207*[#   2]+0.207*[#   3]+0.207*[#   4]
    |psi|^2 = 0.872
==== e(   4) =    13.14974 eV ==== 
     psi = 0.235*[#   2]+0.235*[#   3]+0.235*[#   4]+0.179*[#   1]
    |psi|^2 = 0.883
==== e(   5) =    19.87762 eV ==== 
     psi = 0.043*[#   2]+0.043*[#   3]+0.043*[#   4]+0.014*[#   1]
    |psi|^2 = 0.144
==== e(   6) =    23.95094 eV ==== 
     psi = 0.018*[#   2]+0.018*[#   3]+0.018*[#   4]+0.002*[#   1]
    |psi|^2 = 0.055

 k =  -0.0942809042 -0.3771236166  0.5185449729
==== e(   1) =     4.21109 eV ==== 
     psi = 0.251*[#   2]+0.251*[#   3]+0.251*[#   4]+0.239*[#   1]
    |psi|^2 = 0.993
==== e(   2) =     5.91512 eV ==== 
     psi = 0.292*[#   1]+0.230*[#   2]+0.230*[#   3]+0.230*[#   4]
    |psi|^2 = 0.983
==== e(   3) =    10.68556 eV ==== 
     psi = 0.277*[#   1]+0.204*[#   2]+0.204*[#   3]+0.204*[#   4]
    |psi|^2 = 0.889
==== e(   4) =    13.44172 eV ==== 
     psi = 0.233*[#   2]+0.233*[#   3]+0.233*[#   4]+0.167*[#   1]
    |psi|^2 = 0.866
==== e(   5) =    20.18578 eV ==== 
     psi = 0.042*[#   2]+0.042*[#   3]+0.042*[#   4]+0.013*[#   1]
    |psi|^2 = 0.139
==== e(   6) =    23.71105 eV ==== 
     psi = 0.017*[#   2]+0.017*[#   3]+0.017*[#   4]+0.003*[#   1]
    |psi|^2 = 0.054

 k =  -0.0707106781 -0.3535533906  0.4949747468
==== e(   1) =     3.44062 eV ==== 
     psi = 0.269*[#   1]+0.242*[#   2]+0.242*[#   3]+0.242*[#   4]
    |psi|^2 = 0.995
==== e(   2) =     6.81514 eV ==== 
     psi = 0.248*[#   2]+0.248*[#   3]+0.248*[#   4]+0.232*[#   1]
    |psi|^2 = 0.977
==== e(   3) =    10.52748 eV ==== 
     psi = 0.314*[#   1]+0.196*[#   2]+0.196*[#   3]+0.196*[#   4]
    |psi|^2 = 0.901
==== e(   4) =    13.79115 eV ==== 
     psi = 0.229*[#   2]+0.229*[#   3]+0.229*[#   4]+0.161*[#   1]
    |psi|^2 = 0.847
==== e(   5) =    20.54035 eV ==== 
     psi = 0.041*[#   2]+0.041*[#   3]+0.041*[#   4]+0.012*[#   1]
    |psi|^2 = 0.136
==== e(   6) =    23.49653 eV ==== 
     psi = 0.016*[#   2]+0.016*[#   3]+0.016*[#   4]+0.003*[#   1]
    |psi|^2 = 0.053

 k =  -0.0471404521 -0.3299831646  0.4714045208
==== e(   1) =     2.71951 eV ==== 
     psi = 0.281*[#   1]+0.238*[#   2]+0.238*[#   3]+0.238*[#   4]
    |psi|^2 = 0.996
==== e(   2) =     7.73909 eV ==== 
     psi = 0.269*[#   2]+0.269*[#   3]+0.269*[#   4]+0.164*[#   1]
    |psi|^2 = 0.970
==== e(   3) =    10.45479 eV ==== 
     psi = 0.370*[#   1]+0.180*[#   2]+0.180*[#   3]+0.180*[#   4]
    |psi|^2 = 0.910
==== e(   4) =    14.19630 eV ==== 
     psi = 0.222*[#   2]+0.222*[#   3]+0.222*[#   4]+0.160*[#   1]
    |psi|^2 = 0.824
==== e(   5) =    20.93992 eV ==== 
     psi = 0.042*[#   2]+0.042*[#   3]+0.042*[#   4]+0.011*[#   1]
    |psi|^2 = 0.136
==== e(   6) =    23.29360 eV ==== 
     psi = 0.014*[#   2]+0.014*[#   3]+0.014*[#   4]+0.003*[#   1]
    |psi|^2 = 0.047

 k =  -0.0235702260 -0.3064129385  0.4478342948
==== e(   1) =     2.05174 eV ==== 
     psi = 0.289*[#   1]+0.236*[#   2]+0.236*[#   3]+0.236*[#   4]
    |psi|^2 = 0.996
==== e(   2) =     8.63309 eV ==== 
     psi = 0.297*[#   2]+0.297*[#   3]+0.297*[#   4]+0.070*[#   1]
    |psi|^2 = 0.960
==== e(   3) =    10.51768 eV ==== 
     psi = 0.453*[#   1]+0.154*[#   2]+0.154*[#   3]+0.154*[#   4]
    |psi|^2 = 0.914
==== e(   4) =    14.65591 eV ==== 
     psi = 0.212*[#   2]+0.212*[#   3]+0.212*[#   4]+0.161*[#   1]
    |psi|^2 = 0.796
==== e(   5) =    21.38101 eV ==== 
     psi = 0.044*[#   2]+0.044*[#   3]+0.044*[#   4]+0.009*[#   1]
    |psi|^2 = 0.140
==== e(   6) =    23.04823 eV ==== 
     psi = 0.011*[#   2]+0.011*[#   3]+0.011*[#   4]+0.002*[#   1]
    |psi|^2 = 0.034

 k =   0.0000000000 -0.2828427125  0.4242640687
==== e(   1) =     1.43880 eV ==== 
     psi = 0.296*[#   1]+0.234*[#   2]+0.234*[#   3]+0.234*[#   4]
    |psi|^2 = 0.997
==== e(   2) =     9.35036 eV ==== 
     psi = 0.316*[#   2]+0.316*[#   3]+0.316*[#   4]
    |psi|^2 = 0.947
==== e(   3) =    10.86081 eV ==== 
     psi = 0.511*[#   1]+0.135*[#   2]+0.135*[#   3]+0.135*[#   4]
    |psi|^2 = 0.915
==== e(   4) =    15.16885 eV ==== 
     psi = 0.200*[#   2]+0.200*[#   3]+0.200*[#   4]+0.162*[#   1]
    |psi|^2 = 0.762
==== e(   5) =    21.85484 eV ==== 
     psi = 0.048*[#   2]+0.048*[#   3]+0.048*[#   4]+0.007*[#   1]
    |psi|^2 = 0.152
==== e(   6) =    22.62686 eV ==== 
     psi = 0.009*[#   2]+0.009*[#   3]+0.009*[#   4]
    |psi|^2 = 0.027

 k =   0.4714045208  0.1414213562  0.0000000000
==== e(   1) =     1.12457 eV ==== 
     psi = 0.295*[#   1]+0.234*[#   2]+0.234*[#   3]+0.234*[#   4]
    |psi|^2 = 0.996
==== e(   2) =    11.28383 eV ==== 
     psi = 0.275*[#   2]+0.275*[#   3]+0.275*[#   4]
    |psi|^2 = 0.825
==== e(   3) =    12.39630 eV ==== 
     psi = 0.244*[#   2]+0.244*[#   3]+0.244*[#   4]+0.004*[#   1]
    |psi|^2 = 0.737
==== e(   4) =    12.98288 eV ==== 
     psi = 0.601*[#   1]+0.105*[#   2]+0.105*[#   3]+0.105*[#   4]
    |psi|^2 = 0.915
==== e(   5) =    17.97411 eV ==== 
     psi = 0.048*[#   2]+0.048*[#   3]+0.048*[#   4]
    |psi|^2 = 0.145
==== e(   6) =    20.11522 eV ==== 
     psi = 0.089*[#   1]+0.065*[#   2]+0.065*[#   3]+0.065*[#   4]
    |psi|^2 = 0.286

 k =   0.4949747468  0.1649915823 -0.0235702260
==== e(   1) =     1.66018 eV ==== 
     psi = 0.290*[#   1]+0.235*[#   2]+0.235*[#   3]+0.235*[#   4]
    |psi|^2 = 0.996
==== e(   2) =    10.48460 eV ==== 
     psi = 0.283*[#   2]+0.283*[#   3]+0.283*[#   4]+0.032*[#   1]
    |psi|^2 = 0.880
==== e(   3) =    11.89207 eV ==== 
     psi = 0.231*[#   2]+0.231*[#   3]+0.231*[#   4]+0.048*[#   1]
    |psi|^2 = 0.740
==== e(   4) =    12.52800 eV ==== 
     psi = 0.557*[#   1]+0.132*[#   2]+0.132*[#   3]+0.132*[#   4]
    |psi|^2 = 0.954
==== e(   5) =    18.36156 eV ==== 
     psi = 0.042*[#   2]+0.042*[#   3]+0.042*[#   4]+0.007*[#   1]
    |psi|^2 = 0.132
==== e(   6) =    20.66381 eV ==== 
     psi = 0.057*[#   1]+0.054*[#   2]+0.054*[#   3]+0.054*[#   4]
    |psi|^2 = 0.217

 k =  -0.1885618083 -0.5185449729  0.6599663291
==== e(   1) =     2.25117 eV ==== 
     psi = 0.285*[#   1]+0.237*[#   2]+0.237*[#   3]+0.237*[#   4]
    |psi|^2 = 0.995
==== e(   2) =     9.51777 eV ==== 
     psi = 0.280*[#   2]+0.280*[#   3]+0.280*[#   4]+0.087*[#   1]
    |psi|^2 = 0.925
==== e(   3) =    11.45166 eV ==== 
     psi = 0.200*[#   2]+0.200*[#   3]+0.200*[#   4]+0.169*[#   1]
    |psi|^2 = 0.768
==== e(   4) =    12.32037 eV ==== 
     psi = 0.405*[#   1]+0.183*[#   2]+0.183*[#   3]+0.183*[#   4]
    |psi|^2 = 0.953
==== e(   5) =    18.60224 eV ==== 
     psi = 0.041*[#   2]+0.041*[#   3]+0.041*[#   4]+0.015*[#   1]
    |psi|^2 = 0.139
==== e(   6) =    21.46704 eV ==== 
     psi = 0.039*[#   2]+0.039*[#   3]+0.039*[#   4]+0.032*[#   1]
    |psi|^2 = 0.148

 k =  -0.1649915823 -0.4949747468  0.6363961031
==== e(   1) =     2.89625 eV ==== 
     psi = 0.277*[#   1]+0.239*[#   2]+0.239*[#   3]+0.239*[#   4]
    |psi|^2 = 0.994
==== e(   2) =     8.52817 eV ==== 
     psi = 0.271*[#   2]+0.271*[#   3]+0.271*[#   4]+0.139*[#   1]
    |psi|^2 = 0.953
==== e(   3) =    11.01016 eV ==== 
     psi = 0.247*[#   1]+0.188*[#   2]+0.188*[#   3]+0.188*[#   4]
    |psi|^2 = 0.812
==== e(   4) =    12.28883 eV ==== 
     psi = 0.294*[#   1]+0.213*[#   2]+0.213*[#   3]+0.213*[#   4]
    |psi|^2 = 0.934
==== e(   5) =    18.78818 eV ==== 
     psi = 0.042*[#   2]+0.042*[#   3]+0.042*[#   4]+0.018*[#   1]
    |psi|^2 = 0.144
==== e(   6) =    22.41963 eV ==== 
     psi = 0.027*[#   2]+0.027*[#   3]+0.027*[#   4]+0.018*[#   1]
    |psi|^2 = 0.098

 k =  -0.1414213562 -0.4714045208  0.6128258770
==== e(   1) =     3.59348 eV ==== 
     psi = 0.263*[#   1]+0.243*[#   2]+0.243*[#   3]+0.243*[#   4]
    |psi|^2 = 0.993
==== e(   2) =     7.56068 eV ==== 
     psi = 0.261*[#   2]+0.261*[#   3]+0.261*[#   4]+0.186*[#   1]
    |psi|^2 = 0.970
==== e(   3) =    10.60059 eV ==== 
     psi = 0.282*[#   1]+0.188*[#   2]+0.188*[#   3]+0.188*[#   4]
    |psi|^2 = 0.847
==== e(   4) =    12.36143 eV ==== 
     psi = 0.233*[#   1]+0.228*[#   2]+0.228*[#   3]+0.228*[#   4]
    |psi|^2 = 0.918
==== e(   5) =    18.97611 eV ==== 
     psi = 0.042*[#   2]+0.042*[#   3]+0.042*[#   4]+0.018*[#   1]
    |psi|^2 = 0.143
==== e(   6) =    23.44485 eV ==== 
     psi = 0.019*[#   2]+0.019*[#   3]+0.019*[#   4]+0.009*[#   1]
    |psi|^2 = 0.067

 k =  -0.1178511302 -0.4478342948  0.5892556510
==== e(   1) =     4.33910 eV ==== 
     psi = 0.251*[#   2]+0.251*[#   3]+0.251*[#   4]+0.237*[#   1]
    |psi|^2 = 0.991
==== e(   2) =     6.63223 eV ==== 
     psi = 0.249*[#   2]+0.249*[#   3]+0.249*[#   4]+0.232*[#   1]
    |psi|^2 = 0.980
==== e(   3) =    10.24040 eV ==== 
     psi = 0.303*[#   1]+0.190*[#   2]+0.190*[#   3]+0.190*[#   4]
    |psi|^2 = 0.873
==== e(   4) =    12.50992 eV ==== 
     psi = 0.236*[#   2]+0.236*[#   3]+0.236*[#   4]+0.198*[#   1]
    |psi|^2 = 0.905
==== e(   5) =    19.19163 eV ==== 
     psi = 0.041*[#   2]+0.041*[#   3]+0.041*[#   4]+0.017*[#   1]
    |psi|^2 = 0.140
==== e(   6) =    24.44575 eV ==== 
     psi = 0.016*[#   2]+0.016*[#   3]+0.016*[#   4]+0.004*[#   1]
    |psi|^2 = 0.051

 k =  -0.0942809042 -0.4242640687  0.5656854249
==== e(   1) =     5.11292 eV ==== 
     psi = 0.282*[#   2]+0.282*[#   3]+0.282*[#   4]+0.142*[#   1]
    |psi|^2 = 0.989
==== e(   2) =     5.76618 eV ==== 
     psi = 0.331*[#   1]+0.218*[#   2]+0.218*[#   3]+0.218*[#   4]
    |psi|^2 = 0.985
==== e(   3) =     9.93859 eV ==== 
     psi = 0.323*[#   1]+0.190*[#   2]+0.190*[#   3]+0.190*[#   4]
    |psi|^2 = 0.892
==== e(   4) =    12.72355 eV ==== 
     psi = 0.239*[#   2]+0.239*[#   3]+0.239*[#   4]+0.177*[#   1]
    |psi|^2 = 0.893
==== e(   5) =    19.44604 eV ==== 
     psi = 0.040*[#   2]+0.040*[#   3]+0.040*[#   4]+0.015*[#   1]
    |psi|^2 = 0.136
==== e(   6) =    24.92672 eV ==== 
     psi = 0.015*[#   2]+0.015*[#   3]+0.015*[#   4]
    |psi|^2 = 0.045

 k =  -0.0707106781 -0.4006938427  0.5421151989
==== e(   1) =     4.87885 eV ==== 
     psi = 0.266*[#   2]+0.266*[#   3]+0.266*[#   4]+0.194*[#   1]
    |psi|^2 = 0.991
==== e(   2) =     5.99497 eV ==== 
     psi = 0.263*[#   1]+0.240*[#   2]+0.240*[#   3]+0.240*[#   4]
    |psi|^2 = 0.983
==== e(   3) =     9.70435 eV ==== 
     psi = 0.352*[#   1]+0.184*[#   2]+0.184*[#   3]+0.184*[#   4]
    |psi|^2 = 0.906
==== e(   4) =    12.99749 eV ==== 
     psi = 0.238*[#   2]+0.238*[#   3]+0.238*[#   4]+0.166*[#   1]
    |psi|^2 = 0.880
==== e(   5) =    19.74433 eV ==== 
     psi = 0.039*[#   2]+0.039*[#   3]+0.039*[#   4]+0.014*[#   1]
    |psi|^2 = 0.132
==== e(   6) =    24.78167 eV ==== 
     psi = 0.013*[#   2]+0.013*[#   3]+0.013*[#   4]+0.001*[#   1]
    |psi|^2 = 0.040

 k =  -0.0471404521 -0.3771236166  0.5185449729
==== e(   1) =     4.09926 eV ==== 
     psi = 0.249*[#   2]+0.249*[#   3]+0.249*[#   4]+0.245*[#   1]
    |psi|^2 = 0.993
==== e(   2) =     6.84108 eV ==== 
     psi = 0.270*[#   2]+0.270*[#   3]+0.270*[#   4]+0.169*[#   1]
    |psi|^2 = 0.979
==== e(   3) =     9.55566 eV ==== 
     psi = 0.402*[#   1]+0.171*[#   2]+0.171*[#   3]+0.171*[#   4]
    |psi|^2 = 0.915
==== e(   4) =    13.32918 eV ==== 
     psi = 0.235*[#   2]+0.235*[#   3]+0.235*[#   4]+0.160*[#   1]
    |psi|^2 = 0.865
==== e(   5) =    20.08838 eV ==== 
     psi = 0.039*[#   2]+0.039*[#   3]+0.039*[#   4]+0.013*[#   1]
    |psi|^2 = 0.130
==== e(   6) =    24.55344 eV ==== 
     psi = 0.011*[#   2]+0.011*[#   3]+0.011*[#   4]+0.001*[#   1]
    |psi|^2 = 0.035

 k =  -0.0235702260 -0.3535533906  0.4949747468
==== e(   1) =     3.36404 eV ==== 
     psi = 0.266*[#   1]+0.243*[#   2]+0.243*[#   3]+0.243*[#   4]
    |psi|^2 = 0.995
==== e(   2) =     7.66492 eV ==== 
     psi = 0.301*[#   2]+0.301*[#   3]+0.301*[#   4]+0.071*[#   1]
    |psi|^2 = 0.974
==== e(   3) =     9.54356 eV ==== 
     psi = 0.481*[#   1]+0.146*[#   2]+0.146*[#   3]+0.146*[#   4]
    |psi|^2 = 0.919
==== e(   4) =    13.71696 eV ==== 
     psi = 0.230*[#   2]+0.230*[#   3]+0.230*[#   4]+0.158*[#   1]
    |psi|^2 = 0.848
==== e(   5) =    20.47805 eV ==== 
     psi = 0.039*[#   2]+0.039*[#   3]+0.039*[#   4]+0.012*[#   1]
    |psi|^2 = 0.129
==== e(   6) =    24.27341 eV ==== 
     psi = 0.008*[#   2]+0.008*[#   3]+0.008*[#   4]
    |psi|^2 = 0.025

 k =   0.0000000000 -0.3299831646  0.4714045208
==== e(   1) =     2.68087 eV ==== 
     psi = 0.279*[#   1]+0.239*[#   2]+0.239*[#   3]+0.239*[#   4]
    |psi|^2 = 0.996
==== e(   2) =     8.31054 eV ==== 
     psi = 0.323*[#   2]+0.323*[#   3]+0.323*[#   4]
    |psi|^2 = 0.968
==== e(   3) =     9.81676 eV ==== 
     psi = 0.537*[#   1]+0.127*[#   2]+0.127*[#   3]+0.127*[#   4]
    |psi|^2 = 0.919
==== e(   4) =    14.15958 eV ==== 
     psi = 0.222*[#   2]+0.222*[#   3]+0.222*[#   4]+0.159*[#   1]
    |psi|^2 = 0.825
==== e(   5) =    20.91118 eV ==== 
     psi = 0.040*[#   2]+0.040*[#   3]+0.040*[#   4]+0.011*[#   1]
    |psi|^2 = 0.131
==== e(   6) =    23.80598 eV ==== 
     psi = 0.006*[#   2]+0.006*[#   3]+0.006*[#   4]
    |psi|^2 = 0.017

 k =   0.5185449729  0.1414213562  0.0000000000
==== e(   1) =     1.94044 eV ==== 
     psi = 0.289*[#   1]+0.235*[#   2]+0.235*[#   3]+0.235*[#   4]
    |psi|^2 = 0.995
==== e(   2) =    10.94926 eV ==== 
     psi = 0.277*[#   2]+0.277*[#   3]+0.277*[#   4]
    |psi|^2 = 0.830
==== e(   3) =    11.16546 eV ==== 
     psi = 0.243*[#   1]+0.169*[#   2]+0.169*[#   3]+0.169*[#   4]
    |psi|^2 = 0.749
==== e(   4) =    12.45078 eV ==== 
     psi = 0.386*[#   1]+0.197*[#   2]+0.197*[#   3]+0.197*[#   4]
    |psi|^2 = 0.975
==== e(   5) =    17.64804 eV ==== 
     psi = 0.050*[#   2]+0.050*[#   3]+0.050*[#   4]
    |psi|^2 = 0.150
==== e(   6) =    19.82277 eV ==== 
     psi = 0.075*[#   1]+0.052*[#   2]+0.052*[#   3]+0.052*[#   4]
    |psi|^2 = 0.232

 k =  -0.1649915823 -0.5421151989  0.6835365551
==== e(   1) =     2.50973 eV ==== 
     psi = 0.282*[#   1]+0.237*[#   2]+0.237*[#   3]+0.237*[#   4]
    |psi|^2 = 0.994
==== e(   2) =    10.16815 eV ==== 
     psi = 0.292*[#   2]+0.292*[#   3]+0.292*[#   4]+0.005*[#   1]
    |psi|^2 = 0.881
==== e(   3) =    10.64162 eV ==== 
     psi = 0.296*[#   1]+0.168*[#   2]+0.168*[#   3]+0.168*[#   4]
    |psi|^2 = 0.799
==== e(   4) =    12.10328 eV ==== 
     psi = 0.356*[#   1]+0.201*[#   2]+0.201*[#   3]+0.201*[#   4]
    |psi|^2 = 0.959
==== e(   5) =    18.07299 eV ==== 
     psi = 0.042*[#   2]+0.042*[#   3]+0.042*[#   4]+0.006*[#   1]
    |psi|^2 = 0.132
==== e(   6) =    20.40678 eV ==== 
     psi = 0.048*[#   1]+0.043*[#   2]+0.043*[#   3]+0.043*[#   4]
    |psi|^2 = 0.176

 k =  -0.1414213562 -0.5185449729  0.6599663291
==== e(   1) =     3.13247 eV ==== 
     psi = 0.272*[#   1]+0.240*[#   2]+0.240*[#   3]+0.240*[#   4]
    |psi|^2 = 0.993
==== e(   2) =     9.23896 eV ==== 
     psi = 0.294*[#   2]+0.294*[#   3]+0.294*[#   4]+0.046*[#   1]
    |psi|^2 = 0.928
==== e(   3) =    10.16123 eV ==== 
     psi = 0.353*[#   1]+0.162*[#   2]+0.162*[#   3]+0.162*[#   4]
    |psi|^2 = 0.838
==== e(   4) =    12.00711 eV ==== 
     psi = 0.283*[#   1]+0.218*[#   2]+0.218*[#   3]+0.218*[#   4]
    |psi|^2 = 0.936
==== e(   5) =    18.35173 eV ==== 
     psi = 0.040*[#   2]+0.040*[#   3]+0.040*[#   4]+0.013*[#   1]
    |psi|^2 = 0.133
==== e(   6) =    21.24582 eV ==== 
     psi = 0.031*[#   2]+0.031*[#   3]+0.031*[#   4]+0.028*[#   1]
    |psi|^2 = 0.119

 k =  -0.1178511302 -0.4949747468  0.6363961031
==== e(   1) =     3.80623 eV ==== 
     psi = 0.254*[#   1]+0.246*[#   2]+0.246*[#   3]+0.246*[#   4]
    |psi|^2 = 0.992
==== e(   2) =     8.29118 eV ==== 
     psi = 0.285*[#   2]+0.285*[#   3]+0.285*[#   4]+0.100*[#   1]
    |psi|^2 = 0.956
==== e(   3) =     9.72379 eV ==== 
     psi = 0.376*[#   1]+0.164*[#   2]+0.164*[#   3]+0.164*[#   4]
    |psi|^2 = 0.868
==== e(   4) =    12.04287 eV ==== 
     psi = 0.231*[#   1]+0.230*[#   2]+0.230*[#   3]+0.230*[#   4]
    |psi|^2 = 0.921
==== e(   5) =    18.57530 eV ==== 
     psi = 0.039*[#   2]+0.039*[#   3]+0.039*[#   4]+0.016*[#   1]
    |psi|^2 = 0.134
==== e(   6) =    22.23684 eV ==== 
     psi = 0.021*[#   2]+0.021*[#   3]+0.021*[#   4]+0.016*[#   1]
    |psi|^2 = 0.078

 k =  -0.0942809042 -0.4714045208  0.6128258770
==== e(   1) =     4.52662 eV ==== 
     psi = 0.255*[#   2]+0.255*[#   3]+0.255*[#   4]+0.225*[#   1]
    |psi|^2 = 0.990
==== e(   2) =     7.36484 eV ==== 
     psi = 0.273*[#   2]+0.273*[#   3]+0.273*[#   4]+0.153*[#   1]
    |psi|^2 = 0.972
==== e(   3) =     9.34333 eV ==== 
     psi = 0.391*[#   1]+0.166*[#   2]+0.166*[#   3]+0.166*[#   4]
    |psi|^2 = 0.890
==== e(   4) =    12.16465 eV ==== 
     psi = 0.237*[#   2]+0.237*[#   3]+0.237*[#   4]+0.199*[#   1]
    |psi|^2 = 0.910
==== e(   5) =    18.80034 eV ==== 
     psi = 0.039*[#   2]+0.039*[#   3]+0.039*[#   4]+0.016*[#   1]
    |psi|^2 = 0.132
==== e(   6) =    23.30900 eV ==== 
     psi = 0.014*[#   2]+0.014*[#   3]+0.014*[#   4]+0.009*[#   1]
    |psi|^2 = 0.052

 k =  -0.0707106781 -0.4478342948  0.5892556510
==== e(   1) =     5.28186 eV ==== 
     psi = 0.274*[#   2]+0.274*[#   3]+0.274*[#   4]+0.166*[#   1]
    |psi|^2 = 0.988
==== e(   2) =     6.48010 eV ==== 
     psi = 0.255*[#   2]+0.255*[#   3]+0.255*[#   4]+0.216*[#   1]
    |psi|^2 = 0.982
==== e(   3) =     9.03020 eV ==== 
     psi = 0.412*[#   1]+0.165*[#   2]+0.165*[#   3]+0.165*[#   4]
    |psi|^2 = 0.906
==== e(   4) =    12.35587 eV ==== 
     psi = 0.241*[#   2]+0.241*[#   3]+0.241*[#   4]+0.179*[#   1]
    |psi|^2 = 0.900
==== e(   5) =    19.05252 eV ==== 
     psi = 0.038*[#   2]+0.038*[#   3]+0.038*[#   4]+0.016*[#   1]
    |psi|^2 = 0.130
==== e(   6) =    24.40808 eV ==== 
     psi = 0.011*[#   2]+0.011*[#   3]+0.011*[#   4]+0.005*[#   1]
    |psi|^2 = 0.037

 k =  -0.0471404521 -0.4242640687  0.5656854249
==== e(   1) =     5.58679 eV ==== 
     psi = 0.290*[#   2]+0.290*[#   3]+0.290*[#   4]+0.120*[#   1]
    |psi|^2 = 0.989
==== e(   2) =     6.11230 eV ==== 
     psi = 0.249*[#   2]+0.249*[#   3]+0.249*[#   4]+0.236*[#   1]
    |psi|^2 = 0.984
==== e(   3) =     8.80245 eV ==== 
     psi = 0.452*[#   1]+0.155*[#   2]+0.155*[#   3]+0.155*[#   4]
    |psi|^2 = 0.916
==== e(   4) =    12.60957 eV ==== 
     psi = 0.241*[#   2]+0.241*[#   3]+0.241*[#   4]+0.167*[#   1]
    |psi|^2 = 0.891
==== e(   5) =    19.34312 eV ==== 
     psi = 0.038*[#   2]+0.038*[#   3]+0.038*[#   4]+0.015*[#   1]
    |psi|^2 = 0.128
==== e(   6) =    25.39710 eV ==== 
     psi = 0.010*[#   2]+0.010*[#   3]+0.010*[#   4]+0.001*[#   1]
    |psi|^2 = 0.032

 k =  -0.0235702260 -0.4006938427  0.5421151989
==== e(   1) =     4.80934 eV ==== 
     psi = 0.259*[#   2]+0.259*[#   3]+0.259*[#   4]+0.215*[#   1]
    |psi|^2 = 0.992
==== e(   2) =     6.84640 eV ==== 
     psi = 0.302*[#   2]+0.302*[#   3]+0.302*[#   4]+0.077*[#   1]
    |psi|^2 = 0.983
==== e(   3) =     8.71117 eV ==== 
     psi = 0.523*[#   1]+0.132*[#   2]+0.132*[#   3]+0.132*[#   4]
    |psi|^2 = 0.920
==== e(   4) =    12.92226 eV ==== 
     psi = 0.240*[#   2]+0.240*[#   3]+0.240*[#   4]+0.160*[#   1]
    |psi|^2 = 0.879
==== e(   5) =    19.67697 eV ==== 
     psi = 0.037*[#   2]+0.037*[#   3]+0.037*[#   4]+0.014*[#   1]
    |psi|^2 = 0.127
==== e(   6) =    25.58756 eV ==== 
     psi = 0.007*[#   2]+0.007*[#   3]+0.007*[#   4]
    |psi|^2 = 0.022

 k =  -0.0000000000 -0.3771236166  0.5185449729
==== e(   1) =     4.06158 eV ==== 
     psi = 0.249*[#   2]+0.249*[#   3]+0.249*[#   4]+0.245*[#   1]
    |psi|^2 = 0.993
==== e(   2) =     7.42006 eV ==== 
     psi = 0.327*[#   2]+0.327*[#   3]+0.327*[#   4]
    |psi|^2 = 0.981
==== e(   3) =     8.90866 eV ==== 
     psi = 0.573*[#   1]+0.116*[#   2]+0.116*[#   3]+0.116*[#   4]
    |psi|^2 = 0.920
==== e(   4) =    13.29187 eV ==== 
     psi = 0.236*[#   2]+0.236*[#   3]+0.236*[#   4]+0.158*[#   1]
    |psi|^2 = 0.866
==== e(   5) =    20.05559 eV ==== 
     psi = 0.038*[#   2]+0.038*[#   3]+0.038*[#   4]+0.013*[#   1]
    |psi|^2 = 0.127
==== e(   6) =    25.11972 eV ==== 
     psi = 0.004*[#   2]+0.004*[#   3]+0.004*[#   4]
    |psi|^2 = 0.011

 k =  -0.1414213562 -0.5656854249  0.7071067812
==== e(   1) =     2.82405 eV ==== 
     psi = 0.280*[#   1]+0.238*[#   2]+0.238*[#   3]+0.238*[#   4]
    |psi|^2 = 0.993
==== e(   2) =     9.82837 eV ==== 
     psi = 0.356*[#   1]+0.153*[#   2]+0.153*[#   3]+0.153*[#   4]
    |psi|^2 = 0.815
==== e(   3) =    10.68891 eV ==== 
     psi = 0.278*[#   2]+0.278*[#   3]+0.278*[#   4]
    |psi|^2 = 0.833
==== e(   4) =    12.16509 eV ==== 
     psi = 0.296*[#   1]+0.224*[#   2]+0.224*[#   3]+0.224*[#   4]
    |psi|^2 = 0.968
==== e(   5) =    17.39359 eV ==== 
     psi = 0.051*[#   2]+0.051*[#   3]+0.051*[#   4]
    |psi|^2 = 0.154
==== e(   6) =    19.59112 eV ==== 
     psi = 0.062*[#   1]+0.042*[#   2]+0.042*[#   3]+0.042*[#   4]
    |psi|^2 = 0.189

 k =  -0.1178511302 -0.5421151989  0.6835365551
==== e(   1) =     3.42304 eV ==== 
     psi = 0.266*[#   1]+0.242*[#   2]+0.242*[#   3]+0.242*[#   4]
    |psi|^2 = 0.992
==== e(   2) =     9.29159 eV ==== 
     psi = 0.316*[#   1]+0.179*[#   2]+0.179*[#   3]+0.179*[#   4]
    |psi|^2 = 0.853
==== e(   3) =     9.99035 eV ==== 
     psi = 0.268*[#   2]+0.268*[#   3]+0.268*[#   4]+0.083*[#   1]
    |psi|^2 = 0.886
==== e(   4) =    11.85910 eV ==== 
     psi = 0.284*[#   1]+0.222*[#   2]+0.222*[#   3]+0.222*[#   4]
    |psi|^2 = 0.950
==== e(   5) =    17.85566 eV ==== 
     psi = 0.042*[#   2]+0.042*[#   3]+0.042*[#   4]+0.005*[#   1]
    |psi|^2 = 0.132
==== e(   6) =    20.21084 eV ==== 
     psi = 0.041*[#   1]+0.034*[#   2]+0.034*[#   3]+0.034*[#   4]
    |psi|^2 = 0.144

 k =  -0.0942809042 -0.5185449729  0.6599663291
==== e(   1) =     4.07065 eV ==== 
     psi = 0.249*[#   2]+0.249*[#   3]+0.249*[#   4]+0.242*[#   1]
    |psi|^2 = 0.990
==== e(   2) =     8.76398 eV ==== 
     psi = 0.247*[#   2]+0.247*[#   3]+0.247*[#   4]+0.155*[#   1]
    |psi|^2 = 0.895
==== e(   3) =     9.17919 eV ==== 
     psi = 0.324*[#   1]+0.198*[#   2]+0.198*[#   3]+0.198*[#   4]
    |psi|^2 = 0.918
==== e(   4) =    11.80919 eV ==== 
     psi = 0.238*[#   1]+0.230*[#   2]+0.230*[#   3]+0.230*[#   4]
    |psi|^2 = 0.929
==== e(   5) =    18.17184 eV ==== 
     psi = 0.039*[#   2]+0.039*[#   3]+0.039*[#   4]+0.011*[#   1]
    |psi|^2 = 0.128
==== e(   6) =    21.08538 eV ==== 
     psi = 0.025*[#   2]+0.025*[#   3]+0.025*[#   4]+0.024*[#   1]
    |psi|^2 = 0.098

 k =  -0.0707106781 -0.4949747468  0.6363961031
==== e(   1) =     4.75974 eV ==== 
     psi = 0.261*[#   2]+0.261*[#   3]+0.261*[#   4]+0.204*[#   1]
    |psi|^2 = 0.989
==== e(   2) =     8.06494 eV ==== 
     psi = 0.316*[#   2]+0.316*[#   3]+0.316*[#   4]+0.004*[#   1]
    |psi|^2 = 0.951
==== e(   3) =     8.57772 eV ==== 
     psi = 0.553*[#   1]+0.119*[#   2]+0.119*[#   3]+0.119*[#   4]
    |psi|^2 = 0.909
==== e(   4) =    11.88761 eV ==== 
     psi = 0.237*[#   2]+0.237*[#   3]+0.237*[#   4]+0.205*[#   1]
    |psi|^2 = 0.916
==== e(   5) =    18.43254 eV ==== 
     psi = 0.038*[#   2]+0.038*[#   3]+0.038*[#   4]+0.014*[#   1]
    |psi|^2 = 0.127
==== e(   6) =    22.11270 eV ==== 
     psi = 0.017*[#   2]+0.017*[#   3]+0.017*[#   4]+0.014*[#   1]
    |psi|^2 = 0.065

 k =  -0.0471404521 -0.4714045208  0.6128258770
==== e(   1) =     5.47283 eV ==== 
     psi = 0.282*[#   2]+0.282*[#   3]+0.282*[#   4]+0.142*[#   1]
    |psi|^2 = 0.987
==== e(   2) =     7.22123 eV ==== 
     psi = 0.298*[#   2]+0.298*[#   3]+0.298*[#   4]+0.080*[#   1]
    |psi|^2 = 0.973
==== e(   3) =     8.22489 eV ==== 
     psi = 0.565*[#   1]+0.117*[#   2]+0.117*[#   3]+0.117*[#   4]
    |psi|^2 = 0.915
==== e(   4) =    12.04966 eV ==== 
     psi = 0.241*[#   2]+0.241*[#   3]+0.241*[#   4]+0.184*[#   1]
    |psi|^2 = 0.907
==== e(   5) =    18.69425 eV ==== 
     psi = 0.037*[#   2]+0.037*[#   3]+0.037*[#   4]+0.015*[#   1]
    |psi|^2 = 0.126
==== e(   6) =    23.22358 eV ==== 
     psi = 0.012*[#   2]+0.012*[#   3]+0.012*[#   4]+0.009*[#   1]
    |psi|^2 = 0.044

 k =  -0.0235702260 -0.4478342948  0.5892556510
==== e(   1) =     6.14193 eV ==== 
     psi = 0.324*[#   2]+0.324*[#   3]+0.324*[#   4]+0.017*[#   1]
    |psi|^2 = 0.988
==== e(   2) =     6.40019 eV ==== 
     psi = 0.270*[#   2]+0.270*[#   3]+0.270*[#   4]+0.175*[#   1]
    |psi|^2 = 0.984
==== e(   3) =     8.03880 eV ==== 
     psi = 0.611*[#   1]+0.103*[#   2]+0.103*[#   3]+0.103*[#   4]
    |psi|^2 = 0.919
==== e(   4) =    12.27989 eV ==== 
     psi = 0.243*[#   2]+0.243*[#   3]+0.243*[#   4]+0.171*[#   1]
    |psi|^2 = 0.899
==== e(   5) =    18.98258 eV ==== 
     psi = 0.037*[#   2]+0.037*[#   3]+0.037*[#   4]+0.015*[#   1]
    |psi|^2 = 0.125
==== e(   6) =    24.37135 eV ==== 
     psi = 0.009*[#   2]+0.009*[#   3]+0.009*[#   4]+0.005*[#   1]
    |psi|^2 = 0.031

 k =  -0.0000000000 -0.4242640687  0.5656854249
==== e(   1) =     5.56708 eV ==== 
     psi = 0.272*[#   2]+0.272*[#   3]+0.272*[#   4]+0.172*[#   1]
    |psi|^2 = 0.989
==== e(   2) =     6.67874 eV ==== 
     psi = 0.330*[#   2]+0.330*[#   3]+0.330*[#   4]
    |psi|^2 = 0.989
==== e(   3) =     8.14991 eV ==== 
     psi = 0.639*[#   1]+0.093*[#   2]+0.093*[#   3]+0.093*[#   4]
    |psi|^2 = 0.919
==== e(   4) =    12.57183 eV ==== 
     psi = 0.242*[#   2]+0.242*[#   3]+0.242*[#   4]+0.163*[#   1]
    |psi|^2 = 0.890
==== e(   5) =    19.30865 eV ==== 
     psi = 0.037*[#   2]+0.037*[#   3]+0.037*[#   4]+0.015*[#   1]
    |psi|^2 = 0.125
==== e(   6) =    25.48694 eV ==== 
     psi = 0.008*[#   2]+0.008*[#   3]+0.008*[#   4]+0.002*[#   1]
    |psi|^2 = 0.025

 k =  -0.0942809042 -0.5656854249  0.7071067812
==== e(   1) =     3.76519 eV ==== 
     psi = 0.256*[#   1]+0.245*[#   2]+0.245*[#   3]+0.245*[#   4]
    |psi|^2 = 0.989
==== e(   2) =     8.55030 eV ==== 
     psi = 0.434*[#   1]+0.143*[#   2]+0.143*[#   3]+0.143*[#   4]
    |psi|^2 = 0.864
==== e(   3) =    10.50289 eV ==== 
     psi = 0.278*[#   2]+0.278*[#   3]+0.278*[#   4]
    |psi|^2 = 0.834
==== e(   4) =    11.97281 eV ==== 
     psi = 0.254*[#   1]+0.236*[#   2]+0.236*[#   3]+0.236*[#   4]
    |psi|^2 = 0.963
==== e(   5) =    17.21145 eV ==== 
     psi = 0.052*[#   2]+0.052*[#   3]+0.052*[#   4]
    |psi|^2 = 0.156
==== e(   6) =    19.42353 eV ==== 
     psi = 0.053*[#   1]+0.035*[#   2]+0.035*[#   3]+0.035*[#   4]
    |psi|^2 = 0.157

 k =  -0.0707106781 -0.5421151989  0.6835365551
==== e(   1) =     4.38109 eV ==== 
     psi = 0.256*[#   2]+0.256*[#   3]+0.256*[#   4]+0.222*[#   1]
    |psi|^2 = 0.988
==== e(   2) =     8.07490 eV ==== 
     psi = 0.430*[#   1]+0.153*[#   2]+0.153*[#   3]+0.153*[#   4]
    |psi|^2 = 0.890
==== e(   3) =     9.83080 eV ==== 
     psi = 0.278*[#   2]+0.278*[#   3]+0.278*[#   4]+0.054*[#   1]
    |psi|^2 = 0.889
==== e(   4) =    11.70390 eV ==== 
     psi = 0.250*[#   1]+0.232*[#   2]+0.232*[#   3]+0.232*[#   4]
    |psi|^2 = 0.946
==== e(   5) =    17.71041 eV ==== 
     psi = 0.042*[#   2]+0.042*[#   3]+0.042*[#   4]+0.004*[#   1]
    |psi|^2 = 0.131
==== e(   6) =    20.07878 eV ==== 
     psi = 0.035*[#   1]+0.029*[#   2]+0.029*[#   3]+0.029*[#   4]
    |psi|^2 = 0.122

 k =  -0.0471404521 -0.5185449729  0.6599663291
==== e(   1) =     5.02431 eV ==== 
     psi = 0.275*[#   2]+0.275*[#   3]+0.275*[#   4]+0.165*[#   1]
    |psi|^2 = 0.988
==== e(   2) =     7.67530 eV ==== 
     psi = 0.421*[#   1]+0.163*[#   2]+0.163*[#   3]+0.163*[#   4]
    |psi|^2 = 0.909
==== e(   3) =     8.99915 eV ==== 
     psi = 0.257*[#   2]+0.257*[#   3]+0.257*[#   4]+0.161*[#   1]
    |psi|^2 = 0.932
==== e(   4) =    11.69361 eV ==== 
     psi = 0.236*[#   2]+0.236*[#   3]+0.236*[#   4]+0.217*[#   1]
    |psi|^2 = 0.926
==== e(   5) =    18.06357 eV ==== 
     psi = 0.038*[#   2]+0.038*[#   3]+0.038*[#   4]+0.010*[#   1]
    |psi|^2 = 0.125
==== e(   6) =    20.98820 eV ==== 
     psi = 0.022*[#   1]+0.021*[#   2]+0.021*[#   3]+0.021*[#   4]
    |psi|^2 = 0.085

 k =  -0.0235702260 -0.4949747468  0.6363961031
==== e(   1) =     5.64612 eV ==== 
     psi = 0.306*[#   2]+0.306*[#   3]+0.306*[#   4]+0.073*[#   1]
    |psi|^2 = 0.990
==== e(   2) =     7.37818 eV ==== 
     psi = 0.355*[#   1]+0.189*[#   2]+0.189*[#   3]+0.189*[#   4]
    |psi|^2 = 0.923
==== e(   3) =     8.16725 eV ==== 
     psi = 0.346*[#   1]+0.202*[#   2]+0.202*[#   3]+0.202*[#   4]
    |psi|^2 = 0.952
==== e(   4) =    11.81111 eV ==== 
     psi = 0.240*[#   2]+0.240*[#   3]+0.240*[#   4]+0.194*[#   1]
    |psi|^2 = 0.914
==== e(   5) =    18.36093 eV ==== 
     psi = 0.037*[#   2]+0.037*[#   3]+0.037*[#   4]+0.013*[#   1]
    |psi|^2 = 0.124
==== e(   6) =    22.05000 eV ==== 
     psi = 0.015*[#   2]+0.015*[#   3]+0.015*[#   4]+0.013*[#   1]
    |psi|^2 = 0.059

 k =  -0.0000000000 -0.4714045208  0.6128258770
==== e(   1) =     6.08627 eV ==== 
     psi = 0.331*[#   2]+0.331*[#   3]+0.331*[#   4]
    |psi|^2 = 0.993
==== e(   2) =     7.07266 eV ==== 
     psi = 0.321*[#   2]+0.321*[#   3]+0.321*[#   4]+0.002*[#   1]
    |psi|^2 = 0.965
==== e(   3) =     7.65435 eV ==== 
     psi = 0.790*[#   1]+0.045*[#   2]+0.045*[#   3]+0.045*[#   4]
    |psi|^2 = 0.926
==== e(   4) =    12.01162 eV ==== 
     psi = 0.242*[#   2]+0.242*[#   3]+0.242*[#   4]+0.179*[#   1]
    |psi|^2 = 0.906
==== e(   5) =    18.65879 eV ==== 
     psi = 0.036*[#   2]+0.036*[#   3]+0.036*[#   4]+0.015*[#   1]
    |psi|^2 = 0.124
==== e(   6) =    23.19460 eV ==== 
     psi = 0.011*[#   2]+0.011*[#   3]+0.011*[#   4]+0.008*[#   1]
    |psi|^2 = 0.041

 k =  -0.0471404521 -0.5656854249  0.7071067812
==== e(   1) =     4.72317 eV ==== 
     psi = 0.269*[#   2]+0.269*[#   3]+0.269*[#   4]+0.179*[#   1]
    |psi|^2 = 0.987
==== e(   2) =     7.38784 eV ==== 
     psi = 0.538*[#   1]+0.118*[#   2]+0.118*[#   3]+0.118*[#   4]
    |psi|^2 = 0.893
==== e(   3) =    10.39125 eV ==== 
     psi = 0.278*[#   2]+0.278*[#   3]+0.278*[#   4]
    |psi|^2 = 0.835
==== e(   4) =    11.85931 eV ==== 
     psi = 0.243*[#   2]+0.243*[#   3]+0.243*[#   4]+0.232*[#   1]
    |psi|^2 = 0.960
==== e(   5) =    17.10204 eV ==== 
     psi = 0.053*[#   2]+0.053*[#   3]+0.053*[#   4]
    |psi|^2 = 0.158
==== e(   6) =    19.32215 eV ==== 
     psi = 0.047*[#   1]+0.030*[#   2]+0.030*[#   3]+0.030*[#   4]
    |psi|^2 = 0.137

 k =  -0.0235702260 -0.5421151989  0.6835365551
==== e(   1) =     5.27406 eV ==== 
     psi = 0.303*[#   2]+0.303*[#   3]+0.303*[#   4]+0.083*[#   1]
    |psi|^2 = 0.991
==== e(   2) =     7.04799 eV ==== 
     psi = 0.593*[#   1]+0.104*[#   2]+0.104*[#   3]+0.104*[#   4]
    |psi|^2 = 0.904
==== e(   3) =     9.75432 eV ==== 
     psi = 0.281*[#   2]+0.281*[#   3]+0.281*[#   4]+0.048*[#   1]
    |psi|^2 = 0.890
==== e(   4) =    11.62737 eV ==== 
     psi = 0.236*[#   2]+0.236*[#   3]+0.236*[#   4]+0.235*[#   1]
    |psi|^2 = 0.944
==== e(   5) =    17.63768 eV ==== 
     psi = 0.042*[#   2]+0.042*[#   3]+0.042*[#   4]+0.004*[#   1]
    |psi|^2 = 0.131
==== e(   6) =    20.01234 eV ==== 
     psi = 0.033*[#   1]+0.026*[#   2]+0.026*[#   3]+0.026*[#   4]
    |psi|^2 = 0.110

 k =   0.0000000000 -0.5185449729  0.6599663291
==== e(   1) =     5.64229 eV ==== 
     psi = 0.332*[#   2]+0.332*[#   3]+0.332*[#   4]
    |psi|^2 = 0.996
==== e(   2) =     6.99538 eV ==== 
     psi = 0.610*[#   1]+0.100*[#   2]+0.100*[#   3]+0.100*[#   4]
    |psi|^2 = 0.909
==== e(   3) =     8.95566 eV ==== 
     psi = 0.263*[#   2]+0.263*[#   3]+0.263*[#   4]+0.144*[#   1]
    |psi|^2 = 0.933
==== e(   4) =    11.65538 eV ==== 
     psi = 0.238*[#   2]+0.238*[#   3]+0.238*[#   4]+0.211*[#   1]
    |psi|^2 = 0.925
==== e(   5) =    18.02743 eV ==== 
     psi = 0.038*[#   2]+0.038*[#   3]+0.038*[#   4]+0.010*[#   1]
    |psi|^2 = 0.124
==== e(   6) =    20.95566 eV ==== 
     psi = 0.021*[#   1]+0.020*[#   2]+0.020*[#   3]+0.020*[#   4]
    |psi|^2 = 0.081

 k =  -0.7071067812  0.1414213562  0.0000000000
==== e(   1) =     5.34651 eV ==== 
     psi = 0.332*[#   2]+0.332*[#   3]+0.332*[#   4]
    |psi|^2 = 0.997
==== e(   2) =     6.69607 eV ==== 
     psi = 0.726*[#   1]+0.055*[#   2]+0.055*[#   3]+0.055*[#   4]
    |psi|^2 = 0.892
==== e(   3) =    10.35403 eV ==== 
     psi = 0.279*[#   2]+0.279*[#   3]+0.279*[#   4]
    |psi|^2 = 0.836
==== e(   4) =    11.82167 eV ==== 
     psi = 0.245*[#   2]+0.245*[#   3]+0.245*[#   4]+0.225*[#   1]
    |psi|^2 = 0.959
==== e(   5) =    17.06555 eV ==== 
     psi = 0.053*[#   2]+0.053*[#   3]+0.053*[#   4]
    |psi|^2 = 0.159
==== e(   6) =    19.28823 eV ==== 
     psi = 0.045*[#   1]+0.028*[#   2]+0.028*[#   3]+0.028*[#   4]
    |psi|^2 = 0.130

 k =   0.3771236166  0.1885618083 -0.0000000000
==== e(   1) =    -0.01262 eV ==== 
     psi = 0.315*[#   1]+0.227*[#   2]+0.227*[#   3]+0.227*[#   4]
    |psi|^2 = 0.997
==== e(   2) =    11.31998 eV ==== 
     psi = 0.290*[#   2]+0.290*[#   3]+0.290*[#   4]
    |psi|^2 = 0.871
==== e(   3) =    12.76004 eV ==== 
     psi = 0.380*[#   1]+0.175*[#   2]+0.175*[#   3]+0.175*[#   4]
    |psi|^2 = 0.903
==== e(   4) =    16.01515 eV ==== 
     psi = 0.231*[#   1]+0.132*[#   2]+0.132*[#   3]+0.132*[#   4]
    |psi|^2 = 0.628
==== e(   5) =    20.18384 eV ==== 
     psi = 0.026*[#   2]+0.026*[#   3]+0.026*[#   4]
    |psi|^2 = 0.077
==== e(   6) =    21.95128 eV ==== 
     psi = 0.103*[#   2]+0.103*[#   3]+0.103*[#   4]+0.052*[#   1]
    |psi|^2 = 0.362

 k =   0.4006938427  0.2121320344 -0.0235702260
==== e(   1) =     0.48918 eV ==== 
     psi = 0.306*[#   1]+0.230*[#   2]+0.230*[#   3]+0.230*[#   4]
    |psi|^2 = 0.997
==== e(   2) =    10.49177 eV ==== 
     psi = 0.282*[#   2]+0.282*[#   3]+0.282*[#   4]+0.062*[#   1]
    |psi|^2 = 0.908
==== e(   3) =    12.33215 eV ==== 
     psi = 0.339*[#   1]+0.187*[#   2]+0.187*[#   3]+0.187*[#   4]
    |psi|^2 = 0.899
==== e(   4) =    15.39739 eV ==== 
     psi = 0.237*[#   1]+0.151*[#   2]+0.151*[#   3]+0.151*[#   4]
    |psi|^2 = 0.688
==== e(   5) =    20.51491 eV ==== 
     psi = 0.029*[#   2]+0.029*[#   3]+0.029*[#   4]+0.005*[#   1]
    |psi|^2 = 0.091
==== e(   6) =    22.45310 eV ==== 
     psi = 0.086*[#   2]+0.086*[#   3]+0.086*[#   4]+0.028*[#   1]
    |psi|^2 = 0.287

 k =   0.4242640687  0.2357022604 -0.0471404521
==== e(   1) =     1.04782 eV ==== 
     psi = 0.300*[#   1]+0.232*[#   2]+0.232*[#   3]+0.232*[#   4]
    |psi|^2 = 0.997
==== e(   2) =     9.49240 eV ==== 
     psi = 0.263*[#   2]+0.263*[#   3]+0.263*[#   4]+0.150*[#   1]
    |psi|^2 = 0.938
==== e(   3) =    12.16995 eV ==== 
     psi = 0.268*[#   1]+0.207*[#   2]+0.207*[#   3]+0.207*[#   4]
    |psi|^2 = 0.889
==== e(   4) =    14.83180 eV ==== 
     psi = 0.239*[#   1]+0.167*[#   2]+0.167*[#   3]+0.167*[#   4]
    |psi|^2 = 0.740
==== e(   5) =    20.68671 eV ==== 
     psi = 0.038*[#   2]+0.038*[#   3]+0.038*[#   4]+0.009*[#   1]
    |psi|^2 = 0.123
==== e(   6) =    23.04850 eV ==== 
     psi = 0.067*[#   2]+0.067*[#   3]+0.067*[#   4]+0.005*[#   1]
    |psi|^2 = 0.207

 k =  -0.2592724864 -0.4478342948  0.6363961031
==== e(   1) =     1.66251 eV ==== 
     psi = 0.297*[#   1]+0.233*[#   2]+0.233*[#   3]+0.233*[#   4]
    |psi|^2 = 0.996
==== e(   2) =     8.46441 eV ==== 
     psi = 0.247*[#   2]+0.247*[#   3]+0.247*[#   4]+0.216*[#   1]
    |psi|^2 = 0.957
==== e(   3) =    12.13439 eV ==== 
     psi = 0.222*[#   2]+0.222*[#   3]+0.222*[#   4]+0.213*[#   1]
    |psi|^2 = 0.879
==== e(   4) =    14.32046 eV ==== 
     psi = 0.241*[#   1]+0.182*[#   2]+0.182*[#   3]+0.182*[#   4]
    |psi|^2 = 0.786
==== e(   5) =    20.81074 eV ==== 
     psi = 0.044*[#   2]+0.044*[#   3]+0.044*[#   4]+0.010*[#   1]
    |psi|^2 = 0.141
==== e(   6) =    23.01109 eV ==== 
     psi = 0.036*[#   2]+0.036*[#   3]+0.036*[#   4]+0.002*[#   1]
    |psi|^2 = 0.109

 k =  -0.2357022604 -0.4242640687  0.6128258770
==== e(   1) =     2.33226 eV ==== 
     psi = 0.293*[#   1]+0.234*[#   2]+0.234*[#   3]+0.234*[#   4]
    |psi|^2 = 0.996
==== e(   2) =     7.45625 eV ==== 
     psi = 0.264*[#   1]+0.236*[#   2]+0.236*[#   3]+0.236*[#   4]
    |psi|^2 = 0.970
==== e(   3) =    12.17806 eV ==== 
     psi = 0.232*[#   2]+0.232*[#   3]+0.232*[#   4]+0.168*[#   1]
    |psi|^2 = 0.864
==== e(   4) =    13.86614 eV ==== 
     psi = 0.247*[#   1]+0.193*[#   2]+0.193*[#   3]+0.193*[#   4]
    |psi|^2 = 0.826
==== e(   5) =    20.94142 eV ==== 
     psi = 0.047*[#   2]+0.047*[#   3]+0.047*[#   4]+0.009*[#   1]
    |psi|^2 = 0.150
==== e(   6) =    22.64765 eV ==== 
     psi = 0.025*[#   2]+0.025*[#   3]+0.025*[#   4]+0.006*[#   1]
    |psi|^2 = 0.082

 k =  -0.2121320344 -0.4006938427  0.5892556510
==== e(   1) =     3.05561 eV ==== 
     psi = 0.286*[#   1]+0.236*[#   2]+0.236*[#   3]+0.236*[#   4]
    |psi|^2 = 0.995
==== e(   2) =     6.48541 eV ==== 
     psi = 0.301*[#   1]+0.226*[#   2]+0.226*[#   3]+0.226*[#   4]
    |psi|^2 = 0.979
==== e(   3) =    12.28100 eV ==== 
     psi = 0.240*[#   2]+0.240*[#   3]+0.240*[#   4]+0.123*[#   1]
    |psi|^2 = 0.842
==== e(   4) =    13.47458 eV ==== 
     psi = 0.265*[#   1]+0.200*[#   2]+0.200*[#   3]+0.200*[#   4]
    |psi|^2 = 0.866
==== e(   5) =    21.09706 eV ==== 
     psi = 0.050*[#   2]+0.050*[#   3]+0.050*[#   4]+0.006*[#   1]
    |psi|^2 = 0.157
==== e(   6) =    22.28587 eV ==== 
     psi = 0.020*[#   2]+0.020*[#   3]+0.020*[#   4]+0.008*[#   1]
    |psi|^2 = 0.068

 k =  -0.1885618083 -0.3771236166  0.5656854249
==== e(   1) =     3.82878 eV ==== 
     psi = 0.262*[#   1]+0.244*[#   2]+0.244*[#   3]+0.244*[#   4]
    |psi|^2 = 0.993
==== e(   2) =     5.56202 eV ==== 
     psi = 0.344*[#   1]+0.214*[#   2]+0.214*[#   3]+0.214*[#   4]
    |psi|^2 = 0.985
==== e(   3) =    12.41926 eV ==== 
     psi = 0.247*[#   2]+0.247*[#   3]+0.247*[#   4]+0.063*[#   1]
    |psi|^2 = 0.805
==== e(   4) =    13.16448 eV ==== 
     psi = 0.310*[#   1]+0.201*[#   2]+0.201*[#   3]+0.201*[#   4]
    |psi|^2 = 0.913
==== e(   5) =    21.27184 eV ==== 
     psi = 0.058*[#   2]+0.058*[#   3]+0.058*[#   4]+0.003*[#   1]
    |psi|^2 = 0.176
==== e(   6) =    21.97964 eV ==== 
     psi = 0.012*[#   2]+0.012*[#   3]+0.012*[#   4]+0.011*[#   1]
    |psi|^2 = 0.047

 k =  -0.1649915823 -0.3535533906  0.5421151989
==== e(   1) =     4.53361 eV ==== 
     psi = 0.332*[#   2]+0.332*[#   3]+0.332*[#   4]
    |psi|^2 = 0.996
==== e(   2) =     4.80687 eV ==== 
     psi = 0.612*[#   1]+0.124*[#   2]+0.124*[#   3]+0.124*[#   4]
    |psi|^2 = 0.984
==== e(   3) =    12.50665 eV ==== 
     psi = 0.255*[#   2]+0.255*[#   3]+0.255*[#   4]
    |psi|^2 = 0.765
==== e(   4) =    13.01999 eV ==== 
     psi = 0.367*[#   1]+0.197*[#   2]+0.197*[#   3]+0.197*[#   4]
    |psi|^2 = 0.957
==== e(   5) =    21.38216 eV ==== 
     psi = 0.069*[#   2]+0.069*[#   3]+0.069*[#   4]
    |psi|^2 = 0.208
==== e(   6) =    21.82454 eV ==== 
     psi = 0.014*[#   1]
    |psi|^2 = 0.014

 k =   0.4242640687  0.1885618083  0.0000000000
==== e(   1) =     0.65573 eV ==== 
     psi = 0.301*[#   1]+0.232*[#   2]+0.232*[#   3]+0.232*[#   4]
    |psi|^2 = 0.997
==== e(   2) =    10.83721 eV ==== 
     psi = 0.294*[#   2]+0.294*[#   3]+0.294*[#   4]
    |psi|^2 = 0.882
==== e(   3) =    12.27377 eV ==== 
     psi = 0.304*[#   1]+0.201*[#   2]+0.201*[#   3]+0.201*[#   4]
    |psi|^2 = 0.907
==== e(   4) =    14.48470 eV ==== 
     psi = 0.326*[#   1]+0.129*[#   2]+0.129*[#   3]+0.129*[#   4]
    |psi|^2 = 0.713
==== e(   5) =    19.72940 eV ==== 
     psi = 0.027*[#   2]+0.027*[#   3]+0.027*[#   4]
    |psi|^2 = 0.082
==== e(   6) =    21.58757 eV ==== 
     psi = 0.081*[#   2]+0.081*[#   3]+0.081*[#   4]+0.054*[#   1]
    |psi|^2 = 0.295

 k =   0.4478342948  0.2121320344 -0.0235702260
==== e(   1) =     1.19393 eV ==== 
     psi = 0.295*[#   1]+0.234*[#   2]+0.234*[#   3]+0.234*[#   4]
    |psi|^2 = 0.997
==== e(   2) =    10.04500 eV ==== 
     psi = 0.288*[#   2]+0.288*[#   3]+0.288*[#   4]+0.054*[#   1]
    |psi|^2 = 0.917
==== e(   3) =    11.87605 eV ==== 
     psi = 0.266*[#   1]+0.212*[#   2]+0.212*[#   3]+0.212*[#   4]
    |psi|^2 = 0.901
==== e(   4) =    13.90032 eV ==== 
     psi = 0.333*[#   1]+0.145*[#   2]+0.145*[#   3]+0.145*[#   4]
    |psi|^2 = 0.768
==== e(   5) =    20.10122 eV ==== 
     psi = 0.028*[#   2]+0.028*[#   3]+0.028*[#   4]+0.005*[#   1]
    |psi|^2 = 0.088
==== e(   6) =    22.14033 eV ==== 
     psi = 0.065*[#   2]+0.065*[#   3]+0.065*[#   4]+0.032*[#   1]
    |psi|^2 = 0.227

 k =  -0.2357022604 -0.4714045208  0.6599663291
==== e(   1) =     1.78817 eV ==== 
     psi = 0.291*[#   1]+0.235*[#   2]+0.235*[#   3]+0.235*[#   4]
    |psi|^2 = 0.996
==== e(   2) =     9.08075 eV ==== 
     psi = 0.271*[#   2]+0.271*[#   3]+0.271*[#   4]+0.132*[#   1]
    |psi|^2 = 0.946
==== e(   3) =    11.74306 eV ==== 
     psi = 0.230*[#   2]+0.230*[#   3]+0.230*[#   4]+0.196*[#   1]
    |psi|^2 = 0.887
==== e(   4) =    13.37270 eV ==== 
     psi = 0.341*[#   1]+0.159*[#   2]+0.159*[#   3]+0.159*[#   4]
    |psi|^2 = 0.817
==== e(   5) =    20.31671 eV ==== 
     psi = 0.033*[#   2]+0.033*[#   3]+0.033*[#   4]+0.009*[#   1]
    |psi|^2 = 0.109
==== e(   6) =    22.90152 eV ==== 
     psi = 0.050*[#   2]+0.050*[#   3]+0.050*[#   4]+0.014*[#   1]
    |psi|^2 = 0.163

 k =  -0.2121320344 -0.4478342948  0.6363961031
==== e(   1) =     2.43744 eV ==== 
     psi = 0.285*[#   1]+0.237*[#   2]+0.237*[#   3]+0.237*[#   4]
    |psi|^2 = 0.996
==== e(   2) =     8.08831 eV ==== 
     psi = 0.257*[#   2]+0.257*[#   3]+0.257*[#   4]+0.193*[#   1]
    |psi|^2 = 0.964
==== e(   3) =    11.72937 eV ==== 
     psi = 0.246*[#   2]+0.246*[#   3]+0.246*[#   4]+0.131*[#   1]
    |psi|^2 = 0.868
==== e(   4) =    12.90876 eV ==== 
     psi = 0.359*[#   1]+0.168*[#   2]+0.168*[#   3]+0.168*[#   4]
    |psi|^2 = 0.863
==== e(   5) =    20.48311 eV ==== 
     psi = 0.037*[#   2]+0.037*[#   3]+0.037*[#   4]+0.010*[#   1]
    |psi|^2 = 0.120
==== e(   6) =    23.46646 eV ==== 
     psi = 0.038*[#   2]+0.038*[#   3]+0.038*[#   4]
    |psi|^2 = 0.113

 k =  -0.1885618083 -0.4242640687  0.6128258770
==== e(   1) =     3.14034 eV ==== 
     psi = 0.277*[#   1]+0.239*[#   2]+0.239*[#   3]+0.239*[#   4]
    |psi|^2 = 0.995
==== e(   2) =     7.11651 eV ==== 
     psi = 0.245*[#   2]+0.245*[#   3]+0.245*[#   4]+0.240*[#   1]
    |psi|^2 = 0.975
==== e(   3) =    11.76919 eV ==== 
     psi = 0.261*[#   2]+0.261*[#   3]+0.261*[#   4]+0.055*[#   1]
    |psi|^2 = 0.837
==== e(   4) =    12.52936 eV ==== 
     psi = 0.402*[#   1]+0.171*[#   2]+0.171*[#   3]+0.171*[#   4]
    |psi|^2 = 0.914
==== e(   5) =    20.65601 eV ==== 
     psi = 0.038*[#   2]+0.038*[#   3]+0.038*[#   4]+0.009*[#   1]
    |psi|^2 = 0.124
==== e(   6) =    23.30978 eV ==== 
     psi = 0.023*[#   2]+0.023*[#   3]+0.023*[#   4]+0.002*[#   1]
    |psi|^2 = 0.072

 k =  -0.1649915823 -0.4006938427  0.5892556510
==== e(   1) =     3.89408 eV ==== 
     psi = 0.257*[#   1]+0.245*[#   2]+0.245*[#   3]+0.245*[#   4]
    |psi|^2 = 0.993
==== e(   2) =     6.18379 eV ==== 
     psi = 0.284*[#   1]+0.233*[#   2]+0.233*[#   3]+0.233*[#   4]
    |psi|^2 = 0.982
==== e(   3) =    11.76496 eV ==== 
     psi = 0.267*[#   2]+0.267*[#   3]+0.267*[#   4]+0.001*[#   1]
    |psi|^2 = 0.802
==== e(   4) =    12.31799 eV ==== 
     psi = 0.435*[#   1]+0.176*[#   2]+0.176*[#   3]+0.176*[#   4]
    |psi|^2 = 0.962
==== e(   5) =    20.85737 eV ==== 
     psi = 0.039*[#   2]+0.039*[#   3]+0.039*[#   4]+0.008*[#   1]
    |psi|^2 = 0.124
==== e(   6) =    22.99978 eV ==== 
     psi = 0.019*[#   2]+0.019*[#   3]+0.019*[#   4]+0.004*[#   1]
    |psi|^2 = 0.062

 k =  -0.1414213562 -0.3771236166  0.5656854249
==== e(   1) =     4.67921 eV ==== 
     psi = 0.278*[#   2]+0.278*[#   3]+0.278*[#   4]+0.160*[#   1]
    |psi|^2 = 0.992
==== e(   2) =     5.31531 eV ==== 
     psi = 0.392*[#   1]+0.198*[#   2]+0.198*[#   3]+0.198*[#   4]
    |psi|^2 = 0.986
==== e(   3) =    11.60425 eV ==== 
     psi = 0.249*[#   2]+0.249*[#   3]+0.249*[#   4]+0.082*[#   1]
    |psi|^2 = 0.829
==== e(   4) =    12.38227 eV ==== 
     psi = 0.345*[#   1]+0.199*[#   2]+0.199*[#   3]+0.199*[#   4]
    |psi|^2 = 0.941
==== e(   5) =    21.09475 eV ==== 
     psi = 0.040*[#   2]+0.040*[#   3]+0.040*[#   4]+0.007*[#   1]
    |psi|^2 = 0.126
==== e(   6) =    22.70673 eV ==== 
     psi = 0.017*[#   2]+0.017*[#   3]+0.017*[#   4]+0.006*[#   1]
    |psi|^2 = 0.056

 k =  -0.1178511302 -0.3535533906  0.5421151989
==== e(   1) =     4.42264 eV ==== 
     psi = 0.258*[#   2]+0.258*[#   3]+0.258*[#   4]+0.218*[#   1]
    |psi|^2 = 0.992
==== e(   2) =     5.58566 eV ==== 
     psi = 0.330*[#   1]+0.218*[#   2]+0.218*[#   3]+0.218*[#   4]
    |psi|^2 = 0.985
==== e(   3) =    11.39580 eV ==== 
     psi = 0.237*[#   2]+0.237*[#   3]+0.237*[#   4]+0.150*[#   1]
    |psi|^2 = 0.862
==== e(   4) =    12.61238 eV ==== 
     psi = 0.282*[#   1]+0.209*[#   2]+0.209*[#   3]+0.209*[#   4]
    |psi|^2 = 0.908
==== e(   5) =    21.36669 eV ==== 
     psi = 0.042*[#   2]+0.042*[#   3]+0.042*[#   4]+0.005*[#   1]
    |psi|^2 = 0.132
==== e(   6) =    22.45643 eV ==== 
     psi = 0.014*[#   2]+0.014*[#   3]+0.014*[#   4]+0.007*[#   1]
    |psi|^2 = 0.048

 k =  -0.0942809042 -0.3299831646  0.5185449729
==== e(   1) =     3.63963 eV ==== 
     psi = 0.265*[#   1]+0.243*[#   2]+0.243*[#   3]+0.243*[#   4]
    |psi|^2 = 0.994
==== e(   2) =     6.47805 eV ==== 
     psi = 0.265*[#   1]+0.238*[#   2]+0.238*[#   3]+0.238*[#   4]
    |psi|^2 = 0.980
==== e(   3) =    11.22148 eV ==== 
     psi = 0.229*[#   2]+0.229*[#   3]+0.229*[#   4]+0.195*[#   1]
    |psi|^2 = 0.883
==== e(   4) =    12.92795 eV ==== 
     psi = 0.254*[#   1]+0.209*[#   2]+0.209*[#   3]+0.209*[#   4]
    |psi|^2 = 0.881
==== e(   5) =    21.65207 eV ==== 
     psi = 0.050*[#   2]+0.050*[#   3]+0.050*[#   4]+0.002*[#   1]
    |psi|^2 = 0.151
==== e(   6) =    22.27176 eV ==== 
     psi = 0.009*[#   1]+0.007*[#   2]+0.007*[#   3]+0.007*[#   4]
    |psi|^2 = 0.029

 k =  -0.0707106781 -0.3064129385  0.4949747468
==== e(   1) =     2.90157 eV ==== 
     psi = 0.279*[#   1]+0.239*[#   2]+0.239*[#   3]+0.239*[#   4]
    |psi|^2 = 0.995
==== e(   2) =     7.41527 eV ==== 
     psi = 0.253*[#   2]+0.253*[#   3]+0.253*[#   4]+0.215*[#   1]
    |psi|^2 = 0.972
==== e(   3) =    11.10675 eV ==== 
     psi = 0.240*[#   1]+0.219*[#   2]+0.219*[#   3]+0.219*[#   4]
    |psi|^2 = 0.897
==== e(   4) =    13.30895 eV ==== 
     psi = 0.242*[#   1]+0.204*[#   2]+0.204*[#   3]+0.204*[#   4]
    |psi|^2 = 0.854
==== e(   5) =    21.82134 eV ==== 
     psi = 0.052*[#   2]+0.052*[#   3]+0.052*[#   4]
    |psi|^2 = 0.157
==== e(   6) =    22.27040 eV ==== 
     psi = 0.010*[#   1]+0.005*[#   2]+0.005*[#   3]+0.005*[#   4]
    |psi|^2 = 0.024

 k =  -0.0471404521 -0.2828427125  0.4714045208
==== e(   1) =     2.21587 eV ==== 
     psi = 0.287*[#   1]+0.236*[#   2]+0.236*[#   3]+0.236*[#   4]
    |psi|^2 = 0.996
==== e(   2) =     8.37372 eV ==== 
     psi = 0.270*[#   2]+0.270*[#   3]+0.270*[#   4]+0.150*[#   1]
    |psi|^2 = 0.961
==== e(   3) =    11.07323 eV ==== 
     psi = 0.296*[#   1]+0.203*[#   2]+0.203*[#   3]+0.203*[#   4]
    |psi|^2 = 0.906
==== e(   4) =    13.74896 eV ==== 
     psi = 0.239*[#   1]+0.195*[#   2]+0.195*[#   3]+0.195*[#   4]
    |psi|^2 = 0.823
==== e(   5) =    21.73962 eV ==== 
     psi = 0.034*[#   2]+0.034*[#   3]+0.034*[#   4]+0.003*[#   1]
    |psi|^2 = 0.106
==== e(   6) =    22.54509 eV ==== 
     psi = 0.026*[#   2]+0.026*[#   3]+0.026*[#   4]+0.005*[#   1]
    |psi|^2 = 0.084

 k =  -0.0235702260 -0.2592724864  0.4478342948
==== e(   1) =     1.58451 eV ==== 
     psi = 0.293*[#   1]+0.235*[#   2]+0.235*[#   3]+0.235*[#   4]
    |psi|^2 = 0.997
==== e(   2) =     9.30244 eV ==== 
     psi = 0.294*[#   2]+0.294*[#   3]+0.294*[#   4]+0.063*[#   1]
    |psi|^2 = 0.944
==== e(   3) =    11.17133 eV ==== 
     psi = 0.372*[#   1]+0.181*[#   2]+0.181*[#   3]+0.181*[#   4]
    |psi|^2 = 0.914
==== e(   4) =    14.24499 eV ==== 
     psi = 0.239*[#   1]+0.182*[#   2]+0.182*[#   3]+0.182*[#   4]
    |psi|^2 = 0.787
==== e(   5) =    21.53795 eV ==== 
     psi = 0.021*[#   2]+0.021*[#   3]+0.021*[#   4]+0.002*[#   1]
    |psi|^2 = 0.065
==== e(   6) =    22.78738 eV ==== 
     psi = 0.059*[#   2]+0.059*[#   3]+0.059*[#   4]
    |psi|^2 = 0.178

 k =   0.0000000000 -0.2357022604  0.4242640687
==== e(   1) =     1.00865 eV ==== 
     psi = 0.299*[#   1]+0.233*[#   2]+0.233*[#   3]+0.233*[#   4]
    |psi|^2 = 0.997
==== e(   2) =    10.05647 eV ==== 
     psi = 0.307*[#   2]+0.307*[#   3]+0.307*[#   4]
    |psi|^2 = 0.922
==== e(   3) =    11.54415 eV ==== 
     psi = 0.419*[#   1]+0.166*[#   2]+0.166*[#   3]+0.166*[#   4]
    |psi|^2 = 0.916
==== e(   4) =    14.79507 eV ==== 
     psi = 0.240*[#   1]+0.167*[#   2]+0.167*[#   3]+0.167*[#   4]
    |psi|^2 = 0.742
==== e(   5) =    21.15088 eV ==== 
     psi = 0.016*[#   2]+0.016*[#   3]+0.016*[#   4]
    |psi|^2 = 0.047
==== e(   6) =    22.63042 eV ==== 
     psi = 0.087*[#   2]+0.087*[#   3]+0.087*[#   4]+0.015*[#   1]
    |psi|^2 = 0.277

 k =   0.4714045208  0.1885618083 -0.0000000000
==== e(   1) =     1.39819 eV ==== 
     psi = 0.292*[#   1]+0.235*[#   2]+0.235*[#   3]+0.235*[#   4]
    |psi|^2 = 0.997
==== e(   2) =    10.42853 eV ==== 
     psi = 0.297*[#   2]+0.297*[#   3]+0.297*[#   4]
    |psi|^2 = 0.890
==== e(   3) =    11.82495 eV ==== 
     psi = 0.237*[#   2]+0.237*[#   3]+0.237*[#   4]+0.178*[#   1]
    |psi|^2 = 0.890
==== e(   4) =    13.03836 eV ==== 
     psi = 0.469*[#   1]+0.113*[#   2]+0.113*[#   3]+0.113*[#   4]
    |psi|^2 = 0.809
==== e(   5) =    19.33873 eV ==== 
     psi = 0.028*[#   2]+0.028*[#   3]+0.028*[#   4]
    |psi|^2 = 0.085
==== e(   6) =    21.26219 eV ==== 
     psi = 0.063*[#   2]+0.063*[#   3]+0.063*[#   4]+0.050*[#   1]
    |psi|^2 = 0.238

 k =  -0.2121320344 -0.4949747468  0.6835365551
==== e(   1) =     1.97161 eV ==== 
     psi = 0.287*[#   1]+0.237*[#   2]+0.237*[#   3]+0.237*[#   4]
    |psi|^2 = 0.996
==== e(   2) =     9.67165 eV ==== 
     psi = 0.293*[#   2]+0.293*[#   3]+0.293*[#   4]+0.046*[#   1]
    |psi|^2 = 0.924
==== e(   3) =    11.44909 eV ==== 
     psi = 0.249*[#   2]+0.249*[#   3]+0.249*[#   4]+0.133*[#   1]
    |psi|^2 = 0.880
==== e(   4) =    12.50000 eV ==== 
     psi = 0.490*[#   1]+0.123*[#   2]+0.123*[#   3]+0.123*[#   4]
    |psi|^2 = 0.858
==== e(   5) =    19.74990 eV ==== 
     psi = 0.027*[#   2]+0.027*[#   3]+0.027*[#   4]+0.004*[#   1]
    |psi|^2 = 0.085
==== e(   6) =    21.85592 eV ==== 
     psi = 0.049*[#   2]+0.049*[#   3]+0.049*[#   4]+0.031*[#   1]
    |psi|^2 = 0.178

 k =  -0.1885618083 -0.4714045208  0.6599663291
==== e(   1) =     2.59991 eV ==== 
     psi = 0.280*[#   1]+0.239*[#   2]+0.239*[#   3]+0.239*[#   4]
    |psi|^2 = 0.995
==== e(   2) =     8.74235 eV ==== 
     psi = 0.279*[#   2]+0.279*[#   3]+0.279*[#   4]+0.115*[#   1]
    |psi|^2 = 0.951
==== e(   3) =    11.30744 eV ==== 
     psi = 0.269*[#   2]+0.269*[#   3]+0.269*[#   4]+0.042*[#   1]
    |psi|^2 = 0.851
==== e(   4) =    12.05197 eV ==== 
     psi = 0.528*[#   1]+0.129*[#   2]+0.129*[#   3]+0.129*[#   4]
    |psi|^2 = 0.914
==== e(   5) =    20.00648 eV ==== 
     psi = 0.030*[#   2]+0.030*[#   3]+0.030*[#   4]+0.008*[#   1]
    |psi|^2 = 0.098
==== e(   6) =    22.68432 eV ==== 
     psi = 0.036*[#   2]+0.036*[#   3]+0.036*[#   4]+0.016*[#   1]
    |psi|^2 = 0.123

 k =  -0.1649915823 -0.4478342948  0.6363961031
==== e(   1) =     3.28159 eV ==== 
     psi = 0.269*[#   1]+0.242*[#   2]+0.242*[#   3]+0.242*[#   4]
    |psi|^2 = 0.994
==== e(   2) =     7.78608 eV ==== 
     psi = 0.265*[#   2]+0.265*[#   3]+0.265*[#   4]+0.172*[#   1]
    |psi|^2 = 0.968
==== e(   3) =    11.17846 eV ==== 
     psi = 0.271*[#   2]+0.271*[#   3]+0.271*[#   4]+0.007*[#   1]
    |psi|^2 = 0.822
==== e(   4) =    11.77582 eV ==== 
     psi = 0.524*[#   1]+0.146*[#   2]+0.146*[#   3]+0.146*[#   4]
    |psi|^2 = 0.963
==== e(   5) =    20.21280 eV ==== 
     psi = 0.032*[#   2]+0.032*[#   3]+0.032*[#   4]+0.009*[#   1]
    |psi|^2 = 0.105
==== e(   6) =    23.56763 eV ==== 
     psi = 0.028*[#   2]+0.028*[#   3]+0.028*[#   4]+0.005*[#   1]
    |psi|^2 = 0.090

 k =  -0.1414213562 -0.4242640687  0.6128258770
==== e(   1) =     4.01417 eV ==== 
     psi = 0.249*[#   1]+0.248*[#   2]+0.248*[#   3]+0.248*[#   4]
    |psi|^2 = 0.993
==== e(   2) =     6.85187 eV ==== 
     psi = 0.252*[#   2]+0.252*[#   3]+0.252*[#   4]+0.221*[#   1]
    |psi|^2 = 0.978
==== e(   3) =    10.93278 eV ==== 
     psi = 0.245*[#   2]+0.245*[#   3]+0.245*[#   4]+0.108*[#   1]
    |psi|^2 = 0.843
==== e(   4) =    11.75666 eV ==== 
     psi = 0.397*[#   1]+0.186*[#   2]+0.186*[#   3]+0.186*[#   4]
    |psi|^2 = 0.955
==== e(   5) =    20.42475 eV ==== 
     psi = 0.033*[#   2]+0.033*[#   3]+0.033*[#   4]+0.009*[#   1]
    |psi|^2 = 0.107
==== e(   6) =    23.96486 eV ==== 
     psi = 0.021*[#   2]+0.021*[#   3]+0.021*[#   4]
    |psi|^2 = 0.064

 k =  -0.1178511302 -0.4006938427  0.5892556510
==== e(   1) =     4.78932 eV ==== 
     psi = 0.264*[#   2]+0.264*[#   3]+0.264*[#   4]+0.199*[#   1]
    |psi|^2 = 0.991
==== e(   2) =     5.96237 eV ==== 
     psi = 0.286*[#   1]+0.233*[#   2]+0.233*[#   3]+0.233*[#   4]
    |psi|^2 = 0.984
==== e(   3) =    10.65082 eV ==== 
     psi = 0.230*[#   2]+0.230*[#   3]+0.230*[#   4]+0.184*[#   1]
    |psi|^2 = 0.873
==== e(   4) =    11.90110 eV ==== 
     psi = 0.310*[#   1]+0.208*[#   2]+0.208*[#   3]+0.208*[#   4]
    |psi|^2 = 0.933
==== e(   5) =    20.66521 eV ==== 
     psi = 0.033*[#   2]+0.033*[#   3]+0.033*[#   4]+0.008*[#   1]
    |psi|^2 = 0.107
==== e(   6) =    23.77293 eV ==== 
     psi = 0.016*[#   2]+0.016*[#   3]+0.016*[#   4]+0.002*[#   1]
    |psi|^2 = 0.049

 k =  -0.0942809042 -0.3771236166  0.5656854249
==== e(   1) =     5.05785 eV ==== 
     psi = 0.284*[#   2]+0.284*[#   3]+0.284*[#   4]+0.140*[#   1]
    |psi|^2 = 0.991
==== e(   2) =     5.67018 eV ==== 
     psi = 0.342*[#   1]+0.214*[#   2]+0.214*[#   3]+0.214*[#   4]
    |psi|^2 = 0.985
==== e(   3) =    10.40269 eV ==== 
     psi = 0.230*[#   1]+0.221*[#   2]+0.221*[#   3]+0.221*[#   4]
    |psi|^2 = 0.894
==== e(   4) =    12.13634 eV ==== 
     psi = 0.267*[#   1]+0.216*[#   2]+0.216*[#   3]+0.216*[#   4]
    |psi|^2 = 0.915
==== e(   5) =    20.94325 eV ==== 
     psi = 0.033*[#   2]+0.033*[#   3]+0.033*[#   4]+0.007*[#   1]
    |psi|^2 = 0.106
==== e(   6) =    23.51585 eV ==== 
     psi = 0.014*[#   2]+0.014*[#   3]+0.014*[#   4]+0.003*[#   1]
    |psi|^2 = 0.045

 k =  -0.0707106781 -0.3535533906  0.5421151989
==== e(   1) =     4.27644 eV ==== 
     psi = 0.252*[#   2]+0.252*[#   3]+0.252*[#   4]+0.237*[#   1]
    |psi|^2 = 0.993
==== e(   2) =     6.51500 eV ==== 
     psi = 0.252*[#   2]+0.252*[#   3]+0.252*[#   4]+0.224*[#   1]
    |psi|^2 = 0.981
==== e(   3) =    10.21388 eV ==== 
     psi = 0.272*[#   1]+0.212*[#   2]+0.212*[#   3]+0.212*[#   4]
    |psi|^2 = 0.908
==== e(   4) =    12.44072 eV ==== 
     psi = 0.247*[#   1]+0.217*[#   2]+0.217*[#   3]+0.217*[#   4]
    |psi|^2 = 0.897
==== e(   5) =    21.26164 eV ==== 
     psi = 0.034*[#   2]+0.034*[#   3]+0.034*[#   4]+0.006*[#   1]
    |psi|^2 = 0.107
==== e(   6) =    23.27043 eV ==== 
     psi = 0.012*[#   2]+0.012*[#   3]+0.012*[#   4]+0.004*[#   1]
    |psi|^2 = 0.041

 k =  -0.0471404521 -0.3299831646  0.5185449729
==== e(   1) =     3.52515 eV ==== 
     psi = 0.262*[#   1]+0.244*[#   2]+0.244*[#   3]+0.244*[#   4]
    |psi|^2 = 0.994
==== e(   2) =     7.40161 eV ==== 
     psi = 0.274*[#   2]+0.274*[#   3]+0.274*[#   4]+0.153*[#   1]
    |psi|^2 = 0.974
==== e(   3) =    10.10683 eV ==== 
     psi = 0.325*[#   1]+0.197*[#   2]+0.197*[#   3]+0.197*[#   4]
    |psi|^2 = 0.917
==== e(   4) =    12.80670 eV ==== 
     psi = 0.238*[#   1]+0.213*[#   2]+0.213*[#   3]+0.213*[#   4]
    |psi|^2 = 0.877
==== e(   5) =    21.61895 eV ==== 
     psi = 0.035*[#   2]+0.035*[#   3]+0.035*[#   4]+0.005*[#   1]
    |psi|^2 = 0.111
==== e(   6) =    23.03004 eV ==== 
     psi = 0.010*[#   2]+0.010*[#   3]+0.010*[#   4]+0.004*[#   1]
    |psi|^2 = 0.035

 k =  -0.0235702260 -0.3064129385  0.4949747468
==== e(   1) =     2.82440 eV ==== 
     psi = 0.276*[#   1]+0.240*[#   2]+0.240*[#   3]+0.240*[#   4]
    |psi|^2 = 0.996
==== e(   2) =     8.26031 eV ==== 
     psi = 0.300*[#   2]+0.300*[#   3]+0.300*[#   4]+0.064*[#   1]
    |psi|^2 = 0.965
==== e(   3) =    10.13357 eV ==== 
     psi = 0.401*[#   1]+0.174*[#   2]+0.174*[#   3]+0.174*[#   4]
    |psi|^2 = 0.922
==== e(   4) =    13.23076 eV ==== 
     psi = 0.236*[#   1]+0.206*[#   2]+0.206*[#   3]+0.206*[#   4]
    |psi|^2 = 0.853
==== e(   5) =    22.00853 eV ==== 
     psi = 0.039*[#   2]+0.039*[#   3]+0.039*[#   4]+0.004*[#   1]
    |psi|^2 = 0.121
==== e(   6) =    22.73929 eV ==== 
     psi = 0.008*[#   2]+0.008*[#   3]+0.008*[#   4]+0.002*[#   1]
    |psi|^2 = 0.026

 k =   0.0000000000 -0.2828427125  0.4714045208
==== e(   1) =     2.17705 eV ==== 
     psi = 0.285*[#   1]+0.237*[#   2]+0.237*[#   3]+0.237*[#   4]
    |psi|^2 = 0.996
==== e(   2) =     8.94185 eV ==== 
     psi = 0.318*[#   2]+0.318*[#   3]+0.318*[#   4]
    |psi|^2 = 0.953
==== e(   3) =    10.44122 eV ==== 
     psi = 0.450*[#   1]+0.158*[#   2]+0.158*[#   3]+0.158*[#   4]
    |psi|^2 = 0.923
==== e(   4) =    13.71075 eV ==== 
     psi = 0.238*[#   1]+0.195*[#   2]+0.195*[#   3]+0.195*[#   4]
    |psi|^2 = 0.824
==== e(   5) =    22.26131 eV ==== 
     psi = 0.010*[#   2]+0.010*[#   3]+0.010*[#   4]
    |psi|^2 = 0.029
==== e(   6) =    22.41704 eV ==== 
     psi = 0.047*[#   2]+0.047*[#   3]+0.047*[#   4]+0.002*[#   1]
    |psi|^2 = 0.141

 k =  -0.1885618083 -0.5185449729  0.7071067812
==== e(   1) =     2.21237 eV ==== 
     psi = 0.284*[#   1]+0.237*[#   2]+0.237*[#   3]+0.237*[#   4]
    |psi|^2 = 0.995
==== e(   2) =    10.09407 eV ==== 
     psi = 0.298*[#   2]+0.298*[#   3]+0.298*[#   4]
    |psi|^2 = 0.895
==== e(   3) =    11.21021 eV ==== 
     psi = 0.267*[#   2]+0.267*[#   3]+0.267*[#   4]+0.004*[#   1]
    |psi|^2 = 0.806
==== e(   4) =    11.88947 eV ==== 
     psi = 0.660*[#   1]+0.099*[#   2]+0.099*[#   3]+0.099*[#   4]
    |psi|^2 = 0.957
==== e(   5) =    19.01612 eV ==== 
     psi = 0.029*[#   2]+0.029*[#   3]+0.029*[#   4]
    |psi|^2 = 0.088
==== e(   6) =    20.98599 eV ==== 
     psi = 0.049*[#   2]+0.049*[#   3]+0.049*[#   4]+0.044*[#   1]
    |psi|^2 = 0.190

 k =  -0.1649915823 -0.4949747468  0.6835365551
==== e(   1) =     2.81907 eV ==== 
     psi = 0.275*[#   1]+0.240*[#   2]+0.240*[#   3]+0.240*[#   4]
    |psi|^2 = 0.995
==== e(   2) =     9.37044 eV ==== 
     psi = 0.298*[#   2]+0.298*[#   3]+0.298*[#   4]+0.035*[#   1]
    |psi|^2 = 0.928
==== e(   3) =    10.77072 eV ==== 
     psi = 0.262*[#   2]+0.262*[#   3]+0.262*[#   4]+0.036*[#   1]
    |psi|^2 = 0.822
==== e(   4) =    11.48838 eV ==== 
     psi = 0.614*[#   1]+0.119*[#   2]+0.119*[#   3]+0.119*[#   4]
    |psi|^2 = 0.972
==== e(   5) =    19.46571 eV ==== 
     psi = 0.026*[#   2]+0.026*[#   3]+0.026*[#   4]+0.004*[#   1]
    |psi|^2 = 0.083
==== e(   6) =    21.61740 eV ==== 
     psi = 0.038*[#   2]+0.038*[#   3]+0.038*[#   4]+0.027*[#   1]
    |psi|^2 = 0.141

 k =  -0.1414213562 -0.4714045208  0.6599663291
==== e(   1) =     3.47857 eV ==== 
     psi = 0.262*[#   1]+0.244*[#   2]+0.244*[#   3]+0.244*[#   4]
    |psi|^2 = 0.993
==== e(   2) =     8.47564 eV ==== 
     psi = 0.287*[#   2]+0.287*[#   3]+0.287*[#   4]+0.094*[#   1]
    |psi|^2 = 0.955
==== e(   3) =    10.40900 eV ==== 
     psi = 0.235*[#   2]+0.235*[#   3]+0.235*[#   4]+0.142*[#   1]
    |psi|^2 = 0.846
==== e(   4) =    11.33612 eV ==== 
     psi = 0.471*[#   1]+0.165*[#   2]+0.165*[#   3]+0.165*[#   4]
    |psi|^2 = 0.965
==== e(   5) =    19.76171 eV ==== 
     psi = 0.028*[#   2]+0.028*[#   3]+0.028*[#   4]+0.007*[#   1]
    |psi|^2 = 0.091
==== e(   6) =    22.49153 eV ==== 
     psi = 0.027*[#   2]+0.027*[#   3]+0.027*[#   4]+0.015*[#   1]
    |psi|^2 = 0.095

 k =  -0.1178511302 -0.4478342948  0.6363961031
==== e(   1) =     4.18809 eV ==== 
     psi = 0.251*[#   2]+0.251*[#   3]+0.251*[#   4]+0.240*[#   1]
    |psi|^2 = 0.992
==== e(   2) =     7.55667 eV ==== 
     psi = 0.274*[#   2]+0.274*[#   3]+0.274*[#   4]+0.150*[#   1]
    |psi|^2 = 0.971
==== e(   3) =    10.05139 eV ==== 
     psi = 0.226*[#   1]+0.217*[#   2]+0.217*[#   3]+0.217*[#   4]
    |psi|^2 = 0.876
==== e(   4) =    11.36575 eV ==== 
     psi = 0.359*[#   1]+0.197*[#   2]+0.197*[#   3]+0.197*[#   4]
    |psi|^2 = 0.949
==== e(   5) =    20.00653 eV ==== 
     psi = 0.029*[#   2]+0.029*[#   3]+0.029*[#   4]+0.009*[#   1]
    |psi|^2 = 0.095
==== e(   6) =    23.47731 eV ==== 
     psi = 0.019*[#   2]+0.019*[#   3]+0.019*[#   4]+0.007*[#   1]
    |psi|^2 = 0.066

 k =  -0.0942809042 -0.4242640687  0.6128258770
==== e(   1) =     4.94140 eV ==== 
     psi = 0.263*[#   2]+0.263*[#   3]+0.263*[#   4]+0.200*[#   1]
    |psi|^2 = 0.990
==== e(   2) =     6.66255 eV ==== 
     psi = 0.258*[#   2]+0.258*[#   3]+0.258*[#   4]+0.207*[#   1]
    |psi|^2 = 0.981
==== e(   3) =     9.72864 eV ==== 
     psi = 0.275*[#   1]+0.208*[#   2]+0.208*[#   3]+0.208*[#   4]
    |psi|^2 = 0.898
==== e(   4) =    11.50583 eV ==== 
     psi = 0.296*[#   1]+0.213*[#   2]+0.213*[#   3]+0.213*[#   4]
    |psi|^2 = 0.935
==== e(   5) =    20.25608 eV ==== 
     psi = 0.029*[#   2]+0.029*[#   3]+0.029*[#   4]+0.009*[#   1]
    |psi|^2 = 0.096
==== e(   6) =    24.37698 eV ==== 
     psi = 0.017*[#   2]+0.017*[#   3]+0.017*[#   4]+0.001*[#   1]
    |psi|^2 = 0.052

 k =  -0.0707106781 -0.4006938427  0.5892556510
==== e(   1) =     5.63680 eV ==== 
     psi = 0.329*[#   2]+0.329*[#   3]+0.329*[#   4]+0.002*[#   1]
    |psi|^2 = 0.989
==== e(   2) =     5.90379 eV ==== 
     psi = 0.401*[#   1]+0.194*[#   2]+0.194*[#   3]+0.194*[#   4]
    |psi|^2 = 0.984
==== e(   3) =     9.46401 eV ==== 
     psi = 0.315*[#   1]+0.199*[#   2]+0.199*[#   3]+0.199*[#   4]
    |psi|^2 = 0.913
==== e(   4) =    11.72544 eV ==== 
     psi = 0.262*[#   1]+0.220*[#   2]+0.220*[#   3]+0.220*[#   4]
    |psi|^2 = 0.922
==== e(   5) =    20.53357 eV ==== 
     psi = 0.029*[#   2]+0.029*[#   3]+0.029*[#   4]+0.008*[#   1]
    |psi|^2 = 0.096
==== e(   6) =    24.56321 eV ==== 
     psi = 0.012*[#   2]+0.012*[#   3]+0.012*[#   4]
    |psi|^2 = 0.038

 k =  -0.0471404521 -0.3771236166  0.5656854249
==== e(   1) =     4.96373 eV ==== 
     psi = 0.263*[#   2]+0.263*[#   3]+0.263*[#   4]+0.202*[#   1]
    |psi|^2 = 0.991
==== e(   2) =     6.58071 eV ==== 
     psi = 0.271*[#   2]+0.271*[#   3]+0.271*[#   4]+0.169*[#   1]
    |psi|^2 = 0.982
==== e(   3) =     9.28054 eV ==== 
     psi = 0.364*[#   1]+0.186*[#   2]+0.186*[#   3]+0.186*[#   4]
    |psi|^2 = 0.923
==== e(   4) =    12.01225 eV ==== 
     psi = 0.244*[#   1]+0.222*[#   2]+0.222*[#   3]+0.222*[#   4]
    |psi|^2 = 0.910
==== e(   5) =    20.84828 eV ==== 
     psi = 0.030*[#   2]+0.030*[#   3]+0.030*[#   4]+0.008*[#   1]
    |psi|^2 = 0.097
==== e(   6) =    24.34234 eV ==== 
     psi = 0.009*[#   2]+0.009*[#   3]+0.009*[#   4]+0.001*[#   1]
    |psi|^2 = 0.029

 k =  -0.0235702260 -0.3535533906  0.5421151989
==== e(   1) =     4.20147 eV ==== 
     psi = 0.251*[#   2]+0.251*[#   3]+0.251*[#   4]+0.240*[#   1]
    |psi|^2 = 0.993
==== e(   2) =     7.36676 eV ==== 
     psi = 0.303*[#   2]+0.303*[#   3]+0.303*[#   4]+0.068*[#   1]
    |psi|^2 = 0.978
==== e(   3) =     9.23112 eV ==== 
     psi = 0.437*[#   1]+0.163*[#   2]+0.163*[#   3]+0.163*[#   4]
    |psi|^2 = 0.927
==== e(   4) =    12.36061 eV ==== 
     psi = 0.236*[#   1]+0.220*[#   2]+0.220*[#   3]+0.220*[#   4]
    |psi|^2 = 0.895
==== e(   5) =    21.20309 eV ==== 
     psi = 0.031*[#   2]+0.031*[#   3]+0.031*[#   4]+0.007*[#   1]
    |psi|^2 = 0.099
==== e(   6) =    24.02420 eV ==== 
     psi = 0.007*[#   2]+0.007*[#   3]+0.007*[#   4]
    |psi|^2 = 0.022

 k =   0.0000000000 -0.3299831646  0.5185449729
==== e(   1) =     3.48689 eV ==== 
     psi = 0.261*[#   1]+0.245*[#   2]+0.245*[#   3]+0.245*[#   4]
    |psi|^2 = 0.995
==== e(   2) =     7.97654 eV ==== 
     psi = 0.324*[#   2]+0.324*[#   3]+0.324*[#   4]
    |psi|^2 = 0.972
==== e(   3) =     9.46679 eV ==== 
     psi = 0.484*[#   1]+0.148*[#   2]+0.148*[#   3]+0.148*[#   4]
    |psi|^2 = 0.927
==== e(   4) =    12.76745 eV ==== 
     psi = 0.234*[#   1]+0.214*[#   2]+0.214*[#   3]+0.214*[#   4]
    |psi|^2 = 0.876
==== e(   5) =    21.59610 eV ==== 
     psi = 0.033*[#   2]+0.033*[#   3]+0.033*[#   4]+0.006*[#   1]
    |psi|^2 = 0.104
==== e(   6) =    23.51143 eV ==== 
     psi = 0.006*[#   2]+0.006*[#   3]+0.006*[#   4]
    |psi|^2 = 0.018

 k =  -0.1414213562 -0.5185449729  0.7071067812
==== e(   1) =     3.09397 eV ==== 
     psi = 0.271*[#   1]+0.241*[#   2]+0.241*[#   3]+0.241*[#   4]
    |psi|^2 = 0.993
==== e(   2) =     9.83388 eV ==== 
     psi = 0.299*[#   2]+0.299*[#   3]+0.299*[#   4]
    |psi|^2 = 0.898
==== e(   3) =    10.04671 eV ==== 
     psi = 0.213*[#   1]+0.208*[#   2]+0.208*[#   3]+0.208*[#   4]
    |psi|^2 = 0.836
==== e(   4) =    11.42958 eV ==== 
     psi = 0.471*[#   1]+0.169*[#   2]+0.169*[#   3]+0.169*[#   4]
    |psi|^2 = 0.978
==== e(   5) =    18.76377 eV ==== 
     psi = 0.030*[#   2]+0.030*[#   3]+0.030*[#   4]
    |psi|^2 = 0.090
==== e(   6) =    20.76574 eV ==== 
     psi = 0.038*[#   2]+0.038*[#   3]+0.038*[#   4]+0.037*[#   1]
    |psi|^2 = 0.153

 k =  -0.1178511302 -0.4949747468  0.6835365551
==== e(   1) =     3.72981 eV ==== 
     psi = 0.254*[#   1]+0.246*[#   2]+0.246*[#   3]+0.246*[#   4]
    |psi|^2 = 0.992
==== e(   2) =     9.12677 eV ==== 
     psi = 0.307*[#   2]+0.307*[#   3]+0.307*[#   4]+0.007*[#   1]
    |psi|^2 = 0.928
==== e(   3) =     9.60561 eV ==== 
     psi = 0.271*[#   1]+0.200*[#   2]+0.200*[#   3]+0.200*[#   4]
    |psi|^2 = 0.872
==== e(   4) =    11.12594 eV ==== 
     psi = 0.434*[#   1]+0.178*[#   2]+0.178*[#   3]+0.178*[#   4]
    |psi|^2 = 0.967
==== e(   5) =    19.25111 eV ==== 
     psi = 0.026*[#   2]+0.026*[#   3]+0.026*[#   4]+0.003*[#   1]
    |psi|^2 = 0.081
==== e(   6) =    21.43336 eV ==== 
     psi = 0.030*[#   2]+0.030*[#   3]+0.030*[#   4]+0.024*[#   1]
    |psi|^2 = 0.113

 k =  -0.0942809042 -0.4714045208  0.6599663291
==== e(   1) =     4.41338 eV ==== 
     psi = 0.254*[#   2]+0.254*[#   3]+0.254*[#   4]+0.228*[#   1]
    |psi|^2 = 0.991
==== e(   2) =     8.27019 eV ==== 
     psi = 0.301*[#   2]+0.301*[#   3]+0.301*[#   4]+0.053*[#   1]
    |psi|^2 = 0.956
==== e(   3) =     9.21152 eV ==== 
     psi = 0.339*[#   1]+0.186*[#   2]+0.186*[#   3]+0.186*[#   4]
    |psi|^2 = 0.896
==== e(   4) =    11.08621 eV ==== 
     psi = 0.353*[#   1]+0.199*[#   2]+0.199*[#   3]+0.199*[#   4]
    |psi|^2 = 0.951
==== e(   5) =    19.58538 eV ==== 
     psi = 0.026*[#   2]+0.026*[#   3]+0.026*[#   4]+0.007*[#   1]
    |psi|^2 = 0.085
==== e(   6) =    22.34630 eV ==== 
     psi = 0.021*[#   2]+0.021*[#   3]+0.021*[#   4]+0.014*[#   1]
    |psi|^2 = 0.076

 k =  -0.0707106781 -0.4478342948  0.6363961031
==== e(   1) =     5.13670 eV ==== 
     psi = 0.268*[#   2]+0.268*[#   3]+0.268*[#   4]+0.184*[#   1]
    |psi|^2 = 0.989
==== e(   2) =     7.39413 eV ==== 
     psi = 0.287*[#   2]+0.287*[#   3]+0.287*[#   4]+0.113*[#   1]
    |psi|^2 = 0.973
==== e(   3) =     8.86863 eV ==== 
     psi = 0.381*[#   1]+0.177*[#   2]+0.177*[#   3]+0.177*[#   4]
    |psi|^2 = 0.913
==== e(   4) =    11.18758 eV ==== 
     psi = 0.297*[#   1]+0.214*[#   2]+0.214*[#   3]+0.214*[#   4]
    |psi|^2 = 0.939
==== e(   5) =    19.86765 eV ==== 
     psi = 0.027*[#   2]+0.027*[#   3]+0.027*[#   4]+0.008*[#   1]
    |psi|^2 = 0.088
==== e(   6) =    23.38583 eV ==== 
     psi = 0.015*[#   2]+0.015*[#   3]+0.015*[#   4]+0.008*[#   1]
    |psi|^2 = 0.051

 k =  -0.0471404521 -0.4242640687  0.6128258770
==== e(   1) =     5.87388 eV ==== 
     psi = 0.297*[#   2]+0.297*[#   3]+0.297*[#   4]+0.097*[#   1]
    |psi|^2 = 0.987
==== e(   2) =     6.54839 eV ==== 
     psi = 0.264*[#   2]+0.264*[#   3]+0.264*[#   4]+0.191*[#   1]
    |psi|^2 = 0.982
==== e(   3) =     8.60520 eV ==== 
     psi = 0.426*[#   1]+0.166*[#   2]+0.166*[#   3]+0.166*[#   4]
    |psi|^2 = 0.924
==== e(   4) =    11.37974 eV ==== 
     psi = 0.265*[#   1]+0.222*[#   2]+0.222*[#   3]+0.222*[#   4]
    |psi|^2 = 0.930
==== e(   5) =    20.15375 eV ==== 
     psi = 0.027*[#   2]+0.027*[#   3]+0.027*[#   4]+0.008*[#   1]
    |psi|^2 = 0.090
==== e(   6) =    24.45273 eV ==== 
     psi = 0.011*[#   2]+0.011*[#   3]+0.011*[#   4]+0.003*[#   1]
    |psi|^2 = 0.038

 k =  -0.0235702260 -0.4006938427  0.5892556510
==== e(   1) =     5.69758 eV ==== 
     psi = 0.277*[#   2]+0.277*[#   3]+0.277*[#   4]+0.157*[#   1]
    |psi|^2 = 0.988
==== e(   2) =     6.62596 eV ==== 
     psi = 0.301*[#   2]+0.301*[#   3]+0.301*[#   4]+0.083*[#   1]
    |psi|^2 = 0.985
==== e(   3) =     8.47518 eV ==== 
     psi = 0.493*[#   1]+0.145*[#   2]+0.145*[#   3]+0.145*[#   4]
    |psi|^2 = 0.929
==== e(   4) =    11.64395 eV ==== 
     psi = 0.247*[#   1]+0.224*[#   2]+0.224*[#   3]+0.224*[#   4]
    |psi|^2 = 0.920
==== e(   5) =    20.46692 eV ==== 
     psi = 0.028*[#   2]+0.028*[#   3]+0.028*[#   4]+0.008*[#   1]
    |psi|^2 = 0.091
==== e(   6) =    25.26538 eV ==== 
     psi = 0.010*[#   2]+0.010*[#   3]+0.010*[#   4]
    |psi|^2 = 0.029

 k =   0.0000000000 -0.3771236166  0.5656854249
==== e(   1) =     4.92809 eV ==== 
     psi = 0.261*[#   2]+0.261*[#   3]+0.261*[#   4]+0.209*[#   1]
    |psi|^2 = 0.991
==== e(   2) =     7.16053 eV ==== 
     psi = 0.328*[#   2]+0.328*[#   3]+0.328*[#   4]
    |psi|^2 = 0.984
==== e(   3) =     8.63286 eV ==== 
     psi = 0.533*[#   1]+0.132*[#   2]+0.132*[#   3]+0.132*[#   4]
    |psi|^2 = 0.929
==== e(   4) =    11.97225 eV ==== 
     psi = 0.238*[#   1]+0.224*[#   2]+0.224*[#   3]+0.224*[#   4]
    |psi|^2 = 0.909
==== e(   5) =    20.81615 eV ==== 
     psi = 0.029*[#   2]+0.029*[#   3]+0.029*[#   4]+0.008*[#   1]
    |psi|^2 = 0.094
==== e(   6) =    24.89556 eV ==== 
     psi = 0.004*[#   2]+0.004*[#   3]+0.004*[#   4]
    |psi|^2 = 0.011

 k =  -0.0942809042 -0.5185449729  0.7071067812
==== e(   1) =     4.03257 eV ==== 
     psi = 0.249*[#   2]+0.249*[#   3]+0.249*[#   4]+0.243*[#   1]
    |psi|^2 = 0.990
==== e(   2) =     8.79844 eV ==== 
     psi = 0.337*[#   1]+0.182*[#   2]+0.182*[#   3]+0.182*[#   4]
    |psi|^2 = 0.882
==== e(   3) =     9.64800 eV ==== 
     psi = 0.300*[#   2]+0.300*[#   3]+0.300*[#   4]
    |psi|^2 = 0.901
==== e(   4) =    11.20782 eV ==== 
     psi = 0.382*[#   1]+0.196*[#   2]+0.196*[#   3]+0.196*[#   4]
    |psi|^2 = 0.971
==== e(   5) =    18.58289 eV ==== 
     psi = 0.031*[#   2]+0.031*[#   3]+0.031*[#   4]
    |psi|^2 = 0.092
==== e(   6) =    20.60579 eV ==== 
     psi = 0.032*[#   1]+0.031*[#   2]+0.031*[#   3]+0.031*[#   4]
    |psi|^2 = 0.125

 k =  -0.0707106781 -0.4949747468  0.6835365551
==== e(   1) =     4.68443 eV ==== 
     psi = 0.261*[#   2]+0.261*[#   3]+0.261*[#   4]+0.207*[#   1]
    |psi|^2 = 0.989
==== e(   2) =     8.35138 eV ==== 
     psi = 0.303*[#   1]+0.201*[#   2]+0.201*[#   3]+0.201*[#   4]
    |psi|^2 = 0.906
==== e(   3) =     9.02848 eV ==== 
     psi = 0.279*[#   2]+0.279*[#   3]+0.279*[#   4]+0.095*[#   1]
    |psi|^2 = 0.932
==== e(   4) =    10.94904 eV ==== 
     psi = 0.365*[#   1]+0.198*[#   2]+0.198*[#   3]+0.198*[#   4]
    |psi|^2 = 0.960
==== e(   5) =    19.10745 eV ==== 
     psi = 0.026*[#   2]+0.026*[#   3]+0.026*[#   4]+0.003*[#   1]
    |psi|^2 = 0.081
==== e(   6) =    21.30852 eV ==== 
     psi = 0.024*[#   2]+0.024*[#   3]+0.024*[#   4]+0.022*[#   1]
    |psi|^2 = 0.094

 k =  -0.0471404521 -0.4714045208  0.6599663291
==== e(   1) =     5.36227 eV ==== 
     psi = 0.280*[#   2]+0.280*[#   3]+0.280*[#   4]+0.149*[#   1]
    |psi|^2 = 0.988
==== e(   2) =     7.91129 eV ==== 
     psi = 0.272*[#   2]+0.272*[#   3]+0.272*[#   4]+0.118*[#   1]
    |psi|^2 = 0.934
==== e(   3) =     8.31742 eV ==== 
     psi = 0.395*[#   1]+0.183*[#   2]+0.183*[#   3]+0.183*[#   4]
    |psi|^2 = 0.945
==== e(   4) =    10.95877 eV ==== 
     psi = 0.313*[#   1]+0.211*[#   2]+0.211*[#   3]+0.211*[#   4]
    |psi|^2 = 0.946
==== e(   5) =    19.47906 eV ==== 
     psi = 0.025*[#   2]+0.025*[#   3]+0.025*[#   4]+0.006*[#   1]
    |psi|^2 = 0.082
==== e(   6) =    22.25692 eV ==== 
     psi = 0.017*[#   2]+0.017*[#   3]+0.017*[#   4]+0.013*[#   1]
    |psi|^2 = 0.065

 k =  -0.0235702260 -0.4478342948  0.6363961031
==== e(   1) =     6.01682 eV ==== 
     psi = 0.310*[#   2]+0.310*[#   3]+0.310*[#   4]+0.061*[#   1]
    |psi|^2 = 0.989
==== e(   2) =     7.25414 eV ==== 
     psi = 0.318*[#   2]+0.318*[#   3]+0.318*[#   4]+0.015*[#   1]
    |psi|^2 = 0.970
==== e(   3) =     7.92319 eV ==== 
     psi = 0.625*[#   1]+0.102*[#   2]+0.102*[#   3]+0.102*[#   4]
    |psi|^2 = 0.931
==== e(   4) =    11.10505 eV ==== 
     psi = 0.277*[#   1]+0.220*[#   2]+0.220*[#   3]+0.220*[#   4]
    |psi|^2 = 0.937
==== e(   5) =    19.79784 eV ==== 
     psi = 0.026*[#   2]+0.026*[#   3]+0.026*[#   4]+0.008*[#   1]
    |psi|^2 = 0.085
==== e(   6) =    23.33518 eV ==== 
     psi = 0.012*[#   2]+0.012*[#   3]+0.012*[#   4]+0.008*[#   1]
    |psi|^2 = 0.045

 k =  -0.0000000000 -0.4242640687  0.6128258770
==== e(   1) =     6.46960 eV ==== 
     psi = 0.296*[#   2]+0.296*[#   3]+0.296*[#   4]+0.096*[#   1]
    |psi|^2 = 0.982
==== e(   2) =     6.49354 eV ==== 
     psi = 0.330*[#   2]+0.330*[#   3]+0.330*[#   4]
    |psi|^2 = 0.990
==== e(   3) =     7.96098 eV ==== 
     psi = 0.627*[#   1]+0.100*[#   2]+0.100*[#   3]+0.100*[#   4]
    |psi|^2 = 0.928
==== e(   4) =    11.33918 eV ==== 
     psi = 0.257*[#   1]+0.224*[#   2]+0.224*[#   3]+0.224*[#   4]
    |psi|^2 = 0.929
==== e(   5) =    20.11947 eV ==== 
     psi = 0.027*[#   2]+0.027*[#   3]+0.027*[#   4]+0.008*[#   1]
    |psi|^2 = 0.088
==== e(   6) =    24.45398 eV ==== 
     psi = 0.010*[#   2]+0.010*[#   3]+0.010*[#   4]+0.004*[#   1]
    |psi|^2 = 0.033

 k =  -0.0471404521 -0.5185449729  0.7071067812
==== e(   1) =     4.98683 eV ==== 
     psi = 0.274*[#   2]+0.274*[#   3]+0.274*[#   4]+0.166*[#   1]
    |psi|^2 = 0.988
==== e(   2) =     7.64758 eV ==== 
     psi = 0.456*[#   1]+0.151*[#   2]+0.151*[#   3]+0.151*[#   4]
    |psi|^2 = 0.908
==== e(   3) =     9.53647 eV ==== 
     psi = 0.301*[#   2]+0.301*[#   3]+0.301*[#   4]
    |psi|^2 = 0.902
==== e(   4) =    11.08499 eV ==== 
     psi = 0.344*[#   1]+0.208*[#   2]+0.208*[#   3]+0.208*[#   4]
    |psi|^2 = 0.967
==== e(   5) =    18.47415 eV ==== 
     psi = 0.031*[#   2]+0.031*[#   3]+0.031*[#   4]
    |psi|^2 = 0.093
==== e(   6) =    20.50883 eV ==== 
     psi = 0.029*[#   1]+0.027*[#   2]+0.027*[#   3]+0.027*[#   4]
    |psi|^2 = 0.109

 k =  -0.0235702260 -0.4949747468  0.6835365551
==== e(   1) =     5.57209 eV ==== 
     psi = 0.305*[#   2]+0.305*[#   3]+0.305*[#   4]+0.075*[#   1]
    |psi|^2 = 0.991
==== e(   2) =     7.34452 eV ==== 
     psi = 0.491*[#   1]+0.143*[#   2]+0.143*[#   3]+0.143*[#   4]
    |psi|^2 = 0.919
==== e(   3) =     8.94285 eV ==== 
     psi = 0.289*[#   2]+0.289*[#   3]+0.289*[#   4]+0.067*[#   1]
    |psi|^2 = 0.934
==== e(   4) =    10.86615 eV ==== 
     psi = 0.340*[#   1]+0.206*[#   2]+0.206*[#   3]+0.206*[#   4]
    |psi|^2 = 0.957
==== e(   5) =    19.03547 eV ==== 
     psi = 0.026*[#   2]+0.026*[#   3]+0.026*[#   4]+0.003*[#   1]
    |psi|^2 = 0.080
==== e(   6) =    21.24551 eV ==== 
     psi = 0.022*[#   2]+0.022*[#   3]+0.022*[#   4]+0.020*[#   1]
    |psi|^2 = 0.085

 k =   0.0000000000 -0.4714045208  0.6599663291
==== e(   1) =     5.97525 eV ==== 
     psi = 0.331*[#   2]+0.331*[#   3]+0.331*[#   4]
    |psi|^2 = 0.994
==== e(   2) =     7.30806 eV ==== 
     psi = 0.432*[#   1]+0.164*[#   2]+0.164*[#   3]+0.164*[#   4]
    |psi|^2 = 0.925
==== e(   3) =     8.20470 eV ==== 
     psi = 0.241*[#   1]+0.238*[#   2]+0.238*[#   3]+0.238*[#   4]
    |psi|^2 = 0.957
==== e(   4) =    10.91777 eV ==== 
     psi = 0.302*[#   1]+0.214*[#   2]+0.214*[#   3]+0.214*[#   4]
    |psi|^2 = 0.945
==== e(   5) =    19.44353 eV ==== 
     psi = 0.025*[#   2]+0.025*[#   3]+0.025*[#   4]+0.006*[#   1]
    |psi|^2 = 0.081
==== e(   6) =    22.22680 eV ==== 
     psi = 0.016*[#   2]+0.016*[#   3]+0.016*[#   4]+0.013*[#   1]
    |psi|^2 = 0.061

 k =  -0.7071067812  0.1885618083  0.0000000000
==== e(   1) =     5.60531 eV ==== 
     psi = 0.332*[#   2]+0.332*[#   3]+0.332*[#   4]
    |psi|^2 = 0.996
==== e(   2) =     6.96261 eV ==== 
     psi = 0.634*[#   1]+0.092*[#   2]+0.092*[#   3]+0.092*[#   4]
    |psi|^2 = 0.909
==== e(   3) =     9.49929 eV ==== 
     psi = 0.301*[#   2]+0.301*[#   3]+0.301*[#   4]
    |psi|^2 = 0.903
==== e(   4) =    11.04490 eV ==== 
     psi = 0.333*[#   1]+0.211*[#   2]+0.211*[#   3]+0.211*[#   4]
    |psi|^2 = 0.966
==== e(   5) =    18.43786 eV ==== 
     psi = 0.031*[#   2]+0.031*[#   3]+0.031*[#   4]
    |psi|^2 = 0.093
==== e(   6) =    20.47634 eV ==== 
     psi = 0.028*[#   1]+0.025*[#   2]+0.025*[#   3]+0.025*[#   4]
    |psi|^2 = 0.103

 k =  -0.2357022604 -0.4714045208  0.7071067812
==== e(   1) =     1.74922 eV ==== 
     psi = 0.289*[#   1]+0.236*[#   2]+0.236*[#   3]+0.236*[#   4]
    |psi|^2 = 0.997
==== e(   2) =     9.64784 eV ==== 
     psi = 0.310*[#   2]+0.310*[#   3]+0.310*[#   4]
    |psi|^2 = 0.929
==== e(   3) =    11.11939 eV ==== 
     psi = 0.338*[#   1]+0.194*[#   2]+0.194*[#   3]+0.194*[#   4]
    |psi|^2 = 0.919
==== e(   4) =    13.32951 eV ==== 
     psi = 0.335*[#   1]+0.159*[#   2]+0.159*[#   3]+0.159*[#   4]
    |psi|^2 = 0.813
==== e(   5) =    20.76946 eV ==== 
     psi = 0.017*[#   2]+0.017*[#   3]+0.017*[#   4]
    |psi|^2 = 0.050
==== e(   6) =    22.41613 eV ==== 
     psi = 0.063*[#   2]+0.063*[#   3]+0.063*[#   4]+0.022*[#   1]
    |psi|^2 = 0.211

 k =  -0.2121320344 -0.4478342948  0.6835365551
==== e(   1) =     2.35993 eV ==== 
     psi = 0.282*[#   1]+0.238*[#   2]+0.238*[#   3]+0.238*[#   4]
    |psi|^2 = 0.996
==== e(   2) =     8.92950 eV ==== 
     psi = 0.298*[#   2]+0.298*[#   3]+0.298*[#   4]+0.056*[#   1]
    |psi|^2 = 0.950
==== e(   3) =    10.77961 eV ==== 
     psi = 0.295*[#   1]+0.207*[#   2]+0.207*[#   3]+0.207*[#   4]
    |psi|^2 = 0.916
==== e(   4) =    12.81457 eV ==== 
     psi = 0.337*[#   1]+0.171*[#   2]+0.171*[#   3]+0.171*[#   4]
    |psi|^2 = 0.850
==== e(   5) =    21.20062 eV ==== 
     psi = 0.019*[#   2]+0.019*[#   3]+0.019*[#   4]+0.002*[#   1]
    |psi|^2 = 0.058
==== e(   6) =    22.92103 eV ==== 
     psi = 0.053*[#   2]+0.053*[#   3]+0.053*[#   4]+0.007*[#   1]
    |psi|^2 = 0.167

 k =  -0.1885618083 -0.4242640687  0.6599663291
==== e(   1) =     3.02488 eV ==== 
     psi = 0.273*[#   1]+0.241*[#   2]+0.241*[#   3]+0.241*[#   4]
    |psi|^2 = 0.995
==== e(   2) =     8.03594 eV ==== 
     psi = 0.277*[#   2]+0.277*[#   3]+0.277*[#   4]+0.136*[#   1]
    |psi|^2 = 0.966
==== e(   3) =    10.71231 eV ==== 
     psi = 0.228*[#   2]+0.228*[#   3]+0.228*[#   4]+0.221*[#   1]
    |psi|^2 = 0.906
==== e(   4) =    12.35912 eV ==== 
     psi = 0.345*[#   1]+0.179*[#   2]+0.179*[#   3]+0.179*[#   4]
    |psi|^2 = 0.883
==== e(   5) =    21.46295 eV ==== 
     psi = 0.024*[#   2]+0.024*[#   3]+0.024*[#   4]+0.004*[#   1]
    |psi|^2 = 0.077
==== e(   6) =    23.12211 eV ==== 
     psi = 0.031*[#   2]+0.031*[#   3]+0.031*[#   4]
    |psi|^2 = 0.094

 k =  -0.1649915823 -0.4006938427  0.6363961031
==== e(   1) =     3.74223 eV ==== 
     psi = 0.257*[#   1]+0.246*[#   2]+0.246*[#   3]+0.246*[#   4]
    |psi|^2 = 0.994
==== e(   2) =     7.11388 eV ==== 
     psi = 0.259*[#   2]+0.259*[#   3]+0.259*[#   4]+0.198*[#   1]
    |psi|^2 = 0.976
==== e(   3) =    10.76762 eV ==== 
     psi = 0.246*[#   2]+0.246*[#   3]+0.246*[#   4]+0.153*[#   1]
    |psi|^2 = 0.892
==== e(   4) =    11.97052 eV ==== 
     psi = 0.371*[#   1]+0.181*[#   2]+0.181*[#   3]+0.181*[#   4]
    |psi|^2 = 0.913
==== e(   5) =    21.67163 eV ==== 
     psi = 0.030*[#   2]+0.030*[#   3]+0.030*[#   4]+0.004*[#   1]
    |psi|^2 = 0.092
==== e(   6) =    22.87674 eV ==== 
     psi = 0.018*[#   2]+0.018*[#   3]+0.018*[#   4]+0.004*[#   1]
    |psi|^2 = 0.057

 k =  -0.1414213562 -0.3771236166  0.6128258770
==== e(   1) =     4.50750 eV ==== 
     psi = 0.256*[#   2]+0.256*[#   3]+0.256*[#   4]+0.224*[#   1]
    |psi|^2 = 0.992
==== e(   2) =     6.21612 eV ==== 
     psi = 0.258*[#   1]+0.242*[#   2]+0.242*[#   3]+0.242*[#   4]
    |psi|^2 = 0.983
==== e(   3) =    10.87662 eV ==== 
     psi = 0.266*[#   2]+0.266*[#   3]+0.266*[#   4]+0.070*[#   1]
    |psi|^2 = 0.868
==== e(   4) =    11.67072 eV ==== 
     psi = 0.429*[#   1]+0.172*[#   2]+0.172*[#   3]+0.172*[#   4]
    |psi|^2 = 0.946
==== e(   5) =    21.86534 eV ==== 
     psi = 0.036*[#   2]+0.036*[#   3]+0.036*[#   4]+0.002*[#   1]
    |psi|^2 = 0.110
==== e(   6) =    22.60142 eV ==== 
     psi = 0.009*[#   2]+0.009*[#   3]+0.009*[#   4]+0.007*[#   1]
    |psi|^2 = 0.034

 k =  -0.1178511302 -0.3535533906  0.5892556510
==== e(   1) =     5.19989 eV ==== 
     psi = 0.331*[#   2]+0.331*[#   3]+0.331*[#   4]
    |psi|^2 = 0.992
==== e(   2) =     5.47837 eV ==== 
     psi = 0.490*[#   1]+0.165*[#   2]+0.165*[#   3]+0.165*[#   4]
    |psi|^2 = 0.984
==== e(   3) =    10.94602 eV ==== 
     psi = 0.282*[#   2]+0.282*[#   3]+0.282*[#   4]
    |psi|^2 = 0.846
==== e(   4) =    11.53883 eV ==== 
     psi = 0.491*[#   1]+0.160*[#   2]+0.160*[#   3]+0.160*[#   4]
    |psi|^2 = 0.970
==== e(   5) =    21.97611 eV ==== 
     psi = 0.044*[#   2]+0.044*[#   3]+0.044*[#   4]
    |psi|^2 = 0.132
==== e(   6) =    22.45843 eV ==== 
     psi = 0.009*[#   1]
    |psi|^2 = 0.012

 k =  -0.1885618083 -0.4714045208  0.7071067812
==== e(   1) =     2.56121 eV ==== 
     psi = 0.278*[#   1]+0.239*[#   2]+0.239*[#   3]+0.239*[#   4]
    |psi|^2 = 0.996
==== e(   2) =     9.31350 eV ==== 
     psi = 0.312*[#   2]+0.312*[#   3]+0.312*[#   4]
    |psi|^2 = 0.935
==== e(   3) =    10.72919 eV ==== 
     psi = 0.236*[#   2]+0.236*[#   3]+0.236*[#   4]+0.200*[#   1]
    |psi|^2 = 0.907
==== e(   4) =    11.95822 eV ==== 
     psi = 0.488*[#   1]+0.132*[#   2]+0.132*[#   3]+0.132*[#   4]
    |psi|^2 = 0.885
==== e(   5) =    20.45221 eV ==== 
     psi = 0.017*[#   2]+0.017*[#   3]+0.017*[#   4]
    |psi|^2 = 0.051
==== e(   6) =    22.18815 eV ==== 
     psi = 0.046*[#   2]+0.046*[#   3]+0.046*[#   4]+0.023*[#   1]
    |psi|^2 = 0.161

 k =  -0.1649915823 -0.4478342948  0.6835365551
==== e(   1) =     3.20473 eV ==== 
     psi = 0.267*[#   1]+0.243*[#   2]+0.243*[#   3]+0.243*[#   4]
    |psi|^2 = 0.995
==== e(   2) =     8.63024 eV ==== 
     psi = 0.302*[#   2]+0.302*[#   3]+0.302*[#   4]+0.049*[#   1]
    |psi|^2 = 0.954
==== e(   3) =    10.41428 eV ==== 
     psi = 0.251*[#   2]+0.251*[#   3]+0.251*[#   4]+0.152*[#   1]
    |psi|^2 = 0.904
==== e(   4) =    11.49113 eV ==== 
     psi = 0.506*[#   1]+0.137*[#   2]+0.137*[#   3]+0.137*[#   4]
    |psi|^2 = 0.915
==== e(   5) =    20.92396 eV ==== 
     psi = 0.017*[#   2]+0.017*[#   3]+0.017*[#   4]+0.002*[#   1]
    |psi|^2 = 0.054
==== e(   6) =    22.81364 eV ==== 
     psi = 0.037*[#   2]+0.037*[#   3]+0.037*[#   4]+0.012*[#   1]
    |psi|^2 = 0.123

 k =  -0.1414213562 -0.4242640687  0.6599663291
==== e(   1) =     3.90020 eV ==== 
     psi = 0.249*[#   1]+0.248*[#   2]+0.248*[#   3]+0.248*[#   4]
    |psi|^2 = 0.993
==== e(   2) =     7.77192 eV ==== 
     psi = 0.283*[#   2]+0.283*[#   3]+0.283*[#   4]+0.122*[#   1]
    |psi|^2 = 0.970
==== e(   3) =    10.33849 eV ==== 
     psi = 0.277*[#   2]+0.277*[#   3]+0.277*[#   4]+0.054*[#   1]
    |psi|^2 = 0.887
==== e(   4) =    11.12013 eV ==== 
     psi = 0.552*[#   1]+0.132*[#   2]+0.132*[#   3]+0.132*[#   4]
    |psi|^2 = 0.949
==== e(   5) =    21.23129 eV ==== 
     psi = 0.021*[#   2]+0.021*[#   3]+0.021*[#   4]+0.004*[#   1]
    |psi|^2 = 0.066
==== e(   6) =    23.50697 eV ==== 
     psi = 0.029*[#   2]+0.029*[#   3]+0.029*[#   4]+0.002*[#   1]
    |psi|^2 = 0.090

 k =  -0.1178511302 -0.4006938427  0.6363961031
==== e(   1) =     4.64388 eV ==== 
     psi = 0.257*[#   2]+0.257*[#   3]+0.257*[#   4]+0.220*[#   1]
    |psi|^2 = 0.991
==== e(   2) =     6.88761 eV ==== 
     psi = 0.265*[#   2]+0.265*[#   3]+0.265*[#   4]+0.186*[#   1]
    |psi|^2 = 0.979
==== e(   3) =    10.28315 eV ==== 
     psi = 0.290*[#   2]+0.290*[#   3]+0.290*[#   4]+0.002*[#   1]
    |psi|^2 = 0.872
==== e(   4) =    10.92066 eV ==== 
     psi = 0.573*[#   1]+0.134*[#   2]+0.134*[#   3]+0.134*[#   4]
    |psi|^2 = 0.974
==== e(   5) =    21.48881 eV ==== 
     psi = 0.023*[#   2]+0.023*[#   3]+0.023*[#   4]+0.004*[#   1]
    |psi|^2 = 0.073
==== e(   6) =    23.59925 eV ==== 
     psi = 0.017*[#   2]+0.017*[#   3]+0.017*[#   4]+0.001*[#   1]
    |psi|^2 = 0.053

 k =  -0.0942809042 -0.3771236166  0.6128258770
==== e(   1) =     5.41514 eV ==== 
     psi = 0.287*[#   2]+0.287*[#   3]+0.287*[#   4]+0.127*[#   1]
    |psi|^2 = 0.989
==== e(   2) =     6.04350 eV ==== 
     psi = 0.291*[#   1]+0.231*[#   2]+0.231*[#   3]+0.231*[#   4]
    |psi|^2 = 0.985
==== e(   3) =    10.12774 eV ==== 
     psi = 0.265*[#   2]+0.265*[#   3]+0.265*[#   4]+0.091*[#   1]
    |psi|^2 = 0.888
==== e(   4) =    10.96884 eV ==== 
     psi = 0.472*[#   1]+0.163*[#   2]+0.163*[#   3]+0.163*[#   4]
    |psi|^2 = 0.962
==== e(   5) =    21.74995 eV ==== 
     psi = 0.025*[#   2]+0.025*[#   3]+0.025*[#   4]+0.004*[#   1]
    |psi|^2 = 0.079
==== e(   6) =    23.36350 eV ==== 
     psi = 0.012*[#   2]+0.012*[#   3]+0.012*[#   4]+0.003*[#   1]
    |psi|^2 = 0.038

 k =  -0.0707106781 -0.3535533906  0.5892556510
==== e(   1) =     5.16868 eV ==== 
     psi = 0.270*[#   2]+0.270*[#   3]+0.270*[#   4]+0.179*[#   1]
    |psi|^2 = 0.990
==== e(   2) =     6.29451 eV ==== 
     psi = 0.251*[#   2]+0.251*[#   3]+0.251*[#   4]+0.230*[#   1]
    |psi|^2 = 0.983
==== e(   3) =     9.94486 eV ==== 
     psi = 0.242*[#   2]+0.242*[#   3]+0.242*[#   4]+0.181*[#   1]
    |psi|^2 = 0.907
==== e(   4) =    11.18296 eV ==== 
     psi = 0.392*[#   1]+0.183*[#   2]+0.183*[#   3]+0.183*[#   4]
    |psi|^2 = 0.941
==== e(   5) =    22.02983 eV ==== 
     psi = 0.028*[#   2]+0.028*[#   3]+0.028*[#   4]+0.003*[#   1]
    |psi|^2 = 0.086
==== e(   6) =    23.10572 eV ==== 
     psi = 0.008*[#   2]+0.008*[#   3]+0.008*[#   4]+0.004*[#   1]
    |psi|^2 = 0.029

 k =  -0.0471404521 -0.3299831646  0.5656854249
==== e(   1) =     4.39615 eV ==== 
     psi = 0.254*[#   2]+0.254*[#   3]+0.254*[#   4]+0.232*[#   1]
    |psi|^2 = 0.993
==== e(   2) =     7.13896 eV ==== 
     psi = 0.278*[#   2]+0.278*[#   3]+0.278*[#   4]+0.144*[#   1]
    |psi|^2 = 0.978
==== e(   3) =     9.81609 eV ==== 
     psi = 0.252*[#   1]+0.223*[#   2]+0.223*[#   3]+0.223*[#   4]
    |psi|^2 = 0.920
==== e(   4) =    11.49144 eV ==== 
     psi = 0.353*[#   1]+0.190*[#   2]+0.190*[#   3]+0.190*[#   4]
    |psi|^2 = 0.922
==== e(   5) =    22.31352 eV ==== 
     psi = 0.032*[#   2]+0.032*[#   3]+0.032*[#   4]+0.001*[#   1]
    |psi|^2 = 0.098
==== e(   6) =    22.86337 eV ==== 
     psi = 0.005*[#   1]+0.004*[#   2]+0.004*[#   3]+0.004*[#   4]
    |psi|^2 = 0.017

 k =  -0.0235702260 -0.3064129385  0.5421151989
==== e(   1) =     3.66592 eV ==== 
     psi = 0.256*[#   1]+0.246*[#   2]+0.246*[#   3]+0.246*[#   4]
    |psi|^2 = 0.994
==== e(   2) =     7.96171 eV ==== 
     psi = 0.304*[#   2]+0.304*[#   3]+0.304*[#   4]+0.059*[#   1]
    |psi|^2 = 0.969
==== e(   3) =     9.81095 eV ==== 
     psi = 0.327*[#   1]+0.200*[#   2]+0.200*[#   3]+0.200*[#   4]
    |psi|^2 = 0.926
==== e(   4) =    11.87099 eV ==== 
     psi = 0.337*[#   1]+0.188*[#   2]+0.188*[#   3]+0.188*[#   4]
    |psi|^2 = 0.902
==== e(   5) =    22.39766 eV ==== 
     psi = 0.021*[#   2]+0.021*[#   3]+0.021*[#   4]
    |psi|^2 = 0.062
==== e(   6) =    22.76389 eV ==== 
     psi = 0.021*[#   2]+0.021*[#   3]+0.021*[#   4]+0.002*[#   1]
    |psi|^2 = 0.064

 k =   0.0000000000 -0.2828427125  0.5185449729
==== e(   1) =     2.98634 eV ==== 
     psi = 0.271*[#   1]+0.241*[#   2]+0.241*[#   3]+0.241*[#   4]
    |psi|^2 = 0.995
==== e(   2) =     8.60766 eV ==== 
     psi = 0.319*[#   2]+0.319*[#   3]+0.319*[#   4]
    |psi|^2 = 0.958
==== e(   3) =    10.08331 eV ==== 
     psi = 0.371*[#   1]+0.186*[#   2]+0.186*[#   3]+0.186*[#   4]
    |psi|^2 = 0.928
==== e(   4) =    12.31329 eV ==== 
     psi = 0.334*[#   1]+0.182*[#   2]+0.182*[#   3]+0.182*[#   4]
    |psi|^2 = 0.879
==== e(   5) =    21.95253 eV ==== 
     psi = 0.010*[#   2]+0.010*[#   3]+0.010*[#   4]
    |psi|^2 = 0.030
==== e(   6) =    22.90959 eV ==== 
     psi = 0.047*[#   2]+0.047*[#   3]+0.047*[#   4]
    |psi|^2 = 0.142

 k =  -0.1414213562 -0.4714045208  0.7071067812
==== e(   1) =     3.44022 eV ==== 
     psi = 0.261*[#   1]+0.244*[#   2]+0.244*[#   3]+0.244*[#   4]
    |psi|^2 = 0.994
==== e(   2) =     9.05346 eV ==== 
     psi = 0.313*[#   2]+0.313*[#   3]+0.313*[#   4]
    |psi|^2 = 0.938
==== e(   3) =    10.16334 eV ==== 
     psi = 0.288*[#   2]+0.288*[#   3]+0.288*[#   4]
    |psi|^2 = 0.865
==== e(   4) =    10.90217 eV ==== 
     psi = 0.708*[#   1]+0.089*[#   2]+0.089*[#   3]+0.089*[#   4]
    |psi|^2 = 0.974
==== e(   5) =    20.20311 eV ==== 
     psi = 0.017*[#   2]+0.017*[#   3]+0.017*[#   4]
    |psi|^2 = 0.052
==== e(   6) =    21.99372 eV ==== 
     psi = 0.035*[#   2]+0.035*[#   3]+0.035*[#   4]+0.021*[#   1]
    |psi|^2 = 0.125

 k =  -0.1178511302 -0.4478342948  0.6835365551
==== e(   1) =     4.11220 eV ==== 
     psi = 0.251*[#   2]+0.251*[#   3]+0.251*[#   4]+0.240*[#   1]
    |psi|^2 = 0.992
==== e(   2) =     8.40318 eV ==== 
     psi = 0.306*[#   2]+0.306*[#   3]+0.306*[#   4]+0.039*[#   1]
    |psi|^2 = 0.957
==== e(   3) =     9.80036 eV ==== 
     psi = 0.286*[#   2]+0.286*[#   3]+0.286*[#   4]+0.023*[#   1]
    |psi|^2 = 0.880
==== e(   4) =    10.56366 eV ==== 
     psi = 0.674*[#   1]+0.102*[#   2]+0.102*[#   3]+0.102*[#   4]
    |psi|^2 = 0.979
==== e(   5) =    20.71375 eV ==== 
     psi = 0.016*[#   2]+0.016*[#   3]+0.016*[#   4]+0.002*[#   1]
    |psi|^2 = 0.051
==== e(   6) =    22.67775 eV ==== 
     psi = 0.027*[#   2]+0.027*[#   3]+0.027*[#   4]+0.013*[#   1]
    |psi|^2 = 0.093

 k =  -0.0942809042 -0.4242640687  0.6599663291
==== e(   1) =     4.83062 eV ==== 
     psi = 0.261*[#   2]+0.261*[#   3]+0.261*[#   4]+0.208*[#   1]
    |psi|^2 = 0.990
==== e(   2) =     7.57985 eV ==== 
     psi = 0.289*[#   2]+0.289*[#   3]+0.289*[#   4]+0.104*[#   1]
    |psi|^2 = 0.972
==== e(   3) =     9.52690 eV ==== 
     psi = 0.259*[#   2]+0.259*[#   3]+0.259*[#   4]+0.121*[#   1]
    |psi|^2 = 0.897
==== e(   4) =    10.47524 eV ==== 
     psi = 0.546*[#   1]+0.142*[#   2]+0.142*[#   3]+0.142*[#   4]
    |psi|^2 = 0.972
==== e(   5) =    21.06169 eV ==== 
     psi = 0.018*[#   2]+0.018*[#   3]+0.018*[#   4]+0.004*[#   1]
    |psi|^2 = 0.059
==== e(   6) =    23.55912 eV ==== 
     psi = 0.021*[#   2]+0.021*[#   3]+0.021*[#   4]+0.005*[#   1]
    |psi|^2 = 0.067

 k =  -0.0707106781 -0.4006938427  0.6363961031
==== e(   1) =     5.58382 eV ==== 
     psi = 0.279*[#   2]+0.279*[#   3]+0.279*[#   4]+0.150*[#   1]
    |psi|^2 = 0.988
==== e(   2) =     6.73673 eV ==== 
     psi = 0.268*[#   2]+0.268*[#   3]+0.268*[#   4]+0.176*[#   1]
    |psi|^2 = 0.981
==== e(   3) =     9.26713 eV ==== 
     psi = 0.233*[#   2]+0.233*[#   3]+0.233*[#   4]+0.217*[#   1]
    |psi|^2 = 0.915
==== e(   4) =    10.57295 eV ==== 
     psi = 0.438*[#   1]+0.173*[#   2]+0.173*[#   3]+0.173*[#   4]
    |psi|^2 = 0.958
==== e(   5) =    21.35946 eV ==== 
     psi = 0.020*[#   2]+0.020*[#   3]+0.020*[#   4]+0.004*[#   1]
    |psi|^2 = 0.064
==== e(   6) =    24.24034 eV ==== 
     psi = 0.016*[#   2]+0.016*[#   3]+0.016*[#   4]
    |psi|^2 = 0.048

 k =  -0.0471404521 -0.3771236166  0.6128258770
==== e(   1) =     5.86784 eV ==== 
     psi = 0.292*[#   2]+0.292*[#   3]+0.292*[#   4]+0.111*[#   1]
    |psi|^2 = 0.987
==== e(   2) =     6.40817 eV ==== 
     psi = 0.261*[#   2]+0.261*[#   3]+0.261*[#   4]+0.201*[#   1]
    |psi|^2 = 0.984
==== e(   3) =     9.06294 eV ==== 
     psi = 0.292*[#   1]+0.211*[#   2]+0.211*[#   3]+0.211*[#   4]
    |psi|^2 = 0.927
==== e(   4) =    10.78544 eV ==== 
     psi = 0.378*[#   1]+0.189*[#   2]+0.189*[#   3]+0.189*[#   4]
    |psi|^2 = 0.946
==== e(   5) =    21.66171 eV ==== 
     psi = 0.021*[#   2]+0.021*[#   3]+0.021*[#   4]+0.004*[#   1]
    |psi|^2 = 0.068
==== e(   6) =    24.16669 eV ==== 
     psi = 0.009*[#   2]+0.009*[#   3]+0.009*[#   4]+0.001*[#   1]
    |psi|^2 = 0.028

 k =  -0.0235702260 -0.3535533906  0.5892556510
==== e(   1) =     5.09934 eV ==== 
     psi = 0.264*[#   2]+0.264*[#   3]+0.264*[#   4]+0.198*[#   1]
    |psi|^2 = 0.991
==== e(   2) =     7.14327 eV ==== 
     psi = 0.305*[#   2]+0.305*[#   3]+0.305*[#   4]+0.066*[#   1]
    |psi|^2 = 0.981
==== e(   3) =     8.98141 eV ==== 
     psi = 0.369*[#   1]+0.188*[#   2]+0.188*[#   3]+0.188*[#   4]
    |psi|^2 = 0.932
==== e(   4) =    11.08012 eV ==== 
     psi = 0.349*[#   1]+0.195*[#   2]+0.195*[#   3]+0.195*[#   4]
    |psi|^2 = 0.933
==== e(   5) =    21.98751 eV ==== 
     psi = 0.023*[#   2]+0.023*[#   3]+0.023*[#   4]+0.004*[#   1]
    |psi|^2 = 0.073
==== e(   6) =    23.82960 eV ==== 
     psi = 0.006*[#   2]+0.006*[#   3]+0.006*[#   4]
    |psi|^2 = 0.019

 k =   0.0000000000 -0.3299831646  0.5656854249
==== e(   1) =     4.35862 eV ==== 
     psi = 0.253*[#   2]+0.253*[#   3]+0.253*[#   4]+0.232*[#   1]
    |psi|^2 = 0.993
==== e(   2) =     7.71684 eV ==== 
     psi = 0.325*[#   2]+0.325*[#   3]+0.325*[#   4]
    |psi|^2 = 0.976
==== e(   3) =     9.18021 eV ==== 
     psi = 0.411*[#   1]+0.174*[#   2]+0.174*[#   3]+0.174*[#   4]
    |psi|^2 = 0.933
==== e(   4) =    11.44387 eV ==== 
     psi = 0.337*[#   1]+0.194*[#   2]+0.194*[#   3]+0.194*[#   4]
    |psi|^2 = 0.919
==== e(   5) =    22.33781 eV ==== 
     psi = 0.026*[#   2]+0.026*[#   3]+0.026*[#   4]+0.003*[#   1]
    |psi|^2 = 0.081
==== e(   6) =    23.27482 eV ==== 
     psi = 0.006*[#   2]+0.006*[#   3]+0.006*[#   4]
    |psi|^2 = 0.018

 k =  -0.0942809042 -0.4714045208  0.7071067812
==== e(   1) =     4.37553 eV ==== 
     psi = 0.254*[#   2]+0.254*[#   3]+0.254*[#   4]+0.228*[#   1]
    |psi|^2 = 0.991
==== e(   2) =     8.86772 eV ==== 
     psi = 0.314*[#   2]+0.314*[#   3]+0.314*[#   4]
    |psi|^2 = 0.941
==== e(   3) =     9.08946 eV ==== 
     psi = 0.235*[#   2]+0.235*[#   3]+0.235*[#   4]+0.189*[#   1]
    |psi|^2 = 0.894
==== e(   4) =    10.50805 eV ==== 
     psi = 0.557*[#   1]+0.141*[#   2]+0.141*[#   3]+0.141*[#   4]
    |psi|^2 = 0.979
==== e(   5) =    20.02416 eV ==== 
     psi = 0.018*[#   2]+0.018*[#   3]+0.018*[#   4]
    |psi|^2 = 0.053
==== e(   6) =    21.84850 eV ==== 
     psi = 0.027*[#   2]+0.027*[#   3]+0.027*[#   4]+0.019*[#   1]
    |psi|^2 = 0.100

 k =  -0.0707106781 -0.4478342948  0.6835365551
==== e(   1) =     5.06249 eV ==== 
     psi = 0.267*[#   2]+0.267*[#   3]+0.267*[#   4]+0.188*[#   1]
    |psi|^2 = 0.989
==== e(   2) =     8.23348 eV ==== 
     psi = 0.316*[#   2]+0.316*[#   3]+0.316*[#   4]+0.010*[#   1]
    |psi|^2 = 0.957
==== e(   3) =     8.74233 eV ==== 
     psi = 0.258*[#   1]+0.220*[#   2]+0.220*[#   3]+0.220*[#   4]
    |psi|^2 = 0.917
==== e(   4) =    10.26567 eV ==== 
     psi = 0.522*[#   1]+0.150*[#   2]+0.150*[#   3]+0.150*[#   4]
    |psi|^2 = 0.971
==== e(   5) =    20.57259 eV ==== 
     psi = 0.016*[#   2]+0.016*[#   3]+0.016*[#   4]+0.002*[#   1]
    |psi|^2 = 0.050
==== e(   6) =    22.57456 eV ==== 
     psi = 0.021*[#   2]+0.021*[#   3]+0.021*[#   4]+0.012*[#   1]
    |psi|^2 = 0.075

 k =  -0.0471404521 -0.4242640687  0.6599663291
==== e(   1) =     5.77330 eV ==== 
     psi = 0.287*[#   2]+0.287*[#   3]+0.287*[#   4]+0.128*[#   1]
    |psi|^2 = 0.988
==== e(   2) =     7.44814 eV ==== 
     psi = 0.303*[#   2]+0.303*[#   3]+0.303*[#   4]+0.062*[#   1]
    |psi|^2 = 0.973
==== e(   3) =     8.46545 eV ==== 
     psi = 0.351*[#   1]+0.193*[#   2]+0.193*[#   3]+0.193*[#   4]
    |psi|^2 = 0.929
==== e(   4) =    10.29388 eV ==== 
     psi = 0.440*[#   1]+0.174*[#   2]+0.174*[#   3]+0.174*[#   4]
    |psi|^2 = 0.961
==== e(   5) =    20.95874 eV ==== 
     psi = 0.017*[#   2]+0.017*[#   3]+0.017*[#   4]+0.004*[#   1]
    |psi|^2 = 0.055
==== e(   6) =    23.52518 eV ==== 
     psi = 0.016*[#   2]+0.016*[#   3]+0.016*[#   4]+0.006*[#   1]
    |psi|^2 = 0.053

 k =  -0.0235702260 -0.4006938427  0.6363961031
==== e(   1) =     6.43843 eV ==== 
     psi = 0.325*[#   2]+0.325*[#   3]+0.325*[#   4]+0.012*[#   1]
    |psi|^2 = 0.986
==== e(   2) =     6.66232 eV ==== 
     psi = 0.277*[#   2]+0.277*[#   3]+0.277*[#   4]+0.151*[#   1]
    |psi|^2 = 0.983
==== e(   3) =     8.30373 eV ==== 
     psi = 0.433*[#   1]+0.167*[#   2]+0.167*[#   3]+0.167*[#   4]
    |psi|^2 = 0.935
==== e(   4) =    10.46828 eV ==== 
     psi = 0.386*[#   1]+0.189*[#   2]+0.189*[#   3]+0.189*[#   4]
    |psi|^2 = 0.952
==== e(   5) =    21.29348 eV ==== 
     psi = 0.019*[#   2]+0.019*[#   3]+0.019*[#   4]+0.004*[#   1]
    |psi|^2 = 0.061
==== e(   6) =    24.51987 eV ==== 
     psi = 0.013*[#   2]+0.013*[#   3]+0.013*[#   4]+0.002*[#   1]
    |psi|^2 = 0.040

 k =  -0.0000000000 -0.3771236166  0.6128258770
==== e(   1) =     5.84646 eV ==== 
     psi = 0.278*[#   2]+0.278*[#   3]+0.278*[#   4]+0.154*[#   1]
    |psi|^2 = 0.987
==== e(   2) =     6.97520 eV ==== 
     psi = 0.328*[#   2]+0.328*[#   3]+0.328*[#   4]
    |psi|^2 = 0.985
==== e(   3) =     8.42219 eV ==== 
     psi = 0.470*[#   1]+0.155*[#   2]+0.155*[#   3]+0.155*[#   4]
    |psi|^2 = 0.935
==== e(   4) =    10.73673 eV ==== 
     psi = 0.359*[#   1]+0.195*[#   2]+0.195*[#   3]+0.195*[#   4]
    |psi|^2 = 0.943
==== e(   5) =    21.63099 eV ==== 
     psi = 0.020*[#   2]+0.020*[#   3]+0.020*[#   4]+0.004*[#   1]
    |psi|^2 = 0.065
==== e(   6) =    24.73025 eV ==== 
     psi = 0.004*[#   2]+0.004*[#   3]+0.004*[#   4]
    |psi|^2 = 0.011

 k =  -0.0471404521 -0.4714045208  0.7071067812
==== e(   1) =     5.32514 eV ==== 
     psi = 0.280*[#   2]+0.280*[#   3]+0.280*[#   4]+0.150*[#   1]
    |psi|^2 = 0.989
==== e(   2) =     7.97116 eV ==== 
     psi = 0.346*[#   1]+0.192*[#   2]+0.192*[#   3]+0.192*[#   4]
    |psi|^2 = 0.921
==== e(   3) =     8.75628 eV ==== 
     psi = 0.314*[#   2]+0.314*[#   3]+0.314*[#   4]
    |psi|^2 = 0.942
==== e(   4) =    10.35639 eV ==== 
     psi = 0.479*[#   1]+0.165*[#   2]+0.165*[#   3]+0.165*[#   4]
    |psi|^2 = 0.973
==== e(   5) =    19.91644 eV ==== 
     psi = 0.018*[#   2]+0.018*[#   3]+0.018*[#   4]
    |psi|^2 = 0.053
==== e(   6) =    21.75934 eV ==== 
     psi = 0.023*[#   2]+0.023*[#   3]+0.023*[#   4]+0.018*[#   1]
    |psi|^2 = 0.085

 k =  -0.0235702260 -0.4478342948  0.6835365551
==== e(   1) =     5.94412 eV ==== 
     psi = 0.308*[#   2]+0.308*[#   3]+0.308*[#   4]+0.065*[#   1]
    |psi|^2 = 0.990
==== e(   2) =     7.68509 eV ==== 
     psi = 0.310*[#   1]+0.207*[#   2]+0.207*[#   3]+0.207*[#   4]
    |psi|^2 = 0.932
==== e(   3) =     8.22382 eV ==== 
     psi = 0.274*[#   2]+0.274*[#   3]+0.274*[#   4]+0.136*[#   1]
    |psi|^2 = 0.959
==== e(   4) =    10.16281 eV ==== 
     psi = 0.467*[#   1]+0.167*[#   2]+0.167*[#   3]+0.167*[#   4]
    |psi|^2 = 0.967
==== e(   5) =    20.50173 eV ==== 
     psi = 0.016*[#   2]+0.016*[#   3]+0.016*[#   4]+0.002*[#   1]
    |psi|^2 = 0.049
==== e(   6) =    22.52044 eV ==== 
     psi = 0.018*[#   2]+0.018*[#   3]+0.018*[#   4]+0.012*[#   1]
    |psi|^2 = 0.067

 k =   0.0000000000 -0.4242640687  0.6599663291
==== e(   1) =     6.38245 eV ==== 
     psi = 0.330*[#   2]+0.330*[#   3]+0.330*[#   4]
    |psi|^2 = 0.991
==== e(   2) =     7.33635 eV ==== 
     psi = 0.322*[#   2]+0.322*[#   3]+0.322*[#   4]
    |psi|^2 = 0.967
==== e(   3) =     7.87336 eV ==== 
     psi = 0.565*[#   1]+0.125*[#   2]+0.125*[#   3]+0.125*[#   4]
    |psi|^2 = 0.940
==== e(   4) =    10.24452 eV ==== 
     psi = 0.416*[#   1]+0.181*[#   2]+0.181*[#   3]+0.181*[#   4]
    |psi|^2 = 0.959
==== e(   5) =    20.92426 eV ==== 
     psi = 0.017*[#   2]+0.017*[#   3]+0.017*[#   4]+0.004*[#   1]
    |psi|^2 = 0.054
==== e(   6) =    23.50820 eV ==== 
     psi = 0.014*[#   2]+0.014*[#   3]+0.014*[#   4]+0.007*[#   1]
    |psi|^2 = 0.049

 k =  -0.7071067812  0.2357022604  0.0000000000
==== e(   1) =     5.93824 eV ==== 
     psi = 0.331*[#   2]+0.331*[#   3]+0.331*[#   4]
    |psi|^2 = 0.994
==== e(   2) =     7.29701 eV ==== 
     psi = 0.517*[#   1]+0.135*[#   2]+0.135*[#   3]+0.135*[#   4]
    |psi|^2 = 0.923
==== e(   3) =     8.71914 eV ==== 
     psi = 0.314*[#   2]+0.314*[#   3]+0.314*[#   4]
    |psi|^2 = 0.943
==== e(   4) =    10.31054 eV ==== 
     psi = 0.459*[#   1]+0.171*[#   2]+0.171*[#   3]+0.171*[#   4]
    |psi|^2 = 0.972
==== e(   5) =    19.88049 eV ==== 
     psi = 0.018*[#   2]+0.018*[#   3]+0.018*[#   4]
    |psi|^2 = 0.054
==== e(   6) =    21.72931 eV ==== 
     psi = 0.021*[#   2]+0.021*[#   3]+0.021*[#   4]+0.017*[#   1]
    |psi|^2 = 0.081

 k =  -0.1414213562 -0.4242640687  0.7071067812
==== e(   1) =     3.86211 eV ==== 
     psi = 0.249*[#   1]+0.248*[#   2]+0.248*[#   3]+0.248*[#   4]
    |psi|^2 = 0.993
==== e(   2) =     8.34779 eV ==== 
     psi = 0.321*[#   2]+0.321*[#   3]+0.321*[#   4]
    |psi|^2 = 0.962
==== e(   3) =     9.75943 eV ==== 
     psi = 0.231*[#   2]+0.231*[#   3]+0.231*[#   4]+0.229*[#   1]
    |psi|^2 = 0.922
==== e(   4) =    11.01927 eV ==== 
     psi = 0.501*[#   1]+0.143*[#   2]+0.143*[#   3]+0.143*[#   4]
    |psi|^2 = 0.930
==== e(   5) =    21.70833 eV ==== 
     psi = 0.010*[#   2]+0.010*[#   3]+0.010*[#   4]
    |psi|^2 = 0.030
==== e(   6) =    23.09146 eV ==== 
     psi = 0.038*[#   2]+0.038*[#   3]+0.038*[#   4]+0.006*[#   1]
    |psi|^2 = 0.119

 k =  -0.1178511302 -0.4006938427  0.6835365551
==== e(   1) =     4.56928 eV ==== 
     psi = 0.256*[#   2]+0.256*[#   3]+0.256*[#   4]+0.223*[#   1]
    |psi|^2 = 0.992
==== e(   2) =     7.73698 eV ==== 
     psi = 0.306*[#   2]+0.306*[#   3]+0.306*[#   4]+0.053*[#   1]
    |psi|^2 = 0.972
==== e(   3) =     9.51427 eV ==== 
     psi = 0.247*[#   2]+0.247*[#   3]+0.247*[#   4]+0.179*[#   1]
    |psi|^2 = 0.921
==== e(   4) =    10.62930 eV ==== 
     psi = 0.526*[#   1]+0.141*[#   2]+0.141*[#   3]+0.141*[#   4]
    |psi|^2 = 0.947
==== e(   5) =    22.22940 eV ==== 
     psi = 0.012*[#   2]+0.012*[#   3]+0.012*[#   4]
    |psi|^2 = 0.037
==== e(   6) =    23.35416 eV ==== 
     psi = 0.027*[#   2]+0.027*[#   3]+0.027*[#   4]
    |psi|^2 = 0.080

 k =  -0.0942809042 -0.3771236166  0.6599663291
==== e(   1) =     5.32013 eV ==== 
     psi = 0.270*[#   2]+0.270*[#   3]+0.270*[#   4]+0.181*[#   1]
    |psi|^2 = 0.989
==== e(   2) =     6.95144 eV ==== 
     psi = 0.281*[#   2]+0.281*[#   3]+0.281*[#   4]+0.138*[#   1]
    |psi|^2 = 0.980
==== e(   3) =     9.51272 eV ==== 
     psi = 0.279*[#   2]+0.279*[#   3]+0.279*[#   4]+0.073*[#   1]
    |psi|^2 = 0.911
==== e(   4) =    10.34164 eV ==== 
     psi = 0.591*[#   1]+0.125*[#   2]+0.125*[#   3]+0.125*[#   4]
    |psi|^2 = 0.966
==== e(   5) =    22.54424 eV ==== 
     psi = 0.019*[#   2]+0.019*[#   3]+0.019*[#   4]+0.001*[#   1]
    |psi|^2 = 0.058
==== e(   6) =    23.25599 eV ==== 
     psi = 0.011*[#   2]+0.011*[#   3]+0.011*[#   4]+0.003*[#   1]
    |psi|^2 = 0.036

 k =  -0.0707106781 -0.3535533906  0.6363961031
==== e(   1) =     6.00090 eV ==== 
     psi = 0.329*[#   2]+0.329*[#   3]+0.329*[#   4]
    |psi|^2 = 0.987
==== e(   2) =     6.24815 eV ==== 
     psi = 0.333*[#   1]+0.217*[#   2]+0.217*[#   3]+0.217*[#   4]
    |psi|^2 = 0.984
==== e(   3) =     9.54510 eV ==== 
     psi = 0.301*[#   2]+0.301*[#   3]+0.301*[#   4]
    |psi|^2 = 0.902
==== e(   4) =    10.22371 eV ==== 
     psi = 0.650*[#   1]+0.110*[#   2]+0.110*[#   3]+0.110*[#   4]
    |psi|^2 = 0.978
==== e(   5) =    22.69077 eV ==== 
     psi = 0.026*[#   2]+0.026*[#   3]+0.026*[#   4]
    |psi|^2 = 0.078
==== e(   6) =    23.13570 eV ==== 
     psi = 0.005*[#   1]+0.002*[#   2]+0.002*[#   3]+0.002*[#   4]
    |psi|^2 = 0.012

 k =  -0.0942809042 -0.4242640687  0.7071067812
==== e(   1) =     4.79329 eV ==== 
     psi = 0.260*[#   2]+0.260*[#   3]+0.260*[#   4]+0.210*[#   1]
    |psi|^2 = 0.991
==== e(   2) =     8.16219 eV ==== 
     psi = 0.321*[#   2]+0.321*[#   3]+0.321*[#   4]
    |psi|^2 = 0.964
==== e(   3) =     9.26658 eV ==== 
     psi = 0.301*[#   2]+0.301*[#   3]+0.301*[#   4]
    |psi|^2 = 0.904
==== e(   4) =    10.04806 eV ==== 
     psi = 0.770*[#   1]+0.070*[#   2]+0.070*[#   3]+0.070*[#   4]
    |psi|^2 = 0.981
==== e(   5) =    21.53226 eV ==== 
     psi = 0.010*[#   2]+0.010*[#   3]+0.010*[#   4]
    |psi|^2 = 0.031
==== e(   6) =    23.06324 eV ==== 
     psi = 0.026*[#   2]+0.026*[#   3]+0.026*[#   4]+0.009*[#   1]
    |psi|^2 = 0.088

 k =  -0.0707106781 -0.4006938427  0.6835365551
==== e(   1) =     5.51401 eV ==== 
     psi = 0.274*[#   2]+0.274*[#   3]+0.274*[#   4]+0.166*[#   1]
    |psi|^2 = 0.989
==== e(   2) =     7.58437 eV ==== 
     psi = 0.310*[#   2]+0.310*[#   3]+0.310*[#   4]+0.044*[#   1]
    |psi|^2 = 0.974
==== e(   3) =     8.99111 eV ==== 
     psi = 0.301*[#   2]+0.301*[#   3]+0.301*[#   4]+0.011*[#   1]
    |psi|^2 = 0.915
==== e(   4) =     9.78514 eV ==== 
     psi = 0.761*[#   1]+0.074*[#   2]+0.074*[#   3]+0.074*[#   4]
    |psi|^2 = 0.982
==== e(   5) =    22.09633 eV ==== 
     psi = 0.011*[#   2]+0.011*[#   3]+0.011*[#   4]+0.001*[#   1]
    |psi|^2 = 0.033
==== e(   6) =    23.68143 eV ==== 
     psi = 0.022*[#   2]+0.022*[#   3]+0.022*[#   4]+0.003*[#   1]
    |psi|^2 = 0.070

 k =  -0.0471404521 -0.3771236166  0.6599663291
==== e(   1) =     6.24909 eV ==== 
     psi = 0.300*[#   2]+0.300*[#   3]+0.300*[#   4]+0.085*[#   1]
    |psi|^2 = 0.986
==== e(   2) =     6.84033 eV ==== 
     psi = 0.283*[#   2]+0.283*[#   3]+0.283*[#   4]+0.134*[#   1]
    |psi|^2 = 0.982
==== e(   3) =     8.83554 eV ==== 
     psi = 0.275*[#   2]+0.275*[#   3]+0.275*[#   4]+0.100*[#   1]
    |psi|^2 = 0.924
==== e(   4) =     9.76956 eV ==== 
     psi = 0.664*[#   1]+0.104*[#   2]+0.104*[#   3]+0.104*[#   4]
    |psi|^2 = 0.975
==== e(   5) =    22.47766 eV ==== 
     psi = 0.014*[#   2]+0.014*[#   3]+0.014*[#   4]+0.002*[#   1]
    |psi|^2 = 0.043
==== e(   6) =    23.99174 eV ==== 
     psi = 0.012*[#   2]+0.012*[#   3]+0.012*[#   4]
    |psi|^2 = 0.036

 k =  -0.0235702260 -0.3535533906  0.6363961031
==== e(   1) =     6.03531 eV ==== 
     psi = 0.285*[#   2]+0.285*[#   3]+0.285*[#   4]+0.131*[#   1]
    |psi|^2 = 0.986
==== e(   2) =     6.99506 eV ==== 
     psi = 0.306*[#   2]+0.306*[#   3]+0.306*[#   4]+0.065*[#   1]
    |psi|^2 = 0.982
==== e(   3) =     8.75705 eV ==== 
     psi = 0.239*[#   2]+0.239*[#   3]+0.239*[#   4]+0.214*[#   1]
    |psi|^2 = 0.932
==== e(   4) =     9.94307 eV ==== 
     psi = 0.572*[#   1]+0.131*[#   2]+0.131*[#   3]+0.131*[#   4]
    |psi|^2 = 0.965
==== e(   5) =    22.79849 eV ==== 
     psi = 0.017*[#   2]+0.017*[#   3]+0.017*[#   4]+0.002*[#   1]
    |psi|^2 = 0.053
==== e(   6) =    23.69967 eV ==== 
     psi = 0.006*[#   2]+0.006*[#   3]+0.006*[#   4]
    |psi|^2 = 0.018

 k =   0.0000000000 -0.3299831646  0.6128258770
==== e(   1) =     5.28454 eV ==== 
     psi = 0.268*[#   2]+0.268*[#   3]+0.268*[#   4]+0.187*[#   1]
    |psi|^2 = 0.990
==== e(   2) =     7.53137 eV ==== 
     psi = 0.326*[#   2]+0.326*[#   3]+0.326*[#   4]
    |psi|^2 = 0.978
==== e(   3) =     8.92771 eV ==== 
     psi = 0.267*[#   1]+0.222*[#   2]+0.222*[#   3]+0.222*[#   4]
    |psi|^2 = 0.932
==== e(   4) =    10.23888 eV ==== 
     psi = 0.529*[#   1]+0.142*[#   2]+0.142*[#   3]+0.142*[#   4]
    |psi|^2 = 0.955
==== e(   5) =    23.09813 eV ==== 
     psi = 0.022*[#   2]+0.022*[#   3]+0.022*[#   4]
    |psi|^2 = 0.066
==== e(   6) =    23.10301 eV ==== 
     psi = 0.006*[#   2]+0.006*[#   3]+0.006*[#   4]
    |psi|^2 = 0.018

 k =  -0.0471404521 -0.4242640687  0.7071067812
==== e(   1) =     5.73733 eV ==== 
     psi = 0.286*[#   2]+0.286*[#   3]+0.286*[#   4]+0.132*[#   1]
    |psi|^2 = 0.988
==== e(   2) =     8.05084 eV ==== 
     psi = 0.322*[#   2]+0.322*[#   3]+0.322*[#   4]
    |psi|^2 = 0.966
==== e(   3) =     8.32881 eV ==== 
     psi = 0.250*[#   2]+0.250*[#   3]+0.250*[#   4]+0.176*[#   1]
    |psi|^2 = 0.927
==== e(   4) =     9.72111 eV ==== 
     psi = 0.673*[#   1]+0.102*[#   2]+0.102*[#   3]+0.102*[#   4]
    |psi|^2 = 0.979
==== e(   5) =    21.42606 eV ==== 
     psi = 0.010*[#   2]+0.010*[#   3]+0.010*[#   4]
    |psi|^2 = 0.031
==== e(   6) =    23.01356 eV ==== 
     psi = 0.021*[#   2]+0.021*[#   3]+0.021*[#   4]+0.009*[#   1]
    |psi|^2 = 0.071

 k =  -0.0235702260 -0.4006938427  0.6835365551
==== e(   1) =     6.38915 eV ==== 
     psi = 0.312*[#   2]+0.312*[#   3]+0.312*[#   4]+0.052*[#   1]
    |psi|^2 = 0.988
==== e(   2) =     7.49046 eV ==== 
     psi = 0.319*[#   2]+0.319*[#   3]+0.319*[#   4]+0.015*[#   1]
    |psi|^2 = 0.973
==== e(   3) =     8.14820 eV ==== 
     psi = 0.254*[#   1]+0.227*[#   2]+0.227*[#   3]+0.227*[#   4]
    |psi|^2 = 0.936
==== e(   4) =     9.55869 eV ==== 
     psi = 0.661*[#   1]+0.105*[#   2]+0.105*[#   3]+0.105*[#   4]
    |psi|^2 = 0.975
==== e(   5) =    22.02832 eV ==== 
     psi = 0.010*[#   2]+0.010*[#   3]+0.010*[#   4]+0.001*[#   1]
    |psi|^2 = 0.032
==== e(   6) =    23.74469 eV ==== 
     psi = 0.017*[#   2]+0.017*[#   3]+0.017*[#   4]+0.005*[#   1]
    |psi|^2 = 0.057

 k =  -0.0000000000 -0.3771236166  0.6599663291
==== e(   1) =     6.77245 eV ==== 
     psi = 0.303*[#   2]+0.303*[#   3]+0.303*[#   4]+0.071*[#   1]
    |psi|^2 = 0.981
==== e(   2) =     6.86402 eV ==== 
     psi = 0.329*[#   2]+0.329*[#   3]+0.329*[#   4]
    |psi|^2 = 0.987
==== e(   3) =     8.24237 eV ==== 
     psi = 0.315*[#   1]+0.207*[#   2]+0.207*[#   3]+0.207*[#   4]
    |psi|^2 = 0.937
==== e(   4) =     9.67168 eV ==== 
     psi = 0.597*[#   1]+0.124*[#   2]+0.124*[#   3]+0.124*[#   4]
    |psi|^2 = 0.969
==== e(   5) =    22.44927 eV ==== 
     psi = 0.013*[#   2]+0.013*[#   3]+0.013*[#   4]+0.002*[#   1]
    |psi|^2 = 0.041
==== e(   6) =    24.58251 eV ==== 
     psi = 0.015*[#   2]+0.015*[#   3]+0.015*[#   4]
    |psi|^2 = 0.045

 k =  -0.7071067812  0.2828427125  0.0000000000
==== e(   1) =     6.34542 eV ==== 
     psi = 0.330*[#   2]+0.330*[#   3]+0.330*[#   4]
    |psi|^2 = 0.991
==== e(   2) =     7.68221 eV ==== 
     psi = 0.354*[#   1]+0.193*[#   2]+0.193*[#   3]+0.193*[#   4]
    |psi|^2 = 0.933
==== e(   3) =     8.01372 eV ==== 
     psi = 0.322*[#   2]+0.322*[#   3]+0.322*[#   4]
    |psi|^2 = 0.966
==== e(   4) =     9.65257 eV ==== 
     psi = 0.627*[#   1]+0.116*[#   2]+0.116*[#   3]+0.116*[#   4]
    |psi|^2 = 0.976
==== e(   5) =    21.39057 eV ==== 
     psi = 0.010*[#   2]+0.010*[#   3]+0.010*[#   4]
    |psi|^2 = 0.031
==== e(   6) =    22.99375 eV ==== 
     psi = 0.019*[#   2]+0.019*[#   3]+0.019*[#   4]+0.010*[#   1]
    |psi|^2 = 0.066

 k =  -0.0471404521 -0.3771236166  0.7071067812
==== e(   1) =     6.22171 eV ==== 
     psi = 0.293*[#   2]+0.293*[#   3]+0.293*[#   4]+0.108*[#   1]
    |psi|^2 = 0.986
==== e(   2) =     7.42011 eV ==== 
     psi = 0.326*[#   2]+0.326*[#   3]+0.326*[#   4]
    |psi|^2 = 0.979
==== e(   3) =     8.53260 eV ==== 
     psi = 0.307*[#   2]+0.307*[#   3]+0.307*[#   4]+0.006*[#   1]
    |psi|^2 = 0.927
==== e(   4) =     9.37650 eV ==== 
     psi = 0.869*[#   1]+0.038*[#   2]+0.038*[#   3]+0.038*[#   4]
    |psi|^2 = 0.983
==== e(   5) =    22.99903 eV ==== 
     psi = 0.006*[#   2]+0.006*[#   3]+0.006*[#   4]
    |psi|^2 = 0.018
==== e(   6) =    23.77805 eV ==== 
     psi = 0.020*[#   2]+0.020*[#   3]+0.020*[#   4]
    |psi|^2 = 0.060

 k =  -0.0235702260 -0.3535533906  0.6835365551
==== e(   1) =     6.86195 eV ==== 
     psi = 0.327*[#   2]+0.327*[#   3]+0.327*[#   4]
    |psi|^2 = 0.982
==== e(   2) =     6.95671 eV ==== 
     psi = 0.300*[#   2]+0.300*[#   3]+0.300*[#   4]+0.084*[#   1]
    |psi|^2 = 0.984
==== e(   3) =     8.38319 eV ==== 
     psi = 0.310*[#   2]+0.310*[#   3]+0.310*[#   4]
    |psi|^2 = 0.931
==== e(   4) =     9.24103 eV ==== 
     psi = 0.900*[#   1]+0.028*[#   2]+0.028*[#   3]+0.028*[#   4]
    |psi|^2 = 0.983
==== e(   5) =    23.49867 eV ==== 
     psi = 0.012*[#   2]+0.012*[#   3]+0.012*[#   4]
    |psi|^2 = 0.037
==== e(   6) =    23.68175 eV ==== 
     psi = 0.004*[#   2]+0.004*[#   3]+0.004*[#   4]
    |psi|^2 = 0.014

 k =  -0.7071067812  0.3299831646  0.0000000000
==== e(   1) =     6.82697 eV ==== 
     psi = 0.329*[#   2]+0.329*[#   3]+0.329*[#   4]
    |psi|^2 = 0.987
==== e(   2) =     7.38303 eV ==== 
     psi = 0.326*[#   2]+0.326*[#   3]+0.326*[#   4]
    |psi|^2 = 0.979
==== e(   3) =     8.04051 eV ==== 
     psi = 0.281*[#   2]+0.281*[#   3]+0.281*[#   4]+0.090*[#   1]
    |psi|^2 = 0.934
==== e(   4) =     9.15635 eV ==== 
     psi = 0.893*[#   1]+0.029*[#   2]+0.029*[#   3]+0.029*[#   4]
    |psi|^2 = 0.981
==== e(   5) =    22.96424 eV ==== 
     psi = 0.006*[#   2]+0.006*[#   3]+0.006*[#   4]
    |psi|^2 = 0.018
==== e(   6) =    24.08784 eV ==== 
     psi = 0.020*[#   2]+0.020*[#   3]+0.020*[#   4]+0.002*[#   1]
    |psi|^2 = 0.062

Lowdin Charges: 

     Atom #   1: total charge =   2.9558, s =  0.9272, 
     Atom #   1: total charge =   2.9558, p =  2.0286, pz=  0.6762, px=  0.6762, py=  0.6762, 
     Spilling Parameter:   0.0147

     PROJWFC      :      0.43s CPU      0.48s WALL


   This run was terminated on:  12:26:11  27Aug2026            

=------------------------------------------------------------------------------=
   JOB DONE.
=------------------------------------------------------------------------------=
Note: The following floating-point exceptions are signalling: IEEE_INVALID_FLAG
Note: The following floating-point exceptions are signalling: IEEE_INVALID_FLAG
Note: The following floating-point exceptions are signalling: IEEE_INVALID_FLAG
Note: The following floating-point exceptions are signalling: IEEE_INVALID_FLAG
