
     Program PROJWFC v.7.5 starts on 27Aug2026 at 11:51: 2 

     This program is part of the open-source Quantum ESPRESSO suite
     for quantum simulation of materials; please cite
         "P. Giannozzi et al., J. Phys.:Condens. Matter 21 395502 (2009);
         "P. Giannozzi et al., J. Phys.:Condens. Matter 29 465901 (2017);
         "P. Giannozzi et al., J. Chem. Phys. 152 154105 (2020);
          URL http://www.quantum-espresso.org", 
     in publications or presentations arising from this work. More details at
     http://www.quantum-espresso.org/quote

     Parallel version (MPI & OpenMP), running on       4 processor cores
     Number of MPI processes:                 4
     Threads/MPI process:                     1

     MPI processes distributed on     1 nodes
     R & G space division:  proc/nbgrp/npool/nimage =       4
     3308 MiB available memory on the printing compute node when the environment starts


     Reading xml data from directory:

     ./tmp/Si_Electronic.save/

     IMPORTANT: XC functional enforced from input :
     Exchange-correlation= PBE
                           (   1   4   3   4   0   0   0)
     Any further DFT definition will be discarded
     Please, verify this is what you really want


     Parallelization info
     --------------------
     sticks:   dense  smooth     PW     G-vecs:    dense   smooth      PW
     Min         238     238     73                 4892     4892     821
     Max         239     239     74                 4896     4896     823
     Sum         955     955    295                19579    19579    3287

     Using Slab Decomposition


     Gaussian broadening (read from input): ngauss,degauss=   0    0.010000


     Calling projwave .... 
     Subspace diagonalization in iterative solution of the eigenvalue problem:
     one sub-group per band group will be used
     ELPA distributed-memory algorithm (size of sub-group:  2*  2 procs)

     linear algebra parallelized on   4 procs

  Problem Sizes 
  natomwfc =            8
  nx       =            4
  nbnd     =            8
  nkstot   =          120
  npwx     =          622
  nkb      =           36


     Atomic states used for projection
     (read from pseudopotential files):

     state #   1: atom   1 (Si ), wfc  1 (l=0 m= 1)
     state #   2: atom   1 (Si ), wfc  2 (l=1 m= 1)
     state #   3: atom   1 (Si ), wfc  2 (l=1 m= 2)
     state #   4: atom   1 (Si ), wfc  2 (l=1 m= 3)
     state #   5: atom   2 (Si ), wfc  1 (l=0 m= 1)
     state #   6: atom   2 (Si ), wfc  2 (l=1 m= 1)
     state #   7: atom   2 (Si ), wfc  2 (l=1 m= 2)
     state #   8: atom   2 (Si ), wfc  2 (l=1 m= 3)

 k =   0.0000000000  0.0000000000  0.0000000000
==== e(   1) =    -5.80754 eV ==== 
     psi = 0.498*[#   1]+0.498*[#   5]
    |psi|^2 = 0.996
==== e(   2) =     6.01619 eV ==== 
     psi = 0.160*[#   2]+0.160*[#   3]+0.160*[#   4]+0.160*[#   6]+0.160*[#   7]
          +0.160*[#   8]
    |psi|^2 = 0.962
==== e(   3) =     6.01619 eV ==== 
     psi = 0.160*[#   2]+0.160*[#   3]+0.160*[#   4]+0.160*[#   6]+0.160*[#   7]
          +0.160*[#   8]
    |psi|^2 = 0.962
==== e(   4) =     6.01619 eV ==== 
     psi = 0.160*[#   2]+0.160*[#   3]+0.160*[#   4]+0.160*[#   6]+0.160*[#   7]
          +0.160*[#   8]
    |psi|^2 = 0.962
==== e(   5) =     8.56398 eV ==== 
     psi = 0.161*[#   2]+0.161*[#   3]+0.161*[#   4]+0.161*[#   6]+0.161*[#   7]
          +0.161*[#   8]
    |psi|^2 = 0.966
==== e(   6) =     8.56398 eV ==== 
     psi = 0.161*[#   2]+0.161*[#   3]+0.161*[#   4]+0.161*[#   6]+0.161*[#   7]
          +0.161*[#   8]
    |psi|^2 = 0.966
==== e(   7) =     8.56398 eV ==== 
     psi = 0.161*[#   2]+0.161*[#   3]+0.161*[#   4]+0.161*[#   6]+0.161*[#   7]
          +0.161*[#   8]
    |psi|^2 = 0.966
==== e(   8) =     9.12308 eV ==== 
     psi = 0.494*[#   1]+0.494*[#   5]
    |psi|^2 = 0.987

 k =   0.0471404521  0.0471404521 -0.0471404521
==== e(   1) =    -5.75029 eV ==== 
     psi = 0.482*[#   1]+0.482*[#   5]+0.005*[#   2]+0.005*[#   3]+0.005*[#   4]
          +0.005*[#   6]+0.005*[#   7]+0.005*[#   8]
    |psi|^2 = 0.996
==== e(   2) =     5.42025 eV ==== 
     psi = 0.146*[#   2]+0.146*[#   3]+0.146*[#   4]+0.146*[#   6]+0.146*[#   7]
          +0.146*[#   8]+0.047*[#   1]+0.047*[#   5]
    |psi|^2 = 0.970
==== e(   3) =     5.92263 eV ==== 
     psi = 0.161*[#   2]+0.161*[#   3]+0.161*[#   4]+0.161*[#   6]+0.161*[#   7]
          +0.161*[#   8]
    |psi|^2 = 0.965
==== e(   4) =     5.92263 eV ==== 
     psi = 0.161*[#   2]+0.161*[#   3]+0.161*[#   4]+0.161*[#   6]+0.161*[#   7]
          +0.161*[#   8]
    |psi|^2 = 0.965
==== e(   5) =     8.59788 eV ==== 
     psi = 0.132*[#   2]+0.132*[#   3]+0.132*[#   4]+0.132*[#   6]+0.132*[#   7]
          +0.132*[#   8]+0.084*[#   1]+0.084*[#   5]
    |psi|^2 = 0.963
==== e(   6) =     8.70122 eV ==== 
     psi = 0.160*[#   2]+0.160*[#   3]+0.160*[#   4]+0.160*[#   6]+0.160*[#   7]
          +0.160*[#   8]
    |psi|^2 = 0.962
==== e(   7) =     8.70122 eV ==== 
     psi = 0.160*[#   2]+0.160*[#   3]+0.160*[#   4]+0.160*[#   6]+0.160*[#   7]
          +0.160*[#   8]
    |psi|^2 = 0.962
==== e(   8) =     9.58866 eV ==== 
     psi = 0.377*[#   1]+0.377*[#   5]+0.037*[#   2]+0.037*[#   3]+0.037*[#   4]
          +0.037*[#   6]+0.037*[#   7]+0.037*[#   8]
    |psi|^2 = 0.979

 k =   0.0942809042  0.0942809042 -0.0942809042
==== e(   1) =    -5.57968 eV ==== 
     psi = 0.445*[#   1]+0.445*[#   5]+0.018*[#   2]+0.018*[#   3]+0.018*[#   4]
          +0.018*[#   6]+0.018*[#   7]+0.018*[#   8]
    |psi|^2 = 0.996
==== e(   2) =     4.26681 eV ==== 
     psi = 0.131*[#   2]+0.131*[#   3]+0.131*[#   4]+0.131*[#   6]+0.131*[#   7]
          +0.131*[#   8]+0.097*[#   1]+0.097*[#   5]
    |psi|^2 = 0.979
==== e(   3) =     5.70125 eV ==== 
     psi = 0.162*[#   2]+0.162*[#   3]+0.162*[#   4]+0.162*[#   6]+0.162*[#   7]
          +0.162*[#   8]
    |psi|^2 = 0.972
==== e(   4) =     5.70125 eV ==== 
     psi = 0.162*[#   2]+0.162*[#   3]+0.162*[#   4]+0.162*[#   6]+0.162*[#   7]
          +0.162*[#   8]
    |psi|^2 = 0.972
==== e(   5) =     8.41777 eV ==== 
     psi = 0.180*[#   1]+0.180*[#   5]+0.100*[#   2]+0.100*[#   3]+0.100*[#   4]
          +0.100*[#   6]+0.100*[#   7]+0.100*[#   8]
    |psi|^2 = 0.960
==== e(   6) =     9.02525 eV ==== 
     psi = 0.159*[#   2]+0.159*[#   3]+0.159*[#   4]+0.159*[#   6]+0.159*[#   7]
          +0.159*[#   8]
    |psi|^2 = 0.952
==== e(   7) =     9.02525 eV ==== 
     psi = 0.159*[#   2]+0.159*[#   3]+0.159*[#   4]+0.159*[#   6]+0.159*[#   7]
          +0.159*[#   8]
    |psi|^2 = 0.952
==== e(   8) =    10.67876 eV ==== 
     psi = 0.265*[#   1]+0.265*[#   5]+0.072*[#   2]+0.072*[#   3]+0.072*[#   4]
          +0.072*[#   6]+0.072*[#   7]+0.072*[#   8]
    |psi|^2 = 0.959

 k =   0.1414213562  0.1414213562 -0.1414213562
==== e(   1) =    -5.29964 eV ==== 
     psi = 0.406*[#   1]+0.406*[#   5]+0.030*[#   2]+0.030*[#   3]+0.030*[#   4]
          +0.030*[#   6]+0.030*[#   7]+0.030*[#   8]
    |psi|^2 = 0.996
==== e(   2) =     3.02726 eV ==== 
     psi = 0.129*[#   1]+0.129*[#   5]+0.121*[#   2]+0.121*[#   3]+0.121*[#   4]
          +0.121*[#   6]+0.121*[#   7]+0.121*[#   8]
    |psi|^2 = 0.984
==== e(   3) =     5.44620 eV ==== 
     psi = 0.163*[#   2]+0.163*[#   3]+0.163*[#   4]+0.163*[#   6]+0.163*[#   7]
          +0.163*[#   8]
    |psi|^2 = 0.977
==== e(   4) =     5.44620 eV ==== 
     psi = 0.163*[#   2]+0.163*[#   3]+0.163*[#   4]+0.163*[#   6]+0.163*[#   7]
          +0.163*[#   8]
    |psi|^2 = 0.977
==== e(   5) =     8.15695 eV ==== 
     psi = 0.236*[#   1]+0.236*[#   5]+0.080*[#   2]+0.080*[#   3]+0.080*[#   4]
          +0.080*[#   6]+0.080*[#   7]+0.080*[#   8]
    |psi|^2 = 0.953
==== e(   6) =     9.35352 eV ==== 
     psi = 0.154*[#   2]+0.154*[#   3]+0.154*[#   4]+0.154*[#   6]+0.154*[#   7]
          +0.154*[#   8]
    |psi|^2 = 0.927
==== e(   7) =     9.35352 eV ==== 
     psi = 0.154*[#   2]+0.154*[#   3]+0.154*[#   4]+0.154*[#   6]+0.154*[#   7]
          +0.154*[#   8]
    |psi|^2 = 0.927
==== e(   8) =    11.87923 eV ==== 
     psi = 0.210*[#   1]+0.210*[#   5]+0.085*[#   2]+0.085*[#   3]+0.085*[#   4]
          +0.085*[#   6]+0.085*[#   7]+0.085*[#   8]
    |psi|^2 = 0.929

 k =   0.1885618083  0.1885618083 -0.1885618083
==== e(   1) =    -4.91900 eV ==== 
     psi = 0.377*[#   1]+0.377*[#   5]+0.040*[#   2]+0.040*[#   3]+0.040*[#   4]
          +0.040*[#   6]+0.040*[#   7]+0.040*[#   8]
    |psi|^2 = 0.995
==== e(   2) =     1.83078 eV ==== 
     psi = 0.147*[#   1]+0.147*[#   5]+0.116*[#   2]+0.116*[#   3]+0.116*[#   4]
          +0.116*[#   6]+0.116*[#   7]+0.116*[#   8]
    |psi|^2 = 0.987
==== e(   3) =     5.21397 eV ==== 
     psi = 0.164*[#   2]+0.164*[#   3]+0.164*[#   4]+0.164*[#   6]+0.164*[#   7]
          +0.164*[#   8]
    |psi|^2 = 0.982
==== e(   4) =     5.21397 eV ==== 
     psi = 0.164*[#   2]+0.164*[#   3]+0.164*[#   4]+0.164*[#   6]+0.164*[#   7]
          +0.164*[#   8]
    |psi|^2 = 0.982
==== e(   5) =     7.90420 eV ==== 
     psi = 0.277*[#   1]+0.277*[#   5]+0.065*[#   2]+0.065*[#   3]+0.065*[#   4]
          +0.065*[#   6]+0.065*[#   7]+0.065*[#   8]
    |psi|^2 = 0.945
==== e(   6) =     9.52330 eV ==== 
     psi = 0.146*[#   2]+0.146*[#   3]+0.146*[#   4]+0.146*[#   6]+0.146*[#   7]
          +0.146*[#   8]
    |psi|^2 = 0.874
==== e(   7) =     9.52331 eV ==== 
     psi = 0.146*[#   2]+0.146*[#   3]+0.146*[#   4]+0.146*[#   6]+0.146*[#   7]
          +0.146*[#   8]
    |psi|^2 = 0.874
==== e(   8) =    13.02658 eV ==== 
     psi = 0.164*[#   1]+0.164*[#   5]+0.090*[#   2]+0.090*[#   3]+0.090*[#   4]
          +0.090*[#   6]+0.090*[#   7]+0.090*[#   8]
    |psi|^2 = 0.866

 k =   0.2357022604  0.2357022604 -0.2357022604
==== e(   1) =    -4.45768 eV ==== 
     psi = 0.362*[#   1]+0.362*[#   5]+0.045*[#   2]+0.045*[#   3]+0.045*[#   4]
          +0.045*[#   6]+0.045*[#   7]+0.045*[#   8]
    |psi|^2 = 0.995
==== e(   2) =     0.73833 eV ==== 
     psi = 0.152*[#   1]+0.152*[#   5]+0.114*[#   2]+0.114*[#   3]+0.114*[#   4]
          +0.114*[#   6]+0.114*[#   7]+0.114*[#   8]
    |psi|^2 = 0.988
==== e(   3) =     5.03004 eV ==== 
     psi = 0.164*[#   2]+0.164*[#   3]+0.164*[#   4]+0.164*[#   6]+0.164*[#   7]
          +0.164*[#   8]
    |psi|^2 = 0.985
==== e(   4) =     5.03004 eV ==== 
     psi = 0.164*[#   2]+0.164*[#   3]+0.164*[#   4]+0.164*[#   6]+0.164*[#   7]
          +0.164*[#   8]
    |psi|^2 = 0.985
==== e(   5) =     7.69757 eV ==== 
     psi = 0.308*[#   1]+0.308*[#   5]+0.054*[#   2]+0.054*[#   3]+0.054*[#   4]
          +0.054*[#   6]+0.054*[#   7]+0.054*[#   8]
    |psi|^2 = 0.937
==== e(   6) =     9.51484 eV ==== 
     psi = 0.136*[#   2]+0.136*[#   3]+0.136*[#   4]+0.136*[#   6]+0.136*[#   7]
          +0.136*[#   8]
    |psi|^2 = 0.817
==== e(   7) =     9.51484 eV ==== 
     psi = 0.136*[#   2]+0.136*[#   3]+0.136*[#   4]+0.136*[#   6]+0.136*[#   7]
          +0.136*[#   8]
    |psi|^2 = 0.817
==== e(   8) =    13.79346 eV ==== 
     psi = 0.083*[#   1]+0.083*[#   5]+0.066*[#   2]+0.066*[#   3]+0.066*[#   4]
          +0.066*[#   6]+0.066*[#   7]+0.066*[#   8]
    |psi|^2 = 0.562

 k =   0.2828427125  0.2828427125 -0.2828427125
==== e(   1) =    -3.96668 eV ==== 
     psi = 0.364*[#   1]+0.364*[#   5]+0.045*[#   2]+0.045*[#   3]+0.045*[#   4]
          +0.045*[#   6]+0.045*[#   7]+0.045*[#   8]
    |psi|^2 = 0.996
==== e(   2) =    -0.18073 eV ==== 
     psi = 0.144*[#   1]+0.144*[#   5]+0.117*[#   2]+0.117*[#   3]+0.117*[#   4]
          +0.117*[#   6]+0.117*[#   7]+0.117*[#   8]
    |psi|^2 = 0.988
==== e(   3) =     4.90468 eV ==== 
     psi = 0.164*[#   2]+0.164*[#   3]+0.164*[#   4]+0.164*[#   6]+0.164*[#   7]
          +0.164*[#   8]
    |psi|^2 = 0.987
==== e(   4) =     4.90468 eV ==== 
     psi = 0.164*[#   2]+0.164*[#   3]+0.164*[#   4]+0.164*[#   6]+0.164*[#   7]
          +0.164*[#   8]
    |psi|^2 = 0.987
==== e(   5) =     7.55409 eV ==== 
     psi = 0.329*[#   1]+0.329*[#   5]+0.045*[#   2]+0.045*[#   3]+0.045*[#   4]
          +0.045*[#   6]+0.045*[#   7]+0.045*[#   8]
    |psi|^2 = 0.930
==== e(   6) =     9.43289 eV ==== 
     psi = 0.131*[#   2]+0.131*[#   3]+0.131*[#   4]+0.131*[#   6]+0.131*[#   7]
          +0.131*[#   8]
    |psi|^2 = 0.784
==== e(   7) =     9.43289 eV ==== 
     psi = 0.131*[#   2]+0.131*[#   3]+0.131*[#   4]+0.131*[#   6]+0.131*[#   7]
          +0.131*[#   8]
    |psi|^2 = 0.784
==== e(   8) =    13.82162 eV ==== 
     psi = 0.032*[#   2]+0.032*[#   3]+0.032*[#   4]+0.032*[#   6]+0.032*[#   7]
          +0.032*[#   8]+0.030*[#   1]+0.030*[#   5]
    |psi|^2 = 0.255

 k =   0.3299831646  0.3299831646 -0.3299831646
==== e(   1) =    -3.58897 eV ==== 
     psi = 0.380*[#   1]+0.380*[#   5]+0.039*[#   2]+0.039*[#   3]+0.039*[#   4]
          +0.039*[#   6]+0.039*[#   7]+0.039*[#   8]
    |psi|^2 = 0.996
==== e(   2) =    -0.77441 eV ==== 
     psi = 0.125*[#   1]+0.125*[#   5]+0.123*[#   2]+0.123*[#   3]+0.123*[#   4]
          +0.123*[#   6]+0.123*[#   7]+0.123*[#   8]
    |psi|^2 = 0.987
==== e(   3) =     4.84150 eV ==== 
     psi = 0.165*[#   2]+0.165*[#   3]+0.165*[#   4]+0.165*[#   6]+0.165*[#   7]
          +0.165*[#   8]
    |psi|^2 = 0.988
==== e(   4) =     4.84150 eV ==== 
     psi = 0.165*[#   2]+0.165*[#   3]+0.165*[#   4]+0.165*[#   6]+0.165*[#   7]
          +0.165*[#   8]
    |psi|^2 = 0.988
==== e(   5) =     7.48104 eV ==== 
     psi = 0.339*[#   1]+0.339*[#   5]+0.041*[#   2]+0.041*[#   3]+0.041*[#   4]
          +0.041*[#   6]+0.041*[#   7]+0.041*[#   8]
    |psi|^2 = 0.925
==== e(   6) =     9.37087 eV ==== 
     psi = 0.129*[#   2]+0.129*[#   3]+0.129*[#   4]+0.129*[#   6]+0.129*[#   7]
          +0.129*[#   8]
    |psi|^2 = 0.772
==== e(   7) =     9.37087 eV ==== 
     psi = 0.129*[#   2]+0.129*[#   3]+0.129*[#   4]+0.129*[#   6]+0.129*[#   7]
          +0.129*[#   8]
    |psi|^2 = 0.772
==== e(   8) =    13.73342 eV ==== 
     psi = 0.025*[#   2]+0.025*[#   3]+0.025*[#   4]+0.025*[#   6]+0.025*[#   7]
          +0.025*[#   8]+0.021*[#   1]+0.021*[#   5]
    |psi|^2 = 0.190

 k =   0.0942809042  0.0000000000  0.0000000000
==== e(   1) =    -5.73115 eV ==== 
     psi = 0.477*[#   1]+0.477*[#   5]+0.007*[#   2]+0.007*[#   3]+0.007*[#   4]
          +0.007*[#   6]+0.007*[#   7]+0.007*[#   8]
    |psi|^2 = 0.996
==== e(   2) =     5.52943 eV ==== 
     psi = 0.139*[#   2]+0.139*[#   3]+0.139*[#   4]+0.139*[#   6]+0.139*[#   7]
          +0.139*[#   8]+0.068*[#   1]+0.068*[#   5]
    |psi|^2 = 0.968
==== e(   3) =     5.72880 eV ==== 
     psi = 0.162*[#   2]+0.162*[#   3]+0.162*[#   4]+0.162*[#   6]+0.162*[#   7]
          +0.162*[#   8]
    |psi|^2 = 0.969
==== e(   4) =     5.72880 eV ==== 
     psi = 0.162*[#   2]+0.162*[#   3]+0.162*[#   4]+0.162*[#   6]+0.162*[#   7]
          +0.162*[#   8]
    |psi|^2 = 0.969
==== e(   5) =     8.38604 eV ==== 
     psi = 0.154*[#   2]+0.154*[#   3]+0.154*[#   4]+0.154*[#   6]+0.154*[#   7]
          +0.154*[#   8]+0.020*[#   1]+0.020*[#   5]
    |psi|^2 = 0.965
==== e(   6) =     8.94540 eV ==== 
     psi = 0.159*[#   2]+0.159*[#   3]+0.159*[#   4]+0.159*[#   6]+0.159*[#   7]
          +0.159*[#   8]
    |psi|^2 = 0.955
==== e(   7) =     8.94540 eV ==== 
     psi = 0.159*[#   2]+0.159*[#   3]+0.159*[#   4]+0.159*[#   6]+0.159*[#   7]
          +0.159*[#   8]
    |psi|^2 = 0.955
==== e(   8) =     9.58672 eV ==== 
     psi = 0.424*[#   1]+0.424*[#   5]+0.023*[#   2]+0.023*[#   3]+0.023*[#   4]
          +0.023*[#   6]+0.023*[#   7]+0.023*[#   8]
    |psi|^2 = 0.984

 k =   0.1414213562  0.0471404521 -0.0471404521
==== e(   1) =    -5.59813 eV ==== 
     psi = 0.448*[#   1]+0.448*[#   5]+0.017*[#   2]+0.017*[#   3]+0.017*[#   4]
          +0.017*[#   6]+0.017*[#   7]+0.017*[#   8]
    |psi|^2 = 0.996
==== e(   2) =     4.60362 eV ==== 
     psi = 0.130*[#   2]+0.130*[#   3]+0.130*[#   4]+0.130*[#   6]+0.130*[#   7]
          +0.130*[#   8]+0.097*[#   1]+0.097*[#   5]
    |psi|^2 = 0.977
==== e(   3) =     5.45502 eV ==== 
     psi = 0.162*[#   2]+0.162*[#   3]+0.162*[#   4]+0.162*[#   6]+0.162*[#   7]
          +0.162*[#   8]
    |psi|^2 = 0.975
==== e(   4) =     5.62076 eV ==== 
     psi = 0.156*[#   2]+0.156*[#   3]+0.156*[#   4]+0.156*[#   6]+0.156*[#   7]
          +0.156*[#   8]+0.018*[#   1]+0.018*[#   5]
    |psi|^2 = 0.972
==== e(   5) =     8.38444 eV ==== 
     psi = 0.146*[#   2]+0.146*[#   3]+0.146*[#   4]+0.146*[#   6]+0.146*[#   7]
          +0.146*[#   8]+0.040*[#   1]+0.040*[#   5]
    |psi|^2 = 0.958
==== e(   6) =     9.00571 eV ==== 
     psi = 0.125*[#   2]+0.125*[#   3]+0.125*[#   4]+0.125*[#   6]+0.125*[#   7]
          +0.125*[#   8]+0.104*[#   1]+0.104*[#   5]
    |psi|^2 = 0.958
==== e(   7) =     9.34045 eV ==== 
     psi = 0.157*[#   2]+0.157*[#   3]+0.157*[#   4]+0.157*[#   6]+0.157*[#   7]
          +0.157*[#   8]
    |psi|^2 = 0.944
==== e(   8) =    10.38627 eV ==== 
     psi = 0.273*[#   1]+0.273*[#   5]+0.068*[#   2]+0.068*[#   3]+0.068*[#   4]
          +0.068*[#   6]+0.068*[#   7]+0.068*[#   8]
    |psi|^2 = 0.952

 k =   0.1885618083  0.0942809042 -0.0942809042
==== e(   1) =    -5.35408 eV ==== 
     psi = 0.411*[#   1]+0.411*[#   5]+0.029*[#   2]+0.029*[#   3]+0.029*[#   4]
          +0.029*[#   6]+0.029*[#   7]+0.029*[#   8]
    |psi|^2 = 0.996
==== e(   2) =     3.41593 eV ==== 
     psi = 0.127*[#   1]+0.127*[#   5]+0.122*[#   2]+0.122*[#   3]+0.122*[#   4]
          +0.122*[#   6]+0.122*[#   7]+0.122*[#   8]
    |psi|^2 = 0.983
==== e(   3) =     5.18379 eV ==== 
     psi = 0.163*[#   2]+0.163*[#   3]+0.163*[#   4]+0.163*[#   6]+0.163*[#   7]
          +0.163*[#   8]
    |psi|^2 = 0.979
==== e(   4) =     5.40460 eV ==== 
     psi = 0.154*[#   2]+0.154*[#   3]+0.154*[#   4]+0.154*[#   6]+0.154*[#   7]
          +0.154*[#   8]+0.027*[#   1]+0.027*[#   5]
    |psi|^2 = 0.977
==== e(   5) =     8.46075 eV ==== 
     psi = 0.124*[#   1]+0.124*[#   5]+0.116*[#   2]+0.116*[#   3]+0.116*[#   4]
          +0.116*[#   6]+0.116*[#   7]+0.116*[#   8]
    |psi|^2 = 0.943
==== e(   6) =     9.00340 eV ==== 
     psi = 0.133*[#   2]+0.133*[#   3]+0.133*[#   4]+0.133*[#   6]+0.133*[#   7]
          +0.133*[#   8]+0.080*[#   1]+0.080*[#   5]
    |psi|^2 = 0.957
==== e(   7) =     9.72464 eV ==== 
     psi = 0.154*[#   2]+0.154*[#   3]+0.154*[#   4]+0.154*[#   6]+0.154*[#   7]
          +0.154*[#   8]
    |psi|^2 = 0.923
==== e(   8) =    11.27343 eV ==== 
     psi = 0.169*[#   1]+0.169*[#   5]+0.072*[#   2]+0.072*[#   3]+0.072*[#   4]
          +0.072*[#   6]+0.072*[#   7]+0.072*[#   8]
    |psi|^2 = 0.769

 k =   0.2357022604  0.1414213562 -0.1414213562
==== e(   1) =    -5.00577 eV ==== 
     psi = 0.380*[#   1]+0.380*[#   5]+0.039*[#   2]+0.039*[#   3]+0.039*[#   4]
          +0.039*[#   6]+0.039*[#   7]+0.039*[#   8]
    |psi|^2 = 0.995
==== e(   2) =     2.22094 eV ==== 
     psi = 0.146*[#   1]+0.146*[#   5]+0.116*[#   2]+0.116*[#   3]+0.116*[#   4]
          +0.116*[#   6]+0.116*[#   7]+0.116*[#   8]
    |psi|^2 = 0.987
==== e(   3) =     4.95865 eV ==== 
     psi = 0.164*[#   2]+0.164*[#   3]+0.164*[#   4]+0.164*[#   6]+0.164*[#   7]
          +0.164*[#   8]
    |psi|^2 = 0.983
==== e(   4) =     5.13350 eV ==== 
     psi = 0.153*[#   2]+0.153*[#   3]+0.153*[#   4]+0.153*[#   6]+0.153*[#   7]
          +0.153*[#   8]+0.033*[#   1]+0.033*[#   5]
    |psi|^2 = 0.982
==== e(   5) =     8.31579 eV ==== 
     psi = 0.208*[#   1]+0.208*[#   5]+0.087*[#   2]+0.087*[#   3]+0.087*[#   4]
          +0.087*[#   6]+0.087*[#   7]+0.087*[#   8]
    |psi|^2 = 0.936
==== e(   6) =     9.19459 eV ==== 
     psi = 0.143*[#   2]+0.143*[#   3]+0.143*[#   4]+0.143*[#   6]+0.143*[#   7]
          +0.143*[#   8]+0.029*[#   1]+0.029*[#   5]
    |psi|^2 = 0.916
==== e(   7) =     9.93785 eV ==== 
     psi = 0.146*[#   2]+0.146*[#   3]+0.146*[#   4]+0.146*[#   6]+0.146*[#   7]
          +0.146*[#   8]
    |psi|^2 = 0.877
==== e(   8) =    11.76868 eV ==== 
     psi = 0.084*[#   1]+0.084*[#   5]+0.046*[#   2]+0.046*[#   3]+0.046*[#   4]
          +0.046*[#   6]+0.046*[#   7]+0.046*[#   8]
    |psi|^2 = 0.446

 k =   0.2828427125  0.1885618083 -0.1885618083
==== e(   1) =    -4.56813 eV ==== 
     psi = 0.361*[#   1]+0.361*[#   5]+0.045*[#   2]+0.045*[#   3]+0.045*[#   4]
          +0.045*[#   6]+0.045*[#   7]+0.045*[#   8]
    |psi|^2 = 0.995
==== e(   2) =     1.10092 eV ==== 
     psi = 0.155*[#   1]+0.155*[#   5]+0.113*[#   2]+0.113*[#   3]+0.113*[#   4]
          +0.113*[#   6]+0.113*[#   7]+0.113*[#   8]
    |psi|^2 = 0.988
==== e(   3) =     4.79908 eV ==== 
     psi = 0.164*[#   2]+0.164*[#   3]+0.164*[#   4]+0.164*[#   6]+0.164*[#   7]
          +0.164*[#   8]
    |psi|^2 = 0.985
==== e(   4) =     4.87349 eV ==== 
     psi = 0.152*[#   2]+0.152*[#   3]+0.152*[#   4]+0.152*[#   6]+0.152*[#   7]
          +0.152*[#   8]+0.036*[#   1]+0.036*[#   5]
    |psi|^2 = 0.985
==== e(   5) =     8.12226 eV ==== 
     psi = 0.249*[#   1]+0.249*[#   5]+0.072*[#   2]+0.072*[#   3]+0.072*[#   4]
          +0.072*[#   6]+0.072*[#   7]+0.072*[#   8]
    |psi|^2 = 0.929
==== e(   6) =     9.29147 eV ==== 
     psi = 0.136*[#   2]+0.136*[#   3]+0.136*[#   4]+0.136*[#   6]+0.136*[#   7]
          +0.136*[#   8]+0.013*[#   1]+0.013*[#   5]
    |psi|^2 = 0.845
==== e(   7) =     9.92932 eV ==== 
     psi = 0.137*[#   2]+0.137*[#   3]+0.137*[#   4]+0.137*[#   6]+0.137*[#   7]
          +0.137*[#   8]
    |psi|^2 = 0.820
==== e(   8) =    12.33616 eV ==== 
     psi = 0.057*[#   1]+0.057*[#   5]+0.042*[#   2]+0.042*[#   3]+0.042*[#   4]
          +0.042*[#   6]+0.042*[#   7]+0.042*[#   8]
    |psi|^2 = 0.369

 k =   0.3299831646  0.2357022604 -0.2357022604
==== e(   1) =    -4.07762 eV ==== 
     psi = 0.358*[#   1]+0.358*[#   5]+0.047*[#   2]+0.047*[#   3]+0.047*[#   4]
          +0.047*[#   6]+0.047*[#   7]+0.047*[#   8]
    |psi|^2 = 0.995
==== e(   2) =     0.12069 eV ==== 
     psi = 0.152*[#   1]+0.152*[#   5]+0.114*[#   2]+0.114*[#   3]+0.114*[#   4]
          +0.114*[#   6]+0.114*[#   7]+0.114*[#   8]
    |psi|^2 = 0.988
==== e(   3) =     4.65499 eV ==== 
     psi = 0.152*[#   2]+0.152*[#   3]+0.152*[#   4]+0.152*[#   6]+0.152*[#   7]
          +0.152*[#   8]+0.037*[#   1]+0.037*[#   5]
    |psi|^2 = 0.987
==== e(   4) =     4.71240 eV ==== 
     psi = 0.164*[#   2]+0.164*[#   3]+0.164*[#   4]+0.164*[#   6]+0.164*[#   7]
          +0.164*[#   8]
    |psi|^2 = 0.987
==== e(   5) =     7.96682 eV ==== 
     psi = 0.275*[#   1]+0.275*[#   5]+0.062*[#   2]+0.062*[#   3]+0.062*[#   4]
          +0.062*[#   6]+0.062*[#   7]+0.062*[#   8]
    |psi|^2 = 0.922
==== e(   6) =     9.28171 eV ==== 
     psi = 0.129*[#   2]+0.129*[#   3]+0.129*[#   4]+0.129*[#   6]+0.129*[#   7]
          +0.129*[#   8]+0.008*[#   1]+0.008*[#   5]
    |psi|^2 = 0.792
==== e(   7) =     9.79523 eV ==== 
     psi = 0.130*[#   2]+0.130*[#   3]+0.130*[#   4]+0.130*[#   6]+0.130*[#   7]
          +0.130*[#   8]
    |psi|^2 = 0.782
==== e(   8) =    13.13605 eV ==== 
     psi = 0.048*[#   1]+0.048*[#   5]+0.045*[#   2]+0.045*[#   3]+0.045*[#   4]
          +0.045*[#   6]+0.045*[#   7]+0.045*[#   8]
    |psi|^2 = 0.367

 k =   0.3771236166  0.2828427125 -0.2828427125
==== e(   1) =    -3.63587 eV ==== 
     psi = 0.370*[#   1]+0.370*[#   5]+0.043*[#   2]+0.043*[#   3]+0.043*[#   4]
          +0.043*[#   6]+0.043*[#   7]+0.043*[#   8]
    |psi|^2 = 0.996
==== e(   2) =    -0.60456 eV ==== 
     psi = 0.135*[#   1]+0.135*[#   5]+0.119*[#   2]+0.119*[#   3]+0.119*[#   4]
          +0.119*[#   6]+0.119*[#   7]+0.119*[#   8]
    |psi|^2 = 0.987
==== e(   3) =     4.49256 eV ==== 
     psi = 0.152*[#   2]+0.152*[#   3]+0.152*[#   4]+0.152*[#   6]+0.152*[#   7]
          +0.152*[#   8]+0.037*[#   1]+0.037*[#   5]
    |psi|^2 = 0.988
==== e(   4) =     4.69954 eV ==== 
     psi = 0.165*[#   2]+0.165*[#   3]+0.165*[#   4]+0.165*[#   6]+0.165*[#   7]
          +0.165*[#   8]
    |psi|^2 = 0.988
==== e(   5) =     7.87265 eV ==== 
     psi = 0.290*[#   1]+0.290*[#   5]+0.056*[#   2]+0.056*[#   3]+0.056*[#   4]
          +0.056*[#   6]+0.056*[#   7]+0.056*[#   8]
    |psi|^2 = 0.917
==== e(   6) =     9.27177 eV ==== 
     psi = 0.126*[#   2]+0.126*[#   3]+0.126*[#   4]+0.126*[#   6]+0.126*[#   7]
          +0.126*[#   8]+0.006*[#   1]+0.006*[#   5]
    |psi|^2 = 0.768
==== e(   7) =     9.64639 eV ==== 
     psi = 0.128*[#   2]+0.128*[#   3]+0.128*[#   4]+0.128*[#   6]+0.128*[#   7]
          +0.128*[#   8]
    |psi|^2 = 0.767
==== e(   8) =    13.77888 eV ==== 
     psi = 0.040*[#   2]+0.040*[#   3]+0.040*[#   4]+0.040*[#   6]+0.040*[#   7]
          +0.040*[#   8]+0.037*[#   1]+0.037*[#   5]
    |psi|^2 = 0.312

 k =  -0.2828427125 -0.3771236166  0.3771236166
==== e(   1) =    -3.48504 eV ==== 
     psi = 0.380*[#   1]+0.380*[#   5]+0.040*[#   2]+0.040*[#   3]+0.040*[#   4]
          +0.040*[#   6]+0.040*[#   7]+0.040*[#   8]
    |psi|^2 = 0.997
==== e(   2) =    -0.82643 eV ==== 
     psi = 0.125*[#   1]+0.125*[#   5]+0.123*[#   2]+0.123*[#   3]+0.123*[#   4]
          +0.123*[#   6]+0.123*[#   7]+0.123*[#   8]
    |psi|^2 = 0.987
==== e(   3) =     4.39473 eV ==== 
     psi = 0.153*[#   2]+0.153*[#   3]+0.153*[#   4]+0.153*[#   6]+0.153*[#   7]
          +0.153*[#   8]+0.036*[#   1]+0.036*[#   5]
    |psi|^2 = 0.988
==== e(   4) =     4.75768 eV ==== 
     psi = 0.165*[#   2]+0.165*[#   3]+0.165*[#   4]+0.165*[#   6]+0.165*[#   7]
          +0.165*[#   8]
    |psi|^2 = 0.988
==== e(   5) =     7.84763 eV ==== 
     psi = 0.295*[#   1]+0.295*[#   5]+0.054*[#   2]+0.054*[#   3]+0.054*[#   4]
          +0.054*[#   6]+0.054*[#   7]+0.054*[#   8]
    |psi|^2 = 0.916
==== e(   6) =     9.32075 eV ==== 
     psi = 0.125*[#   2]+0.125*[#   3]+0.125*[#   4]+0.125*[#   6]+0.125*[#   7]
          +0.125*[#   8]+0.006*[#   1]+0.006*[#   5]
    |psi|^2 = 0.762
==== e(   7) =     9.54313 eV ==== 
     psi = 0.127*[#   2]+0.127*[#   3]+0.127*[#   4]+0.127*[#   6]+0.127*[#   7]
          +0.127*[#   8]
    |psi|^2 = 0.764
==== e(   8) =    13.91934 eV ==== 
     psi = 0.032*[#   2]+0.032*[#   3]+0.032*[#   4]+0.032*[#   6]+0.032*[#   7]
          +0.032*[#   8]+0.028*[#   1]+0.028*[#   5]
    |psi|^2 = 0.247

 k =  -0.2357022604 -0.3299831646  0.3299831646
==== e(   1) =    -3.76659 eV ==== 
     psi = 0.365*[#   1]+0.365*[#   5]+0.044*[#   2]+0.044*[#   3]+0.044*[#   4]
          +0.044*[#   6]+0.044*[#   7]+0.044*[#   8]
    |psi|^2 = 0.996
==== e(   2) =    -0.40209 eV ==== 
     psi = 0.142*[#   1]+0.142*[#   5]+0.117*[#   2]+0.117*[#   3]+0.117*[#   4]
          +0.117*[#   6]+0.117*[#   7]+0.117*[#   8]
    |psi|^2 = 0.988
==== e(   3) =     4.36768 eV ==== 
     psi = 0.153*[#   2]+0.153*[#   3]+0.153*[#   4]+0.153*[#   6]+0.153*[#   7]
          +0.153*[#   8]+0.034*[#   1]+0.034*[#   5]
    |psi|^2 = 0.988
==== e(   4) =     4.88153 eV ==== 
     psi = 0.165*[#   2]+0.165*[#   3]+0.165*[#   4]+0.165*[#   6]+0.165*[#   7]
          +0.165*[#   8]
    |psi|^2 = 0.988
==== e(   5) =     7.89361 eV ==== 
     psi = 0.290*[#   1]+0.290*[#   5]+0.057*[#   2]+0.057*[#   3]+0.057*[#   4]
          +0.057*[#   6]+0.057*[#   7]+0.057*[#   8]
    |psi|^2 = 0.920
==== e(   6) =     9.43922 eV ==== 
     psi = 0.126*[#   2]+0.126*[#   3]+0.126*[#   4]+0.126*[#   6]+0.126*[#   7]
          +0.126*[#   8]+0.005*[#   1]+0.005*[#   5]
    |psi|^2 = 0.766
==== e(   7) =     9.50167 eV ==== 
     psi = 0.129*[#   2]+0.129*[#   3]+0.129*[#   4]+0.129*[#   6]+0.129*[#   7]
          +0.129*[#   8]
    |psi|^2 = 0.775
==== e(   8) =    13.88860 eV ==== 
     psi = 0.041*[#   2]+0.041*[#   3]+0.041*[#   4]+0.041*[#   6]+0.041*[#   7]
          +0.041*[#   8]+0.040*[#   1]+0.040*[#   5]
    |psi|^2 = 0.326

 k =  -0.1885618083 -0.2828427125  0.2828427125
==== e(   1) =    -4.24361 eV ==== 
     psi = 0.357*[#   1]+0.357*[#   5]+0.047*[#   2]+0.047*[#   3]+0.047*[#   4]
          +0.047*[#   6]+0.047*[#   7]+0.047*[#   8]
    |psi|^2 = 0.995
==== e(   2) =     0.42850 eV ==== 
     psi = 0.154*[#   1]+0.154*[#   5]+0.113*[#   2]+0.113*[#   3]+0.113*[#   4]
          +0.113*[#   6]+0.113*[#   7]+0.113*[#   8]
    |psi|^2 = 0.988
==== e(   3) =     4.41609 eV ==== 
     psi = 0.154*[#   2]+0.154*[#   3]+0.154*[#   4]+0.154*[#   6]+0.154*[#   7]
          +0.154*[#   8]+0.032*[#   1]+0.032*[#   5]
    |psi|^2 = 0.987
==== e(   4) =     5.06343 eV ==== 
     psi = 0.164*[#   2]+0.164*[#   3]+0.164*[#   4]+0.164*[#   6]+0.164*[#   7]
          +0.164*[#   8]
    |psi|^2 = 0.986
==== e(   5) =     8.00870 eV ==== 
     psi = 0.275*[#   1]+0.275*[#   5]+0.063*[#   2]+0.063*[#   3]+0.063*[#   4]
          +0.063*[#   6]+0.063*[#   7]+0.063*[#   8]
    |psi|^2 = 0.927
==== e(   6) =     9.49753 eV ==== 
     psi = 0.135*[#   2]+0.135*[#   3]+0.135*[#   4]+0.135*[#   6]+0.135*[#   7]
          +0.135*[#   8]
    |psi|^2 = 0.807
==== e(   7) =     9.59727 eV ==== 
     psi = 0.129*[#   2]+0.129*[#   3]+0.129*[#   4]+0.129*[#   6]+0.129*[#   7]
          +0.129*[#   8]+0.005*[#   1]+0.005*[#   5]
    |psi|^2 = 0.786
==== e(   8) =    13.47659 eV ==== 
     psi = 0.075*[#   1]+0.075*[#   5]+0.059*[#   2]+0.059*[#   3]+0.059*[#   4]
          +0.059*[#   6]+0.059*[#   7]+0.059*[#   8]
    |psi|^2 = 0.505

 k =  -0.1414213562 -0.2357022604  0.2357022604
==== e(   1) =    -4.72298 eV ==== 
     psi = 0.366*[#   1]+0.366*[#   5]+0.044*[#   2]+0.044*[#   3]+0.044*[#   4]
          +0.044*[#   6]+0.044*[#   7]+0.044*[#   8]
    |psi|^2 = 0.995
==== e(   2) =     1.46338 eV ==== 
     psi = 0.153*[#   1]+0.153*[#   5]+0.114*[#   2]+0.114*[#   3]+0.114*[#   4]
          +0.114*[#   6]+0.114*[#   7]+0.114*[#   8]
    |psi|^2 = 0.988
==== e(   3) =     4.54293 eV ==== 
     psi = 0.154*[#   2]+0.154*[#   3]+0.154*[#   4]+0.154*[#   6]+0.154*[#   7]
          +0.154*[#   8]+0.029*[#   1]+0.029*[#   5]
    |psi|^2 = 0.985
==== e(   4) =     5.29194 eV ==== 
     psi = 0.164*[#   2]+0.164*[#   3]+0.164*[#   4]+0.164*[#   6]+0.164*[#   7]
          +0.164*[#   8]
    |psi|^2 = 0.983
==== e(   5) =     8.18663 eV ==== 
     psi = 0.251*[#   1]+0.251*[#   5]+0.073*[#   2]+0.073*[#   3]+0.073*[#   4]
          +0.073*[#   6]+0.073*[#   7]+0.073*[#   8]
    |psi|^2 = 0.936
==== e(   6) =     9.45554 eV ==== 
     psi = 0.144*[#   2]+0.144*[#   3]+0.144*[#   4]+0.144*[#   6]+0.144*[#   7]
          +0.144*[#   8]
    |psi|^2 = 0.867
==== e(   7) =     9.70944 eV ==== 
     psi = 0.136*[#   2]+0.136*[#   3]+0.136*[#   4]+0.136*[#   6]+0.136*[#   7]
          +0.136*[#   8]+0.008*[#   1]+0.008*[#   5]
    |psi|^2 = 0.833
==== e(   8) =    12.71916 eV ==== 
     psi = 0.109*[#   1]+0.109*[#   5]+0.065*[#   2]+0.065*[#   3]+0.065*[#   4]
          +0.065*[#   6]+0.065*[#   7]+0.065*[#   8]
    |psi|^2 = 0.607

 k =  -0.0942809042 -0.1885618083  0.1885618083
==== e(   1) =    -5.13324 eV ==== 
     psi = 0.390*[#   1]+0.390*[#   5]+0.036*[#   2]+0.036*[#   3]+0.036*[#   4]
          +0.036*[#   6]+0.036*[#   7]+0.036*[#   8]
    |psi|^2 = 0.996
==== e(   2) =     2.61166 eV ==== 
     psi = 0.141*[#   1]+0.141*[#   5]+0.117*[#   2]+0.117*[#   3]+0.117*[#   4]
          +0.117*[#   6]+0.117*[#   7]+0.117*[#   8]
    |psi|^2 = 0.986
==== e(   3) =     4.74913 eV ==== 
     psi = 0.155*[#   2]+0.155*[#   3]+0.155*[#   4]+0.155*[#   6]+0.155*[#   7]
          +0.155*[#   8]+0.025*[#   1]+0.025*[#   5]
    |psi|^2 = 0.983
==== e(   4) =     5.54704 eV ==== 
     psi = 0.163*[#   2]+0.163*[#   3]+0.163*[#   4]+0.163*[#   6]+0.163*[#   7]
          +0.163*[#   8]
    |psi|^2 = 0.979
==== e(   5) =     8.41274 eV ==== 
     psi = 0.216*[#   1]+0.216*[#   5]+0.086*[#   2]+0.086*[#   3]+0.086*[#   4]
          +0.086*[#   6]+0.086*[#   7]+0.086*[#   8]
    |psi|^2 = 0.945
==== e(   6) =     9.27610 eV ==== 
     psi = 0.155*[#   2]+0.155*[#   3]+0.155*[#   4]+0.155*[#   6]+0.155*[#   7]
          +0.155*[#   8]
    |psi|^2 = 0.927
==== e(   7) =     9.62800 eV ==== 
     psi = 0.144*[#   2]+0.144*[#   3]+0.144*[#   4]+0.144*[#   6]+0.144*[#   7]
          +0.144*[#   8]+0.017*[#   1]+0.017*[#   5]
    |psi|^2 = 0.895
==== e(   8) =    11.97829 eV ==== 
     psi = 0.157*[#   1]+0.157*[#   5]+0.074*[#   2]+0.074*[#   3]+0.074*[#   4]
          +0.074*[#   6]+0.074*[#   7]+0.074*[#   8]
    |psi|^2 = 0.758

 k =  -0.0471404521 -0.1414213562  0.1414213562
==== e(   1) =    -5.44777 eV ==== 
     psi = 0.424*[#   1]+0.424*[#   5]+0.025*[#   2]+0.025*[#   3]+0.025*[#   4]
          +0.025*[#   6]+0.025*[#   7]+0.025*[#   8]
    |psi|^2 = 0.996
==== e(   2) =     3.79937 eV ==== 
     psi = 0.124*[#   2]+0.124*[#   3]+0.124*[#   4]+0.124*[#   6]+0.124*[#   7]
          +0.124*[#   8]+0.118*[#   1]+0.118*[#   5]
    |psi|^2 = 0.982
==== e(   3) =     5.03624 eV ==== 
     psi = 0.157*[#   2]+0.157*[#   3]+0.157*[#   4]+0.157*[#   6]+0.157*[#   7]
          +0.157*[#   8]+0.018*[#   1]+0.018*[#   5]
    |psi|^2 = 0.979
==== e(   4) =     5.78900 eV ==== 
     psi = 0.162*[#   2]+0.162*[#   3]+0.162*[#   4]+0.162*[#   6]+0.162*[#   7]
          +0.162*[#   8]
    |psi|^2 = 0.973
==== e(   5) =     8.65325 eV ==== 
     psi = 0.168*[#   1]+0.168*[#   5]+0.103*[#   2]+0.103*[#   3]+0.103*[#   4]
          +0.103*[#   6]+0.103*[#   7]+0.103*[#   8]
    |psi|^2 = 0.953
==== e(   6) =     8.97304 eV ==== 
     psi = 0.159*[#   2]+0.159*[#   3]+0.159*[#   4]+0.159*[#   6]+0.159*[#   7]
          +0.159*[#   8]
    |psi|^2 = 0.955
==== e(   7) =     9.28087 eV ==== 
     psi = 0.144*[#   2]+0.144*[#   3]+0.144*[#   4]+0.144*[#   6]+0.144*[#   7]
          +0.144*[#   8]+0.035*[#   1]+0.035*[#   5]
    |psi|^2 = 0.934
==== e(   8) =    11.15889 eV ==== 
     psi = 0.212*[#   1]+0.212*[#   5]+0.082*[#   2]+0.082*[#   3]+0.082*[#   4]
          +0.082*[#   6]+0.082*[#   7]+0.082*[#   8]
    |psi|^2 = 0.915

 k =   0.0000000000 -0.0942809042  0.0942809042
==== e(   1) =    -5.65518 eV ==== 
     psi = 0.460*[#   1]+0.460*[#   5]+0.013*[#   2]+0.013*[#   3]+0.013*[#   4]
          +0.013*[#   6]+0.013*[#   7]+0.013*[#   8]
    |psi|^2 = 0.996
==== e(   2) =     4.85596 eV ==== 
     psi = 0.134*[#   2]+0.134*[#   3]+0.134*[#   4]+0.134*[#   6]+0.134*[#   7]
          +0.134*[#   8]+0.085*[#   1]+0.085*[#   5]
    |psi|^2 = 0.975
==== e(   3) =     5.44009 eV ==== 
     psi = 0.160*[#   2]+0.160*[#   3]+0.160*[#   4]+0.160*[#   6]+0.160*[#   7]
          +0.160*[#   8]+0.006*[#   1]+0.006*[#   5]
    |psi|^2 = 0.974
==== e(   4) =     5.94312 eV ==== 
     psi = 0.161*[#   2]+0.161*[#   3]+0.161*[#   4]+0.161*[#   6]+0.161*[#   7]
          +0.161*[#   8]
    |psi|^2 = 0.967
==== e(   5) =     8.72143 eV ==== 
     psi = 0.160*[#   2]+0.160*[#   3]+0.160*[#   4]+0.160*[#   6]+0.160*[#   7]
          +0.160*[#   8]
    |psi|^2 = 0.963
==== e(   6) =     8.81769 eV ==== 
     psi = 0.126*[#   1]+0.126*[#   5]+0.119*[#   2]+0.119*[#   3]+0.119*[#   4]
          +0.119*[#   6]+0.119*[#   7]+0.119*[#   8]
    |psi|^2 = 0.965
==== e(   7) =     8.83282 eV ==== 
     psi = 0.148*[#   2]+0.148*[#   3]+0.148*[#   4]+0.148*[#   6]+0.148*[#   7]
          +0.148*[#   8]+0.030*[#   1]+0.030*[#   5]
    |psi|^2 = 0.945
==== e(   8) =    10.21994 eV ==== 
     psi = 0.280*[#   1]+0.280*[#   5]+0.068*[#   2]+0.068*[#   3]+0.068*[#   4]
          +0.068*[#   6]+0.068*[#   7]+0.068*[#   8]
    |psi|^2 = 0.966

 k =   0.1885618083  0.0000000000  0.0000000000
==== e(   1) =    -5.50273 eV ==== 
     psi = 0.431*[#   1]+0.431*[#   5]+0.022*[#   2]+0.022*[#   3]+0.022*[#   4]
          +0.022*[#   6]+0.022*[#   7]+0.022*[#   8]
    |psi|^2 = 0.996
==== e(   2) =     4.52098 eV ==== 
     psi = 0.145*[#   1]+0.145*[#   5]+0.114*[#   2]+0.114*[#   3]+0.114*[#   4]
          +0.114*[#   6]+0.114*[#   7]+0.114*[#   8]
    |psi|^2 = 0.976
==== e(   3) =     5.15043 eV ==== 
     psi = 0.163*[#   2]+0.163*[#   3]+0.163*[#   4]+0.163*[#   6]+0.163*[#   7]
          +0.163*[#   8]
    |psi|^2 = 0.979
==== e(   4) =     5.15043 eV ==== 
     psi = 0.163*[#   2]+0.163*[#   3]+0.163*[#   4]+0.163*[#   6]+0.163*[#   7]
          +0.163*[#   8]
    |psi|^2 = 0.979
==== e(   5) =     7.96539 eV ==== 
     psi = 0.139*[#   2]+0.139*[#   3]+0.139*[#   4]+0.139*[#   6]+0.139*[#   7]
          +0.139*[#   8]+0.064*[#   1]+0.064*[#   5]
    |psi|^2 = 0.961
==== e(   6) =     9.80276 eV ==== 
     psi = 0.155*[#   2]+0.155*[#   3]+0.155*[#   4]+0.155*[#   6]+0.155*[#   7]
          +0.155*[#   8]
    |psi|^2 = 0.932
==== e(   7) =     9.80276 eV ==== 
     psi = 0.155*[#   2]+0.155*[#   3]+0.155*[#   4]+0.155*[#   6]+0.155*[#   7]
          +0.155*[#   8]
    |psi|^2 = 0.932
==== e(   8) =    10.26291 eV ==== 
     psi = 0.309*[#   1]+0.309*[#   5]+0.047*[#   2]+0.047*[#   3]+0.047*[#   4]
          +0.047*[#   6]+0.047*[#   7]+0.047*[#   8]
    |psi|^2 = 0.900

 k =   0.2357022604  0.0471404521 -0.0471404521
==== e(   1) =    -5.29539 eV ==== 
     psi = 0.402*[#   1]+0.402*[#   5]+0.032*[#   2]+0.032*[#   3]+0.032*[#   4]
          +0.032*[#   6]+0.032*[#   7]+0.032*[#   8]
    |psi|^2 = 0.996
==== e(   2) =     3.64621 eV ==== 
     psi = 0.151*[#   1]+0.151*[#   5]+0.113*[#   2]+0.113*[#   3]+0.113*[#   4]
          +0.113*[#   6]+0.113*[#   7]+0.113*[#   8]
    |psi|^2 = 0.982
==== e(   3) =     4.86230 eV ==== 
     psi = 0.164*[#   2]+0.164*[#   3]+0.164*[#   4]+0.164*[#   6]+0.164*[#   7]
          +0.164*[#   8]
    |psi|^2 = 0.983
==== e(   4) =     4.93146 eV ==== 
     psi = 0.154*[#   2]+0.154*[#   3]+0.154*[#   4]+0.154*[#   6]+0.154*[#   7]
          +0.154*[#   8]+0.027*[#   1]+0.027*[#   5]
    |psi|^2 = 0.982
==== e(   5) =     7.93284 eV ==== 
     psi = 0.133*[#   2]+0.133*[#   3]+0.133*[#   4]+0.133*[#   6]+0.133*[#   7]
          +0.133*[#   8]+0.078*[#   1]+0.078*[#   5]
    |psi|^2 = 0.953
==== e(   6) =     9.81226 eV ==== 
     psi = 0.138*[#   1]+0.138*[#   5]+0.108*[#   2]+0.108*[#   3]+0.108*[#   4]
          +0.108*[#   6]+0.108*[#   7]+0.108*[#   8]
    |psi|^2 = 0.921
==== e(   7) =    10.26893 eV ==== 
     psi = 0.152*[#   2]+0.152*[#   3]+0.152*[#   4]+0.152*[#   6]+0.152*[#   7]
          +0.152*[#   8]
    |psi|^2 = 0.914
==== e(   8) =    10.61380 eV ==== 
     psi = 0.088*[#   1]+0.088*[#   5]+0.079*[#   2]+0.079*[#   3]+0.079*[#   4]
          +0.079*[#   6]+0.079*[#   7]+0.079*[#   8]
    |psi|^2 = 0.651

 k =   0.2828427125  0.0942809042 -0.0942809042
==== e(   1) =    -4.98122 eV ==== 
     psi = 0.374*[#   1]+0.374*[#   5]+0.041*[#   2]+0.041*[#   3]+0.041*[#   4]
          +0.041*[#   6]+0.041*[#   7]+0.041*[#   8]
    |psi|^2 = 0.995
==== e(   2) =     2.55449 eV ==== 
     psi = 0.161*[#   1]+0.161*[#   5]+0.111*[#   2]+0.111*[#   3]+0.111*[#   4]
          +0.111*[#   6]+0.111*[#   7]+0.111*[#   8]
    |psi|^2 = 0.986
==== e(   3) =     4.63002 eV ==== 
     psi = 0.164*[#   2]+0.164*[#   3]+0.164*[#   4]+0.164*[#   6]+0.164*[#   7]
          +0.164*[#   8]
    |psi|^2 = 0.986
==== e(   4) =     4.64536 eV ==== 
     psi = 0.147*[#   2]+0.147*[#   3]+0.147*[#   4]+0.147*[#   6]+0.147*[#   7]
          +0.147*[#   8]+0.050*[#   1]+0.050*[#   5]
    |psi|^2 = 0.984
==== e(   5) =     8.12427 eV ==== 
     psi = 0.125*[#   2]+0.125*[#   3]+0.125*[#   4]+0.125*[#   6]+0.125*[#   7]
          +0.125*[#   8]+0.090*[#   1]+0.090*[#   5]
    |psi|^2 = 0.930
==== e(   6) =     9.72499 eV ==== 
     psi = 0.153*[#   1]+0.153*[#   5]+0.105*[#   2]+0.105*[#   3]+0.105*[#   4]
          +0.105*[#   6]+0.105*[#   7]+0.105*[#   8]
    |psi|^2 = 0.937
==== e(   7) =    10.57650 eV ==== 
     psi = 0.146*[#   2]+0.146*[#   3]+0.146*[#   4]+0.146*[#   6]+0.146*[#   7]
          +0.146*[#   8]
    |psi|^2 = 0.875
==== e(   8) =    10.66885 eV ==== 
     psi = 0.057*[#   2]+0.057*[#   3]+0.057*[#   4]+0.057*[#   6]+0.057*[#   7]
          +0.057*[#   8]+0.042*[#   1]+0.042*[#   5]
    |psi|^2 = 0.427

 k =   0.3299831646  0.1414213562 -0.1414213562
==== e(   1) =    -4.57139 eV ==== 
     psi = 0.355*[#   1]+0.355*[#   5]+0.048*[#   2]+0.048*[#   3]+0.048*[#   4]
          +0.048*[#   6]+0.048*[#   7]+0.048*[#   8]
    |psi|^2 = 0.995
==== e(   2) =     1.46408 eV ==== 
     psi = 0.168*[#   1]+0.168*[#   5]+0.109*[#   2]+0.109*[#   3]+0.109*[#   4]
          +0.109*[#   6]+0.109*[#   7]+0.109*[#   8]
    |psi|^2 = 0.989
==== e(   3) =     4.31834 eV ==== 
     psi = 0.144*[#   2]+0.144*[#   3]+0.144*[#   4]+0.144*[#   6]+0.144*[#   7]
          +0.144*[#   8]+0.061*[#   1]+0.061*[#   5]
    |psi|^2 = 0.987
==== e(   4) =     4.47218 eV ==== 
     psi = 0.165*[#   2]+0.165*[#   3]+0.165*[#   4]+0.165*[#   6]+0.165*[#   7]
          +0.165*[#   8]
    |psi|^2 = 0.987
==== e(   5) =     8.22099 eV ==== 
     psi = 0.121*[#   1]+0.121*[#   5]+0.108*[#   2]+0.108*[#   3]+0.108*[#   4]
          +0.108*[#   6]+0.108*[#   7]+0.108*[#   8]
    |psi|^2 = 0.890
==== e(   6) =     9.74220 eV ==== 
     psi = 0.116*[#   2]+0.116*[#   3]+0.116*[#   4]+0.116*[#   6]+0.116*[#   7]
          +0.116*[#   8]+0.115*[#   1]+0.115*[#   5]
    |psi|^2 = 0.925
==== e(   7) =    10.62744 eV ==== 
     psi = 0.136*[#   2]+0.136*[#   3]+0.136*[#   4]+0.136*[#   6]+0.136*[#   7]
          +0.136*[#   8]
    |psi|^2 = 0.815
==== e(   8) =    10.88060 eV ==== 
     psi = 0.059*[#   1]+0.059*[#   5]+0.045*[#   2]+0.045*[#   3]+0.045*[#   4]
          +0.045*[#   6]+0.045*[#   7]+0.045*[#   8]
    |psi|^2 = 0.385

 k =   0.3771236166  0.1885618083 -0.1885618083
==== e(   1) =    -4.09209 eV ==== 
     psi = 0.347*[#   1]+0.347*[#   5]+0.050*[#   2]+0.050*[#   3]+0.050*[#   4]
          +0.050*[#   6]+0.050*[#   7]+0.050*[#   8]
    |psi|^2 = 0.995
==== e(   2) =     0.46366 eV ==== 
     psi = 0.168*[#   1]+0.168*[#   5]+0.109*[#   2]+0.109*[#   3]+0.109*[#   4]
          +0.109*[#   6]+0.109*[#   7]+0.109*[#   8]
    |psi|^2 = 0.989
==== e(   3) =     4.01434 eV ==== 
     psi = 0.143*[#   2]+0.143*[#   3]+0.143*[#   4]+0.143*[#   6]+0.143*[#   7]
          +0.143*[#   8]+0.065*[#   1]+0.065*[#   5]
    |psi|^2 = 0.989
==== e(   4) =     4.39650 eV ==== 
     psi = 0.165*[#   2]+0.165*[#   3]+0.165*[#   4]+0.165*[#   6]+0.165*[#   7]
          +0.165*[#   8]
    |psi|^2 = 0.988
==== e(   5) =     8.19332 eV ==== 
     psi = 0.150*[#   1]+0.150*[#   5]+0.094*[#   2]+0.094*[#   3]+0.094*[#   4]
          +0.094*[#   6]+0.094*[#   7]+0.094*[#   8]
    |psi|^2 = 0.866
==== e(   6) =     9.68617 eV ==== 
     psi = 0.110*[#   2]+0.110*[#   3]+0.110*[#   4]+0.110*[#   6]+0.110*[#   7]
          +0.110*[#   8]+0.090*[#   1]+0.090*[#   5]
    |psi|^2 = 0.840
==== e(   7) =    10.49113 eV ==== 
     psi = 0.128*[#   2]+0.128*[#   3]+0.128*[#   4]+0.128*[#   6]+0.128*[#   7]
          +0.128*[#   8]
    |psi|^2 = 0.770
==== e(   8) =    11.57936 eV ==== 
     psi = 0.067*[#   1]+0.067*[#   5]+0.050*[#   2]+0.050*[#   3]+0.050*[#   4]
          +0.050*[#   6]+0.050*[#   7]+0.050*[#   8]
    |psi|^2 = 0.432

 k =   0.4242640687  0.2357022604 -0.2357022604
==== e(   1) =    -3.61416 eV ==== 
     psi = 0.354*[#   1]+0.354*[#   5]+0.048*[#   2]+0.048*[#   3]+0.048*[#   4]
          +0.048*[#   6]+0.048*[#   7]+0.048*[#   8]
    |psi|^2 = 0.996
==== e(   2) =    -0.34809 eV ==== 
     psi = 0.155*[#   1]+0.155*[#   5]+0.113*[#   2]+0.113*[#   3]+0.113*[#   4]
          +0.113*[#   6]+0.113*[#   7]+0.113*[#   8]
    |psi|^2 = 0.989
==== e(   3) =     3.76438 eV ==== 
     psi = 0.143*[#   2]+0.143*[#   3]+0.143*[#   4]+0.143*[#   6]+0.143*[#   7]
          +0.143*[#   8]+0.066*[#   1]+0.066*[#   5]
    |psi|^2 = 0.990
==== e(   4) =     4.40452 eV ==== 
     psi = 0.165*[#   2]+0.165*[#   3]+0.165*[#   4]+0.165*[#   6]+0.165*[#   7]
          +0.165*[#   8]
    |psi|^2 = 0.989
==== e(   5) =     8.16230 eV ==== 
     psi = 0.169*[#   1]+0.169*[#   5]+0.087*[#   2]+0.087*[#   3]+0.087*[#   4]
          +0.087*[#   6]+0.087*[#   7]+0.087*[#   8]
    |psi|^2 = 0.860
==== e(   6) =     9.61180 eV ==== 
     psi = 0.104*[#   2]+0.104*[#   3]+0.104*[#   4]+0.104*[#   6]+0.104*[#   7]
          +0.104*[#   8]+0.083*[#   1]+0.083*[#   5]
    |psi|^2 = 0.791
==== e(   7) =    10.29465 eV ==== 
     psi = 0.125*[#   2]+0.125*[#   3]+0.125*[#   4]+0.125*[#   6]+0.125*[#   7]
          +0.125*[#   8]
    |psi|^2 = 0.748
==== e(   8) =    12.58623 eV ==== 
     psi = 0.061*[#   1]+0.061*[#   5]+0.050*[#   2]+0.050*[#   3]+0.050*[#   4]
          +0.050*[#   6]+0.050*[#   7]+0.050*[#   8]
    |psi|^2 = 0.423

 k =  -0.2357022604 -0.4242640687  0.4242640687
==== e(   1) =    -3.33249 eV ==== 
     psi = 0.368*[#   1]+0.368*[#   5]+0.043*[#   2]+0.043*[#   3]+0.043*[#   4]
          +0.043*[#   6]+0.043*[#   7]+0.043*[#   8]
    |psi|^2 = 0.996
==== e(   2) =    -0.76343 eV ==== 
     psi = 0.139*[#   1]+0.139*[#   5]+0.118*[#   2]+0.118*[#   3]+0.118*[#   4]
          +0.118*[#   6]+0.118*[#   7]+0.118*[#   8]
    |psi|^2 = 0.988
==== e(   3) =     3.58496 eV ==== 
     psi = 0.144*[#   2]+0.144*[#   3]+0.144*[#   4]+0.144*[#   6]+0.144*[#   7]
          +0.144*[#   8]+0.064*[#   1]+0.064*[#   5]
    |psi|^2 = 0.990
==== e(   4) =     4.49348 eV ==== 
     psi = 0.165*[#   2]+0.165*[#   3]+0.165*[#   4]+0.165*[#   6]+0.165*[#   7]
          +0.165*[#   8]
    |psi|^2 = 0.989
==== e(   5) =     8.18846 eV ==== 
     psi = 0.182*[#   1]+0.182*[#   5]+0.083*[#   2]+0.083*[#   3]+0.083*[#   4]
          +0.083*[#   6]+0.083*[#   7]+0.083*[#   8]
    |psi|^2 = 0.865
==== e(   6) =     9.59079 eV ==== 
     psi = 0.102*[#   2]+0.102*[#   3]+0.102*[#   4]+0.102*[#   6]+0.102*[#   7]
          +0.102*[#   8]+0.077*[#   1]+0.077*[#   5]
    |psi|^2 = 0.768
==== e(   7) =    10.11762 eV ==== 
     psi = 0.124*[#   2]+0.124*[#   3]+0.124*[#   4]+0.124*[#   6]+0.124*[#   7]
          +0.124*[#   8]
    |psi|^2 = 0.744
==== e(   8) =    13.68820 eV ==== 
     psi = 0.052*[#   1]+0.052*[#   5]+0.048*[#   2]+0.048*[#   3]+0.048*[#   4]
          +0.048*[#   6]+0.048*[#   7]+0.048*[#   8]
    |psi|^2 = 0.391

 k =  -0.1885618083 -0.3771236166  0.3771236166
==== e(   1) =    -3.48806 eV ==== 
     psi = 0.360*[#   1]+0.360*[#   5]+0.046*[#   2]+0.046*[#   3]+0.046*[#   4]
          +0.046*[#   6]+0.046*[#   7]+0.046*[#   8]
    |psi|^2 = 0.996
==== e(   2) =    -0.53728 eV ==== 
     psi = 0.148*[#   1]+0.148*[#   5]+0.115*[#   2]+0.115*[#   3]+0.115*[#   4]
          +0.115*[#   6]+0.115*[#   7]+0.115*[#   8]
    |psi|^2 = 0.989
==== e(   3) =     3.48734 eV ==== 
     psi = 0.144*[#   2]+0.144*[#   3]+0.144*[#   4]+0.144*[#   6]+0.144*[#   7]
          +0.144*[#   8]+0.062*[#   1]+0.062*[#   5]
    |psi|^2 = 0.990
==== e(   4) =     4.65673 eV ==== 
     psi = 0.165*[#   2]+0.165*[#   3]+0.165*[#   4]+0.165*[#   6]+0.165*[#   7]
          +0.165*[#   8]
    |psi|^2 = 0.989
==== e(   5) =     8.28477 eV ==== 
     psi = 0.190*[#   1]+0.190*[#   5]+0.082*[#   2]+0.082*[#   3]+0.082*[#   4]
          +0.082*[#   6]+0.082*[#   7]+0.082*[#   8]
    |psi|^2 = 0.875
==== e(   6) =     9.64479 eV ==== 
     psi = 0.104*[#   2]+0.104*[#   3]+0.104*[#   4]+0.104*[#   6]+0.104*[#   7]
          +0.104*[#   8]+0.068*[#   1]+0.068*[#   5]
    |psi|^2 = 0.757
==== e(   7) =     9.98954 eV ==== 
     psi = 0.126*[#   2]+0.126*[#   3]+0.126*[#   4]+0.126*[#   6]+0.126*[#   7]
          +0.126*[#   8]
    |psi|^2 = 0.756
==== e(   8) =    14.11810 eV ==== 
     psi = 0.067*[#   1]+0.067*[#   5]+0.058*[#   2]+0.058*[#   3]+0.058*[#   4]
          +0.058*[#   6]+0.058*[#   7]+0.058*[#   8]
    |psi|^2 = 0.482

 k =  -0.1414213562 -0.3299831646  0.3299831646
==== e(   1) =    -3.93262 eV ==== 
     psi = 0.349*[#   1]+0.349*[#   5]+0.050*[#   2]+0.050*[#   3]+0.050*[#   4]
          +0.050*[#   6]+0.050*[#   7]+0.050*[#   8]
    |psi|^2 = 0.995
==== e(   2) =     0.17851 eV ==== 
     psi = 0.164*[#   1]+0.164*[#   5]+0.110*[#   2]+0.110*[#   3]+0.110*[#   4]
          +0.110*[#   6]+0.110*[#   7]+0.110*[#   8]
    |psi|^2 = 0.989
==== e(   3) =     3.48149 eV ==== 
     psi = 0.146*[#   2]+0.146*[#   3]+0.146*[#   4]+0.146*[#   6]+0.146*[#   7]
          +0.146*[#   8]+0.058*[#   1]+0.058*[#   5]
    |psi|^2 = 0.990
==== e(   4) =     4.88303 eV ==== 
     psi = 0.165*[#   2]+0.165*[#   3]+0.165*[#   4]+0.165*[#   6]+0.165*[#   7]
          +0.165*[#   8]
    |psi|^2 = 0.988
==== e(   5) =     8.44298 eV ==== 
     psi = 0.192*[#   1]+0.192*[#   5]+0.085*[#   2]+0.085*[#   3]+0.085*[#   4]
          +0.085*[#   6]+0.085*[#   7]+0.085*[#   8]
    |psi|^2 = 0.891
==== e(   6) =     9.76437 eV ==== 
     psi = 0.108*[#   2]+0.108*[#   3]+0.108*[#   4]+0.108*[#   6]+0.108*[#   7]
          +0.108*[#   8]+0.056*[#   1]+0.056*[#   5]
    |psi|^2 = 0.757
==== e(   7) =     9.89709 eV ==== 
     psi = 0.132*[#   2]+0.132*[#   3]+0.132*[#   4]+0.132*[#   6]+0.132*[#   7]
          +0.132*[#   8]
    |psi|^2 = 0.794
==== e(   8) =    13.27367 eV ==== 
     psi = 0.093*[#   1]+0.093*[#   5]+0.062*[#   2]+0.062*[#   3]+0.062*[#   4]
          +0.062*[#   6]+0.062*[#   7]+0.062*[#   8]
    |psi|^2 = 0.560

 k =  -0.0942809042 -0.2828427125  0.2828427125
==== e(   1) =    -4.42265 eV ==== 
     psi = 0.353*[#   1]+0.353*[#   5]+0.048*[#   2]+0.048*[#   3]+0.048*[#   4]
          +0.048*[#   6]+0.048*[#   7]+0.048*[#   8]
    |psi|^2 = 0.995
==== e(   2) =     1.12555 eV ==== 
     psi = 0.168*[#   1]+0.168*[#   5]+0.109*[#   2]+0.109*[#   3]+0.109*[#   4]
          +0.109*[#   6]+0.109*[#   7]+0.109*[#   8]
    |psi|^2 = 0.989
==== e(   3) =     3.58025 eV ==== 
     psi = 0.147*[#   2]+0.147*[#   3]+0.147*[#   4]+0.147*[#   6]+0.147*[#   7]
          +0.147*[#   8]+0.053*[#   1]+0.053*[#   5]
    |psi|^2 = 0.988
==== e(   4) =     5.15401 eV ==== 
     psi = 0.164*[#   2]+0.164*[#   3]+0.164*[#   4]+0.164*[#   6]+0.164*[#   7]
          +0.164*[#   8]
    |psi|^2 = 0.985
==== e(   5) =     8.64471 eV ==== 
     psi = 0.185*[#   1]+0.185*[#   5]+0.090*[#   2]+0.090*[#   3]+0.090*[#   4]
          +0.090*[#   6]+0.090*[#   7]+0.090*[#   8]
    |psi|^2 = 0.910
==== e(   6) =     9.77392 eV ==== 
     psi = 0.144*[#   2]+0.144*[#   3]+0.144*[#   4]+0.144*[#   6]+0.144*[#   7]
          +0.144*[#   8]
    |psi|^2 = 0.865
==== e(   7) =     9.88266 eV ==== 
     psi = 0.115*[#   2]+0.115*[#   3]+0.115*[#   4]+0.115*[#   6]+0.115*[#   7]
          +0.115*[#   8]+0.048*[#   1]+0.048*[#   5]
    |psi|^2 = 0.784
==== e(   8) =    12.37441 eV ==== 
     psi = 0.116*[#   1]+0.116*[#   5]+0.065*[#   2]+0.065*[#   3]+0.065*[#   4]
          +0.065*[#   6]+0.065*[#   7]+0.065*[#   8]
    |psi|^2 = 0.620

 k =  -0.0471404521 -0.2357022604  0.2357022604
==== e(   1) =    -4.85866 eV ==== 
     psi = 0.369*[#   1]+0.369*[#   5]+0.043*[#   2]+0.043*[#   3]+0.043*[#   4]
          +0.043*[#   6]+0.043*[#   7]+0.043*[#   8]
    |psi|^2 = 0.995
==== e(   2) =     2.16175 eV ==== 
     psi = 0.163*[#   1]+0.163*[#   5]+0.110*[#   2]+0.110*[#   3]+0.110*[#   4]
          +0.110*[#   6]+0.110*[#   7]+0.110*[#   8]
    |psi|^2 = 0.988
==== e(   3) =     3.81214 eV ==== 
     psi = 0.150*[#   2]+0.150*[#   3]+0.150*[#   4]+0.150*[#   6]+0.150*[#   7]
          +0.150*[#   8]+0.044*[#   1]+0.044*[#   5]
    |psi|^2 = 0.987
==== e(   4) =     5.43810 eV ==== 
     psi = 0.164*[#   2]+0.164*[#   3]+0.164*[#   4]+0.164*[#   6]+0.164*[#   7]
          +0.164*[#   8]
    |psi|^2 = 0.982
==== e(   5) =     8.85959 eV ==== 
     psi = 0.168*[#   1]+0.168*[#   5]+0.099*[#   2]+0.099*[#   3]+0.099*[#   4]
          +0.099*[#   6]+0.099*[#   7]+0.099*[#   8]
    |psi|^2 = 0.930
==== e(   6) =     9.52637 eV ==== 
     psi = 0.155*[#   2]+0.155*[#   3]+0.155*[#   4]+0.155*[#   6]+0.155*[#   7]
          +0.155*[#   8]
    |psi|^2 = 0.930
==== e(   7) =     9.80742 eV ==== 
     psi = 0.123*[#   2]+0.123*[#   3]+0.123*[#   4]+0.123*[#   6]+0.123*[#   7]
          +0.123*[#   8]+0.054*[#   1]+0.054*[#   5]
    |psi|^2 = 0.849
==== e(   8) =    11.75703 eV ==== 
     psi = 0.131*[#   1]+0.131*[#   5]+0.065*[#   2]+0.065*[#   3]+0.065*[#   4]
          +0.065*[#   6]+0.065*[#   7]+0.065*[#   8]
    |psi|^2 = 0.651

 k =   0.0000000000 -0.1885618083  0.1885618083
==== e(   1) =    -5.20522 eV ==== 
     psi = 0.395*[#   1]+0.395*[#   5]+0.034*[#   2]+0.034*[#   3]+0.034*[#   4]
          +0.034*[#   6]+0.034*[#   7]+0.034*[#   8]
    |psi|^2 = 0.996
==== e(   2) =     3.12343 eV ==== 
     psi = 0.148*[#   1]+0.148*[#   5]+0.115*[#   2]+0.115*[#   3]+0.115*[#   4]
          +0.115*[#   6]+0.115*[#   7]+0.115*[#   8]
    |psi|^2 = 0.985
==== e(   3) =     4.26729 eV ==== 
     psi = 0.154*[#   2]+0.154*[#   3]+0.154*[#   4]+0.154*[#   6]+0.154*[#   7]
          +0.154*[#   8]+0.031*[#   1]+0.031*[#   5]
    |psi|^2 = 0.984
==== e(   4) =     5.67890 eV ==== 
     psi = 0.163*[#   2]+0.163*[#   3]+0.163*[#   4]+0.163*[#   6]+0.163*[#   7]
          +0.163*[#   8]
    |psi|^2 = 0.977
==== e(   5) =     8.98459 eV ==== 
     psi = 0.156*[#   1]+0.156*[#   5]+0.107*[#   2]+0.107*[#   3]+0.107*[#   4]
          +0.107*[#   6]+0.107*[#   7]+0.107*[#   8]
    |psi|^2 = 0.952
==== e(   6) =     9.19255 eV ==== 
     psi = 0.159*[#   2]+0.159*[#   3]+0.159*[#   4]+0.159*[#   6]+0.159*[#   7]
          +0.159*[#   8]
    |psi|^2 = 0.952
==== e(   7) =     9.43353 eV ==== 
     psi = 0.128*[#   2]+0.128*[#   3]+0.128*[#   4]+0.128*[#   6]+0.128*[#   7]
          +0.128*[#   8]+0.064*[#   1]+0.064*[#   5]
    |psi|^2 = 0.897
==== e(   8) =    11.50105 eV ==== 
     psi = 0.153*[#   1]+0.153*[#   5]+0.076*[#   2]+0.076*[#   3]+0.076*[#   4]
          +0.076*[#   6]+0.076*[#   7]+0.076*[#   8]
    |psi|^2 = 0.759

 k =   0.2828427125  0.0000000000  0.0000000000
==== e(   1) =    -5.12461 eV ==== 
     psi = 0.383*[#   1]+0.383*[#   5]+0.038*[#   2]+0.038*[#   3]+0.038*[#   4]
          +0.038*[#   6]+0.038*[#   7]+0.038*[#   8]
    |psi|^2 = 0.995
==== e(   2) =     3.37400 eV ==== 
     psi = 0.193*[#   1]+0.193*[#   5]+0.099*[#   2]+0.099*[#   3]+0.099*[#   4]
          +0.099*[#   6]+0.099*[#   7]+0.099*[#   8]
    |psi|^2 = 0.983
==== e(   3) =     4.55744 eV ==== 
     psi = 0.164*[#   2]+0.164*[#   3]+0.164*[#   4]+0.164*[#   6]+0.164*[#   7]
          +0.164*[#   8]
    |psi|^2 = 0.986
==== e(   4) =     4.55744 eV ==== 
     psi = 0.164*[#   2]+0.164*[#   3]+0.164*[#   4]+0.164*[#   6]+0.164*[#   7]
          +0.164*[#   8]
    |psi|^2 = 0.986
==== e(   5) =     7.48640 eV ==== 
     psi = 0.123*[#   2]+0.123*[#   3]+0.123*[#   4]+0.123*[#   6]+0.123*[#   7]
          +0.123*[#   8]+0.109*[#   1]+0.109*[#   5]
    |psi|^2 = 0.955
==== e(   6) =     9.86307 eV ==== 
     psi = 0.158*[#   1]+0.158*[#   5]+0.044*[#   2]+0.044*[#   3]+0.044*[#   4]
          +0.044*[#   6]+0.044*[#   7]+0.044*[#   8]
    |psi|^2 = 0.578
==== e(   7) =    10.85216 eV ==== 
     psi = 0.150*[#   2]+0.150*[#   3]+0.150*[#   4]+0.150*[#   6]+0.150*[#   7]
          +0.150*[#   8]
    |psi|^2 = 0.900
==== e(   8) =    10.85216 eV ==== 
     psi = 0.150*[#   2]+0.150*[#   3]+0.150*[#   4]+0.150*[#   6]+0.150*[#   7]
          +0.150*[#   8]
    |psi|^2 = 0.900

 k =   0.3299831646  0.0471404521 -0.0471404521
==== e(   1) =    -4.84545 eV ==== 
     psi = 0.361*[#   1]+0.361*[#   5]+0.045*[#   2]+0.045*[#   3]+0.045*[#   4]
          +0.045*[#   6]+0.045*[#   7]+0.045*[#   8]
    |psi|^2 = 0.995
==== e(   2) =     2.60765 eV ==== 
     psi = 0.199*[#   1]+0.199*[#   5]+0.098*[#   2]+0.098*[#   3]+0.098*[#   4]
          +0.098*[#   6]+0.098*[#   7]+0.098*[#   8]
    |psi|^2 = 0.986
==== e(   3) =     4.24853 eV ==== 
     psi = 0.158*[#   2]+0.158*[#   3]+0.158*[#   4]+0.158*[#   6]+0.158*[#   7]
          +0.158*[#   8]+0.020*[#   1]+0.020*[#   5]
    |psi|^2 = 0.988
==== e(   4) =     4.30994 eV ==== 
     psi = 0.165*[#   2]+0.165*[#   3]+0.165*[#   4]+0.165*[#   6]+0.165*[#   7]
          +0.165*[#   8]
    |psi|^2 = 0.988
==== e(   5) =     7.47815 eV ==== 
     psi = 0.119*[#   2]+0.119*[#   3]+0.119*[#   4]+0.119*[#   6]+0.119*[#   7]
          +0.119*[#   8]+0.115*[#   1]+0.115*[#   5]
    |psi|^2 = 0.945
==== e(   6) =     9.51097 eV ==== 
     psi = 0.140*[#   1]+0.140*[#   5]+0.044*[#   2]+0.044*[#   3]+0.044*[#   4]
          +0.044*[#   6]+0.044*[#   7]+0.044*[#   8]
    |psi|^2 = 0.544
==== e(   7) =    11.12328 eV ==== 
     psi = 0.132*[#   2]+0.132*[#   3]+0.132*[#   4]+0.132*[#   6]+0.132*[#   7]
          +0.132*[#   8]+0.018*[#   1]+0.018*[#   5]
    |psi|^2 = 0.827
==== e(   8) =    11.31157 eV ==== 
     psi = 0.145*[#   2]+0.145*[#   3]+0.145*[#   4]+0.145*[#   6]+0.145*[#   7]
          +0.145*[#   8]
    |psi|^2 = 0.869

 k =   0.3771236166  0.0942809042 -0.0942809042
==== e(   1) =    -4.46624 eV ==== 
     psi = 0.344*[#   1]+0.344*[#   5]+0.051*[#   2]+0.051*[#   3]+0.051*[#   4]
          +0.051*[#   6]+0.051*[#   7]+0.051*[#   8]
    |psi|^2 = 0.995
==== e(   2) =     1.67834 eV ==== 
     psi = 0.200*[#   1]+0.200*[#   5]+0.098*[#   2]+0.098*[#   3]+0.098*[#   4]
          +0.098*[#   6]+0.098*[#   7]+0.098*[#   8]
    |psi|^2 = 0.989
==== e(   3) =     3.84490 eV ==== 
     psi = 0.150*[#   2]+0.150*[#   3]+0.150*[#   4]+0.150*[#   6]+0.150*[#   7]
          +0.150*[#   8]+0.043*[#   1]+0.043*[#   5]
    |psi|^2 = 0.989
==== e(   4) =     4.13987 eV ==== 
     psi = 0.165*[#   2]+0.165*[#   3]+0.165*[#   4]+0.165*[#   6]+0.165*[#   7]
          +0.165*[#   8]
    |psi|^2 = 0.990
==== e(   5) =     7.69080 eV ==== 
     psi = 0.114*[#   1]+0.114*[#   2]+0.114*[#   3]+0.114*[#   4]+0.114*[#   5]
          +0.114*[#   6]+0.114*[#   7]+0.114*[#   8]
    |psi|^2 = 0.911
==== e(   6) =     9.52854 eV ==== 
     psi = 0.129*[#   1]+0.129*[#   5]+0.050*[#   2]+0.050*[#   3]+0.050*[#   4]
          +0.050*[#   6]+0.050*[#   7]+0.050*[#   8]
    |psi|^2 = 0.558
==== e(   7) =    11.03876 eV ==== 
     psi = 0.113*[#   2]+0.113*[#   3]+0.113*[#   4]+0.113*[#   6]+0.113*[#   7]
          +0.113*[#   8]+0.049*[#   1]+0.049*[#   5]
    |psi|^2 = 0.778
==== e(   8) =    11.49236 eV ==== 
     psi = 0.135*[#   2]+0.135*[#   3]+0.135*[#   4]+0.135*[#   6]+0.135*[#   7]
          +0.135*[#   8]
    |psi|^2 = 0.808

 k =   0.4242640687  0.1414213562 -0.1414213562
==== e(   1) =    -4.00582 eV ==== 
     psi = 0.334*[#   1]+0.334*[#   5]+0.054*[#   2]+0.054*[#   3]+0.054*[#   4]
          +0.054*[#   6]+0.054*[#   7]+0.054*[#   8]
    |psi|^2 = 0.995
==== e(   2) =     0.74399 eV ==== 
     psi = 0.198*[#   1]+0.198*[#   5]+0.099*[#   2]+0.099*[#   3]+0.099*[#   4]
          +0.099*[#   6]+0.099*[#   7]+0.099*[#   8]
    |psi|^2 = 0.990
==== e(   3) =     3.43326 eV ==== 
     psi = 0.147*[#   2]+0.147*[#   3]+0.147*[#   4]+0.147*[#   6]+0.147*[#   7]
          +0.147*[#   8]+0.056*[#   1]+0.056*[#   5]
    |psi|^2 = 0.991
==== e(   4) =     4.05634 eV ==== 
     psi = 0.165*[#   2]+0.165*[#   3]+0.165*[#   4]+0.165*[#   6]+0.165*[#   7]
          +0.165*[#   8]
    |psi|^2 = 0.991
==== e(   5) =     7.79896 eV ==== 
     psi = 0.120*[#   1]+0.120*[#   5]+0.103*[#   2]+0.103*[#   3]+0.103*[#   4]
          +0.103*[#   6]+0.103*[#   7]+0.103*[#   8]
    |psi|^2 = 0.859
==== e(   6) =    10.08307 eV ==== 
     psi = 0.109*[#   1]+0.109*[#   5]+0.059*[#   2]+0.059*[#   3]+0.059*[#   4]
          +0.059*[#   6]+0.059*[#   7]+0.059*[#   8]
    |psi|^2 = 0.575
==== e(   7) =    10.87137 eV ==== 
     psi = 0.102*[#   2]+0.102*[#   3]+0.102*[#   4]+0.102*[#   6]+0.102*[#   7]
          +0.102*[#   8]+0.076*[#   1]+0.076*[#   5]
    |psi|^2 = 0.763
==== e(   8) =    11.40918 eV ==== 
     psi = 0.125*[#   2]+0.125*[#   3]+0.125*[#   4]+0.125*[#   6]+0.125*[#   7]
          +0.125*[#   8]
    |psi|^2 = 0.750

 k =   0.4714045208  0.1885618083 -0.1885618083
==== e(   1) =    -3.51317 eV ==== 
     psi = 0.336*[#   1]+0.336*[#   5]+0.054*[#   2]+0.054*[#   3]+0.054*[#   4]
          +0.054*[#   6]+0.054*[#   7]+0.054*[#   8]
    |psi|^2 = 0.995
==== e(   2) =    -0.08546 eV ==== 
     psi = 0.189*[#   1]+0.189*[#   5]+0.102*[#   2]+0.102*[#   3]+0.102*[#   4]
          +0.102*[#   6]+0.102*[#   7]+0.102*[#   8]
    |psi|^2 = 0.990
==== e(   3) =     3.07823 eV ==== 
     psi = 0.145*[#   2]+0.145*[#   3]+0.145*[#   4]+0.145*[#   6]+0.145*[#   7]
          +0.145*[#   8]+0.060*[#   1]+0.060*[#   5]
    |psi|^2 = 0.992
==== e(   4) =     4.06220 eV ==== 
     psi = 0.165*[#   2]+0.165*[#   3]+0.165*[#   4]+0.165*[#   6]+0.165*[#   7]
          +0.165*[#   8]
    |psi|^2 = 0.991
==== e(   5) =     7.83332 eV ==== 
     psi = 0.125*[#   1]+0.125*[#   5]+0.098*[#   2]+0.098*[#   3]+0.098*[#   4]
          +0.098*[#   6]+0.098*[#   7]+0.098*[#   8]
    |psi|^2 = 0.835
==== e(   6) =    10.71373 eV ==== 
     psi = 0.087*[#   2]+0.087*[#   3]+0.087*[#   4]+0.087*[#   6]+0.087*[#   7]
          +0.087*[#   8]+0.083*[#   1]+0.083*[#   5]
    |psi|^2 = 0.687
==== e(   7) =    11.04129 eV ==== 
     psi = 0.104*[#   1]+0.104*[#   5]+0.067*[#   2]+0.067*[#   3]+0.067*[#   4]
          +0.067*[#   6]+0.067*[#   7]+0.067*[#   8]
    |psi|^2 = 0.608
==== e(   8) =    11.20431 eV ==== 
     psi = 0.120*[#   2]+0.120*[#   3]+0.120*[#   4]+0.120*[#   6]+0.120*[#   7]
          +0.120*[#   8]
    |psi|^2 = 0.720

 k =  -0.1885618083 -0.4714045208  0.4714045208
==== e(   1) =    -3.13260 eV ==== 
     psi = 0.349*[#   1]+0.349*[#   5]+0.050*[#   2]+0.050*[#   3]+0.050*[#   4]
          +0.050*[#   6]+0.050*[#   7]+0.050*[#   8]
    |psi|^2 = 0.996
==== e(   2) =    -0.63567 eV ==== 
     psi = 0.172*[#   1]+0.172*[#   5]+0.108*[#   2]+0.108*[#   3]+0.108*[#   4]
          +0.108*[#   6]+0.108*[#   7]+0.108*[#   8]
    |psi|^2 = 0.990
==== e(   3) =     2.80816 eV ==== 
     psi = 0.145*[#   2]+0.145*[#   3]+0.145*[#   4]+0.145*[#   6]+0.145*[#   7]
          +0.145*[#   8]+0.061*[#   1]+0.061*[#   5]
    |psi|^2 = 0.992
==== e(   4) =     4.15582 eV ==== 
     psi = 0.165*[#   2]+0.165*[#   3]+0.165*[#   4]+0.165*[#   6]+0.165*[#   7]
          +0.165*[#   8]
    |psi|^2 = 0.991
==== e(   5) =     7.91021 eV ==== 
     psi = 0.125*[#   1]+0.125*[#   5]+0.097*[#   2]+0.097*[#   3]+0.097*[#   4]
          +0.097*[#   6]+0.097*[#   7]+0.097*[#   8]
    |psi|^2 = 0.832
==== e(   6) =    10.60753 eV ==== 
     psi = 0.103*[#   1]+0.103*[#   5]+0.084*[#   2]+0.084*[#   3]+0.084*[#   4]
          +0.084*[#   6]+0.084*[#   7]+0.084*[#   8]
    |psi|^2 = 0.708
==== e(   7) =    10.98451 eV ==== 
     psi = 0.119*[#   2]+0.119*[#   3]+0.119*[#   4]+0.119*[#   6]+0.119*[#   7]
          +0.119*[#   8]
    |psi|^2 = 0.715
==== e(   8) =    12.21598 eV ==== 
     psi = 0.077*[#   1]+0.077*[#   5]+0.057*[#   2]+0.057*[#   3]+0.057*[#   4]
          +0.057*[#   6]+0.057*[#   7]+0.057*[#   8]
    |psi|^2 = 0.493

 k =  -0.1414213562 -0.4242640687  0.4242640687
==== e(   1) =    -3.14503 eV ==== 
     psi = 0.350*[#   1]+0.350*[#   5]+0.049*[#   2]+0.049*[#   3]+0.049*[#   4]
          +0.049*[#   6]+0.049*[#   7]+0.049*[#   8]
    |psi|^2 = 0.996
==== e(   2) =    -0.61456 eV ==== 
     psi = 0.170*[#   1]+0.170*[#   5]+0.108*[#   2]+0.108*[#   3]+0.108*[#   4]
          +0.108*[#   6]+0.108*[#   7]+0.108*[#   8]
    |psi|^2 = 0.990
==== e(   3) =     2.64005 eV ==== 
     psi = 0.146*[#   2]+0.146*[#   3]+0.146*[#   4]+0.146*[#   6]+0.146*[#   7]
          +0.146*[#   8]+0.059*[#   1]+0.059*[#   5]
    |psi|^2 = 0.992
==== e(   4) =     4.33131 eV ==== 
     psi = 0.165*[#   2]+0.165*[#   3]+0.165*[#   4]+0.165*[#   6]+0.165*[#   7]
          +0.165*[#   8]
    |psi|^2 = 0.990
==== e(   5) =     8.06957 eV ==== 
     psi = 0.123*[#   1]+0.123*[#   5]+0.098*[#   2]+0.098*[#   3]+0.098*[#   4]
          +0.098*[#   6]+0.098*[#   7]+0.098*[#   8]
    |psi|^2 = 0.836
==== e(   6) =    10.55985 eV ==== 
     psi = 0.109*[#   1]+0.109*[#   5]+0.081*[#   2]+0.081*[#   3]+0.081*[#   4]
          +0.081*[#   6]+0.081*[#   7]+0.081*[#   8]
    |psi|^2 = 0.705
==== e(   7) =    10.79311 eV ==== 
     psi = 0.122*[#   2]+0.122*[#   3]+0.122*[#   4]+0.122*[#   6]+0.122*[#   7]
          +0.122*[#   8]
    |psi|^2 = 0.734
==== e(   8) =    13.50797 eV ==== 
     psi = 0.051*[#   1]+0.051*[#   5]+0.040*[#   2]+0.040*[#   3]+0.040*[#   4]
          +0.040*[#   6]+0.040*[#   7]+0.040*[#   8]
    |psi|^2 = 0.342

 k =  -0.0942809042 -0.3771236166  0.3771236166
==== e(   1) =    -3.53645 eV ==== 
     psi = 0.340*[#   1]+0.340*[#   5]+0.053*[#   2]+0.053*[#   3]+0.053*[#   4]
          +0.053*[#   6]+0.053*[#   7]+0.053*[#   8]
    |psi|^2 = 0.995
==== e(   2) =    -0.04269 eV ==== 
     psi = 0.185*[#   1]+0.185*[#   5]+0.103*[#   2]+0.103*[#   3]+0.103*[#   4]
          +0.103*[#   6]+0.103*[#   7]+0.103*[#   8]
    |psi|^2 = 0.991
==== e(   3) =     2.59311 eV ==== 
     psi = 0.147*[#   2]+0.147*[#   3]+0.147*[#   4]+0.147*[#   6]+0.147*[#   7]
          +0.147*[#   8]+0.054*[#   1]+0.054*[#   5]
    |psi|^2 = 0.992
==== e(   4) =     4.57721 eV ==== 
     psi = 0.165*[#   2]+0.165*[#   3]+0.165*[#   4]+0.165*[#   6]+0.165*[#   7]
          +0.165*[#   8]
    |psi|^2 = 0.989
==== e(   5) =     8.30880 eV ==== 
     psi = 0.120*[#   1]+0.120*[#   5]+0.101*[#   2]+0.101*[#   3]+0.101*[#   4]
          +0.101*[#   6]+0.101*[#   7]+0.101*[#   8]
    |psi|^2 = 0.845
==== e(   6) =    10.56697 eV ==== 
     psi = 0.105*[#   1]+0.105*[#   5]+0.083*[#   2]+0.083*[#   3]+0.083*[#   4]
          +0.083*[#   6]+0.083*[#   7]+0.083*[#   8]
    |psi|^2 = 0.708
==== e(   7) =    10.61836 eV ==== 
     psi = 0.132*[#   2]+0.132*[#   3]+0.132*[#   4]+0.132*[#   6]+0.132*[#   7]
          +0.132*[#   8]
    |psi|^2 = 0.790
==== e(   8) =    13.15150 eV ==== 
     psi = 0.101*[#   1]+0.101*[#   5]+0.061*[#   2]+0.061*[#   3]+0.061*[#   4]
          +0.061*[#   6]+0.061*[#   7]+0.061*[#   8]
    |psi|^2 = 0.568

 k =  -0.0471404521 -0.3299831646  0.3299831646
==== e(   1) =    -4.02801 eV ==== 
     psi = 0.340*[#   1]+0.340*[#   5]+0.053*[#   2]+0.053*[#   3]+0.053*[#   4]
          +0.053*[#   6]+0.053*[#   7]+0.053*[#   8]
    |psi|^2 = 0.995
==== e(   2) =     0.76377 eV ==== 
     psi = 0.193*[#   1]+0.193*[#   5]+0.101*[#   2]+0.101*[#   3]+0.101*[#   4]
          +0.101*[#   6]+0.101*[#   7]+0.101*[#   8]
    |psi|^2 = 0.991
==== e(   3) =     2.70627 eV ==== 
     psi = 0.149*[#   2]+0.149*[#   3]+0.149*[#   4]+0.149*[#   6]+0.149*[#   7]
          +0.149*[#   8]+0.048*[#   1]+0.048*[#   5]
    |psi|^2 = 0.991
==== e(   4) =     4.87303 eV ==== 
     psi = 0.165*[#   2]+0.165*[#   3]+0.165*[#   4]+0.165*[#   6]+0.165*[#   7]
          +0.165*[#   8]
    |psi|^2 = 0.987
==== e(   5) =     8.59713 eV ==== 
     psi = 0.118*[#   1]+0.118*[#   5]+0.104*[#   2]+0.104*[#   3]+0.104*[#   4]
          +0.104*[#   6]+0.104*[#   7]+0.104*[#   8]
    |psi|^2 = 0.862
==== e(   6) =    10.37715 eV ==== 
     psi = 0.147*[#   2]+0.147*[#   3]+0.147*[#   4]+0.147*[#   6]+0.147*[#   7]
          +0.147*[#   8]
    |psi|^2 = 0.881
==== e(   7) =    10.56458 eV ==== 
     psi = 0.091*[#   2]+0.091*[#   3]+0.091*[#   4]+0.091*[#   6]+0.091*[#   7]
          +0.091*[#   8]+0.091*[#   1]+0.091*[#   5]
    |psi|^2 = 0.729
==== e(   8) =    12.16351 eV ==== 
     psi = 0.131*[#   1]+0.131*[#   5]+0.066*[#   2]+0.066*[#   3]+0.066*[#   4]
          +0.066*[#   6]+0.066*[#   7]+0.066*[#   8]
    |psi|^2 = 0.658

 k =   0.0000000000 -0.2828427125  0.2828427125
==== e(   1) =    -4.48418 eV ==== 
     psi = 0.351*[#   1]+0.351*[#   5]+0.049*[#   2]+0.049*[#   3]+0.049*[#   4]
          +0.049*[#   6]+0.049*[#   7]+0.049*[#   8]
    |psi|^2 = 0.995
==== e(   2) =     1.56120 eV ==== 
     psi = 0.187*[#   1]+0.187*[#   5]+0.103*[#   2]+0.103*[#   3]+0.103*[#   4]
          +0.103*[#   6]+0.103*[#   7]+0.103*[#   8]
    |psi|^2 = 0.990
==== e(   3) =     3.07675 eV ==== 
     psi = 0.151*[#   2]+0.151*[#   3]+0.151*[#   4]+0.151*[#   6]+0.151*[#   7]
          +0.151*[#   8]+0.043*[#   1]+0.043*[#   5]
    |psi|^2 = 0.989
==== e(   4) =     5.18183 eV ==== 
     psi = 0.164*[#   2]+0.164*[#   3]+0.164*[#   4]+0.164*[#   6]+0.164*[#   7]
          +0.164*[#   8]
    |psi|^2 = 0.985
==== e(   5) =     8.85753 eV ==== 
     psi = 0.125*[#   1]+0.125*[#   5]+0.107*[#   2]+0.107*[#   3]+0.107*[#   4]
          +0.107*[#   6]+0.107*[#   7]+0.107*[#   8]
    |psi|^2 = 0.892
==== e(   6) =     9.97317 eV ==== 
     psi = 0.155*[#   2]+0.155*[#   3]+0.155*[#   4]+0.155*[#   6]+0.155*[#   7]
          +0.155*[#   8]
    |psi|^2 = 0.933
==== e(   7) =    10.28674 eV ==== 
     psi = 0.106*[#   2]+0.106*[#   3]+0.106*[#   4]+0.106*[#   6]+0.106*[#   7]
          +0.106*[#   8]+0.081*[#   1]+0.081*[#   5]
    |psi|^2 = 0.798
==== e(   8) =    11.66410 eV ==== 
     psi = 0.139*[#   1]+0.139*[#   5]+0.062*[#   2]+0.062*[#   3]+0.062*[#   4]
          +0.062*[#   6]+0.062*[#   7]+0.062*[#   8]
    |psi|^2 = 0.649

 k =   0.3771236166  0.0000000000  0.0000000000
==== e(   1) =    -4.60094 eV ==== 
     psi = 0.345*[#   1]+0.345*[#   5]+0.051*[#   2]+0.051*[#   3]+0.051*[#   4]
          +0.051*[#   6]+0.051*[#   7]+0.051*[#   8]
    |psi|^2 = 0.995
==== e(   2) =     2.19379 eV ==== 
     psi = 0.224*[#   1]+0.224*[#   5]+0.090*[#   2]+0.090*[#   3]+0.090*[#   4]
          +0.090*[#   6]+0.090*[#   7]+0.090*[#   8]
    |psi|^2 = 0.987
==== e(   3) =     4.04384 eV ==== 
     psi = 0.165*[#   2]+0.165*[#   3]+0.165*[#   4]+0.165*[#   6]+0.165*[#   7]
          +0.165*[#   8]
    |psi|^2 = 0.990
==== e(   4) =     4.04384 eV ==== 
     psi = 0.165*[#   2]+0.165*[#   3]+0.165*[#   4]+0.165*[#   6]+0.165*[#   7]
          +0.165*[#   8]
    |psi|^2 = 0.990
==== e(   5) =     7.06729 eV ==== 
     psi = 0.142*[#   1]+0.142*[#   5]+0.110*[#   2]+0.110*[#   3]+0.110*[#   4]
          +0.110*[#   6]+0.110*[#   7]+0.110*[#   8]
    |psi|^2 = 0.945
==== e(   6) =     8.90856 eV ==== 
     psi = 0.129*[#   1]+0.129*[#   5]+0.046*[#   2]+0.046*[#   3]+0.046*[#   4]
          +0.046*[#   6]+0.046*[#   7]+0.046*[#   8]
    |psi|^2 = 0.534
==== e(   7) =    11.99177 eV ==== 
     psi = 0.143*[#   2]+0.143*[#   3]+0.143*[#   4]+0.143*[#   6]+0.143*[#   7]
          +0.143*[#   8]
    |psi|^2 = 0.856
==== e(   8) =    11.99177 eV ==== 
     psi = 0.143*[#   2]+0.143*[#   3]+0.143*[#   4]+0.143*[#   6]+0.143*[#   7]
          +0.143*[#   8]
    |psi|^2 = 0.856

 k =   0.4242640687  0.0471404521 -0.0471404521
==== e(   1) =    -4.25375 eV ==== 
     psi = 0.331*[#   1]+0.331*[#   5]+0.055*[#   2]+0.055*[#   3]+0.055*[#   4]
          +0.055*[#   6]+0.055*[#   7]+0.055*[#   8]
    |psi|^2 = 0.995
==== e(   2) =     1.51407 eV ==== 
     psi = 0.232*[#   1]+0.232*[#   5]+0.087*[#   2]+0.087*[#   3]+0.087*[#   4]
          +0.087*[#   6]+0.087*[#   7]+0.087*[#   8]
    |psi|^2 = 0.989
==== e(   3) =     3.69587 eV ==== 
     psi = 0.161*[#   2]+0.161*[#   3]+0.161*[#   4]+0.161*[#   6]+0.161*[#   7]
          +0.161*[#   8]+0.012*[#   1]+0.012*[#   5]
    |psi|^2 = 0.991
==== e(   4) =     3.85461 eV ==== 
     psi = 0.165*[#   2]+0.165*[#   3]+0.165*[#   4]+0.165*[#   6]+0.165*[#   7]
          +0.165*[#   8]
    |psi|^2 = 0.992
==== e(   5) =     7.11030 eV ==== 
     psi = 0.142*[#   1]+0.142*[#   5]+0.108*[#   2]+0.108*[#   3]+0.108*[#   4]
          +0.108*[#   6]+0.108*[#   7]+0.108*[#   8]
    |psi|^2 = 0.932
==== e(   6) =     8.60659 eV ==== 
     psi = 0.130*[#   1]+0.130*[#   5]+0.050*[#   2]+0.050*[#   3]+0.050*[#   4]
          +0.050*[#   6]+0.050*[#   7]+0.050*[#   8]
    |psi|^2 = 0.562
==== e(   7) =    12.26938 eV ==== 
     psi = 0.127*[#   2]+0.127*[#   3]+0.127*[#   4]+0.127*[#   6]+0.127*[#   7]
          +0.127*[#   8]+0.023*[#   1]+0.023*[#   5]
    |psi|^2 = 0.805
==== e(   8) =    12.40825 eV ==== 
     psi = 0.135*[#   2]+0.135*[#   3]+0.135*[#   4]+0.135*[#   6]+0.135*[#   7]
          +0.135*[#   8]
    |psi|^2 = 0.807

 k =   0.4714045208  0.0942809042 -0.0942809042
==== e(   1) =    -3.81740 eV ==== 
     psi = 0.321*[#   1]+0.321*[#   5]+0.059*[#   2]+0.059*[#   3]+0.059*[#   4]
          +0.059*[#   6]+0.059*[#   7]+0.059*[#   8]
    |psi|^2 = 0.994
==== e(   2) =     0.75405 eV ==== 
     psi = 0.236*[#   1]+0.236*[#   5]+0.086*[#   2]+0.086*[#   3]+0.086*[#   4]
          +0.086*[#   6]+0.086*[#   7]+0.086*[#   8]
    |psi|^2 = 0.991
==== e(   3) =     3.18661 eV ==== 
     psi = 0.157*[#   2]+0.157*[#   3]+0.157*[#   4]+0.157*[#   6]+0.157*[#   7]
          +0.157*[#   8]+0.026*[#   1]+0.026*[#   5]
    |psi|^2 = 0.992
==== e(   4) =     3.75325 eV ==== 
     psi = 0.165*[#   2]+0.165*[#   3]+0.165*[#   4]+0.165*[#   6]+0.165*[#   7]
          +0.165*[#   8]
    |psi|^2 = 0.992
==== e(   5) =     7.32119 eV ==== 
     psi = 0.136*[#   1]+0.136*[#   5]+0.102*[#   2]+0.102*[#   3]+0.102*[#   4]
          +0.102*[#   6]+0.102*[#   7]+0.102*[#   8]
    |psi|^2 = 0.885
==== e(   6) =     8.80460 eV ==== 
     psi = 0.123*[#   1]+0.123*[#   5]+0.060*[#   2]+0.060*[#   3]+0.060*[#   4]
          +0.060*[#   6]+0.060*[#   7]+0.060*[#   8]
    |psi|^2 = 0.606
==== e(   7) =    12.20382 eV ==== 
     psi = 0.109*[#   2]+0.109*[#   3]+0.109*[#   4]+0.109*[#   6]+0.109*[#   7]
          +0.109*[#   8]+0.054*[#   1]+0.054*[#   5]
    |psi|^2 = 0.760
==== e(   8) =    12.46125 eV ==== 
     psi = 0.122*[#   2]+0.122*[#   3]+0.122*[#   4]+0.122*[#   6]+0.122*[#   7]
          +0.122*[#   8]
    |psi|^2 = 0.733

 k =   0.5185449729  0.1414213562 -0.1414213562
==== e(   1) =    -3.32549 eV ==== 
     psi = 0.319*[#   1]+0.319*[#   5]+0.059*[#   2]+0.059*[#   3]+0.059*[#   4]
          +0.059*[#   6]+0.059*[#   7]+0.059*[#   8]
    |psi|^2 = 0.995
==== e(   2) =     0.01249 eV ==== 
     psi = 0.233*[#   1]+0.233*[#   5]+0.087*[#   2]+0.087*[#   3]+0.087*[#   4]
          +0.087*[#   6]+0.087*[#   7]+0.087*[#   8]
    |psi|^2 = 0.992
==== e(   3) =     2.68573 eV ==== 
     psi = 0.155*[#   2]+0.155*[#   3]+0.155*[#   4]+0.155*[#   6]+0.155*[#   7]
          +0.155*[#   8]+0.032*[#   1]+0.032*[#   5]
    |psi|^2 = 0.993
==== e(   4) =     3.74403 eV ==== 
     psi = 0.165*[#   2]+0.165*[#   3]+0.165*[#   4]+0.165*[#   6]+0.165*[#   7]
          +0.165*[#   8]
    |psi|^2 = 0.993
==== e(   5) =     7.41638 eV ==== 
     psi = 0.133*[#   1]+0.133*[#   5]+0.096*[#   2]+0.096*[#   3]+0.096*[#   4]
          +0.096*[#   6]+0.096*[#   7]+0.096*[#   8]
    |psi|^2 = 0.842
==== e(   6) =     9.57062 eV ==== 
     psi = 0.106*[#   1]+0.106*[#   5]+0.066*[#   2]+0.066*[#   3]+0.066*[#   4]
          +0.066*[#   6]+0.066*[#   7]+0.066*[#   8]
    |psi|^2 = 0.605
==== e(   7) =    12.05897 eV ==== 
     psi = 0.096*[#   2]+0.096*[#   3]+0.096*[#   4]+0.096*[#   6]+0.096*[#   7]
          +0.096*[#   8]+0.081*[#   1]+0.081*[#   5]
    |psi|^2 = 0.739
==== e(   8) =    12.29217 eV ==== 
     psi = 0.115*[#   2]+0.115*[#   3]+0.115*[#   4]+0.115*[#   6]+0.115*[#   7]
          +0.115*[#   8]
    |psi|^2 = 0.689

 k =  -0.1414213562 -0.5185449729  0.5185449729
==== e(   1) =    -2.87963 eV ==== 
     psi = 0.328*[#   1]+0.328*[#   5]+0.057*[#   2]+0.057*[#   3]+0.057*[#   4]
          +0.057*[#   6]+0.057*[#   7]+0.057*[#   8]
    |psi|^2 = 0.995
==== e(   2) =    -0.57584 eV ==== 
     psi = 0.221*[#   1]+0.221*[#   5]+0.092*[#   2]+0.092*[#   3]+0.092*[#   4]
          +0.092*[#   6]+0.092*[#   7]+0.092*[#   8]
    |psi|^2 = 0.992
==== e(   3) =     2.28513 eV ==== 
     psi = 0.155*[#   2]+0.155*[#   3]+0.155*[#   4]+0.155*[#   6]+0.155*[#   7]
          +0.155*[#   8]+0.033*[#   1]+0.033*[#   5]
    |psi|^2 = 0.993
==== e(   4) =     3.82663 eV ==== 
     psi = 0.165*[#   2]+0.165*[#   3]+0.165*[#   4]+0.165*[#   6]+0.165*[#   7]
          +0.165*[#   8]
    |psi|^2 = 0.992
==== e(   5) =     7.50950 eV ==== 
     psi = 0.128*[#   1]+0.128*[#   5]+0.096*[#   2]+0.096*[#   3]+0.096*[#   4]
          +0.096*[#   6]+0.096*[#   7]+0.096*[#   8]
    |psi|^2 = 0.831
==== e(   6) =    10.65711 eV ==== 
     psi = 0.077*[#   1]+0.077*[#   5]+0.056*[#   2]+0.056*[#   3]+0.056*[#   4]
          +0.056*[#   6]+0.056*[#   7]+0.056*[#   8]
    |psi|^2 = 0.489
==== e(   7) =    11.93621 eV ==== 
     psi = 0.108*[#   1]+0.108*[#   5]+0.091*[#   2]+0.091*[#   3]+0.091*[#   4]
          +0.091*[#   6]+0.091*[#   7]+0.091*[#   8]
    |psi|^2 = 0.764
==== e(   8) =    12.05460 eV ==== 
     psi = 0.114*[#   2]+0.114*[#   3]+0.114*[#   4]+0.114*[#   6]+0.114*[#   7]
          +0.114*[#   8]
    |psi|^2 = 0.682

 k =  -0.0942809042 -0.4714045208  0.4714045208
==== e(   1) =    -2.75363 eV ==== 
     psi = 0.338*[#   1]+0.338*[#   5]+0.053*[#   2]+0.053*[#   3]+0.053*[#   4]
          +0.053*[#   6]+0.053*[#   7]+0.053*[#   8]
    |psi|^2 = 0.996
==== e(   2) =    -0.72316 eV ==== 
     psi = 0.211*[#   1]+0.211*[#   5]+0.095*[#   2]+0.095*[#   3]+0.095*[#   4]
          +0.095*[#   6]+0.095*[#   7]+0.095*[#   8]
    |psi|^2 = 0.992
==== e(   3) =     2.02614 eV ==== 
     psi = 0.155*[#   2]+0.155*[#   3]+0.155*[#   4]+0.155*[#   6]+0.155*[#   7]
          +0.155*[#   8]+0.031*[#   1]+0.031*[#   5]
    |psi|^2 = 0.993
==== e(   4) =     3.99641 eV ==== 
     psi = 0.165*[#   2]+0.165*[#   3]+0.165*[#   4]+0.165*[#   6]+0.165*[#   7]
          +0.165*[#   8]
    |psi|^2 = 0.992
==== e(   5) =     7.68291 eV ==== 
     psi = 0.120*[#   1]+0.120*[#   5]+0.099*[#   2]+0.099*[#   3]+0.099*[#   4]
          +0.099*[#   6]+0.099*[#   7]+0.099*[#   8]
    |psi|^2 = 0.831
==== e(   6) =    11.63978 eV ==== 
     psi = 0.039*[#   1]+0.039*[#   5]+0.034*[#   2]+0.034*[#   3]+0.034*[#   4]
          +0.034*[#   6]+0.034*[#   7]+0.034*[#   8]
    |psi|^2 = 0.280
==== e(   7) =    11.81095 eV ==== 
     psi = 0.120*[#   2]+0.120*[#   3]+0.120*[#   4]+0.120*[#   6]+0.120*[#   7]
          +0.120*[#   8]
    |psi|^2 = 0.718
==== e(   8) =    12.13543 eV ==== 
     psi = 0.133*[#   1]+0.133*[#   5]+0.093*[#   2]+0.093*[#   3]+0.093*[#   4]
          +0.093*[#   6]+0.093*[#   7]+0.093*[#   8]
    |psi|^2 = 0.825

 k =  -0.0471404521 -0.4242640687  0.4242640687
==== e(   1) =    -3.07753 eV ==== 
     psi = 0.333*[#   1]+0.333*[#   5]+0.055*[#   2]+0.055*[#   3]+0.055*[#   4]
          +0.055*[#   6]+0.055*[#   7]+0.055*[#   8]
    |psi|^2 = 0.995
==== e(   2) =    -0.31716 eV ==== 
     psi = 0.219*[#   1]+0.219*[#   5]+0.092*[#   2]+0.092*[#   3]+0.092*[#   4]
          +0.092*[#   6]+0.092*[#   7]+0.092*[#   8]
    |psi|^2 = 0.993
==== e(   3) =     1.95047 eV ==== 
     psi = 0.156*[#   2]+0.156*[#   3]+0.156*[#   4]+0.156*[#   6]+0.156*[#   7]
          +0.156*[#   8]+0.028*[#   1]+0.028*[#   5]
    |psi|^2 = 0.992
==== e(   4) =     4.24314 eV ==== 
     psi = 0.165*[#   2]+0.165*[#   3]+0.165*[#   4]+0.165*[#   6]+0.165*[#   7]
          +0.165*[#   8]
    |psi|^2 = 0.991
==== e(   5) =     7.94737 eV ==== 
     psi = 0.111*[#   1]+0.111*[#   5]+0.102*[#   2]+0.102*[#   3]+0.102*[#   4]
          +0.102*[#   6]+0.102*[#   7]+0.102*[#   8]
    |psi|^2 = 0.833
==== e(   6) =    11.52903 eV ==== 
     psi = 0.136*[#   2]+0.136*[#   3]+0.136*[#   4]+0.136*[#   6]+0.136*[#   7]
          +0.136*[#   8]
    |psi|^2 = 0.814
==== e(   7) =    11.67706 eV ==== 
     psi = 0.081*[#   1]+0.081*[#   5]+0.058*[#   2]+0.058*[#   3]+0.058*[#   4]
          +0.058*[#   6]+0.058*[#   7]+0.058*[#   8]
    |psi|^2 = 0.509
==== e(   8) =    13.05850 eV ==== 
     psi = 0.087*[#   1]+0.087*[#   5]+0.050*[#   2]+0.050*[#   3]+0.050*[#   4]
          +0.050*[#   6]+0.050*[#   7]+0.050*[#   8]
    |psi|^2 = 0.476

 k =  -0.0000000000 -0.3771236166  0.3771236166
==== e(   1) =    -3.56070 eV ==== 
     psi = 0.332*[#   1]+0.332*[#   5]+0.055*[#   2]+0.055*[#   3]+0.055*[#   4]
          +0.055*[#   6]+0.055*[#   7]+0.055*[#   8]
    |psi|^2 = 0.995
==== e(   2) =     0.27413 eV ==== 
     psi = 0.217*[#   1]+0.217*[#   5]+0.093*[#   2]+0.093*[#   3]+0.093*[#   4]
          +0.093*[#   6]+0.093*[#   7]+0.093*[#   8]
    |psi|^2 = 0.993
==== e(   3) =     2.14245 eV ==== 
     psi = 0.155*[#   2]+0.155*[#   3]+0.155*[#   4]+0.155*[#   6]+0.155*[#   7]
          +0.155*[#   8]+0.031*[#   1]+0.031*[#   5]
    |psi|^2 = 0.991
==== e(   4) =     4.54744 eV ==== 
     psi = 0.165*[#   2]+0.165*[#   3]+0.165*[#   4]+0.165*[#   6]+0.165*[#   7]
          +0.165*[#   8]
    |psi|^2 = 0.989
==== e(   5) =     8.27837 eV ==== 
     psi = 0.106*[#   1]+0.106*[#   5]+0.105*[#   2]+0.105*[#   3]+0.105*[#   4]
          +0.105*[#   6]+0.105*[#   7]+0.105*[#   8]
    |psi|^2 = 0.840
==== e(   6) =    11.05401 eV ==== 
     psi = 0.150*[#   2]+0.150*[#   3]+0.150*[#   4]+0.150*[#   6]+0.150*[#   7]
          +0.150*[#   8]
    |psi|^2 = 0.901
==== e(   7) =    11.40611 eV ==== 
     psi = 0.074*[#   1]+0.074*[#   5]+0.071*[#   2]+0.071*[#   3]+0.071*[#   4]
          +0.071*[#   6]+0.071*[#   7]+0.071*[#   8]
    |psi|^2 = 0.575
==== e(   8) =    12.24585 eV ==== 
     psi = 0.147*[#   1]+0.147*[#   5]+0.072*[#   2]+0.072*[#   3]+0.072*[#   4]
          +0.072*[#   6]+0.072*[#   7]+0.072*[#   8]
    |psi|^2 = 0.722

 k =   0.4714045208  0.0000000000  0.0000000000
==== e(   1) =    -3.93800 eV ==== 
     psi = 0.319*[#   1]+0.319*[#   5]+0.059*[#   2]+0.059*[#   3]+0.059*[#   4]
          +0.059*[#   6]+0.059*[#   7]+0.059*[#   8]
    |psi|^2 = 0.994
==== e(   2) =     1.01705 eV ==== 
     psi = 0.246*[#   1]+0.246*[#   5]+0.083*[#   2]+0.083*[#   3]+0.083*[#   4]
          +0.083*[#   6]+0.083*[#   7]+0.083*[#   8]
    |psi|^2 = 0.990
==== e(   3) =     3.64331 eV ==== 
     psi = 0.165*[#   2]+0.165*[#   3]+0.165*[#   4]+0.165*[#   6]+0.165*[#   7]
          +0.165*[#   8]
    |psi|^2 = 0.993
==== e(   4) =     3.64331 eV ==== 
     psi = 0.165*[#   2]+0.165*[#   3]+0.165*[#   4]+0.165*[#   6]+0.165*[#   7]
          +0.165*[#   8]
    |psi|^2 = 0.993
==== e(   5) =     6.77023 eV ==== 
     psi = 0.163*[#   1]+0.163*[#   5]+0.101*[#   2]+0.101*[#   3]+0.101*[#   4]
          +0.101*[#   6]+0.101*[#   7]+0.101*[#   8]
    |psi|^2 = 0.930
==== e(   6) =     8.03600 eV ==== 
     psi = 0.138*[#   1]+0.138*[#   5]+0.056*[#   2]+0.056*[#   3]+0.056*[#   4]
          +0.056*[#   6]+0.056*[#   7]+0.056*[#   8]
    |psi|^2 = 0.609
==== e(   7) =    13.18376 eV ==== 
     psi = 0.133*[#   2]+0.133*[#   3]+0.133*[#   4]+0.133*[#   6]+0.133*[#   7]
          +0.133*[#   8]
    |psi|^2 = 0.800
==== e(   8) =    13.18376 eV ==== 
     psi = 0.133*[#   2]+0.133*[#   3]+0.133*[#   4]+0.133*[#   6]+0.133*[#   7]
          +0.133*[#   8]
    |psi|^2 = 0.800

 k =   0.5185449729  0.0471404521 -0.0471404521
==== e(   1) =    -3.52844 eV ==== 
     psi = 0.310*[#   1]+0.310*[#   5]+0.062*[#   2]+0.062*[#   3]+0.062*[#   4]
          +0.062*[#   6]+0.062*[#   7]+0.062*[#   8]
    |psi|^2 = 0.994
==== e(   2) =     0.40182 eV ==== 
     psi = 0.254*[#   1]+0.254*[#   5]+0.080*[#   2]+0.080*[#   3]+0.080*[#   4]
          +0.080*[#   6]+0.080*[#   7]+0.080*[#   8]
    |psi|^2 = 0.991
==== e(   3) =     3.29925 eV ==== 
     psi = 0.163*[#   2]+0.163*[#   3]+0.163*[#   4]+0.163*[#   6]+0.163*[#   7]
          +0.163*[#   8]+0.007*[#   1]+0.007*[#   5]
    |psi|^2 = 0.993
==== e(   4) =     3.51929 eV ==== 
     psi = 0.166*[#   2]+0.166*[#   3]+0.166*[#   4]+0.166*[#   6]+0.166*[#   7]
          +0.166*[#   8]
    |psi|^2 = 0.994
==== e(   5) =     6.87381 eV ==== 
     psi = 0.159*[#   1]+0.159*[#   5]+0.099*[#   2]+0.099*[#   3]+0.099*[#   4]
          +0.099*[#   6]+0.099*[#   7]+0.099*[#   8]
    |psi|^2 = 0.910
==== e(   6) =     7.86059 eV ==== 
     psi = 0.142*[#   1]+0.142*[#   5]+0.062*[#   2]+0.062*[#   3]+0.062*[#   4]
          +0.062*[#   6]+0.062*[#   7]+0.062*[#   8]
    |psi|^2 = 0.657
==== e(   7) =    13.48449 eV ==== 
     psi = 0.117*[#   2]+0.117*[#   3]+0.117*[#   4]+0.117*[#   6]+0.117*[#   7]
          +0.117*[#   8]+0.019*[#   1]+0.019*[#   5]
    |psi|^2 = 0.744
==== e(   8) =    13.54240 eV ==== 
     psi = 0.122*[#   2]+0.122*[#   3]+0.122*[#   4]+0.122*[#   6]+0.122*[#   7]
          +0.122*[#   8]
    |psi|^2 = 0.734

 k =   0.5656854249  0.0942809042 -0.0942809042
==== e(   1) =    -3.04774 eV ==== 
     psi = 0.305*[#   1]+0.305*[#   5]+0.064*[#   2]+0.064*[#   3]+0.064*[#   4]
          +0.064*[#   6]+0.064*[#   7]+0.064*[#   8]
    |psi|^2 = 0.994
==== e(   2) =    -0.22043 eV ==== 
     psi = 0.261*[#   1]+0.261*[#   5]+0.078*[#   2]+0.078*[#   3]+0.078*[#   4]
          +0.078*[#   6]+0.078*[#   7]+0.078*[#   8]
    |psi|^2 = 0.992
==== e(   3) =     2.74263 eV ==== 
     psi = 0.161*[#   2]+0.161*[#   3]+0.161*[#   4]+0.161*[#   6]+0.161*[#   7]
          +0.161*[#   8]+0.012*[#   1]+0.012*[#   5]
    |psi|^2 = 0.993
==== e(   4) =     3.48838 eV ==== 
     psi = 0.166*[#   2]+0.166*[#   3]+0.166*[#   4]+0.166*[#   6]+0.166*[#   7]
          +0.166*[#   8]
    |psi|^2 = 0.994
==== e(   5) =     7.05829 eV ==== 
     psi = 0.151*[#   1]+0.151*[#   5]+0.093*[#   2]+0.093*[#   3]+0.093*[#   4]
          +0.093*[#   6]+0.093*[#   7]+0.093*[#   8]
    |psi|^2 = 0.857
==== e(   6) =     8.29747 eV ==== 
     psi = 0.132*[#   1]+0.132*[#   5]+0.073*[#   2]+0.073*[#   3]+0.073*[#   4]
          +0.073*[#   6]+0.073*[#   7]+0.073*[#   8]
    |psi|^2 = 0.700
==== e(   7) =    13.43898 eV ==== 
     psi = 0.098*[#   2]+0.098*[#   3]+0.098*[#   4]+0.098*[#   6]+0.098*[#   7]
          +0.098*[#   8]+0.046*[#   1]+0.046*[#   5]
    |psi|^2 = 0.684
==== e(   8) =    13.49244 eV ==== 
     psi = 0.112*[#   2]+0.112*[#   3]+0.112*[#   4]+0.112*[#   6]+0.112*[#   7]
          +0.112*[#   8]
    |psi|^2 = 0.669

 k =  -0.0942809042 -0.5656854249  0.5656854249
==== e(   1) =    -2.56507 eV ==== 
     psi = 0.309*[#   1]+0.309*[#   5]+0.063*[#   2]+0.063*[#   3]+0.063*[#   4]
          +0.063*[#   6]+0.063*[#   7]+0.063*[#   8]
    |psi|^2 = 0.994
==== e(   2) =    -0.76450 eV ==== 
     psi = 0.262*[#   1]+0.262*[#   5]+0.078*[#   2]+0.078*[#   3]+0.078*[#   4]
          +0.078*[#   6]+0.078*[#   7]+0.078*[#   8]
    |psi|^2 = 0.993
==== e(   3) =     2.20342 eV ==== 
     psi = 0.162*[#   2]+0.162*[#   3]+0.162*[#   4]+0.162*[#   6]+0.162*[#   7]
          +0.162*[#   8]+0.010*[#   1]+0.010*[#   5]
    |psi|^2 = 0.993
==== e(   4) =     3.55154 eV ==== 
     psi = 0.166*[#   2]+0.166*[#   3]+0.166*[#   4]+0.166*[#   6]+0.166*[#   7]
          +0.166*[#   8]
    |psi|^2 = 0.994
==== e(   5) =     7.16417 eV ==== 
     psi = 0.143*[#   1]+0.143*[#   5]+0.092*[#   2]+0.092*[#   3]+0.092*[#   4]
          +0.092*[#   6]+0.092*[#   7]+0.092*[#   8]
    |psi|^2 = 0.836
==== e(   6) =     9.26426 eV ==== 
     psi = 0.113*[#   1]+0.113*[#   5]+0.072*[#   2]+0.072*[#   3]+0.072*[#   4]
          +0.072*[#   6]+0.072*[#   7]+0.072*[#   8]
    |psi|^2 = 0.657
==== e(   7) =    13.26473 eV ==== 
     psi = 0.111*[#   2]+0.111*[#   3]+0.111*[#   4]+0.111*[#   6]+0.111*[#   7]
          +0.111*[#   8]
    |psi|^2 = 0.663
==== e(   8) =    13.30734 eV ==== 
     psi = 0.084*[#   2]+0.084*[#   3]+0.084*[#   4]+0.084*[#   6]+0.084*[#   7]
          +0.084*[#   8]+0.069*[#   1]+0.069*[#   5]
    |psi|^2 = 0.641

 k =  -0.0471404521 -0.5185449729  0.5185449729
==== e(   1) =    -2.33384 eV ==== 
     psi = 0.324*[#   1]+0.324*[#   5]+0.058*[#   2]+0.058*[#   3]+0.058*[#   4]
          +0.058*[#   6]+0.058*[#   7]+0.058*[#   8]
    |psi|^2 = 0.995
==== e(   2) =    -0.99395 eV ==== 
     psi = 0.250*[#   1]+0.250*[#   5]+0.082*[#   2]+0.082*[#   3]+0.082*[#   4]
          +0.082*[#   6]+0.082*[#   7]+0.082*[#   8]
    |psi|^2 = 0.993
==== e(   3) =     1.82068 eV ==== 
     psi = 0.164*[#   2]+0.164*[#   3]+0.164*[#   4]+0.164*[#   6]+0.164*[#   7]
          +0.164*[#   8]+0.005*[#   1]+0.005*[#   5]
    |psi|^2 = 0.993
==== e(   4) =     3.70550 eV ==== 
     psi = 0.166*[#   2]+0.166*[#   3]+0.166*[#   4]+0.166*[#   6]+0.166*[#   7]
          +0.166*[#   8]
    |psi|^2 = 0.993
==== e(   5) =     7.33383 eV ==== 
     psi = 0.132*[#   1]+0.132*[#   5]+0.095*[#   2]+0.095*[#   3]+0.095*[#   4]
          +0.095*[#   6]+0.095*[#   7]+0.095*[#   8]
    |psi|^2 = 0.834
==== e(   6) =    10.48348 eV ==== 
     psi = 0.086*[#   1]+0.086*[#   5]+0.059*[#   2]+0.059*[#   3]+0.059*[#   4]
          +0.059*[#   6]+0.059*[#   7]+0.059*[#   8]
    |psi|^2 = 0.524
==== e(   7) =    12.95234 eV ==== 
     psi = 0.124*[#   2]+0.124*[#   3]+0.124*[#   4]+0.124*[#   6]+0.124*[#   7]
          +0.124*[#   8]
    |psi|^2 = 0.742
==== e(   8) =    13.18032 eV ==== 
     psi = 0.086*[#   1]+0.086*[#   5]+0.074*[#   2]+0.074*[#   3]+0.074*[#   4]
          +0.074*[#   6]+0.074*[#   7]+0.074*[#   8]
    |psi|^2 = 0.614

 k =  -0.0000000000 -0.4714045208  0.4714045208
==== e(   1) =    -2.61124 eV ==== 
     psi = 0.329*[#   1]+0.329*[#   5]+0.056*[#   2]+0.056*[#   3]+0.056*[#   4]
          +0.056*[#   6]+0.056*[#   7]+0.056*[#   8]
    |psi|^2 = 0.996
==== e(   2) =    -0.70647 eV ==== 
     psi = 0.243*[#   1]+0.243*[#   5]+0.085*[#   2]+0.085*[#   3]+0.085*[#   4]
          +0.085*[#   6]+0.085*[#   7]+0.085*[#   8]
    |psi|^2 = 0.993
==== e(   3) =     1.69882 eV ==== 
     psi = 0.163*[#   2]+0.163*[#   3]+0.163*[#   4]+0.163*[#   6]+0.163*[#   7]
          +0.163*[#   8]+0.007*[#   1]+0.007*[#   5]
    |psi|^2 = 0.992
==== e(   4) =     3.94171 eV ==== 
     psi = 0.165*[#   2]+0.165*[#   3]+0.165*[#   4]+0.165*[#   6]+0.165*[#   7]
          +0.165*[#   8]
    |psi|^2 = 0.992
==== e(   5) =     7.60036 eV ==== 
     psi = 0.120*[#   1]+0.120*[#   5]+0.099*[#   2]+0.099*[#   3]+0.099*[#   4]
          +0.099*[#   6]+0.099*[#   7]+0.099*[#   8]
    |psi|^2 = 0.833
==== e(   6) =    11.79878 eV ==== 
     psi = 0.035*[#   1]+0.035*[#   5]+0.026*[#   2]+0.026*[#   3]+0.026*[#   4]
          +0.026*[#   6]+0.026*[#   7]+0.026*[#   8]
    |psi|^2 = 0.225
==== e(   7) =    12.41479 eV ==== 
     psi = 0.143*[#   2]+0.143*[#   3]+0.143*[#   4]+0.143*[#   6]+0.143*[#   7]
          +0.143*[#   8]
    |psi|^2 = 0.857
==== e(   8) =    12.98120 eV ==== 
     psi = 0.106*[#   1]+0.106*[#   5]+0.077*[#   2]+0.077*[#   3]+0.077*[#   4]
          +0.077*[#   6]+0.077*[#   7]+0.077*[#   8]
    |psi|^2 = 0.672

 k =   0.5656854249  0.0000000000  0.0000000000
==== e(   1) =    -3.14485 eV ==== 
     psi = 0.301*[#   1]+0.301*[#   5]+0.065*[#   2]+0.065*[#   3]+0.065*[#   4]
          +0.065*[#   6]+0.065*[#   7]+0.065*[#   8]
    |psi|^2 = 0.994
==== e(   2) =    -0.13019 eV ==== 
     psi = 0.262*[#   1]+0.262*[#   5]+0.078*[#   2]+0.078*[#   3]+0.078*[#   4]
          +0.078*[#   6]+0.078*[#   7]+0.078*[#   8]
    |psi|^2 = 0.992
==== e(   3) =     3.37061 eV ==== 
     psi = 0.166*[#   2]+0.166*[#   3]+0.166*[#   4]+0.166*[#   6]+0.166*[#   7]
          +0.166*[#   8]
    |psi|^2 = 0.994
==== e(   4) =     3.37061 eV ==== 
     psi = 0.166*[#   2]+0.166*[#   3]+0.166*[#   4]+0.166*[#   6]+0.166*[#   7]
          +0.166*[#   8]
    |psi|^2 = 0.994
==== e(   5) =     6.63034 eV ==== 
     psi = 0.173*[#   1]+0.173*[#   5]+0.093*[#   2]+0.093*[#   3]+0.093*[#   4]
          +0.093*[#   6]+0.093*[#   7]+0.093*[#   8]
    |psi|^2 = 0.906
==== e(   6) =     7.36365 eV ==== 
     psi = 0.154*[#   1]+0.154*[#   5]+0.067*[#   2]+0.067*[#   3]+0.067*[#   4]
          +0.067*[#   6]+0.067*[#   7]+0.067*[#   8]
    |psi|^2 = 0.712
==== e(   7) =    14.40936 eV ==== 
     psi = 0.124*[#   2]+0.124*[#   3]+0.124*[#   4]+0.124*[#   6]+0.124*[#   7]
          +0.124*[#   8]
    |psi|^2 = 0.745
==== e(   8) =    14.40936 eV ==== 
     psi = 0.124*[#   2]+0.124*[#   3]+0.124*[#   4]+0.124*[#   6]+0.124*[#   7]
          +0.124*[#   8]
    |psi|^2 = 0.745

 k =   0.6128258770  0.0471404521 -0.0471404521
==== e(   1) =    -2.68124 eV ==== 
     psi = 0.295*[#   1]+0.295*[#   5]+0.067*[#   2]+0.067*[#   3]+0.067*[#   4]
          +0.067*[#   6]+0.067*[#   7]+0.067*[#   8]
    |psi|^2 = 0.993
==== e(   2) =    -0.69012 eV ==== 
     psi = 0.270*[#   1]+0.270*[#   5]+0.075*[#   2]+0.075*[#   3]+0.075*[#   4]
          +0.075*[#   6]+0.075*[#   7]+0.075*[#   8]
    |psi|^2 = 0.992
==== e(   3) =     3.06160 eV ==== 
     psi = 0.164*[#   2]+0.164*[#   3]+0.164*[#   4]+0.164*[#   6]+0.164*[#   7]
          +0.164*[#   8]+0.005*[#   1]+0.005*[#   5]
    |psi|^2 = 0.994
==== e(   4) =     3.31477 eV ==== 
     psi = 0.166*[#   2]+0.166*[#   3]+0.166*[#   4]+0.166*[#   6]+0.166*[#   7]
          +0.166*[#   8]
    |psi|^2 = 0.994
==== e(   5) =     6.78675 eV ==== 
     psi = 0.167*[#   1]+0.167*[#   5]+0.090*[#   2]+0.090*[#   3]+0.090*[#   4]
          +0.090*[#   6]+0.090*[#   7]+0.090*[#   8]
    |psi|^2 = 0.874
==== e(   6) =     7.34350 eV ==== 
     psi = 0.154*[#   1]+0.154*[#   5]+0.075*[#   2]+0.075*[#   3]+0.075*[#   4]
          +0.075*[#   6]+0.075*[#   7]+0.075*[#   8]
    |psi|^2 = 0.759
==== e(   7) =    14.70220 eV ==== 
     psi = 0.115*[#   2]+0.115*[#   3]+0.115*[#   4]+0.115*[#   6]+0.115*[#   7]
          +0.115*[#   8]
    |psi|^2 = 0.691
==== e(   8) =    14.72593 eV ==== 
     psi = 0.110*[#   2]+0.110*[#   3]+0.110*[#   4]+0.110*[#   6]+0.110*[#   7]
          +0.110*[#   8]+0.015*[#   1]+0.015*[#   5]
    |psi|^2 = 0.692

 k =  -0.0471404521 -0.6128258770  0.6128258770
==== e(   1) =    -2.18281 eV ==== 
     psi = 0.294*[#   1]+0.294*[#   5]+0.068*[#   2]+0.068*[#   3]+0.068*[#   4]
          +0.068*[#   6]+0.068*[#   7]+0.068*[#   8]
    |psi|^2 = 0.994
==== e(   2) =    -1.19877 eV ==== 
     psi = 0.276*[#   1]+0.276*[#   5]+0.073*[#   2]+0.073*[#   3]+0.073*[#   4]
          +0.073*[#   6]+0.073*[#   7]+0.073*[#   8]
    |psi|^2 = 0.993
==== e(   3) =     2.52383 eV ==== 
     psi = 0.163*[#   2]+0.163*[#   3]+0.163*[#   4]+0.163*[#   6]+0.163*[#   7]
          +0.163*[#   8]+0.007*[#   1]+0.007*[#   5]
    |psi|^2 = 0.994
==== e(   4) =     3.35409 eV ==== 
     psi = 0.166*[#   2]+0.166*[#   3]+0.166*[#   4]+0.166*[#   6]+0.166*[#   7]
          +0.166*[#   8]
    |psi|^2 = 0.994
==== e(   5) =     6.92221 eV ==== 
     psi = 0.159*[#   1]+0.159*[#   5]+0.087*[#   2]+0.087*[#   3]+0.087*[#   4]
          +0.087*[#   6]+0.087*[#   7]+0.087*[#   8]
    |psi|^2 = 0.839
==== e(   6) =     8.04281 eV ==== 
     psi = 0.138*[#   1]+0.138*[#   5]+0.081*[#   2]+0.081*[#   3]+0.081*[#   4]
          +0.081*[#   6]+0.081*[#   7]+0.081*[#   8]
    |psi|^2 = 0.761
==== e(   7) =    14.53661 eV ==== 
     psi = 0.118*[#   2]+0.118*[#   3]+0.118*[#   4]+0.118*[#   6]+0.118*[#   7]
          +0.118*[#   8]
    |psi|^2 = 0.706
==== e(   8) =    14.69707 eV ==== 
     psi = 0.092*[#   2]+0.092*[#   3]+0.092*[#   4]+0.092*[#   6]+0.092*[#   7]
          +0.092*[#   8]+0.038*[#   1]+0.038*[#   5]
    |psi|^2 = 0.629

 k =   0.0000000000 -0.5656854249  0.5656854249
==== e(   1) =    -1.96958 eV ==== 
     psi = 0.313*[#   1]+0.313*[#   5]+0.062*[#   2]+0.062*[#   3]+0.062*[#   4]
          +0.062*[#   6]+0.062*[#   7]+0.062*[#   8]
    |psi|^2 = 0.995
==== e(   2) =    -1.36632 eV ==== 
     psi = 0.265*[#   1]+0.265*[#   5]+0.077*[#   2]+0.077*[#   3]+0.077*[#   4]
          +0.077*[#   6]+0.077*[#   7]+0.077*[#   8]
    |psi|^2 = 0.993
==== e(   3) =     2.04030 eV ==== 
     psi = 0.165*[#   2]+0.165*[#   3]+0.165*[#   4]+0.165*[#   6]+0.165*[#   7]
          +0.165*[#   8]+0.002*[#   1]+0.002*[#   5]
    |psi|^2 = 0.993
==== e(   4) =     3.48661 eV ==== 
     psi = 0.166*[#   2]+0.166*[#   3]+0.166*[#   4]+0.166*[#   6]+0.166*[#   7]
          +0.166*[#   8]
    |psi|^2 = 0.994
==== e(   5) =     7.07692 eV ==== 
     psi = 0.147*[#   1]+0.147*[#   5]+0.090*[#   2]+0.090*[#   3]+0.090*[#   4]
          +0.090*[#   6]+0.090*[#   7]+0.090*[#   8]
    |psi|^2 = 0.836
==== e(   6) =     9.16359 eV ==== 
     psi = 0.116*[#   1]+0.116*[#   5]+0.074*[#   2]+0.074*[#   3]+0.074*[#   4]
          +0.074*[#   6]+0.074*[#   7]+0.074*[#   8]
    |psi|^2 = 0.676
==== e(   7) =    14.00165 eV ==== 
     psi = 0.136*[#   2]+0.136*[#   3]+0.136*[#   4]+0.136*[#   6]+0.136*[#   7]
          +0.136*[#   8]
    |psi|^2 = 0.815
==== e(   8) =    14.57049 eV ==== 
     psi = 0.113*[#   2]+0.113*[#   3]+0.113*[#   4]+0.113*[#   6]+0.113*[#   7]
          +0.113*[#   8]+0.067*[#   1]+0.067*[#   5]
    |psi|^2 = 0.811

 k =   0.6599663291  0.0000000000  0.0000000000
==== e(   1) =    -2.23399 eV ==== 
     psi = 0.287*[#   1]+0.287*[#   5]+0.070*[#   2]+0.070*[#   3]+0.070*[#   4]
          +0.070*[#   6]+0.070*[#   7]+0.070*[#   8]
    |psi|^2 = 0.993
==== e(   2) =    -1.22207 eV ==== 
     psi = 0.275*[#   1]+0.275*[#   5]+0.074*[#   2]+0.074*[#   3]+0.074*[#   4]
          +0.074*[#   6]+0.074*[#   7]+0.074*[#   8]
    |psi|^2 = 0.992
==== e(   3) =     3.23278 eV ==== 
     psi = 0.166*[#   2]+0.166*[#   3]+0.166*[#   4]+0.166*[#   6]+0.166*[#   7]
          +0.166*[#   8]
    |psi|^2 = 0.995
==== e(   4) =     3.23278 eV ==== 
     psi = 0.166*[#   2]+0.166*[#   3]+0.166*[#   4]+0.166*[#   6]+0.166*[#   7]
          +0.166*[#   8]
    |psi|^2 = 0.995
==== e(   5) =     6.67108 eV ==== 
     psi = 0.174*[#   1]+0.174*[#   5]+0.086*[#   2]+0.086*[#   3]+0.086*[#   4]
          +0.086*[#   6]+0.086*[#   7]+0.086*[#   8]
    |psi|^2 = 0.866
==== e(   6) =     6.91072 eV ==== 
     psi = 0.167*[#   1]+0.167*[#   5]+0.078*[#   2]+0.078*[#   3]+0.078*[#   4]
          +0.078*[#   6]+0.078*[#   7]+0.078*[#   8]
    |psi|^2 = 0.802
==== e(   7) =    15.60048 eV ==== 
     psi = 0.132*[#   2]+0.132*[#   3]+0.132*[#   4]+0.132*[#   6]+0.132*[#   7]
          +0.132*[#   8]
    |psi|^2 = 0.793
==== e(   8) =    15.60052 eV ==== 
     psi = 0.132*[#   2]+0.132*[#   3]+0.132*[#   4]+0.132*[#   6]+0.132*[#   7]
          +0.132*[#   8]
    |psi|^2 = 0.794

 k =   0.0000000000 -0.6599663291  0.6599663291
==== e(   1) =    -1.75723 eV ==== 
     psi = 0.285*[#   1]+0.285*[#   5]+0.070*[#   2]+0.070*[#   3]+0.070*[#   4]
          +0.070*[#   6]+0.070*[#   7]+0.070*[#   8]
    |psi|^2 = 0.993
==== e(   2) =    -1.69792 eV ==== 
     psi = 0.279*[#   1]+0.279*[#   5]+0.072*[#   2]+0.072*[#   3]+0.072*[#   4]
          +0.072*[#   6]+0.072*[#   7]+0.072*[#   8]
    |psi|^2 = 0.993
==== e(   3) =     2.98247 eV ==== 
     psi = 0.164*[#   2]+0.164*[#   3]+0.164*[#   4]+0.164*[#   6]+0.164*[#   7]
          +0.164*[#   8]+0.005*[#   1]+0.005*[#   5]
    |psi|^2 = 0.994
==== e(   4) =     3.24610 eV ==== 
     psi = 0.166*[#   2]+0.166*[#   3]+0.166*[#   4]+0.166*[#   6]+0.166*[#   7]
          +0.166*[#   8]
    |psi|^2 = 0.995
==== e(   5) =     6.80021 eV ==== 
     psi = 0.168*[#   1]+0.168*[#   5]+0.083*[#   2]+0.083*[#   3]+0.083*[#   4]
          +0.083*[#   6]+0.083*[#   7]+0.083*[#   8]
    |psi|^2 = 0.837
==== e(   6) =     7.12706 eV ==== 
     psi = 0.160*[#   1]+0.160*[#   5]+0.084*[#   2]+0.084*[#   3]+0.084*[#   4]
          +0.084*[#   6]+0.084*[#   7]+0.084*[#   8]
    |psi|^2 = 0.821
==== e(   7) =    15.57161 eV ==== 
     psi = 0.144*[#   2]+0.144*[#   3]+0.144*[#   4]+0.144*[#   6]+0.144*[#   7]
          +0.144*[#   8]
    |psi|^2 = 0.864
==== e(   8) =    15.71358 eV ==== 
     psi = 0.145*[#   2]+0.145*[#   3]+0.145*[#   4]+0.145*[#   6]+0.145*[#   7]
          +0.145*[#   8]+0.013*[#   1]+0.013*[#   5]
    |psi|^2 = 0.893

 k =   0.1885618083  0.0942809042 -0.0000000000
==== e(   1) =    -5.42809 eV ==== 
     psi = 0.420*[#   1]+0.420*[#   5]+0.026*[#   2]+0.026*[#   3]+0.026*[#   4]
          +0.026*[#   6]+0.026*[#   7]+0.026*[#   8]
    |psi|^2 = 0.996
==== e(   2) =     3.95094 eV ==== 
     psi = 0.130*[#   1]+0.130*[#   5]+0.120*[#   2]+0.120*[#   3]+0.120*[#   4]
          +0.120*[#   6]+0.120*[#   7]+0.120*[#   8]
    |psi|^2 = 0.981
==== e(   3) =     4.85756 eV ==== 
     psi = 0.159*[#   2]+0.159*[#   3]+0.159*[#   4]+0.159*[#   6]+0.159*[#   7]
          +0.159*[#   8]+0.014*[#   1]+0.014*[#   5]
    |psi|^2 = 0.981
==== e(   4) =     5.54434 eV ==== 
     psi = 0.159*[#   2]+0.159*[#   3]+0.159*[#   4]+0.159*[#   6]+0.159*[#   7]
          +0.159*[#   8]+0.012*[#   1]+0.012*[#   5]
    |psi|^2 = 0.976
==== e(   5) =     8.37108 eV ==== 
     psi = 0.143*[#   2]+0.143*[#   3]+0.143*[#   4]+0.143*[#   6]+0.143*[#   7]
          +0.143*[#   8]+0.048*[#   1]+0.048*[#   5]
    |psi|^2 = 0.953
==== e(   6) =     9.26500 eV ==== 
     psi = 0.133*[#   1]+0.133*[#   5]+0.115*[#   2]+0.115*[#   3]+0.115*[#   4]
          +0.115*[#   6]+0.115*[#   7]+0.115*[#   8]
    |psi|^2 = 0.955
==== e(   7) =     9.66595 eV ==== 
     psi = 0.151*[#   2]+0.151*[#   3]+0.151*[#   4]+0.151*[#   6]+0.151*[#   7]
          +0.151*[#   8]+0.012*[#   1]+0.012*[#   5]
    |psi|^2 = 0.928
==== e(   8) =    10.88184 eV ==== 
     psi = 0.176*[#   1]+0.176*[#   5]+0.078*[#   2]+0.078*[#   3]+0.078*[#   4]
          +0.078*[#   6]+0.078*[#   7]+0.078*[#   8]
    |psi|^2 = 0.818

 k =   0.2357022604  0.1414213562 -0.0471404521
==== e(   1) =    -5.14895 eV ==== 
     psi = 0.389*[#   1]+0.389*[#   5]+0.036*[#   2]+0.036*[#   3]+0.036*[#   4]
          +0.036*[#   6]+0.036*[#   7]+0.036*[#   8]
    |psi|^2 = 0.995
==== e(   2) =     2.93914 eV ==== 
     psi = 0.149*[#   1]+0.149*[#   5]+0.115*[#   2]+0.115*[#   3]+0.115*[#   4]
          +0.115*[#   6]+0.115*[#   7]+0.115*[#   8]
    |psi|^2 = 0.985
==== e(   3) =     4.41976 eV ==== 
     psi = 0.154*[#   2]+0.154*[#   3]+0.154*[#   4]+0.154*[#   6]+0.154*[#   7]
          +0.154*[#   8]+0.030*[#   1]+0.030*[#   5]
    |psi|^2 = 0.984
==== e(   4) =     5.36558 eV ==== 
     psi = 0.159*[#   2]+0.159*[#   3]+0.159*[#   4]+0.159*[#   6]+0.159*[#   7]
          +0.159*[#   8]+0.012*[#   1]+0.012*[#   5]
    |psi|^2 = 0.980
==== e(   5) =     8.55597 eV ==== 
     psi = 0.131*[#   2]+0.131*[#   3]+0.131*[#   4]+0.131*[#   6]+0.131*[#   7]
          +0.131*[#   8]+0.075*[#   1]+0.075*[#   5]
    |psi|^2 = 0.935
==== e(   6) =     9.25722 eV ==== 
     psi = 0.130*[#   1]+0.130*[#   5]+0.115*[#   2]+0.115*[#   3]+0.115*[#   4]
          +0.115*[#   6]+0.115*[#   7]+0.115*[#   8]
    |psi|^2 = 0.950
==== e(   7) =    10.05671 eV ==== 
     psi = 0.146*[#   2]+0.146*[#   3]+0.146*[#   4]+0.146*[#   6]+0.146*[#   7]
          +0.146*[#   8]+0.013*[#   1]+0.013*[#   5]
    |psi|^2 = 0.901
==== e(   8) =    11.12115 eV ==== 
     psi = 0.093*[#   1]+0.093*[#   5]+0.056*[#   2]+0.056*[#   3]+0.056*[#   4]
          +0.056*[#   6]+0.056*[#   7]+0.056*[#   8]
    |psi|^2 = 0.520

 k =   0.2828427125  0.1885618083 -0.0942809042
==== e(   1) =    -4.76935 eV ==== 
     psi = 0.365*[#   1]+0.365*[#   5]+0.044*[#   2]+0.044*[#   3]+0.044*[#   4]
          +0.044*[#   6]+0.044*[#   7]+0.044*[#   8]
    |psi|^2 = 0.995
==== e(   2) =     1.83157 eV ==== 
     psi = 0.160*[#   1]+0.160*[#   5]+0.111*[#   2]+0.111*[#   3]+0.111*[#   4]
          +0.111*[#   6]+0.111*[#   7]+0.111*[#   8]
    |psi|^2 = 0.988
==== e(   3) =     4.14509 eV ==== 
     psi = 0.151*[#   2]+0.151*[#   3]+0.151*[#   4]+0.151*[#   6]+0.151*[#   7]
          +0.151*[#   8]+0.041*[#   1]+0.041*[#   5]
    |psi|^2 = 0.986
==== e(   4) =     5.11227 eV ==== 
     psi = 0.160*[#   2]+0.160*[#   3]+0.160*[#   4]+0.160*[#   6]+0.160*[#   7]
          +0.160*[#   8]+0.011*[#   1]+0.011*[#   5]
    |psi|^2 = 0.984
==== e(   5) =     8.58832 eV ==== 
     psi = 0.153*[#   1]+0.153*[#   5]+0.101*[#   2]+0.101*[#   3]+0.101*[#   4]
          +0.101*[#   6]+0.101*[#   7]+0.101*[#   8]
    |psi|^2 = 0.914
==== e(   6) =     9.31214 eV ==== 
     psi = 0.130*[#   2]+0.130*[#   3]+0.130*[#   4]+0.130*[#   6]+0.130*[#   7]
          +0.130*[#   8]+0.065*[#   1]+0.065*[#   5]
    |psi|^2 = 0.909
==== e(   7) =    10.25363 eV ==== 
     psi = 0.138*[#   2]+0.138*[#   3]+0.138*[#   4]+0.138*[#   6]+0.138*[#   7]
          +0.138*[#   8]+0.010*[#   1]+0.010*[#   5]
    |psi|^2 = 0.848
==== e(   8) =    11.35984 eV ==== 
     psi = 0.071*[#   1]+0.071*[#   5]+0.043*[#   2]+0.043*[#   3]+0.043*[#   4]
          +0.043*[#   6]+0.043*[#   7]+0.043*[#   8]
    |psi|^2 = 0.402

 k =   0.3299831646  0.2357022604 -0.1414213562
==== e(   1) =    -4.30879 eV ==== 
     psi = 0.352*[#   1]+0.352*[#   5]+0.049*[#   2]+0.049*[#   3]+0.049*[#   4]
          +0.049*[#   6]+0.049*[#   7]+0.049*[#   8]
    |psi|^2 = 0.995
==== e(   2) =     0.78109 eV ==== 
     psi = 0.164*[#   1]+0.164*[#   5]+0.110*[#   2]+0.110*[#   3]+0.110*[#   4]
          +0.110*[#   6]+0.110*[#   7]+0.110*[#   8]
    |psi|^2 = 0.989
==== e(   3) =     3.96870 eV ==== 
     psi = 0.148*[#   2]+0.148*[#   3]+0.148*[#   4]+0.148*[#   6]+0.148*[#   7]
          +0.148*[#   8]+0.049*[#   1]+0.049*[#   5]
    |psi|^2 = 0.988
==== e(   4) =     4.86513 eV ==== 
     psi = 0.162*[#   2]+0.162*[#   3]+0.162*[#   4]+0.162*[#   6]+0.162*[#   7]
          +0.162*[#   8]+0.008*[#   1]+0.008*[#   5]
    |psi|^2 = 0.986
==== e(   5) =     8.47779 eV ==== 
     psi = 0.204*[#   1]+0.204*[#   5]+0.083*[#   2]+0.083*[#   3]+0.083*[#   4]
          +0.083*[#   6]+0.083*[#   7]+0.083*[#   8]
    |psi|^2 = 0.905
==== e(   6) =     9.32217 eV ==== 
     psi = 0.128*[#   2]+0.128*[#   3]+0.128*[#   4]+0.128*[#   6]+0.128*[#   7]
          +0.128*[#   8]+0.026*[#   1]+0.026*[#   5]
    |psi|^2 = 0.823
==== e(   7) =    10.22997 eV ==== 
     psi = 0.129*[#   2]+0.129*[#   3]+0.129*[#   4]+0.129*[#   6]+0.129*[#   7]
          +0.129*[#   8]+0.012*[#   1]+0.012*[#   5]
    |psi|^2 = 0.800
==== e(   8) =    11.97657 eV ==== 
     psi = 0.063*[#   1]+0.063*[#   5]+0.045*[#   2]+0.045*[#   3]+0.045*[#   4]
          +0.045*[#   6]+0.045*[#   7]+0.045*[#   8]
    |psi|^2 = 0.396

 k =   0.3771236166  0.2828427125 -0.1885618083
==== e(   1) =    -3.81732 eV ==== 
     psi = 0.353*[#   1]+0.353*[#   5]+0.048*[#   2]+0.048*[#   3]+0.048*[#   4]
          +0.048*[#   6]+0.048*[#   7]+0.048*[#   8]
    |psi|^2 = 0.995
==== e(   2) =    -0.11777 eV ==== 
     psi = 0.156*[#   1]+0.156*[#   5]+0.113*[#   2]+0.113*[#   3]+0.113*[#   4]
          +0.113*[#   6]+0.113*[#   7]+0.113*[#   8]
    |psi|^2 = 0.989
==== e(   3) =     3.86767 eV ==== 
     psi = 0.146*[#   2]+0.146*[#   3]+0.146*[#   4]+0.146*[#   6]+0.146*[#   7]
          +0.146*[#   8]+0.056*[#   1]+0.056*[#   5]
    |psi|^2 = 0.989
==== e(   4) =     4.67221 eV ==== 
     psi = 0.163*[#   2]+0.163*[#   3]+0.163*[#   4]+0.163*[#   6]+0.163*[#   7]
          +0.163*[#   8]+0.004*[#   1]+0.004*[#   5]
    |psi|^2 = 0.988
==== e(   5) =     8.37023 eV ==== 
     psi = 0.231*[#   1]+0.231*[#   5]+0.073*[#   2]+0.073*[#   3]+0.073*[#   4]
          +0.073*[#   6]+0.073*[#   7]+0.073*[#   8]
    |psi|^2 = 0.900
==== e(   6) =     9.25277 eV ==== 
     psi = 0.124*[#   2]+0.124*[#   3]+0.124*[#   4]+0.124*[#   6]+0.124*[#   7]
          +0.124*[#   8]+0.012*[#   1]+0.012*[#   5]
    |psi|^2 = 0.769
==== e(   7) =    10.13286 eV ==== 
     psi = 0.123*[#   2]+0.123*[#   3]+0.123*[#   4]+0.123*[#   6]+0.123*[#   7]
          +0.123*[#   8]+0.015*[#   1]+0.015*[#   5]
    |psi|^2 = 0.769
==== e(   8) =    12.89152 eV ==== 
     psi = 0.054*[#   1]+0.054*[#   5]+0.047*[#   2]+0.047*[#   3]+0.047*[#   4]
          +0.047*[#   6]+0.047*[#   7]+0.047*[#   8]
    |psi|^2 = 0.392

 k =  -0.2828427125 -0.3771236166  0.4714045208
==== e(   1) =    -3.43714 eV ==== 
     psi = 0.368*[#   1]+0.368*[#   5]+0.043*[#   2]+0.043*[#   3]+0.043*[#   4]
          +0.043*[#   6]+0.043*[#   7]+0.043*[#   8]
    |psi|^2 = 0.996
==== e(   2) =    -0.70504 eV ==== 
     psi = 0.138*[#   1]+0.138*[#   5]+0.119*[#   2]+0.119*[#   3]+0.119*[#   4]
          +0.119*[#   6]+0.119*[#   7]+0.119*[#   8]
    |psi|^2 = 0.988
==== e(   3) =     3.82417 eV ==== 
     psi = 0.145*[#   2]+0.145*[#   3]+0.145*[#   4]+0.145*[#   6]+0.145*[#   7]
          +0.145*[#   8]+0.060*[#   1]+0.060*[#   5]
    |psi|^2 = 0.990
==== e(   4) =     4.56567 eV ==== 
     psi = 0.164*[#   2]+0.164*[#   3]+0.164*[#   4]+0.164*[#   6]+0.164*[#   7]
          +0.164*[#   8]
    |psi|^2 = 0.988
==== e(   5) =     8.31116 eV ==== 
     psi = 0.244*[#   1]+0.244*[#   5]+0.068*[#   2]+0.068*[#   3]+0.068*[#   4]
          +0.068*[#   6]+0.068*[#   7]+0.068*[#   8]
    |psi|^2 = 0.897
==== e(   6) =     9.19584 eV ==== 
     psi = 0.123*[#   2]+0.123*[#   3]+0.123*[#   4]+0.123*[#   6]+0.123*[#   7]
          +0.123*[#   8]+0.006*[#   1]+0.006*[#   5]
    |psi|^2 = 0.750
==== e(   7) =    10.06286 eV ==== 
     psi = 0.120*[#   2]+0.120*[#   3]+0.120*[#   4]+0.120*[#   6]+0.120*[#   7]
          +0.120*[#   8]+0.017*[#   1]+0.017*[#   5]
    |psi|^2 = 0.755
==== e(   8) =    13.84667 eV ==== 
     psi = 0.049*[#   1]+0.049*[#   5]+0.048*[#   2]+0.048*[#   3]+0.048*[#   4]
          +0.048*[#   6]+0.048*[#   7]+0.048*[#   8]
    |psi|^2 = 0.384

 k =   0.2828427125  0.0942809042  0.0000000000
==== e(   1) =    -5.05244 eV ==== 
     psi = 0.378*[#   1]+0.378*[#   5]+0.040*[#   2]+0.040*[#   3]+0.040*[#   4]
          +0.040*[#   6]+0.040*[#   7]+0.040*[#   8]
    |psi|^2 = 0.995
==== e(   2) =     2.98427 eV ==== 
     psi = 0.175*[#   1]+0.175*[#   5]+0.106*[#   2]+0.106*[#   3]+0.106*[#   4]
          +0.106*[#   6]+0.106*[#   7]+0.106*[#   8]
    |psi|^2 = 0.985
==== e(   3) =     4.26221 eV ==== 
     psi = 0.159*[#   2]+0.159*[#   3]+0.159*[#   4]+0.159*[#   6]+0.159*[#   7]
          +0.159*[#   8]+0.017*[#   1]+0.017*[#   5]
    |psi|^2 = 0.987
==== e(   4) =     4.85147 eV ==== 
     psi = 0.159*[#   2]+0.159*[#   3]+0.159*[#   4]+0.159*[#   6]+0.159*[#   7]
          +0.159*[#   8]+0.014*[#   1]+0.014*[#   5]
    |psi|^2 = 0.984
==== e(   5) =     7.91111 eV ==== 
     psi = 0.129*[#   2]+0.129*[#   3]+0.129*[#   4]+0.129*[#   6]+0.129*[#   7]
          +0.129*[#   8]+0.088*[#   1]+0.088*[#   5]
    |psi|^2 = 0.946
==== e(   6) =     9.87643 eV ==== 
     psi = 0.180*[#   1]+0.180*[#   5]+0.073*[#   2]+0.073*[#   3]+0.073*[#   4]
          +0.073*[#   6]+0.073*[#   7]+0.073*[#   8]
    |psi|^2 = 0.794
==== e(   7) =    10.54782 eV ==== 
     psi = 0.099*[#   2]+0.099*[#   3]+0.099*[#   4]+0.099*[#   6]+0.099*[#   7]
          +0.099*[#   8]+0.004*[#   1]+0.004*[#   5]
    |psi|^2 = 0.605
==== e(   8) =    10.74858 eV ==== 
     psi = 0.147*[#   2]+0.147*[#   3]+0.147*[#   4]+0.147*[#   6]+0.147*[#   7]
          +0.147*[#   8]+0.007*[#   1]+0.007*[#   5]
    |psi|^2 = 0.894

 k =   0.3299831646  0.1414213562 -0.0471404521
==== e(   1) =    -4.70572 eV ==== 
     psi = 0.357*[#   1]+0.357*[#   5]+0.047*[#   2]+0.047*[#   3]+0.047*[#   4]
          +0.047*[#   6]+0.047*[#   7]+0.047*[#   8]
    |psi|^2 = 0.995
==== e(   2) =     2.07516 eV ==== 
     psi = 0.184*[#   1]+0.184*[#   5]+0.103*[#   2]+0.103*[#   3]+0.103*[#   4]
          +0.103*[#   6]+0.103*[#   7]+0.103*[#   8]
    |psi|^2 = 0.988
==== e(   3) =     3.82335 eV ==== 
     psi = 0.153*[#   2]+0.153*[#   3]+0.153*[#   4]+0.153*[#   6]+0.153*[#   7]
          +0.153*[#   8]+0.035*[#   1]+0.035*[#   5]
    |psi|^2 = 0.988
==== e(   4) =     4.65111 eV ==== 
     psi = 0.160*[#   2]+0.160*[#   3]+0.160*[#   4]+0.160*[#   6]+0.160*[#   7]
          +0.160*[#   8]+0.013*[#   1]+0.013*[#   5]
    |psi|^2 = 0.987
==== e(   5) =     8.14414 eV ==== 
     psi = 0.123*[#   2]+0.123*[#   3]+0.123*[#   4]+0.123*[#   6]+0.123*[#   7]
          +0.123*[#   8]+0.091*[#   1]+0.091*[#   5]
    |psi|^2 = 0.922
==== e(   6) =     9.86513 eV ==== 
     psi = 0.178*[#   1]+0.178*[#   5]+0.073*[#   2]+0.073*[#   3]+0.073*[#   4]
          +0.073*[#   6]+0.073*[#   7]+0.073*[#   8]
    |psi|^2 = 0.792
==== e(   7) =    10.40133 eV ==== 
     psi = 0.089*[#   2]+0.089*[#   3]+0.089*[#   4]+0.089*[#   6]+0.089*[#   7]
          +0.089*[#   8]+0.003*[#   1]+0.003*[#   5]
    |psi|^2 = 0.543
==== e(   8) =    11.11910 eV ==== 
     psi = 0.137*[#   2]+0.137*[#   3]+0.137*[#   4]+0.137*[#   6]+0.137*[#   7]
          +0.137*[#   8]+0.010*[#   1]+0.010*[#   5]
    |psi|^2 = 0.843

 k =   0.3771236166  0.1885618083 -0.0942809042
==== e(   1) =    -4.26959 eV ==== 
     psi = 0.342*[#   1]+0.342*[#   5]+0.052*[#   2]+0.052*[#   3]+0.052*[#   4]
          +0.052*[#   6]+0.052*[#   7]+0.052*[#   8]
    |psi|^2 = 0.995
==== e(   2) =     1.09649 eV ==== 
     psi = 0.186*[#   1]+0.186*[#   5]+0.103*[#   2]+0.103*[#   3]+0.103*[#   4]
          +0.103*[#   6]+0.103*[#   7]+0.103*[#   8]
    |psi|^2 = 0.990
==== e(   3) =     3.52674 eV ==== 
     psi = 0.148*[#   2]+0.148*[#   3]+0.148*[#   4]+0.148*[#   6]+0.148*[#   7]
          +0.148*[#   8]+0.052*[#   1]+0.052*[#   5]
    |psi|^2 = 0.990
==== e(   4) =     4.41845 eV ==== 
     psi = 0.162*[#   2]+0.162*[#   3]+0.162*[#   4]+0.162*[#   6]+0.162*[#   7]
          +0.162*[#   8]+0.009*[#   1]+0.009*[#   5]
    |psi|^2 = 0.988
==== e(   5) =     8.29656 eV ==== 
     psi = 0.109*[#   2]+0.109*[#   3]+0.109*[#   4]+0.109*[#   6]+0.109*[#   7]
          +0.109*[#   8]+0.109*[#   1]+0.109*[#   5]
    |psi|^2 = 0.872
==== e(   6) =     9.98071 eV ==== 
     psi = 0.113*[#   2]+0.113*[#   3]+0.113*[#   4]+0.113*[#   6]+0.113*[#   7]
          +0.113*[#   8]+0.109*[#   1]+0.109*[#   5]
    |psi|^2 = 0.895
==== e(   7) =    10.48913 eV ==== 
     psi = 0.062*[#   1]+0.062*[#   5]+0.055*[#   2]+0.055*[#   3]+0.055*[#   4]
          +0.055*[#   6]+0.055*[#   7]+0.055*[#   8]
    |psi|^2 = 0.456
==== e(   8) =    11.22132 eV ==== 
     psi = 0.120*[#   2]+0.120*[#   3]+0.120*[#   4]+0.120*[#   6]+0.120*[#   7]
          +0.120*[#   8]+0.015*[#   1]+0.015*[#   5]
    |psi|^2 = 0.751

 k =   0.4242640687  0.2357022604 -0.1414213562
==== e(   1) =    -3.77908 eV ==== 
     psi = 0.339*[#   1]+0.339*[#   5]+0.053*[#   2]+0.053*[#   3]+0.053*[#   4]
          +0.053*[#   6]+0.053*[#   7]+0.053*[#   8]
    |psi|^2 = 0.995
==== e(   2) =     0.18848 eV ==== 
     psi = 0.180*[#   1]+0.180*[#   5]+0.105*[#   2]+0.105*[#   3]+0.105*[#   4]
          +0.105*[#   6]+0.105*[#   7]+0.105*[#   8]
    |psi|^2 = 0.990
==== e(   3) =     3.30756 eV ==== 
     psi = 0.144*[#   2]+0.144*[#   3]+0.144*[#   4]+0.144*[#   6]+0.144*[#   7]
          +0.144*[#   8]+0.063*[#   1]+0.063*[#   5]
    |psi|^2 = 0.991
==== e(   4) =     4.25066 eV ==== 
     psi = 0.164*[#   2]+0.164*[#   3]+0.164*[#   4]+0.164*[#   6]+0.164*[#   7]
          +0.164*[#   8]+0.004*[#   1]+0.004*[#   5]
    |psi|^2 = 0.989
==== e(   5) =     8.33036 eV ==== 
     psi = 0.125*[#   1]+0.125*[#   5]+0.098*[#   2]+0.098*[#   3]+0.098*[#   4]
          +0.098*[#   6]+0.098*[#   7]+0.098*[#   8]
    |psi|^2 = 0.840
==== e(   6) =     9.80274 eV ==== 
     psi = 0.108*[#   2]+0.108*[#   3]+0.108*[#   4]+0.108*[#   6]+0.108*[#   7]
          +0.108*[#   8]+0.074*[#   1]+0.074*[#   5]
    |psi|^2 = 0.795
==== e(   7) =    11.09751 eV ==== 
     psi = 0.120*[#   2]+0.120*[#   3]+0.120*[#   4]+0.120*[#   6]+0.120*[#   7]
          +0.120*[#   8]+0.045*[#   1]+0.045*[#   5]
    |psi|^2 = 0.807
==== e(   8) =    11.35061 eV ==== 
     psi = 0.060*[#   1]+0.060*[#   5]+0.051*[#   2]+0.051*[#   3]+0.051*[#   4]
          +0.051*[#   6]+0.051*[#   7]+0.051*[#   8]
    |psi|^2 = 0.424

 k =  -0.2357022604 -0.4242640687  0.5185449729
==== e(   1) =    -3.33406 eV ==== 
     psi = 0.350*[#   1]+0.350*[#   5]+0.049*[#   2]+0.049*[#   3]+0.049*[#   4]
          +0.049*[#   6]+0.049*[#   7]+0.049*[#   8]
    |psi|^2 = 0.996
==== e(   2) =    -0.50430 eV ==== 
     psi = 0.165*[#   1]+0.165*[#   5]+0.110*[#   2]+0.110*[#   3]+0.110*[#   4]
          +0.110*[#   6]+0.110*[#   7]+0.110*[#   8]
    |psi|^2 = 0.989
==== e(   3) =     3.13998 eV ==== 
     psi = 0.143*[#   2]+0.143*[#   3]+0.143*[#   4]+0.143*[#   6]+0.143*[#   7]
          +0.143*[#   8]+0.067*[#   1]+0.067*[#   5]
    |psi|^2 = 0.991
==== e(   4) =     4.19323 eV ==== 
     psi = 0.165*[#   2]+0.165*[#   3]+0.165*[#   4]+0.165*[#   6]+0.165*[#   7]
          +0.165*[#   8]
    |psi|^2 = 0.989
==== e(   5) =     8.37212 eV ==== 
     psi = 0.134*[#   1]+0.134*[#   5]+0.094*[#   2]+0.094*[#   3]+0.094*[#   4]
          +0.094*[#   6]+0.094*[#   7]+0.094*[#   8]
    |psi|^2 = 0.833
==== e(   6) =     9.61514 eV ==== 
     psi = 0.105*[#   2]+0.105*[#   3]+0.105*[#   4]+0.105*[#   6]+0.105*[#   7]
          +0.105*[#   8]+0.069*[#   1]+0.069*[#   5]
    |psi|^2 = 0.767
==== e(   7) =    11.02398 eV ==== 
     psi = 0.111*[#   2]+0.111*[#   3]+0.111*[#   4]+0.111*[#   6]+0.111*[#   7]
          +0.111*[#   8]+0.032*[#   1]+0.032*[#   5]
    |psi|^2 = 0.733
==== e(   8) =    12.42110 eV ==== 
     psi = 0.065*[#   1]+0.065*[#   5]+0.051*[#   2]+0.051*[#   3]+0.051*[#   4]
          +0.051*[#   6]+0.051*[#   7]+0.051*[#   8]
    |psi|^2 = 0.435

 k =  -0.1885618083 -0.3771236166  0.4714045208
==== e(   1) =    -3.18330 eV ==== 
     psi = 0.358*[#   1]+0.358*[#   5]+0.047*[#   2]+0.047*[#   3]+0.047*[#   4]
          +0.047*[#   6]+0.047*[#   7]+0.047*[#   8]
    |psi|^2 = 0.996
==== e(   2) =    -0.71551 eV ==== 
     psi = 0.155*[#   1]+0.155*[#   5]+0.113*[#   2]+0.113*[#   3]+0.113*[#   4]
          +0.113*[#   6]+0.113*[#   7]+0.113*[#   8]
    |psi|^2 = 0.989
==== e(   3) =     3.02710 eV ==== 
     psi = 0.143*[#   2]+0.143*[#   3]+0.143*[#   4]+0.143*[#   6]+0.143*[#   7]
          +0.143*[#   8]+0.067*[#   1]+0.067*[#   5]
    |psi|^2 = 0.992
==== e(   4) =     4.25311 eV ==== 
     psi = 0.164*[#   2]+0.164*[#   3]+0.164*[#   4]+0.164*[#   6]+0.164*[#   7]
          +0.164*[#   8]+0.001*[#   1]+0.001*[#   5]
    |psi|^2 = 0.989
==== e(   5) =     8.47749 eV ==== 
     psi = 0.141*[#   1]+0.141*[#   5]+0.093*[#   2]+0.093*[#   3]+0.093*[#   4]
          +0.093*[#   6]+0.093*[#   7]+0.093*[#   8]
    |psi|^2 = 0.840
==== e(   6) =     9.48432 eV ==== 
     psi = 0.105*[#   2]+0.105*[#   3]+0.105*[#   4]+0.105*[#   6]+0.105*[#   7]
          +0.105*[#   8]+0.062*[#   1]+0.062*[#   5]
    |psi|^2 = 0.755
==== e(   7) =    10.95212 eV ==== 
     psi = 0.109*[#   2]+0.109*[#   3]+0.109*[#   4]+0.109*[#   6]+0.109*[#   7]
          +0.109*[#   8]+0.036*[#   1]+0.036*[#   5]
    |psi|^2 = 0.725
==== e(   8) =    13.64630 eV ==== 
     psi = 0.049*[#   1]+0.049*[#   5]+0.042*[#   2]+0.042*[#   3]+0.042*[#   4]
          +0.042*[#   6]+0.042*[#   7]+0.042*[#   8]
    |psi|^2 = 0.349

 k =  -0.1414213562 -0.3299831646  0.4242640687
==== e(   1) =    -3.47305 eV ==== 
     psi = 0.346*[#   1]+0.346*[#   5]+0.051*[#   2]+0.051*[#   3]+0.051*[#   4]
          +0.051*[#   6]+0.051*[#   7]+0.051*[#   8]
    |psi|^2 = 0.996
==== e(   2) =    -0.29625 eV ==== 
     psi = 0.170*[#   1]+0.170*[#   5]+0.108*[#   2]+0.108*[#   3]+0.108*[#   4]
          +0.108*[#   6]+0.108*[#   7]+0.108*[#   8]
    |psi|^2 = 0.990
==== e(   3) =     2.98727 eV ==== 
     psi = 0.144*[#   2]+0.144*[#   3]+0.144*[#   4]+0.144*[#   6]+0.144*[#   7]
          +0.144*[#   8]+0.063*[#   1]+0.063*[#   5]
    |psi|^2 = 0.991
==== e(   4) =     4.41557 eV ==== 
     psi = 0.164*[#   2]+0.164*[#   3]+0.164*[#   4]+0.164*[#   6]+0.164*[#   7]
          +0.164*[#   8]+0.003*[#   1]+0.003*[#   5]
    |psi|^2 = 0.989
==== e(   5) =     8.64992 eV ==== 
     psi = 0.148*[#   1]+0.148*[#   5]+0.093*[#   2]+0.093*[#   3]+0.093*[#   4]
          +0.093*[#   6]+0.093*[#   7]+0.093*[#   8]
    |psi|^2 = 0.855
==== e(   6) =     9.42265 eV ==== 
     psi = 0.109*[#   2]+0.109*[#   3]+0.109*[#   4]+0.109*[#   6]+0.109*[#   7]
          +0.109*[#   8]+0.048*[#   1]+0.048*[#   5]
    |psi|^2 = 0.753
==== e(   7) =    10.92123 eV ==== 
     psi = 0.112*[#   2]+0.112*[#   3]+0.112*[#   4]+0.112*[#   6]+0.112*[#   7]
          +0.112*[#   8]+0.039*[#   1]+0.039*[#   5]
    |psi|^2 = 0.748
==== e(   8) =    12.76504 eV ==== 
     psi = 0.057*[#   1]+0.057*[#   5]+0.045*[#   2]+0.045*[#   3]+0.045*[#   4]
          +0.045*[#   6]+0.045*[#   7]+0.045*[#   8]
    |psi|^2 = 0.386

 k =  -0.0942809042 -0.2828427125  0.3771236166
==== e(   1) =    -3.95276 eV ==== 
     psi = 0.341*[#   1]+0.341*[#   5]+0.052*[#   2]+0.052*[#   3]+0.052*[#   4]
          +0.052*[#   6]+0.052*[#   7]+0.052*[#   8]
    |psi|^2 = 0.995
==== e(   2) =     0.49073 eV ==== 
     psi = 0.182*[#   1]+0.182*[#   5]+0.105*[#   2]+0.105*[#   3]+0.105*[#   4]
          +0.105*[#   6]+0.105*[#   7]+0.105*[#   8]
    |psi|^2 = 0.990
==== e(   3) =     3.04534 eV ==== 
     psi = 0.146*[#   2]+0.146*[#   3]+0.146*[#   4]+0.146*[#   6]+0.146*[#   7]
          +0.146*[#   8]+0.057*[#   1]+0.057*[#   5]
    |psi|^2 = 0.991
==== e(   4) =     4.65609 eV ==== 
     psi = 0.163*[#   2]+0.163*[#   3]+0.163*[#   4]+0.163*[#   6]+0.163*[#   7]
          +0.163*[#   8]+0.005*[#   1]+0.005*[#   5]
    |psi|^2 = 0.988
==== e(   5) =     8.86311 eV ==== 
     psi = 0.154*[#   1]+0.154*[#   5]+0.095*[#   2]+0.095*[#   3]+0.095*[#   4]
          +0.095*[#   6]+0.095*[#   7]+0.095*[#   8]
    |psi|^2 = 0.878
==== e(   6) =     9.40609 eV ==== 
     psi = 0.120*[#   2]+0.120*[#   3]+0.120*[#   4]+0.120*[#   6]+0.120*[#   7]
          +0.120*[#   8]+0.031*[#   1]+0.031*[#   5]
    |psi|^2 = 0.780
==== e(   7) =    10.89388 eV ==== 
     psi = 0.120*[#   2]+0.120*[#   3]+0.120*[#   4]+0.120*[#   6]+0.120*[#   7]
          +0.120*[#   8]+0.041*[#   1]+0.041*[#   5]
    |psi|^2 = 0.800
==== e(   8) =    11.76485 eV ==== 
     psi = 0.068*[#   1]+0.068*[#   5]+0.045*[#   2]+0.045*[#   3]+0.045*[#   4]
          +0.045*[#   6]+0.045*[#   7]+0.045*[#   8]
    |psi|^2 = 0.407

 k =  -0.0471404521 -0.2357022604  0.3299831646
==== e(   1) =    -4.43025 eV ==== 
     psi = 0.349*[#   1]+0.349*[#   5]+0.050*[#   2]+0.050*[#   3]+0.050*[#   4]
          +0.050*[#   6]+0.050*[#   7]+0.050*[#   8]
    |psi|^2 = 0.995
==== e(   2) =     1.41206 eV ==== 
     psi = 0.184*[#   1]+0.184*[#   5]+0.104*[#   2]+0.104*[#   3]+0.104*[#   4]
          +0.104*[#   6]+0.104*[#   7]+0.104*[#   8]
    |psi|^2 = 0.990
==== e(   3) =     3.24184 eV ==== 
     psi = 0.149*[#   2]+0.149*[#   3]+0.149*[#   4]+0.149*[#   6]+0.149*[#   7]
          +0.149*[#   8]+0.047*[#   1]+0.047*[#   5]
    |psi|^2 = 0.989
==== e(   4) =     4.93953 eV ==== 
     psi = 0.162*[#   2]+0.162*[#   3]+0.162*[#   4]+0.162*[#   6]+0.162*[#   7]
          +0.162*[#   8]+0.006*[#   1]+0.006*[#   5]
    |psi|^2 = 0.986
==== e(   5) =     9.04821 eV ==== 
     psi = 0.134*[#   1]+0.134*[#   5]+0.106*[#   2]+0.106*[#   3]+0.106*[#   4]
          +0.106*[#   6]+0.106*[#   7]+0.106*[#   8]
    |psi|^2 = 0.902
==== e(   6) =     9.33279 eV ==== 
     psi = 0.129*[#   2]+0.129*[#   3]+0.129*[#   4]+0.129*[#   6]+0.129*[#   7]
          +0.129*[#   8]+0.046*[#   1]+0.046*[#   5]
    |psi|^2 = 0.866
==== e(   7) =    10.78084 eV ==== 
     psi = 0.120*[#   2]+0.120*[#   3]+0.120*[#   4]+0.120*[#   6]+0.120*[#   7]
          +0.120*[#   8]+0.042*[#   1]+0.042*[#   5]
    |psi|^2 = 0.806
==== e(   8) =    11.09914 eV ==== 
     psi = 0.070*[#   1]+0.070*[#   5]+0.051*[#   2]+0.051*[#   3]+0.051*[#   4]
          +0.051*[#   6]+0.051*[#   7]+0.051*[#   8]
    |psi|^2 = 0.448

 k =   0.0000000000 -0.1885618083  0.2828427125
==== e(   1) =    -4.83738 eV ==== 
     psi = 0.366*[#   1]+0.366*[#   5]+0.044*[#   2]+0.044*[#   3]+0.044*[#   4]
          +0.044*[#   6]+0.044*[#   7]+0.044*[#   8]
    |psi|^2 = 0.995
==== e(   2) =     2.28695 eV ==== 
     psi = 0.175*[#   1]+0.175*[#   5]+0.106*[#   2]+0.106*[#   3]+0.106*[#   4]
          +0.106*[#   6]+0.106*[#   7]+0.106*[#   8]
    |psi|^2 = 0.988
==== e(   3) =     3.66953 eV ==== 
     psi = 0.152*[#   2]+0.152*[#   3]+0.152*[#   4]+0.152*[#   6]+0.152*[#   7]
          +0.152*[#   8]+0.037*[#   1]+0.037*[#   5]
    |psi|^2 = 0.988
==== e(   4) =     5.20780 eV ==== 
     psi = 0.161*[#   2]+0.161*[#   3]+0.161*[#   4]+0.161*[#   6]+0.161*[#   7]
          +0.161*[#   8]+0.008*[#   1]+0.008*[#   5]
    |psi|^2 = 0.983
==== e(   5) =     8.88613 eV ==== 
     psi = 0.136*[#   2]+0.136*[#   3]+0.136*[#   4]+0.136*[#   6]+0.136*[#   7]
          +0.136*[#   8]+0.055*[#   1]+0.055*[#   5]
    |psi|^2 = 0.923
==== e(   6) =     9.31638 eV ==== 
     psi = 0.139*[#   1]+0.139*[#   5]+0.108*[#   2]+0.108*[#   3]+0.108*[#   4]
          +0.108*[#   6]+0.108*[#   7]+0.108*[#   8]
    |psi|^2 = 0.928
==== e(   7) =    10.48502 eV ==== 
     psi = 0.137*[#   2]+0.137*[#   3]+0.137*[#   4]+0.137*[#   6]+0.137*[#   7]
          +0.137*[#   8]+0.027*[#   1]+0.027*[#   5]
    |psi|^2 = 0.876
==== e(   8) =    10.91266 eV ==== 
     psi = 0.074*[#   1]+0.074*[#   5]+0.047*[#   2]+0.047*[#   3]+0.047*[#   4]
          +0.047*[#   6]+0.047*[#   7]+0.047*[#   8]
    |psi|^2 = 0.430

 k =   0.3771236166  0.0942809042  0.0000000000
==== e(   1) =    -4.53277 eV ==== 
     psi = 0.344*[#   1]+0.344*[#   5]+0.051*[#   2]+0.051*[#   3]+0.051*[#   4]
          +0.051*[#   6]+0.051*[#   7]+0.051*[#   8]
    |psi|^2 = 0.995
==== e(   2) =     1.96629 eV ==== 
     psi = 0.215*[#   1]+0.215*[#   5]+0.093*[#   2]+0.093*[#   3]+0.093*[#   4]
          +0.093*[#   6]+0.093*[#   7]+0.093*[#   8]
    |psi|^2 = 0.988
==== e(   3) =     3.75188 eV ==== 
     psi = 0.159*[#   2]+0.159*[#   3]+0.159*[#   4]+0.159*[#   6]+0.159*[#   7]
          +0.159*[#   8]+0.017*[#   1]+0.017*[#   5]
    |psi|^2 = 0.990
==== e(   4) =     4.18245 eV ==== 
     psi = 0.163*[#   2]+0.163*[#   3]+0.163*[#   4]+0.163*[#   6]+0.163*[#   7]
          +0.163*[#   8]+0.007*[#   1]+0.007*[#   5]
    |psi|^2 = 0.990
==== e(   5) =     7.50183 eV ==== 
     psi = 0.120*[#   1]+0.120*[#   5]+0.116*[#   2]+0.116*[#   3]+0.116*[#   4]
          +0.116*[#   6]+0.116*[#   7]+0.116*[#   8]
    |psi|^2 = 0.936
==== e(   6) =     9.17130 eV ==== 
     psi = 0.131*[#   1]+0.131*[#   5]+0.045*[#   2]+0.045*[#   3]+0.045*[#   4]
          +0.045*[#   6]+0.045*[#   7]+0.045*[#   8]
    |psi|^2 = 0.533
==== e(   7) =    11.29013 eV ==== 
     psi = 0.125*[#   2]+0.125*[#   3]+0.125*[#   4]+0.125*[#   6]+0.125*[#   7]
          +0.125*[#   8]+0.028*[#   1]+0.028*[#   5]
    |psi|^2 = 0.804
==== e(   8) =    11.92532 eV ==== 
     psi = 0.140*[#   2]+0.140*[#   3]+0.140*[#   4]+0.140*[#   6]+0.140*[#   7]
          +0.140*[#   8]+0.005*[#   1]+0.005*[#   5]
    |psi|^2 = 0.847

 k =   0.4242640687  0.1414213562 -0.0471404521
==== e(   1) =    -4.12490 eV ==== 
     psi = 0.331*[#   1]+0.331*[#   5]+0.055*[#   2]+0.055*[#   3]+0.055*[#   4]
          +0.055*[#   6]+0.055*[#   7]+0.055*[#   8]
    |psi|^2 = 0.995
==== e(   2) =     1.18580 eV ==== 
     psi = 0.221*[#   1]+0.221*[#   5]+0.091*[#   2]+0.091*[#   3]+0.091*[#   4]
          +0.091*[#   6]+0.091*[#   7]+0.091*[#   8]
    |psi|^2 = 0.990
==== e(   3) =     3.30278 eV ==== 
     psi = 0.155*[#   2]+0.155*[#   3]+0.155*[#   4]+0.155*[#   6]+0.155*[#   7]
          +0.155*[#   8]+0.032*[#   1]+0.032*[#   5]
    |psi|^2 = 0.991
==== e(   4) =     3.97695 eV ==== 
     psi = 0.164*[#   2]+0.164*[#   3]+0.164*[#   4]+0.164*[#   6]+0.164*[#   7]
          +0.164*[#   8]+0.005*[#   1]+0.005*[#   5]
    |psi|^2 = 0.990
==== e(   5) =     7.76585 eV ==== 
     psi = 0.116*[#   1]+0.116*[#   5]+0.112*[#   2]+0.112*[#   3]+0.112*[#   4]
          +0.112*[#   6]+0.112*[#   7]+0.112*[#   8]
    |psi|^2 = 0.901
==== e(   6) =     9.22311 eV ==== 
     psi = 0.122*[#   1]+0.122*[#   5]+0.052*[#   2]+0.052*[#   3]+0.052*[#   4]
          +0.052*[#   6]+0.052*[#   7]+0.052*[#   8]
    |psi|^2 = 0.556
==== e(   7) =    11.13821 eV ==== 
     psi = 0.115*[#   2]+0.115*[#   3]+0.115*[#   4]+0.115*[#   6]+0.115*[#   7]
          +0.115*[#   8]+0.047*[#   1]+0.047*[#   5]
    |psi|^2 = 0.782
==== e(   8) =    12.27353 eV ==== 
     psi = 0.127*[#   2]+0.127*[#   3]+0.127*[#   4]+0.127*[#   6]+0.127*[#   7]
          +0.127*[#   8]+0.011*[#   1]+0.011*[#   5]
    |psi|^2 = 0.783

 k =   0.4714045208  0.1885618083 -0.0942809042
==== e(   1) =    -3.64636 eV ==== 
     psi = 0.325*[#   1]+0.325*[#   5]+0.057*[#   2]+0.057*[#   3]+0.057*[#   4]
          +0.057*[#   6]+0.057*[#   7]+0.057*[#   8]
    |psi|^2 = 0.995
==== e(   2) =     0.37545 eV ==== 
     psi = 0.219*[#   1]+0.219*[#   5]+0.092*[#   2]+0.092*[#   3]+0.092*[#   4]
          +0.092*[#   6]+0.092*[#   7]+0.092*[#   8]
    |psi|^2 = 0.991
==== e(   3) =     2.91210 eV ==== 
     psi = 0.151*[#   2]+0.151*[#   3]+0.151*[#   4]+0.151*[#   6]+0.151*[#   7]
          +0.151*[#   8]+0.044*[#   1]+0.044*[#   5]
    |psi|^2 = 0.992
==== e(   4) =     3.82860 eV ==== 
     psi = 0.165*[#   2]+0.165*[#   3]+0.165*[#   4]+0.165*[#   6]+0.165*[#   7]
          +0.165*[#   8]+0.002*[#   1]+0.002*[#   5]
    |psi|^2 = 0.991
==== e(   5) =     7.90961 eV ==== 
     psi = 0.118*[#   1]+0.118*[#   5]+0.101*[#   2]+0.101*[#   3]+0.101*[#   4]
          +0.101*[#   6]+0.101*[#   7]+0.101*[#   8]
    |psi|^2 = 0.843
==== e(   6) =     9.84340 eV ==== 
     psi = 0.099*[#   1]+0.099*[#   5]+0.062*[#   2]+0.062*[#   3]+0.062*[#   4]
          +0.062*[#   6]+0.062*[#   7]+0.062*[#   8]
    |psi|^2 = 0.566
==== e(   7) =    10.90701 eV ==== 
     psi = 0.108*[#   2]+0.108*[#   3]+0.108*[#   4]+0.108*[#   6]+0.108*[#   7]
          +0.108*[#   8]+0.067*[#   1]+0.067*[#   5]
    |psi|^2 = 0.783
==== e(   8) =    12.30190 eV ==== 
     psi = 0.112*[#   2]+0.112*[#   3]+0.112*[#   4]+0.112*[#   6]+0.112*[#   7]
          +0.112*[#   8]+0.022*[#   1]+0.022*[#   5]
    |psi|^2 = 0.714

 k =  -0.1885618083 -0.4714045208  0.5656854249
==== e(   1) =    -3.16537 eV ==== 
     psi = 0.330*[#   1]+0.330*[#   5]+0.056*[#   2]+0.056*[#   3]+0.056*[#   4]
          +0.056*[#   6]+0.056*[#   7]+0.056*[#   8]
    |psi|^2 = 0.995
==== e(   2) =    -0.33301 eV ==== 
     psi = 0.208*[#   1]+0.208*[#   5]+0.096*[#   2]+0.096*[#   3]+0.096*[#   4]
          +0.096*[#   6]+0.096*[#   7]+0.096*[#   8]
    |psi|^2 = 0.991
==== e(   3) =     2.58876 eV ==== 
     psi = 0.149*[#   2]+0.149*[#   3]+0.149*[#   4]+0.149*[#   6]+0.149*[#   7]
          +0.149*[#   8]+0.048*[#   1]+0.048*[#   5]
    |psi|^2 = 0.993
==== e(   4) =     3.79756 eV ==== 
     psi = 0.165*[#   2]+0.165*[#   3]+0.165*[#   4]+0.165*[#   6]+0.165*[#   7]
          +0.165*[#   8]+0.001*[#   1]+0.001*[#   5]
    |psi|^2 = 0.991
==== e(   5) =     7.98844 eV ==== 
     psi = 0.116*[#   1]+0.116*[#   5]+0.098*[#   2]+0.098*[#   3]+0.098*[#   4]
          +0.098*[#   6]+0.098*[#   7]+0.098*[#   8]
    |psi|^2 = 0.820
==== e(   6) =    10.59987 eV ==== 
     psi = 0.084*[#   2]+0.084*[#   3]+0.084*[#   4]+0.084*[#   6]+0.084*[#   7]
          +0.084*[#   8]+0.030*[#   1]+0.030*[#   5]
    |psi|^2 = 0.564
==== e(   7) =    10.93764 eV ==== 
     psi = 0.126*[#   1]+0.126*[#   5]+0.079*[#   2]+0.079*[#   3]+0.079*[#   4]
          +0.079*[#   6]+0.079*[#   7]+0.079*[#   8]
    |psi|^2 = 0.725
==== e(   8) =    12.20303 eV ==== 
     psi = 0.103*[#   2]+0.103*[#   3]+0.103*[#   4]+0.103*[#   6]+0.103*[#   7]
          +0.103*[#   8]+0.033*[#   1]+0.033*[#   5]
    |psi|^2 = 0.686

 k =  -0.1414213562 -0.4242640687  0.5185449729
==== e(   1) =    -2.88424 eV ==== 
     psi = 0.343*[#   1]+0.343*[#   5]+0.052*[#   2]+0.052*[#   3]+0.052*[#   4]
          +0.052*[#   6]+0.052*[#   7]+0.052*[#   8]
    |psi|^2 = 0.996
==== e(   2) =    -0.70226 eV ==== 
     psi = 0.193*[#   1]+0.193*[#   5]+0.101*[#   2]+0.101*[#   3]+0.101*[#   4]
          +0.101*[#   6]+0.101*[#   7]+0.101*[#   8]
    |psi|^2 = 0.991
==== e(   3) =     2.35643 eV ==== 
     psi = 0.149*[#   2]+0.149*[#   3]+0.149*[#   4]+0.149*[#   6]+0.149*[#   7]
          +0.149*[#   8]+0.048*[#   1]+0.048*[#   5]
    |psi|^2 = 0.993
==== e(   4) =     3.88308 eV ==== 
     psi = 0.164*[#   2]+0.164*[#   3]+0.164*[#   4]+0.164*[#   6]+0.164*[#   7]
          +0.164*[#   8]+0.002*[#   1]+0.002*[#   5]
    |psi|^2 = 0.991
==== e(   5) =     8.12210 eV ==== 
     psi = 0.111*[#   1]+0.111*[#   5]+0.099*[#   2]+0.099*[#   3]+0.099*[#   4]
          +0.099*[#   6]+0.099*[#   7]+0.099*[#   8]
    |psi|^2 = 0.818
==== e(   6) =    10.44629 eV ==== 
     psi = 0.095*[#   2]+0.095*[#   3]+0.095*[#   4]+0.095*[#   6]+0.095*[#   7]
          +0.095*[#   8]+0.062*[#   1]+0.062*[#   5]
    |psi|^2 = 0.694
==== e(   7) =    12.05379 eV ==== 
     psi = 0.058*[#   2]+0.058*[#   3]+0.058*[#   4]+0.058*[#   6]+0.058*[#   7]
          +0.058*[#   8]+0.022*[#   1]+0.022*[#   5]
    |psi|^2 = 0.394
==== e(   8) =    12.15757 eV ==== 
     psi = 0.098*[#   2]+0.098*[#   3]+0.098*[#   4]+0.098*[#   6]+0.098*[#   7]
          +0.098*[#   8]+0.095*[#   1]+0.095*[#   5]
    |psi|^2 = 0.779

 k =  -0.0942809042 -0.3771236166  0.4714045208
==== e(   1) =    -3.06085 eV ==== 
     psi = 0.338*[#   1]+0.338*[#   5]+0.053*[#   2]+0.053*[#   3]+0.053*[#   4]
          +0.053*[#   6]+0.053*[#   7]+0.053*[#   8]
    |psi|^2 = 0.996
==== e(   2) =    -0.46704 eV ==== 
     psi = 0.200*[#   1]+0.200*[#   5]+0.099*[#   2]+0.099*[#   3]+0.099*[#   4]
          +0.099*[#   6]+0.099*[#   7]+0.099*[#   8]
    |psi|^2 = 0.992
==== e(   3) =     2.24286 eV ==== 
     psi = 0.151*[#   2]+0.151*[#   3]+0.151*[#   4]+0.151*[#   6]+0.151*[#   7]
          +0.151*[#   8]+0.045*[#   1]+0.045*[#   5]
    |psi|^2 = 0.992
==== e(   4) =     4.06956 eV ==== 
     psi = 0.164*[#   2]+0.164*[#   3]+0.164*[#   4]+0.164*[#   6]+0.164*[#   7]
          +0.164*[#   8]+0.003*[#   1]+0.003*[#   5]
    |psi|^2 = 0.990
==== e(   5) =     8.33996 eV ==== 
     psi = 0.104*[#   1]+0.104*[#   5]+0.102*[#   2]+0.102*[#   3]+0.102*[#   4]
          +0.102*[#   6]+0.102*[#   7]+0.102*[#   8]
    |psi|^2 = 0.821
==== e(   6) =    10.29924 eV ==== 
     psi = 0.098*[#   2]+0.098*[#   3]+0.098*[#   4]+0.098*[#   6]+0.098*[#   7]
          +0.098*[#   8]+0.065*[#   1]+0.065*[#   5]
    |psi|^2 = 0.718
==== e(   7) =    11.96898 eV ==== 
     psi = 0.105*[#   2]+0.105*[#   3]+0.105*[#   4]+0.105*[#   6]+0.105*[#   7]
          +0.105*[#   8]+0.046*[#   1]+0.046*[#   5]
    |psi|^2 = 0.721
==== e(   8) =    12.72522 eV ==== 
     psi = 0.045*[#   1]+0.045*[#   5]+0.033*[#   2]+0.033*[#   3]+0.033*[#   4]
          +0.033*[#   6]+0.033*[#   7]+0.033*[#   8]
    |psi|^2 = 0.286

 k =  -0.0471404521 -0.3299831646  0.4242640687
==== e(   1) =    -3.51533 eV ==== 
     psi = 0.332*[#   1]+0.332*[#   5]+0.055*[#   2]+0.055*[#   3]+0.055*[#   4]
          +0.055*[#   6]+0.055*[#   7]+0.055*[#   8]
    |psi|^2 = 0.995
==== e(   2) =     0.16515 eV ==== 
     psi = 0.211*[#   1]+0.211*[#   5]+0.095*[#   2]+0.095*[#   3]+0.095*[#   4]
          +0.095*[#   6]+0.095*[#   7]+0.095*[#   8]
    |psi|^2 = 0.992
==== e(   3) =     2.29182 eV ==== 
     psi = 0.152*[#   2]+0.152*[#   3]+0.152*[#   4]+0.152*[#   6]+0.152*[#   7]
          +0.152*[#   8]+0.039*[#   1]+0.039*[#   5]
    |psi|^2 = 0.992
==== e(   4) =     4.33515 eV ==== 
     psi = 0.164*[#   2]+0.164*[#   3]+0.164*[#   4]+0.164*[#   6]+0.164*[#   7]
          +0.164*[#   8]+0.004*[#   1]+0.004*[#   5]
    |psi|^2 = 0.989
==== e(   5) =     8.63105 eV ==== 
     psi = 0.106*[#   2]+0.106*[#   3]+0.106*[#   4]+0.106*[#   6]+0.106*[#   7]
          +0.106*[#   8]+0.098*[#   1]+0.098*[#   5]
    |psi|^2 = 0.829
==== e(   6) =    10.14796 eV ==== 
     psi = 0.110*[#   2]+0.110*[#   3]+0.110*[#   4]+0.110*[#   6]+0.110*[#   7]
          +0.110*[#   8]+0.057*[#   1]+0.057*[#   5]
    |psi|^2 = 0.774
==== e(   7) =    11.58230 eV ==== 
     psi = 0.089*[#   1]+0.089*[#   5]+0.078*[#   2]+0.078*[#   3]+0.078*[#   4]
          +0.078*[#   6]+0.078*[#   7]+0.078*[#   8]
    |psi|^2 = 0.644
==== e(   8) =    11.93729 eV ==== 
     psi = 0.076*[#   2]+0.076*[#   3]+0.076*[#   4]+0.076*[#   6]+0.076*[#   7]
          +0.076*[#   8]+0.033*[#   1]+0.033*[#   5]
    |psi|^2 = 0.520

 k =   0.0000000000 -0.2828427125  0.3771236166
==== e(   1) =    -4.00177 eV ==== 
     psi = 0.337*[#   1]+0.337*[#   5]+0.054*[#   2]+0.054*[#   3]+0.054*[#   4]
          +0.054*[#   6]+0.054*[#   7]+0.054*[#   8]
    |psi|^2 = 0.995
==== e(   2) =     0.85967 eV ==== 
     psi = 0.208*[#   1]+0.208*[#   5]+0.096*[#   2]+0.096*[#   3]+0.096*[#   4]
          +0.096*[#   6]+0.096*[#   7]+0.096*[#   8]
    |psi|^2 = 0.991
==== e(   3) =     2.59258 eV ==== 
     psi = 0.152*[#   2]+0.152*[#   3]+0.152*[#   4]+0.152*[#   6]+0.152*[#   7]
          +0.152*[#   8]+0.038*[#   1]+0.038*[#   5]
    |psi|^2 = 0.991
==== e(   4) =     4.64562 eV ==== 
     psi = 0.163*[#   2]+0.163*[#   3]+0.163*[#   4]+0.163*[#   6]+0.163*[#   7]
          +0.163*[#   8]+0.005*[#   1]+0.005*[#   5]
    |psi|^2 = 0.987
==== e(   5) =     8.94941 eV ==== 
     psi = 0.108*[#   2]+0.108*[#   3]+0.108*[#   4]+0.108*[#   6]+0.108*[#   7]
          +0.108*[#   8]+0.100*[#   1]+0.100*[#   5]
    |psi|^2 = 0.850
==== e(   6) =     9.78500 eV ==== 
     psi = 0.126*[#   2]+0.126*[#   3]+0.126*[#   4]+0.126*[#   6]+0.126*[#   7]
          +0.126*[#   8]+0.052*[#   1]+0.052*[#   5]
    |psi|^2 = 0.860
==== e(   7) =    11.04642 eV ==== 
     psi = 0.099*[#   1]+0.099*[#   5]+0.045*[#   2]+0.045*[#   3]+0.045*[#   4]
          +0.045*[#   6]+0.045*[#   7]+0.045*[#   8]
    |psi|^2 = 0.466
==== e(   8) =    11.50445 eV ==== 
     psi = 0.117*[#   2]+0.117*[#   3]+0.117*[#   4]+0.117*[#   6]+0.117*[#   7]
          +0.117*[#   8]+0.034*[#   1]+0.034*[#   5]
    |psi|^2 = 0.769

 k =   0.4714045208  0.0942809042 -0.0000000000
==== e(   1) =    -3.87619 eV ==== 
     psi = 0.320*[#   1]+0.320*[#   5]+0.059*[#   2]+0.059*[#   3]+0.059*[#   4]
          +0.059*[#   6]+0.059*[#   7]+0.059*[#   8]
    |psi|^2 = 0.994
==== e(   2) =     0.90629 eV ==== 
     psi = 0.244*[#   1]+0.244*[#   5]+0.084*[#   2]+0.084*[#   3]+0.084*[#   4]
          +0.084*[#   6]+0.084*[#   7]+0.084*[#   8]
    |psi|^2 = 0.991
==== e(   3) =     3.36259 eV ==== 
     psi = 0.161*[#   2]+0.161*[#   3]+0.161*[#   4]+0.161*[#   6]+0.161*[#   7]
          +0.161*[#   8]+0.015*[#   1]+0.015*[#   5]
    |psi|^2 = 0.992
==== e(   4) =     3.64550 eV ==== 
     psi = 0.165*[#   2]+0.165*[#   3]+0.165*[#   4]+0.165*[#   6]+0.165*[#   7]
          +0.165*[#   8]+0.001*[#   1]+0.001*[#   5]
    |psi|^2 = 0.992
==== e(   5) =     7.20531 eV ==== 
     psi = 0.141*[#   1]+0.141*[#   5]+0.106*[#   2]+0.106*[#   3]+0.106*[#   4]
          +0.106*[#   6]+0.106*[#   7]+0.106*[#   8]
    |psi|^2 = 0.920
==== e(   6) =     8.34527 eV ==== 
     psi = 0.132*[#   1]+0.132*[#   5]+0.055*[#   2]+0.055*[#   3]+0.055*[#   4]
          +0.055*[#   6]+0.055*[#   7]+0.055*[#   8]
    |psi|^2 = 0.596
==== e(   7) =    12.34238 eV ==== 
     psi = 0.117*[#   2]+0.117*[#   3]+0.117*[#   4]+0.117*[#   6]+0.117*[#   7]
          +0.117*[#   8]+0.027*[#   1]+0.027*[#   5]
    |psi|^2 = 0.755
==== e(   8) =    13.15214 eV ==== 
     psi = 0.130*[#   2]+0.130*[#   3]+0.130*[#   4]+0.130*[#   6]+0.130*[#   7]
          +0.130*[#   8]+0.003*[#   1]+0.003*[#   5]
    |psi|^2 = 0.788

 k =   0.5185449729  0.1414213562 -0.0471404521
==== e(   1) =    -3.41713 eV ==== 
     psi = 0.313*[#   1]+0.313*[#   5]+0.061*[#   2]+0.061*[#   3]+0.061*[#   4]
          +0.061*[#   6]+0.061*[#   7]+0.061*[#   8]
    |psi|^2 = 0.994
==== e(   2) =     0.24905 eV ==== 
     psi = 0.252*[#   1]+0.252*[#   5]+0.081*[#   2]+0.081*[#   3]+0.081*[#   4]
          +0.081*[#   6]+0.081*[#   7]+0.081*[#   8]
    |psi|^2 = 0.992
==== e(   3) =     2.88898 eV ==== 
     psi = 0.159*[#   2]+0.159*[#   3]+0.159*[#   4]+0.159*[#   6]+0.159*[#   7]
          +0.159*[#   8]+0.021*[#   1]+0.021*[#   5]
    |psi|^2 = 0.993
==== e(   4) =     3.48315 eV ==== 
     psi = 0.165*[#   2]+0.165*[#   3]+0.165*[#   4]+0.165*[#   6]+0.165*[#   7]
          +0.165*[#   8]
    |psi|^2 = 0.992
==== e(   5) =     7.48452 eV ==== 
     psi = 0.134*[#   1]+0.134*[#   5]+0.100*[#   2]+0.100*[#   3]+0.100*[#   4]
          +0.100*[#   6]+0.100*[#   7]+0.100*[#   8]
    |psi|^2 = 0.871
==== e(   6) =     8.58271 eV ==== 
     psi = 0.125*[#   1]+0.125*[#   5]+0.065*[#   2]+0.065*[#   3]+0.065*[#   4]
          +0.065*[#   6]+0.065*[#   7]+0.065*[#   8]
    |psi|^2 = 0.641
==== e(   7) =    12.15255 eV ==== 
     psi = 0.107*[#   2]+0.107*[#   3]+0.107*[#   4]+0.107*[#   6]+0.107*[#   7]
          +0.107*[#   8]+0.041*[#   1]+0.041*[#   5]
    |psi|^2 = 0.723
==== e(   8) =    13.48955 eV ==== 
     psi = 0.116*[#   2]+0.116*[#   3]+0.116*[#   4]+0.116*[#   6]+0.116*[#   7]
          +0.116*[#   8]+0.012*[#   1]+0.012*[#   5]
    |psi|^2 = 0.717

 k =  -0.1414213562 -0.5185449729  0.6128258770
==== e(   1) =    -2.92208 eV ==== 
     psi = 0.313*[#   1]+0.313*[#   5]+0.061*[#   2]+0.061*[#   3]+0.061*[#   4]
          +0.061*[#   6]+0.061*[#   7]+0.061*[#   8]
    |psi|^2 = 0.994
==== e(   2) =    -0.37864 eV ==== 
     psi = 0.252*[#   1]+0.252*[#   5]+0.081*[#   2]+0.081*[#   3]+0.081*[#   4]
          +0.081*[#   6]+0.081*[#   7]+0.081*[#   8]
    |psi|^2 = 0.993
==== e(   3) =     2.39558 eV ==== 
     psi = 0.159*[#   2]+0.159*[#   3]+0.159*[#   4]+0.159*[#   6]+0.159*[#   7]
          +0.159*[#   8]+0.020*[#   1]+0.020*[#   5]
    |psi|^2 = 0.993
==== e(   4) =     3.45501 eV ==== 
     psi = 0.165*[#   2]+0.165*[#   3]+0.165*[#   4]+0.165*[#   6]+0.165*[#   7]
          +0.165*[#   8]+0.002*[#   1]+0.002*[#   5]
    |psi|^2 = 0.993
==== e(   5) =     7.61226 eV ==== 
     psi = 0.129*[#   1]+0.129*[#   5]+0.095*[#   2]+0.095*[#   3]+0.095*[#   4]
          +0.095*[#   6]+0.095*[#   7]+0.095*[#   8]
    |psi|^2 = 0.827
==== e(   6) =     9.42565 eV ==== 
     psi = 0.106*[#   1]+0.106*[#   5]+0.070*[#   2]+0.070*[#   3]+0.070*[#   4]
          +0.070*[#   6]+0.070*[#   7]+0.070*[#   8]
    |psi|^2 = 0.631
==== e(   7) =    11.91099 eV ==== 
     psi = 0.100*[#   2]+0.100*[#   3]+0.100*[#   4]+0.100*[#   6]+0.100*[#   7]
          +0.100*[#   8]+0.054*[#   1]+0.054*[#   5]
    |psi|^2 = 0.711
==== e(   8) =    13.47933 eV ==== 
     psi = 0.103*[#   2]+0.103*[#   3]+0.103*[#   4]+0.103*[#   6]+0.103*[#   7]
          +0.103*[#   8]+0.025*[#   1]+0.025*[#   5]
    |psi|^2 = 0.668

 k =  -0.0942809042 -0.4714045208  0.5656854249
==== e(   1) =    -2.54336 eV ==== 
     psi = 0.324*[#   1]+0.324*[#   5]+0.058*[#   2]+0.058*[#   3]+0.058*[#   4]
          +0.058*[#   6]+0.058*[#   7]+0.058*[#   8]
    |psi|^2 = 0.995
==== e(   2) =    -0.81108 eV ==== 
     psi = 0.242*[#   1]+0.242*[#   5]+0.085*[#   2]+0.085*[#   3]+0.085*[#   4]
          +0.085*[#   6]+0.085*[#   7]+0.085*[#   8]
    |psi|^2 = 0.993
==== e(   3) =     2.01207 eV ==== 
     psi = 0.160*[#   2]+0.160*[#   3]+0.160*[#   4]+0.160*[#   6]+0.160*[#   7]
          +0.160*[#   8]+0.017*[#   1]+0.017*[#   5]
    |psi|^2 = 0.993
==== e(   4) =     3.54429 eV ==== 
     psi = 0.164*[#   2]+0.164*[#   3]+0.164*[#   4]+0.164*[#   6]+0.164*[#   7]
          +0.164*[#   8]+0.003*[#   1]+0.003*[#   5]
    |psi|^2 = 0.992
==== e(   5) =     7.74872 eV ==== 
     psi = 0.120*[#   1]+0.120*[#   5]+0.097*[#   2]+0.097*[#   3]+0.097*[#   4]
          +0.097*[#   6]+0.097*[#   7]+0.097*[#   8]
    |psi|^2 = 0.819
==== e(   6) =    10.56625 eV ==== 
     psi = 0.072*[#   1]+0.072*[#   5]+0.059*[#   2]+0.059*[#   3]+0.059*[#   4]
          +0.059*[#   6]+0.059*[#   7]+0.059*[#   8]
    |psi|^2 = 0.500
==== e(   7) =    11.69921 eV ==== 
     psi = 0.099*[#   2]+0.099*[#   3]+0.099*[#   4]+0.099*[#   6]+0.099*[#   7]
          +0.099*[#   8]+0.072*[#   1]+0.072*[#   5]
    |psi|^2 = 0.740
==== e(   8) =    13.33611 eV ==== 
     psi = 0.106*[#   2]+0.106*[#   3]+0.106*[#   4]+0.106*[#   6]+0.106*[#   7]
          +0.106*[#   8]+0.039*[#   1]+0.039*[#   5]
    |psi|^2 = 0.714

 k =  -0.0471404521 -0.4242640687  0.5185449729
==== e(   1) =    -2.60808 eV ==== 
     psi = 0.330*[#   1]+0.330*[#   5]+0.056*[#   2]+0.056*[#   3]+0.056*[#   4]
          +0.056*[#   6]+0.056*[#   7]+0.056*[#   8]
    |psi|^2 = 0.996
==== e(   2) =    -0.73005 eV ==== 
     psi = 0.238*[#   1]+0.238*[#   5]+0.086*[#   2]+0.086*[#   3]+0.086*[#   4]
          +0.086*[#   6]+0.086*[#   7]+0.086*[#   8]
    |psi|^2 = 0.993
==== e(   3) =     1.81117 eV ==== 
     psi = 0.161*[#   2]+0.161*[#   3]+0.161*[#   4]+0.161*[#   6]+0.161*[#   7]
          +0.161*[#   8]+0.014*[#   1]+0.014*[#   5]
    |psi|^2 = 0.993
==== e(   4) =     3.73501 eV ==== 
     psi = 0.164*[#   2]+0.164*[#   3]+0.164*[#   4]+0.164*[#   6]+0.164*[#   7]
          +0.164*[#   8]+0.004*[#   1]+0.004*[#   5]
    |psi|^2 = 0.992
==== e(   5) =     7.97010 eV ==== 
     psi = 0.109*[#   1]+0.109*[#   5]+0.100*[#   2]+0.100*[#   3]+0.100*[#   4]
          +0.100*[#   6]+0.100*[#   7]+0.100*[#   8]
    |psi|^2 = 0.818
==== e(   6) =    11.34171 eV ==== 
     psi = 0.077*[#   2]+0.077*[#   3]+0.077*[#   4]+0.077*[#   6]+0.077*[#   7]
          +0.077*[#   8]+0.023*[#   1]+0.023*[#   5]
    |psi|^2 = 0.507
==== e(   7) =    12.01970 eV ==== 
     psi = 0.088*[#   1]+0.088*[#   5]+0.064*[#   2]+0.064*[#   3]+0.064*[#   4]
          +0.064*[#   6]+0.064*[#   7]+0.064*[#   8]
    |psi|^2 = 0.558
==== e(   8) =    12.73887 eV ==== 
     psi = 0.088*[#   2]+0.088*[#   3]+0.088*[#   4]+0.088*[#   6]+0.088*[#   7]
          +0.088*[#   8]+0.071*[#   1]+0.071*[#   5]
    |psi|^2 = 0.668

 k =  -0.0000000000 -0.3771236166  0.4714045208
==== e(   1) =    -3.03163 eV ==== 
     psi = 0.328*[#   1]+0.328*[#   5]+0.057*[#   2]+0.057*[#   3]+0.057*[#   4]
          +0.057*[#   6]+0.057*[#   7]+0.057*[#   8]
    |psi|^2 = 0.995
==== e(   2) =    -0.27490 eV ==== 
     psi = 0.235*[#   1]+0.235*[#   5]+0.087*[#   2]+0.087*[#   3]+0.087*[#   4]
          +0.087*[#   6]+0.087*[#   7]+0.087*[#   8]
    |psi|^2 = 0.993
==== e(   3) =     1.87287 eV ==== 
     psi = 0.159*[#   2]+0.159*[#   3]+0.159*[#   4]+0.159*[#   6]+0.159*[#   7]
          +0.159*[#   8]+0.019*[#   1]+0.019*[#   5]
    |psi|^2 = 0.992
==== e(   4) =     4.00877 eV ==== 
     psi = 0.164*[#   2]+0.164*[#   3]+0.164*[#   4]+0.164*[#   6]+0.164*[#   7]
          +0.164*[#   8]+0.004*[#   1]+0.004*[#   5]
    |psi|^2 = 0.990
==== e(   5) =     8.27671 eV ==== 
     psi = 0.104*[#   2]+0.104*[#   3]+0.104*[#   4]+0.104*[#   6]+0.104*[#   7]
          +0.104*[#   8]+0.098*[#   1]+0.098*[#   5]
    |psi|^2 = 0.820
==== e(   6) =    10.99609 eV ==== 
     psi = 0.108*[#   2]+0.108*[#   3]+0.108*[#   4]+0.108*[#   6]+0.108*[#   7]
          +0.108*[#   8]+0.036*[#   1]+0.036*[#   5]
    |psi|^2 = 0.719
==== e(   7) =    11.84682 eV ==== 
     psi = 0.093*[#   1]+0.093*[#   5]+0.053*[#   2]+0.053*[#   3]+0.053*[#   4]
          +0.053*[#   6]+0.053*[#   7]+0.053*[#   8]
    |psi|^2 = 0.506
==== e(   8) =    12.73238 eV ==== 
     psi = 0.070*[#   2]+0.070*[#   3]+0.070*[#   4]+0.070*[#   6]+0.070*[#   7]
          +0.070*[#   8]+0.012*[#   1]+0.012*[#   5]
    |psi|^2 = 0.446

 k =   0.5656854249  0.0942809042  0.0000000000
==== e(   1) =    -3.09312 eV ==== 
     psi = 0.302*[#   1]+0.302*[#   5]+0.065*[#   2]+0.065*[#   3]+0.065*[#   4]
          +0.065*[#   6]+0.065*[#   7]+0.065*[#   8]
    |psi|^2 = 0.994
==== e(   2) =    -0.16656 eV ==== 
     psi = 0.263*[#   1]+0.263*[#   5]+0.078*[#   2]+0.078*[#   3]+0.078*[#   4]
          +0.078*[#   6]+0.078*[#   7]+0.078*[#   8]
    |psi|^2 = 0.992
==== e(   3) =     3.11125 eV ==== 
     psi = 0.162*[#   2]+0.162*[#   3]+0.162*[#   4]+0.162*[#   6]+0.162*[#   7]
          +0.162*[#   8]+0.011*[#   1]+0.011*[#   5]
    |psi|^2 = 0.993
==== e(   4) =     3.26995 eV ==== 
     psi = 0.165*[#   2]+0.165*[#   3]+0.165*[#   4]+0.165*[#   6]+0.165*[#   7]
          +0.165*[#   8]
    |psi|^2 = 0.993
==== e(   5) =     7.05680 eV ==== 
     psi = 0.154*[#   1]+0.154*[#   5]+0.098*[#   2]+0.098*[#   3]+0.098*[#   4]
          +0.098*[#   6]+0.098*[#   7]+0.098*[#   8]
    |psi|^2 = 0.894
==== e(   6) =     7.71228 eV ==== 
     psi = 0.145*[#   1]+0.145*[#   5]+0.068*[#   2]+0.068*[#   3]+0.068*[#   4]
          +0.068*[#   6]+0.068*[#   7]+0.068*[#   8]
    |psi|^2 = 0.696
==== e(   7) =    13.45845 eV ==== 
     psi = 0.106*[#   2]+0.106*[#   3]+0.106*[#   4]+0.106*[#   6]+0.106*[#   7]
          +0.106*[#   8]+0.022*[#   1]+0.022*[#   5]
    |psi|^2 = 0.680
==== e(   8) =    14.40347 eV ==== 
     psi = 0.122*[#   2]+0.122*[#   3]+0.122*[#   4]+0.122*[#   6]+0.122*[#   7]
          +0.122*[#   8]+0.002*[#   1]+0.002*[#   5]
    |psi|^2 = 0.739

 k =  -0.0942809042 -0.5656854249  0.6599663291
==== e(   1) =    -2.59939 eV ==== 
     psi = 0.299*[#   1]+0.299*[#   5]+0.066*[#   2]+0.066*[#   3]+0.066*[#   4]
          +0.066*[#   6]+0.066*[#   7]+0.066*[#   8]
    |psi|^2 = 0.994
==== e(   2) =    -0.71972 eV ==== 
     psi = 0.272*[#   1]+0.272*[#   5]+0.075*[#   2]+0.075*[#   3]+0.075*[#   4]
          +0.075*[#   6]+0.075*[#   7]+0.075*[#   8]
    |psi|^2 = 0.993
==== e(   3) =     2.62076 eV ==== 
     psi = 0.162*[#   2]+0.162*[#   3]+0.162*[#   4]+0.162*[#   6]+0.162*[#   7]
          +0.162*[#   8]+0.010*[#   1]+0.010*[#   5]
    |psi|^2 = 0.993
==== e(   4) =     3.19792 eV ==== 
     psi = 0.165*[#   2]+0.165*[#   3]+0.165*[#   4]+0.165*[#   6]+0.165*[#   7]
          +0.165*[#   8]+0.003*[#   1]+0.003*[#   5]
    |psi|^2 = 0.993
==== e(   5) =     7.31836 eV ==== 
     psi = 0.145*[#   1]+0.145*[#   5]+0.091*[#   2]+0.091*[#   3]+0.091*[#   4]
          +0.091*[#   6]+0.091*[#   7]+0.091*[#   8]
    |psi|^2 = 0.838
==== e(   6) =     8.18146 eV ==== 
     psi = 0.133*[#   1]+0.133*[#   5]+0.078*[#   2]+0.078*[#   3]+0.078*[#   4]
          +0.078*[#   6]+0.078*[#   7]+0.078*[#   8]
    |psi|^2 = 0.731
==== e(   7) =    13.24426 eV ==== 
     psi = 0.096*[#   2]+0.096*[#   3]+0.096*[#   4]+0.096*[#   6]+0.096*[#   7]
          +0.096*[#   8]+0.033*[#   1]+0.033*[#   5]
    |psi|^2 = 0.644
==== e(   8) =    14.70059 eV ==== 
     psi = 0.119*[#   2]+0.119*[#   3]+0.119*[#   4]+0.119*[#   6]+0.119*[#   7]
          +0.119*[#   8]+0.013*[#   1]+0.013*[#   5]
    |psi|^2 = 0.741

 k =  -0.0471404521 -0.5185449729  0.6128258770
==== e(   1) =    -2.15906 eV ==== 
     psi = 0.307*[#   1]+0.307*[#   5]+0.063*[#   2]+0.063*[#   3]+0.063*[#   4]
          +0.063*[#   6]+0.063*[#   7]+0.063*[#   8]
    |psi|^2 = 0.994
==== e(   2) =    -1.15240 eV ==== 
     psi = 0.271*[#   1]+0.271*[#   5]+0.075*[#   2]+0.075*[#   3]+0.075*[#   4]
          +0.075*[#   6]+0.075*[#   7]+0.075*[#   8]
    |psi|^2 = 0.993
==== e(   3) =     2.10907 eV ==== 
     psi = 0.164*[#   2]+0.164*[#   3]+0.164*[#   4]+0.164*[#   6]+0.164*[#   7]
          +0.164*[#   8]+0.004*[#   1]+0.004*[#   5]
    |psi|^2 = 0.993
==== e(   4) =     3.27854 eV ==== 
     psi = 0.164*[#   2]+0.164*[#   3]+0.164*[#   4]+0.164*[#   6]+0.164*[#   7]
          +0.164*[#   8]+0.004*[#   1]+0.004*[#   5]
    |psi|^2 = 0.993
==== e(   5) =     7.45435 eV ==== 
     psi = 0.135*[#   1]+0.135*[#   5]+0.092*[#   2]+0.092*[#   3]+0.092*[#   4]
          +0.092*[#   6]+0.092*[#   7]+0.092*[#   8]
    |psi|^2 = 0.822
==== e(   6) =     9.22062 eV ==== 
     psi = 0.111*[#   1]+0.111*[#   5]+0.075*[#   2]+0.075*[#   3]+0.075*[#   4]
          +0.075*[#   6]+0.075*[#   7]+0.075*[#   8]
    |psi|^2 = 0.671
==== e(   7) =    12.99254 eV ==== 
     psi = 0.092*[#   2]+0.092*[#   3]+0.092*[#   4]+0.092*[#   6]+0.092*[#   7]
          +0.092*[#   8]+0.041*[#   1]+0.041*[#   5]
    |psi|^2 = 0.637
==== e(   8) =    14.16743 eV ==== 
     psi = 0.101*[#   2]+0.101*[#   3]+0.101*[#   4]+0.101*[#   6]+0.101*[#   7]
          +0.101*[#   8]+0.040*[#   1]+0.040*[#   5]
    |psi|^2 = 0.688

 k =   0.0000000000 -0.4714045208  0.5656854249
==== e(   1) =    -2.19099 eV ==== 
     psi = 0.322*[#   1]+0.322*[#   5]+0.058*[#   2]+0.058*[#   3]+0.058*[#   4]
          +0.058*[#   6]+0.058*[#   7]+0.058*[#   8]
    |psi|^2 = 0.995
==== e(   2) =    -1.09545 eV ==== 
     psi = 0.259*[#   1]+0.259*[#   5]+0.079*[#   2]+0.079*[#   3]+0.079*[#   4]
          +0.079*[#   6]+0.079*[#   7]+0.079*[#   8]
    |psi|^2 = 0.994
==== e(   3) =     1.79122 eV ==== 
     psi = 0.165*[#   2]+0.165*[#   3]+0.165*[#   4]+0.165*[#   6]+0.165*[#   7]
          +0.165*[#   8]
    |psi|^2 = 0.993
==== e(   4) =     3.46283 eV ==== 
     psi = 0.164*[#   2]+0.164*[#   3]+0.164*[#   4]+0.164*[#   6]+0.164*[#   7]
          +0.164*[#   8]+0.004*[#   1]+0.004*[#   5]
    |psi|^2 = 0.993
==== e(   5) =     7.66526 eV ==== 
     psi = 0.122*[#   1]+0.122*[#   5]+0.096*[#   2]+0.096*[#   3]+0.096*[#   4]
          +0.096*[#   6]+0.096*[#   7]+0.096*[#   8]
    |psi|^2 = 0.820
==== e(   6) =    10.48585 eV ==== 
     psi = 0.079*[#   1]+0.079*[#   5]+0.061*[#   2]+0.061*[#   3]+0.061*[#   4]
          +0.061*[#   6]+0.061*[#   7]+0.061*[#   8]
    |psi|^2 = 0.524
==== e(   7) =    12.58749 eV ==== 
     psi = 0.107*[#   2]+0.107*[#   3]+0.107*[#   4]+0.107*[#   6]+0.107*[#   7]
          +0.107*[#   8]+0.044*[#   1]+0.044*[#   5]
    |psi|^2 = 0.732
==== e(   8) =    13.06221 eV ==== 
     psi = 0.067*[#   1]+0.067*[#   5]+0.066*[#   2]+0.066*[#   3]+0.066*[#   4]
          +0.066*[#   6]+0.066*[#   7]+0.066*[#   8]
    |psi|^2 = 0.529

 k =  -0.0471404521 -0.6128258770  0.7071067812
==== e(   1) =    -2.19855 eV ==== 
     psi = 0.289*[#   1]+0.289*[#   5]+0.069*[#   2]+0.069*[#   3]+0.069*[#   4]
          +0.069*[#   6]+0.069*[#   7]+0.069*[#   8]
    |psi|^2 = 0.993
==== e(   2) =    -1.21350 eV ==== 
     psi = 0.277*[#   1]+0.277*[#   5]+0.073*[#   2]+0.073*[#   3]+0.073*[#   4]
          +0.073*[#   6]+0.073*[#   7]+0.073*[#   8]
    |psi|^2 = 0.993
==== e(   3) =     3.00766 eV ==== 
     psi = 0.163*[#   2]+0.163*[#   3]+0.163*[#   4]+0.163*[#   6]+0.163*[#   7]
          +0.163*[#   8]+0.007*[#   1]+0.007*[#   5]
    |psi|^2 = 0.994
==== e(   4) =     3.05869 eV ==== 
     psi = 0.165*[#   2]+0.165*[#   3]+0.165*[#   4]+0.165*[#   6]+0.165*[#   7]
          +0.165*[#   8]+0.003*[#   1]+0.003*[#   5]
    |psi|^2 = 0.994
==== e(   5) =     7.07988 eV ==== 
     psi = 0.158*[#   1]+0.158*[#   5]+0.089*[#   2]+0.089*[#   3]+0.089*[#   4]
          +0.089*[#   6]+0.089*[#   7]+0.089*[#   8]
    |psi|^2 = 0.851
==== e(   6) =     7.29320 eV ==== 
     psi = 0.154*[#   1]+0.154*[#   5]+0.079*[#   2]+0.079*[#   3]+0.079*[#   4]
          +0.079*[#   6]+0.079*[#   7]+0.079*[#   8]
    |psi|^2 = 0.785
==== e(   7) =    14.62014 eV ==== 
     psi = 0.099*[#   2]+0.099*[#   3]+0.099*[#   4]+0.099*[#   6]+0.099*[#   7]
          +0.099*[#   8]+0.017*[#   1]+0.017*[#   5]
    |psi|^2 = 0.630
==== e(   8) =    15.45919 eV ==== 
     psi = 0.145*[#   2]+0.145*[#   3]+0.145*[#   4]+0.145*[#   6]+0.145*[#   7]
          +0.145*[#   8]+0.008*[#   1]+0.008*[#   5]
    |psi|^2 = 0.884

 k =   0.0000000000 -0.5656854249  0.6599663291
==== e(   1) =    -1.78157 eV ==== 
     psi = 0.295*[#   1]+0.295*[#   5]+0.067*[#   2]+0.067*[#   3]+0.067*[#   4]
          +0.067*[#   6]+0.067*[#   7]+0.067*[#   8]
    |psi|^2 = 0.994
==== e(   2) =    -1.59136 eV ==== 
     psi = 0.278*[#   1]+0.278*[#   5]+0.073*[#   2]+0.073*[#   3]+0.073*[#   4]
          +0.073*[#   6]+0.073*[#   7]+0.073*[#   8]
    |psi|^2 = 0.993
==== e(   3) =     2.52832 eV ==== 
     psi = 0.164*[#   2]+0.164*[#   3]+0.164*[#   4]+0.164*[#   6]+0.164*[#   7]
          +0.164*[#   8]+0.006*[#   1]+0.006*[#   5]
    |psi|^2 = 0.994
==== e(   4) =     3.10574 eV ==== 
     psi = 0.164*[#   2]+0.164*[#   3]+0.164*[#   4]+0.164*[#   6]+0.164*[#   7]
          +0.164*[#   8]+0.004*[#   1]+0.004*[#   5]
    |psi|^2 = 0.994
==== e(   5) =     7.26488 eV ==== 
     psi = 0.148*[#   1]+0.148*[#   5]+0.087*[#   2]+0.087*[#   3]+0.087*[#   4]
          +0.087*[#   6]+0.087*[#   7]+0.087*[#   8]
    |psi|^2 = 0.821
==== e(   6) =     8.04454 eV ==== 
     psi = 0.136*[#   1]+0.136*[#   5]+0.083*[#   2]+0.083*[#   3]+0.083*[#   4]
          +0.083*[#   6]+0.083*[#   7]+0.083*[#   8]
    |psi|^2 = 0.770
==== e(   7) =    14.31007 eV ==== 
     psi = 0.098*[#   2]+0.098*[#   3]+0.098*[#   4]+0.098*[#   6]+0.098*[#   7]
          +0.098*[#   8]+0.020*[#   1]+0.020*[#   5]
    |psi|^2 = 0.629
==== e(   8) =    14.49275 eV ==== 
     psi = 0.087*[#   2]+0.087*[#   3]+0.087*[#   4]+0.087*[#   6]+0.087*[#   7]
          +0.087*[#   8]+0.033*[#   1]+0.033*[#   5]
    |psi|^2 = 0.590

 k =   0.3771236166  0.1885618083 -0.0000000000
==== e(   1) =    -4.33058 eV ==== 
     psi = 0.341*[#   1]+0.341*[#   5]+0.052*[#   2]+0.052*[#   3]+0.052*[#   4]
          +0.052*[#   6]+0.052*[#   7]+0.052*[#   8]
    |psi|^2 = 0.995
==== e(   2) =     1.45374 eV ==== 
     psi = 0.207*[#   1]+0.207*[#   5]+0.096*[#   2]+0.096*[#   3]+0.096*[#   4]
          +0.096*[#   6]+0.096*[#   7]+0.096*[#   8]
    |psi|^2 = 0.990
==== e(   3) =     3.16762 eV ==== 
     psi = 0.153*[#   2]+0.153*[#   3]+0.153*[#   4]+0.153*[#   6]+0.153*[#   7]
          +0.153*[#   8]+0.035*[#   1]+0.035*[#   5]
    |psi|^2 = 0.990
==== e(   4) =     4.45025 eV ==== 
     psi = 0.161*[#   2]+0.161*[#   3]+0.161*[#   4]+0.161*[#   6]+0.161*[#   7]
          +0.161*[#   8]+0.010*[#   1]+0.010*[#   5]
    |psi|^2 = 0.988
==== e(   5) =     8.51144 eV ==== 
     psi = 0.123*[#   2]+0.123*[#   3]+0.123*[#   4]+0.123*[#   6]+0.123*[#   7]
          +0.123*[#   8]+0.084*[#   1]+0.084*[#   5]
    |psi|^2 = 0.908
==== e(   6) =     9.84715 eV ==== 
     psi = 0.180*[#   1]+0.180*[#   5]+0.061*[#   2]+0.061*[#   3]+0.061*[#   4]
          +0.061*[#   6]+0.061*[#   7]+0.061*[#   8]
    |psi|^2 = 0.727
==== e(   7) =    10.14919 eV ==== 
     psi = 0.097*[#   2]+0.097*[#   3]+0.097*[#   4]+0.097*[#   6]+0.097*[#   7]
          +0.097*[#   8]+0.002*[#   1]+0.002*[#   5]
    |psi|^2 = 0.587
==== e(   8) =    11.74523 eV ==== 
     psi = 0.131*[#   2]+0.131*[#   3]+0.131*[#   4]+0.131*[#   6]+0.131*[#   7]
          +0.131*[#   8]+0.017*[#   1]+0.017*[#   5]
    |psi|^2 = 0.820

 k =   0.4242640687  0.2357022604 -0.0471404521
==== e(   1) =    -3.87374 eV ==== 
     psi = 0.331*[#   1]+0.331*[#   5]+0.055*[#   2]+0.055*[#   3]+0.055*[#   4]
          +0.055*[#   6]+0.055*[#   7]+0.055*[#   8]
    |psi|^2 = 0.995
==== e(   2) =     0.68986 eV ==== 
     psi = 0.212*[#   1]+0.212*[#   5]+0.094*[#   2]+0.094*[#   3]+0.094*[#   4]
          +0.094*[#   6]+0.094*[#   7]+0.094*[#   8]
    |psi|^2 = 0.991
==== e(   3) =     2.77293 eV ==== 
     psi = 0.151*[#   2]+0.151*[#   3]+0.151*[#   4]+0.151*[#   6]+0.151*[#   7]
          +0.151*[#   8]+0.042*[#   1]+0.042*[#   5]
    |psi|^2 = 0.991
==== e(   4) =     4.17469 eV ==== 
     psi = 0.162*[#   2]+0.162*[#   3]+0.162*[#   4]+0.162*[#   6]+0.162*[#   7]
          +0.162*[#   8]+0.007*[#   1]+0.007*[#   5]
    |psi|^2 = 0.989
==== e(   5) =     8.83186 eV ==== 
     psi = 0.111*[#   2]+0.111*[#   3]+0.111*[#   4]+0.111*[#   6]+0.111*[#   7]
          +0.111*[#   8]+0.092*[#   1]+0.092*[#   5]
    |psi|^2 = 0.851
==== e(   6) =     9.80045 eV ==== 
     psi = 0.111*[#   2]+0.111*[#   3]+0.111*[#   4]+0.111*[#   6]+0.111*[#   7]
          +0.111*[#   8]+0.071*[#   1]+0.071*[#   5]
    |psi|^2 = 0.807
==== e(   7) =    10.28636 eV ==== 
     psi = 0.102*[#   1]+0.102*[#   5]+0.054*[#   2]+0.054*[#   3]+0.054*[#   4]
          +0.054*[#   6]+0.054*[#   7]+0.054*[#   8]
    |psi|^2 = 0.529
==== e(   8) =    12.10464 eV ==== 
     psi = 0.115*[#   2]+0.115*[#   3]+0.115*[#   4]+0.115*[#   6]+0.115*[#   7]
          +0.115*[#   8]+0.023*[#   1]+0.023*[#   5]
    |psi|^2 = 0.733

 k =  -0.2357022604 -0.4242640687  0.6128258770
==== e(   1) =    -3.38133 eV ==== 
     psi = 0.332*[#   1]+0.332*[#   5]+0.055*[#   2]+0.055*[#   3]+0.055*[#   4]
          +0.055*[#   6]+0.055*[#   7]+0.055*[#   8]
    |psi|^2 = 0.995
==== e(   2) =    -0.07371 eV ==== 
     psi = 0.205*[#   1]+0.205*[#   5]+0.097*[#   2]+0.097*[#   3]+0.097*[#   4]
          +0.097*[#   6]+0.097*[#   7]+0.097*[#   8]
    |psi|^2 = 0.991
==== e(   3) =     2.57430 eV ==== 
     psi = 0.149*[#   2]+0.149*[#   3]+0.149*[#   4]+0.149*[#   6]+0.149*[#   7]
          +0.149*[#   8]+0.051*[#   1]+0.051*[#   5]
    |psi|^2 = 0.992
==== e(   4) =     3.93817 eV ==== 
     psi = 0.163*[#   2]+0.163*[#   3]+0.163*[#   4]+0.163*[#   6]+0.163*[#   7]
          +0.163*[#   8]+0.004*[#   1]+0.004*[#   5]
    |psi|^2 = 0.990
==== e(   5) =     8.95995 eV ==== 
     psi = 0.103*[#   1]+0.103*[#   5]+0.100*[#   2]+0.100*[#   3]+0.100*[#   4]
          +0.100*[#   6]+0.100*[#   7]+0.100*[#   8]
    |psi|^2 = 0.803
==== e(   6) =     9.50894 eV ==== 
     psi = 0.107*[#   2]+0.107*[#   3]+0.107*[#   4]+0.107*[#   6]+0.107*[#   7]
          +0.107*[#   8]+0.064*[#   1]+0.064*[#   5]
    |psi|^2 = 0.770
==== e(   7) =    11.17994 eV ==== 
     psi = 0.093*[#   1]+0.093*[#   5]+0.064*[#   2]+0.064*[#   3]+0.064*[#   4]
          +0.064*[#   6]+0.064*[#   7]+0.064*[#   8]
    |psi|^2 = 0.572
==== e(   8) =    12.18802 eV ==== 
     psi = 0.097*[#   2]+0.097*[#   3]+0.097*[#   4]+0.097*[#   6]+0.097*[#   7]
          +0.097*[#   8]+0.029*[#   1]+0.029*[#   5]
    |psi|^2 = 0.637

 k =  -0.1885618083 -0.3771236166  0.5656854249
==== e(   1) =    -2.99147 eV ==== 
     psi = 0.342*[#   1]+0.342*[#   5]+0.052*[#   2]+0.052*[#   3]+0.052*[#   4]
          +0.052*[#   6]+0.052*[#   7]+0.052*[#   8]
    |psi|^2 = 0.996
==== e(   2) =    -0.61591 eV ==== 
     psi = 0.190*[#   1]+0.190*[#   5]+0.102*[#   2]+0.102*[#   3]+0.102*[#   4]
          +0.102*[#   6]+0.102*[#   7]+0.102*[#   8]
    |psi|^2 = 0.991
==== e(   3) =     2.49393 eV ==== 
     psi = 0.147*[#   2]+0.147*[#   3]+0.147*[#   4]+0.147*[#   6]+0.147*[#   7]
          +0.147*[#   8]+0.056*[#   1]+0.056*[#   5]
    |psi|^2 = 0.993
==== e(   4) =     3.80442 eV ==== 
     psi = 0.164*[#   2]+0.164*[#   3]+0.164*[#   4]+0.164*[#   6]+0.164*[#   7]
          +0.164*[#   8]+0.002*[#   1]+0.002*[#   5]
    |psi|^2 = 0.990
==== e(   5) =     9.07360 eV ==== 
     psi = 0.115*[#   1]+0.115*[#   5]+0.095*[#   2]+0.095*[#   3]+0.095*[#   4]
          +0.095*[#   6]+0.095*[#   7]+0.095*[#   8]
    |psi|^2 = 0.800
==== e(   6) =     9.26345 eV ==== 
     psi = 0.106*[#   2]+0.106*[#   3]+0.106*[#   4]+0.106*[#   6]+0.106*[#   7]
          +0.106*[#   8]+0.059*[#   1]+0.059*[#   5]
    |psi|^2 = 0.753
==== e(   7) =    12.15338 eV ==== 
     psi = 0.115*[#   2]+0.115*[#   3]+0.115*[#   4]+0.115*[#   6]+0.115*[#   7]
          +0.115*[#   8]+0.056*[#   1]+0.056*[#   5]
    |psi|^2 = 0.799
==== e(   8) =    12.37367 eV ==== 
     psi = 0.046*[#   1]+0.046*[#   5]+0.034*[#   2]+0.034*[#   3]+0.034*[#   4]
          +0.034*[#   6]+0.034*[#   7]+0.034*[#   8]
    |psi|^2 = 0.296

 k =   0.4714045208  0.1885618083 -0.0000000000
==== e(   1) =    -3.69451 eV ==== 
     psi = 0.322*[#   1]+0.322*[#   5]+0.059*[#   2]+0.059*[#   3]+0.059*[#   4]
          +0.059*[#   6]+0.059*[#   7]+0.059*[#   8]
    |psi|^2 = 0.994
==== e(   2) =     0.60149 eV ==== 
     psi = 0.239*[#   1]+0.239*[#   5]+0.086*[#   2]+0.086*[#   3]+0.086*[#   4]
          +0.086*[#   6]+0.086*[#   7]+0.086*[#   8]
    |psi|^2 = 0.992
==== e(   3) =     2.80186 eV ==== 
     psi = 0.156*[#   2]+0.156*[#   3]+0.156*[#   4]+0.156*[#   6]+0.156*[#   7]
          +0.156*[#   8]+0.028*[#   1]+0.028*[#   5]
    |psi|^2 = 0.992
==== e(   4) =     3.70248 eV ==== 
     psi = 0.164*[#   2]+0.164*[#   3]+0.164*[#   4]+0.164*[#   6]+0.164*[#   7]
          +0.164*[#   8]+0.004*[#   1]+0.004*[#   5]
    |psi|^2 = 0.991
==== e(   5) =     8.22890 eV ==== 
     psi = 0.112*[#   2]+0.112*[#   3]+0.112*[#   4]+0.112*[#   6]+0.112*[#   7]
          +0.112*[#   8]+0.106*[#   1]+0.106*[#   5]
    |psi|^2 = 0.887
==== e(   6) =     9.18176 eV ==== 
     psi = 0.115*[#   1]+0.115*[#   5]+0.054*[#   2]+0.054*[#   3]+0.054*[#   4]
          +0.054*[#   6]+0.054*[#   7]+0.054*[#   8]
    |psi|^2 = 0.555
==== e(   7) =    10.90501 eV ==== 
     psi = 0.110*[#   2]+0.110*[#   3]+0.110*[#   4]+0.110*[#   6]+0.110*[#   7]
          +0.110*[#   8]+0.059*[#   1]+0.059*[#   5]
    |psi|^2 = 0.777
==== e(   8) =    13.06054 eV ==== 
     psi = 0.121*[#   2]+0.121*[#   3]+0.121*[#   4]+0.121*[#   6]+0.121*[#   7]
          +0.121*[#   8]+0.011*[#   1]+0.011*[#   5]
    |psi|^2 = 0.749

 k =  -0.1885618083 -0.4714045208  0.6599663291
==== e(   1) =    -3.20588 eV ==== 
     psi = 0.318*[#   1]+0.318*[#   5]+0.060*[#   2]+0.060*[#   3]+0.060*[#   4]
          +0.060*[#   6]+0.060*[#   7]+0.060*[#   8]
    |psi|^2 = 0.995
==== e(   2) =    -0.03727 eV ==== 
     psi = 0.245*[#   1]+0.245*[#   5]+0.084*[#   2]+0.084*[#   3]+0.084*[#   4]
          +0.084*[#   6]+0.084*[#   7]+0.084*[#   8]
    |psi|^2 = 0.993
==== e(   3) =     2.43250 eV ==== 
     psi = 0.156*[#   2]+0.156*[#   3]+0.156*[#   4]+0.156*[#   6]+0.156*[#   7]
          +0.156*[#   8]+0.029*[#   1]+0.029*[#   5]
    |psi|^2 = 0.993
==== e(   4) =     3.45199 eV ==== 
     psi = 0.164*[#   2]+0.164*[#   3]+0.164*[#   4]+0.164*[#   6]+0.164*[#   7]
          +0.164*[#   8]+0.002*[#   1]+0.002*[#   5]
    |psi|^2 = 0.991
==== e(   5) =     8.55126 eV ==== 
     psi = 0.103*[#   1]+0.103*[#   5]+0.101*[#   2]+0.101*[#   3]+0.101*[#   4]
          +0.101*[#   6]+0.101*[#   7]+0.101*[#   8]
    |psi|^2 = 0.813
==== e(   6) =     9.72551 eV ==== 
     psi = 0.083*[#   1]+0.083*[#   5]+0.067*[#   2]+0.067*[#   3]+0.067*[#   4]
          +0.067*[#   6]+0.067*[#   7]+0.067*[#   8]
    |psi|^2 = 0.566
==== e(   7) =    10.62946 eV ==== 
     psi = 0.104*[#   2]+0.104*[#   3]+0.104*[#   4]+0.104*[#   6]+0.104*[#   7]
          +0.104*[#   8]+0.087*[#   1]+0.087*[#   5]
    |psi|^2 = 0.796
==== e(   8) =    13.42823 eV ==== 
     psi = 0.105*[#   2]+0.105*[#   3]+0.105*[#   4]+0.105*[#   6]+0.105*[#   7]
          +0.105*[#   8]+0.019*[#   1]+0.019*[#   5]
    |psi|^2 = 0.669

 k =  -0.1414213562 -0.4242640687  0.6128258770
==== e(   1) =    -2.75169 eV ==== 
     psi = 0.324*[#   1]+0.324*[#   5]+0.058*[#   2]+0.058*[#   3]+0.058*[#   4]
          +0.058*[#   6]+0.058*[#   7]+0.058*[#   8]
    |psi|^2 = 0.995
==== e(   2) =    -0.59549 eV ==== 
     psi = 0.237*[#   1]+0.237*[#   5]+0.086*[#   2]+0.086*[#   3]+0.086*[#   4]
          +0.086*[#   6]+0.086*[#   7]+0.086*[#   8]
    |psi|^2 = 0.993
==== e(   3) =     2.17869 eV ==== 
     psi = 0.156*[#   2]+0.156*[#   3]+0.156*[#   4]+0.156*[#   6]+0.156*[#   7]
          +0.156*[#   8]+0.030*[#   1]+0.030*[#   5]
    |psi|^2 = 0.993
==== e(   4) =     3.33653 eV ==== 
     psi = 0.165*[#   2]+0.165*[#   3]+0.165*[#   4]+0.165*[#   6]+0.165*[#   7]
          +0.165*[#   8]+0.002*[#   1]+0.002*[#   5]
    |psi|^2 = 0.992
==== e(   5) =     8.69488 eV ==== 
     psi = 0.098*[#   2]+0.098*[#   3]+0.098*[#   4]+0.098*[#   6]+0.098*[#   7]
          +0.098*[#   8]+0.095*[#   1]+0.095*[#   5]
    |psi|^2 = 0.776
==== e(   6) =    10.26129 eV ==== 
     psi = 0.093*[#   2]+0.093*[#   3]+0.093*[#   4]+0.093*[#   6]+0.093*[#   7]
          +0.093*[#   8]+0.039*[#   1]+0.039*[#   5]
    |psi|^2 = 0.637
==== e(   7) =    10.88749 eV ==== 
     psi = 0.121*[#   1]+0.121*[#   5]+0.072*[#   2]+0.072*[#   3]+0.072*[#   4]
          +0.072*[#   6]+0.072*[#   7]+0.072*[#   8]
    |psi|^2 = 0.673
==== e(   8) =    13.46971 eV ==== 
     psi = 0.109*[#   2]+0.109*[#   3]+0.109*[#   4]+0.109*[#   6]+0.109*[#   7]
          +0.109*[#   8]+0.037*[#   1]+0.037*[#   5]
    |psi|^2 = 0.728

 k =  -0.0942809042 -0.3771236166  0.5656854249
==== e(   1) =    -2.60291 eV ==== 
     psi = 0.331*[#   1]+0.331*[#   5]+0.056*[#   2]+0.056*[#   3]+0.056*[#   4]
          +0.056*[#   6]+0.056*[#   7]+0.056*[#   8]
    |psi|^2 = 0.996
==== e(   2) =    -0.76666 eV ==== 
     psi = 0.230*[#   1]+0.230*[#   5]+0.089*[#   2]+0.089*[#   3]+0.089*[#   4]
          +0.089*[#   6]+0.089*[#   7]+0.089*[#   8]
    |psi|^2 = 0.993
==== e(   3) =     2.03666 eV ==== 
     psi = 0.156*[#   2]+0.156*[#   3]+0.156*[#   4]+0.156*[#   6]+0.156*[#   7]
          +0.156*[#   8]+0.028*[#   1]+0.028*[#   5]
    |psi|^2 = 0.993
==== e(   4) =     3.38115 eV ==== 
     psi = 0.164*[#   2]+0.164*[#   3]+0.164*[#   4]+0.164*[#   6]+0.164*[#   7]
          +0.164*[#   8]+0.004*[#   1]+0.004*[#   5]
    |psi|^2 = 0.992
==== e(   5) =     8.87885 eV ==== 
     psi = 0.101*[#   2]+0.101*[#   3]+0.101*[#   4]+0.101*[#   6]+0.101*[#   7]
          +0.101*[#   8]+0.083*[#   1]+0.083*[#   5]
    |psi|^2 = 0.769
==== e(   6) =    10.07851 eV ==== 
     psi = 0.094*[#   2]+0.094*[#   3]+0.094*[#   4]+0.094*[#   6]+0.094*[#   7]
          +0.094*[#   8]+0.072*[#   1]+0.072*[#   5]
    |psi|^2 = 0.707
==== e(   7) =    12.05501 eV ==== 
     psi = 0.052*[#   1]+0.052*[#   5]+0.047*[#   2]+0.047*[#   3]+0.047*[#   4]
          +0.047*[#   6]+0.047*[#   7]+0.047*[#   8]
    |psi|^2 = 0.388
==== e(   8) =    12.48925 eV ==== 
     psi = 0.099*[#   1]+0.099*[#   5]+0.079*[#   2]+0.079*[#   3]+0.079*[#   4]
          +0.079*[#   6]+0.079*[#   7]+0.079*[#   8]
    |psi|^2 = 0.673

 k =  -0.0471404521 -0.3299831646  0.5185449729
==== e(   1) =    -2.92076 eV ==== 
     psi = 0.325*[#   1]+0.325*[#   5]+0.058*[#   2]+0.058*[#   3]+0.058*[#   4]
          +0.058*[#   6]+0.058*[#   7]+0.058*[#   8]
    |psi|^2 = 0.995
==== e(   2) =    -0.39109 eV ==== 
     psi = 0.237*[#   1]+0.237*[#   5]+0.086*[#   2]+0.086*[#   3]+0.086*[#   4]
          +0.086*[#   6]+0.086*[#   7]+0.086*[#   8]
    |psi|^2 = 0.993
==== e(   3) =     2.04123 eV ==== 
     psi = 0.157*[#   2]+0.157*[#   3]+0.157*[#   4]+0.157*[#   6]+0.157*[#   7]
          +0.157*[#   8]+0.025*[#   1]+0.025*[#   5]
    |psi|^2 = 0.993
==== e(   4) =     3.56588 eV ==== 
     psi = 0.163*[#   2]+0.163*[#   3]+0.163*[#   4]+0.163*[#   6]+0.163*[#   7]
          +0.163*[#   8]+0.005*[#   1]+0.005*[#   5]
    |psi|^2 = 0.991
==== e(   5) =     9.14033 eV ==== 
     psi = 0.104*[#   2]+0.104*[#   3]+0.104*[#   4]+0.104*[#   6]+0.104*[#   7]
          +0.104*[#   8]+0.070*[#   1]+0.070*[#   5]
    |psi|^2 = 0.766
==== e(   6) =     9.89765 eV ==== 
     psi = 0.098*[#   2]+0.098*[#   3]+0.098*[#   4]+0.098*[#   6]+0.098*[#   7]
          +0.098*[#   8]+0.078*[#   1]+0.078*[#   5]
    |psi|^2 = 0.743
==== e(   7) =    11.17815 eV ==== 
     psi = 0.093*[#   1]+0.093*[#   5]+0.063*[#   2]+0.063*[#   3]+0.063*[#   4]
          +0.063*[#   6]+0.063*[#   7]+0.063*[#   8]
    |psi|^2 = 0.566
==== e(   8) =    13.31476 eV ==== 
     psi = 0.070*[#   2]+0.070*[#   3]+0.070*[#   4]+0.070*[#   6]+0.070*[#   7]
          +0.070*[#   8]+0.013*[#   1]+0.013*[#   5]
    |psi|^2 = 0.445

 k =   0.0000000000 -0.2828427125  0.4714045208
==== e(   1) =    -3.40519 eV ==== 
     psi = 0.325*[#   1]+0.325*[#   5]+0.058*[#   2]+0.058*[#   3]+0.058*[#   4]
          +0.058*[#   6]+0.058*[#   7]+0.058*[#   8]
    |psi|^2 = 0.995
==== e(   2) =     0.17941 eV ==== 
     psi = 0.234*[#   1]+0.234*[#   5]+0.087*[#   2]+0.087*[#   3]+0.087*[#   4]
          +0.087*[#   6]+0.087*[#   7]+0.087*[#   8]
    |psi|^2 = 0.993
==== e(   3) =     2.26329 eV ==== 
     psi = 0.156*[#   2]+0.156*[#   3]+0.156*[#   4]+0.156*[#   6]+0.156*[#   7]
          +0.156*[#   8]+0.028*[#   1]+0.028*[#   5]
    |psi|^2 = 0.992
==== e(   4) =     3.85156 eV ==== 
     psi = 0.163*[#   2]+0.163*[#   3]+0.163*[#   4]+0.163*[#   6]+0.163*[#   7]
          +0.163*[#   8]+0.006*[#   1]+0.006*[#   5]
    |psi|^2 = 0.990
==== e(   5) =     9.46550 eV ==== 
     psi = 0.108*[#   2]+0.108*[#   3]+0.108*[#   4]+0.108*[#   6]+0.108*[#   7]
          +0.108*[#   8]+0.061*[#   1]+0.061*[#   5]
    |psi|^2 = 0.769
==== e(   6) =     9.53759 eV ==== 
     psi = 0.113*[#   2]+0.113*[#   3]+0.113*[#   4]+0.113*[#   6]+0.113*[#   7]
          +0.113*[#   8]+0.072*[#   1]+0.072*[#   5]
    |psi|^2 = 0.822
==== e(   7) =    10.40047 eV ==== 
     psi = 0.121*[#   1]+0.121*[#   5]+0.052*[#   2]+0.052*[#   3]+0.052*[#   4]
          +0.052*[#   6]+0.052*[#   7]+0.052*[#   8]
    |psi|^2 = 0.555
==== e(   8) =    12.92142 eV ==== 
     psi = 0.105*[#   2]+0.105*[#   3]+0.105*[#   4]+0.105*[#   6]+0.105*[#   7]
          +0.105*[#   8]+0.019*[#   1]+0.019*[#   5]
    |psi|^2 = 0.670

 k =  -0.1414213562 -0.5185449729  0.7071067812
==== e(   1) =    -2.94425 eV ==== 
     psi = 0.307*[#   1]+0.307*[#   5]+0.063*[#   2]+0.063*[#   3]+0.063*[#   4]
          +0.063*[#   6]+0.063*[#   7]+0.063*[#   8]
    |psi|^2 = 0.994
==== e(   2) =    -0.28848 eV ==== 
     psi = 0.265*[#   1]+0.265*[#   5]+0.077*[#   2]+0.077*[#   3]+0.077*[#   4]
          +0.077*[#   6]+0.077*[#   7]+0.077*[#   8]
    |psi|^2 = 0.993
==== e(   3) =     2.59481 eV ==== 
     psi = 0.159*[#   2]+0.159*[#   3]+0.159*[#   4]+0.159*[#   6]+0.159*[#   7]
          +0.159*[#   8]+0.019*[#   1]+0.019*[#   5]
    |psi|^2 = 0.993
==== e(   4) =     3.11104 eV ==== 
     psi = 0.165*[#   2]+0.165*[#   3]+0.165*[#   4]+0.165*[#   6]+0.165*[#   7]
          +0.165*[#   8]
    |psi|^2 = 0.993
==== e(   5) =     8.07679 eV ==== 
     psi = 0.120*[#   1]+0.120*[#   5]+0.102*[#   2]+0.102*[#   3]+0.102*[#   4]
          +0.102*[#   6]+0.102*[#   7]+0.102*[#   8]
    |psi|^2 = 0.853
==== e(   6) =     8.61880 eV ==== 
     psi = 0.120*[#   1]+0.120*[#   5]+0.067*[#   2]+0.067*[#   3]+0.067*[#   4]
          +0.067*[#   6]+0.067*[#   7]+0.067*[#   8]
    |psi|^2 = 0.645
==== e(   7) =    11.88063 eV ==== 
     psi = 0.101*[#   2]+0.101*[#   3]+0.101*[#   4]+0.101*[#   6]+0.101*[#   7]
          +0.101*[#   8]+0.052*[#   1]+0.052*[#   5]
    |psi|^2 = 0.708
==== e(   8) =    14.38148 eV ==== 
     psi = 0.121*[#   2]+0.121*[#   3]+0.121*[#   4]+0.121*[#   6]+0.121*[#   7]
          +0.121*[#   8]+0.010*[#   1]+0.010*[#   5]
    |psi|^2 = 0.743

 k =  -0.0942809042 -0.4714045208  0.6599663291
==== e(   1) =    -2.45636 eV ==== 
     psi = 0.308*[#   1]+0.308*[#   5]+0.063*[#   2]+0.063*[#   3]+0.063*[#   4]
          +0.063*[#   6]+0.063*[#   7]+0.063*[#   8]
    |psi|^2 = 0.995
==== e(   2) =    -0.79915 eV ==== 
     psi = 0.272*[#   1]+0.272*[#   5]+0.075*[#   2]+0.075*[#   3]+0.075*[#   4]
          +0.075*[#   6]+0.075*[#   7]+0.075*[#   8]
    |psi|^2 = 0.994
==== e(   3) =     2.23187 eV ==== 
     psi = 0.162*[#   2]+0.162*[#   3]+0.162*[#   4]+0.162*[#   6]+0.162*[#   7]
          +0.162*[#   8]+0.012*[#   1]+0.012*[#   5]
    |psi|^2 = 0.993
==== e(   4) =     2.95336 eV ==== 
     psi = 0.165*[#   2]+0.165*[#   3]+0.165*[#   4]+0.165*[#   6]+0.165*[#   7]
          +0.165*[#   8]+0.003*[#   1]+0.003*[#   5]
    |psi|^2 = 0.993
==== e(   5) =     8.37019 eV ==== 
     psi = 0.111*[#   1]+0.111*[#   5]+0.094*[#   2]+0.094*[#   3]+0.094*[#   4]
          +0.094*[#   6]+0.094*[#   7]+0.094*[#   8]
    |psi|^2 = 0.783
==== e(   6) =     9.39795 eV ==== 
     psi = 0.097*[#   1]+0.097*[#   5]+0.076*[#   2]+0.076*[#   3]+0.076*[#   4]
          +0.076*[#   6]+0.076*[#   7]+0.076*[#   8]
    |psi|^2 = 0.647
==== e(   7) =    11.60308 eV ==== 
     psi = 0.095*[#   2]+0.095*[#   3]+0.095*[#   4]+0.095*[#   6]+0.095*[#   7]
          +0.095*[#   8]+0.068*[#   1]+0.068*[#   5]
    |psi|^2 = 0.707
==== e(   8) =    13.92208 eV ==== 
     psi = 0.078*[#   2]+0.078*[#   3]+0.078*[#   4]+0.078*[#   6]+0.078*[#   7]
          +0.078*[#   8]+0.047*[#   1]+0.047*[#   5]
    |psi|^2 = 0.563

 k =  -0.0471404521 -0.4242640687  0.6128258770
==== e(   1) =    -2.18572 eV ==== 
     psi = 0.318*[#   1]+0.318*[#   5]+0.060*[#   2]+0.060*[#   3]+0.060*[#   4]
          +0.060*[#   6]+0.060*[#   7]+0.060*[#   8]
    |psi|^2 = 0.995
==== e(   2) =    -1.06231 eV ==== 
     psi = 0.266*[#   1]+0.266*[#   5]+0.077*[#   2]+0.077*[#   3]+0.077*[#   4]
          +0.077*[#   6]+0.077*[#   7]+0.077*[#   8]
    |psi|^2 = 0.994
==== e(   3) =     1.92350 eV ==== 
     psi = 0.164*[#   2]+0.164*[#   3]+0.164*[#   4]+0.164*[#   6]+0.164*[#   7]
          +0.164*[#   8]+0.005*[#   1]+0.005*[#   5]
    |psi|^2 = 0.993
==== e(   4) =     3.02387 eV ==== 
     psi = 0.164*[#   2]+0.164*[#   3]+0.164*[#   4]+0.164*[#   6]+0.164*[#   7]
          +0.164*[#   8]+0.005*[#   1]+0.005*[#   5]
    |psi|^2 = 0.993
==== e(   5) =     8.55000 eV ==== 
     psi = 0.098*[#   1]+0.098*[#   5]+0.096*[#   2]+0.096*[#   3]+0.096*[#   4]
          +0.096*[#   6]+0.096*[#   7]+0.096*[#   8]
    |psi|^2 = 0.771
==== e(   6) =    10.55257 eV ==== 
     psi = 0.065*[#   2]+0.065*[#   3]+0.065*[#   4]+0.065*[#   6]+0.065*[#   7]
          +0.065*[#   8]+0.048*[#   1]+0.048*[#   5]
    |psi|^2 = 0.488
==== e(   7) =    11.40360 eV ==== 
     psi = 0.101*[#   1]+0.101*[#   5]+0.093*[#   2]+0.093*[#   3]+0.093*[#   4]
          +0.093*[#   6]+0.093*[#   7]+0.093*[#   8]
    |psi|^2 = 0.761
==== e(   8) =    12.54029 eV ==== 
     psi = 0.075*[#   2]+0.075*[#   3]+0.075*[#   4]+0.075*[#   6]+0.075*[#   7]
          +0.075*[#   8]+0.071*[#   1]+0.071*[#   5]
    |psi|^2 = 0.589

 k =   0.0000000000 -0.3771236166  0.5656854249
==== e(   1) =    -2.45179 eV ==== 
     psi = 0.321*[#   1]+0.321*[#   5]+0.059*[#   2]+0.059*[#   3]+0.059*[#   4]
          +0.059*[#   6]+0.059*[#   7]+0.059*[#   8]
    |psi|^2 = 0.995
==== e(   2) =    -0.79482 eV ==== 
     psi = 0.259*[#   1]+0.259*[#   5]+0.079*[#   2]+0.079*[#   3]+0.079*[#   4]
          +0.079*[#   6]+0.079*[#   7]+0.079*[#   8]
    |psi|^2 = 0.994
==== e(   3) =     1.82742 eV ==== 
     psi = 0.163*[#   2]+0.163*[#   3]+0.163*[#   4]+0.163*[#   6]+0.163*[#   7]
          +0.163*[#   8]+0.007*[#   1]+0.007*[#   5]
    |psi|^2 = 0.993
==== e(   4) =     3.24266 eV ==== 
     psi = 0.164*[#   2]+0.164*[#   3]+0.164*[#   4]+0.164*[#   6]+0.164*[#   7]
          +0.164*[#   8]+0.006*[#   1]+0.006*[#   5]
    |psi|^2 = 0.992
==== e(   5) =     8.80740 eV ==== 
     psi = 0.100*[#   2]+0.100*[#   3]+0.100*[#   4]+0.100*[#   6]+0.100*[#   7]
          +0.100*[#   8]+0.083*[#   1]+0.083*[#   5]
    |psi|^2 = 0.769
==== e(   6) =    10.84774 eV ==== 
     psi = 0.090*[#   2]+0.090*[#   3]+0.090*[#   4]+0.090*[#   6]+0.090*[#   7]
          +0.090*[#   8]+0.029*[#   1]+0.029*[#   5]
    |psi|^2 = 0.595
==== e(   7) =    11.42374 eV ==== 
     psi = 0.096*[#   1]+0.096*[#   5]+0.063*[#   2]+0.063*[#   3]+0.063*[#   4]
          +0.063*[#   6]+0.063*[#   7]+0.063*[#   8]
    |psi|^2 = 0.570
==== e(   8) =    12.13017 eV ==== 
     psi = 0.099*[#   1]+0.099*[#   5]+0.068*[#   2]+0.068*[#   3]+0.068*[#   4]
          +0.068*[#   6]+0.068*[#   7]+0.068*[#   8]
    |psi|^2 = 0.609

 k =  -0.0471404521 -0.5185449729  0.7071067812
==== e(   1) =    -2.10266 eV ==== 
     psi = 0.296*[#   1]+0.296*[#   5]+0.067*[#   2]+0.067*[#   3]+0.067*[#   4]
          +0.067*[#   6]+0.067*[#   7]+0.067*[#   8]
    |psi|^2 = 0.994
==== e(   2) =    -1.20311 eV ==== 
     psi = 0.283*[#   1]+0.283*[#   5]+0.071*[#   2]+0.071*[#   3]+0.071*[#   4]
          +0.071*[#   6]+0.071*[#   7]+0.071*[#   8]
    |psi|^2 = 0.994
==== e(   3) =     2.56491 eV ==== 
     psi = 0.162*[#   2]+0.162*[#   3]+0.162*[#   4]+0.162*[#   6]+0.162*[#   7]
          +0.162*[#   8]+0.010*[#   1]+0.010*[#   5]
    |psi|^2 = 0.993
==== e(   4) =     2.73123 eV ==== 
     psi = 0.165*[#   2]+0.165*[#   3]+0.165*[#   4]+0.165*[#   6]+0.165*[#   7]
          +0.165*[#   8]+0.003*[#   1]+0.003*[#   5]
    |psi|^2 = 0.993
==== e(   5) =     8.07929 eV ==== 
     psi = 0.126*[#   1]+0.126*[#   5]+0.092*[#   2]+0.092*[#   3]+0.092*[#   4]
          +0.092*[#   6]+0.092*[#   7]+0.092*[#   8]
    |psi|^2 = 0.803
==== e(   6) =     8.25476 eV ==== 
     psi = 0.126*[#   1]+0.126*[#   5]+0.080*[#   2]+0.080*[#   3]+0.080*[#   4]
          +0.080*[#   6]+0.080*[#   7]+0.080*[#   8]
    |psi|^2 = 0.733
==== e(   7) =    12.96852 eV ==== 
     psi = 0.089*[#   2]+0.089*[#   3]+0.089*[#   4]+0.089*[#   6]+0.089*[#   7]
          +0.089*[#   8]+0.044*[#   1]+0.044*[#   5]
    |psi|^2 = 0.621
==== e(   8) =    14.14560 eV ==== 
     psi = 0.082*[#   2]+0.082*[#   3]+0.082*[#   4]+0.082*[#   6]+0.082*[#   7]
          +0.082*[#   8]+0.036*[#   1]+0.036*[#   5]
    |psi|^2 = 0.567

 k =   0.0000000000 -0.4714045208  0.6599663291
==== e(   1) =    -1.80551 eV ==== 
     psi = 0.305*[#   1]+0.305*[#   5]+0.064*[#   2]+0.064*[#   3]+0.064*[#   4]
          +0.064*[#   6]+0.064*[#   7]+0.064*[#   8]
    |psi|^2 = 0.995
==== e(   2) =    -1.45138 eV ==== 
     psi = 0.281*[#   1]+0.281*[#   5]+0.072*[#   2]+0.072*[#   3]+0.072*[#   4]
          +0.072*[#   6]+0.072*[#   7]+0.072*[#   8]
    |psi|^2 = 0.994
==== e(   3) =     2.16763 eV ==== 
     psi = 0.165*[#   2]+0.165*[#   3]+0.165*[#   4]+0.165*[#   6]+0.165*[#   7]
          +0.165*[#   8]+0.002*[#   1]+0.002*[#   5]
    |psi|^2 = 0.994
==== e(   4) =     2.77620 eV ==== 
     psi = 0.164*[#   2]+0.164*[#   3]+0.164*[#   4]+0.164*[#   6]+0.164*[#   7]
          +0.164*[#   8]+0.006*[#   1]+0.006*[#   5]
    |psi|^2 = 0.993
==== e(   5) =     8.30815 eV ==== 
     psi = 0.113*[#   1]+0.113*[#   5]+0.091*[#   2]+0.091*[#   3]+0.091*[#   4]
          +0.091*[#   6]+0.091*[#   7]+0.091*[#   8]
    |psi|^2 = 0.771
==== e(   6) =     9.28894 eV ==== 
     psi = 0.101*[#   1]+0.101*[#   5]+0.079*[#   2]+0.079*[#   3]+0.079*[#   4]
          +0.079*[#   6]+0.079*[#   7]+0.079*[#   8]
    |psi|^2 = 0.677
==== e(   7) =    12.63737 eV ==== 
     psi = 0.089*[#   2]+0.089*[#   3]+0.089*[#   4]+0.089*[#   6]+0.089*[#   7]
          +0.089*[#   8]+0.053*[#   1]+0.053*[#   5]
    |psi|^2 = 0.640
==== e(   8) =    12.79054 eV ==== 
     psi = 0.076*[#   2]+0.076*[#   3]+0.076*[#   4]+0.076*[#   6]+0.076*[#   7]
          +0.076*[#   8]+0.059*[#   1]+0.059*[#   5]
    |psi|^2 = 0.572

 k =  -0.1414213562 -0.4242640687  0.7071067812
==== e(   1) =    -2.71844 eV ==== 
     psi = 0.314*[#   1]+0.314*[#   5]+0.061*[#   2]+0.061*[#   3]+0.061*[#   4]
          +0.061*[#   6]+0.061*[#   7]+0.061*[#   8]
    |psi|^2 = 0.995
==== e(   2) =    -0.50749 eV ==== 
     psi = 0.263*[#   1]+0.263*[#   5]+0.078*[#   2]+0.078*[#   3]+0.078*[#   4]
          +0.078*[#   6]+0.078*[#   7]+0.078*[#   8]
    |psi|^2 = 0.994
==== e(   3) =     2.12047 eV ==== 
     psi = 0.160*[#   2]+0.160*[#   3]+0.160*[#   4]+0.160*[#   6]+0.160*[#   7]
          +0.160*[#   8]+0.016*[#   1]+0.016*[#   5]
    |psi|^2 = 0.993
==== e(   4) =     3.08823 eV ==== 
     psi = 0.165*[#   2]+0.165*[#   3]+0.165*[#   4]+0.165*[#   6]+0.165*[#   7]
          +0.165*[#   8]+0.002*[#   1]+0.002*[#   5]
    |psi|^2 = 0.992
==== e(   5) =     9.39644 eV ==== 
     psi = 0.102*[#   2]+0.102*[#   3]+0.102*[#   4]+0.102*[#   6]+0.102*[#   7]
          +0.102*[#   8]+0.083*[#   1]+0.083*[#   5]
    |psi|^2 = 0.775
==== e(   6) =     9.79863 eV ==== 
     psi = 0.074*[#   2]+0.074*[#   3]+0.074*[#   4]+0.074*[#   6]+0.074*[#   7]
          +0.074*[#   8]+0.034*[#   1]+0.034*[#   5]
    |psi|^2 = 0.514
==== e(   7) =    10.37905 eV ==== 
     psi = 0.141*[#   1]+0.141*[#   5]+0.092*[#   2]+0.092*[#   3]+0.092*[#   4]
          +0.092*[#   6]+0.092*[#   7]+0.092*[#   8]
    |psi|^2 = 0.833
==== e(   8) =    13.71426 eV ==== 
     psi = 0.061*[#   2]+0.061*[#   3]+0.061*[#   4]+0.061*[#   6]+0.061*[#   7]
          +0.061*[#   8]+0.055*[#   1]+0.055*[#   5]
    |psi|^2 = 0.474

 k =  -0.0942809042 -0.3771236166  0.6599663291
==== e(   1) =    -2.29726 eV ==== 
     psi = 0.317*[#   1]+0.317*[#   5]+0.060*[#   2]+0.060*[#   3]+0.060*[#   4]
          +0.060*[#   6]+0.060*[#   7]+0.060*[#   8]
    |psi|^2 = 0.995
==== e(   2) =    -0.92892 eV ==== 
     psi = 0.267*[#   1]+0.267*[#   5]+0.077*[#   2]+0.077*[#   3]+0.077*[#   4]
          +0.077*[#   6]+0.077*[#   7]+0.077*[#   8]
    |psi|^2 = 0.994
==== e(   3) =     1.98288 eV ==== 
     psi = 0.162*[#   2]+0.162*[#   3]+0.162*[#   4]+0.162*[#   6]+0.162*[#   7]
          +0.162*[#   8]+0.010*[#   1]+0.010*[#   5]
    |psi|^2 = 0.993
==== e(   4) =     2.87199 eV ==== 
     psi = 0.165*[#   2]+0.165*[#   3]+0.165*[#   4]+0.165*[#   6]+0.165*[#   7]
          +0.165*[#   8]+0.002*[#   1]+0.002*[#   5]
    |psi|^2 = 0.993
==== e(   5) =     9.66865 eV ==== 
     psi = 0.095*[#   2]+0.095*[#   3]+0.095*[#   4]+0.095*[#   6]+0.095*[#   7]
          +0.095*[#   8]+0.034*[#   1]+0.034*[#   5]
    |psi|^2 = 0.639
==== e(   6) =     9.98772 eV ==== 
     psi = 0.092*[#   2]+0.092*[#   3]+0.092*[#   4]+0.092*[#   6]+0.092*[#   7]
          +0.092*[#   8]+0.088*[#   1]+0.088*[#   5]
    |psi|^2 = 0.726
==== e(   7) =    10.92344 eV ==== 
     psi = 0.107*[#   1]+0.107*[#   5]+0.071*[#   2]+0.071*[#   3]+0.071*[#   4]
          +0.071*[#   6]+0.071*[#   7]+0.071*[#   8]
    |psi|^2 = 0.642
==== e(   8) =    12.28527 eV ==== 
     psi = 0.086*[#   1]+0.086*[#   5]+0.070*[#   2]+0.070*[#   3]+0.070*[#   4]
          +0.070*[#   6]+0.070*[#   7]+0.070*[#   8]
    |psi|^2 = 0.591

 k =  -0.0471404521 -0.4242640687  0.7071067812
==== e(   1) =    -1.97751 eV ==== 
     psi = 0.304*[#   1]+0.304*[#   5]+0.065*[#   2]+0.065*[#   3]+0.065*[#   4]
          +0.065*[#   6]+0.065*[#   7]+0.065*[#   8]
    |psi|^2 = 0.995
==== e(   2) =    -1.22796 eV ==== 
     psi = 0.287*[#   1]+0.287*[#   5]+0.070*[#   2]+0.070*[#   3]+0.070*[#   4]
          +0.070*[#   6]+0.070*[#   7]+0.070*[#   8]
    |psi|^2 = 0.994
==== e(   3) =     2.19506 eV ==== 
     psi = 0.164*[#   2]+0.164*[#   3]+0.164*[#   4]+0.164*[#   6]+0.164*[#   7]
          +0.164*[#   8]+0.005*[#   1]+0.005*[#   5]
    |psi|^2 = 0.994
==== e(   4) =     2.51610 eV ==== 
     psi = 0.166*[#   2]+0.166*[#   3]+0.166*[#   4]+0.166*[#   6]+0.166*[#   7]
          +0.166*[#   8]
    |psi|^2 = 0.994
==== e(   5) =     9.38910 eV ==== 
     psi = 0.090*[#   2]+0.090*[#   3]+0.090*[#   4]+0.090*[#   6]+0.090*[#   7]
          +0.090*[#   8]+0.086*[#   1]+0.086*[#   5]
    |psi|^2 = 0.713
==== e(   6) =     9.53040 eV ==== 
     psi = 0.079*[#   2]+0.079*[#   3]+0.079*[#   4]+0.079*[#   6]+0.079*[#   7]
          +0.079*[#   8]+0.078*[#   1]+0.078*[#   5]
    |psi|^2 = 0.630
==== e(   7) =    11.32360 eV ==== 
     psi = 0.090*[#   1]+0.090*[#   5]+0.089*[#   2]+0.089*[#   3]+0.089*[#   4]
          +0.089*[#   6]+0.089*[#   7]+0.089*[#   8]
    |psi|^2 = 0.714
==== e(   8) =    12.45864 eV ==== 
     psi = 0.075*[#   2]+0.075*[#   3]+0.075*[#   4]+0.075*[#   6]+0.075*[#   7]
          +0.075*[#   8]+0.070*[#   1]+0.070*[#   5]
    |psi|^2 = 0.592

 k =  -0.0000000000 -0.3771236166  0.6599663291
==== e(   1) =    -1.86780 eV ==== 
     psi = 0.308*[#   1]+0.308*[#   5]+0.063*[#   2]+0.063*[#   3]+0.063*[#   4]
          +0.063*[#   6]+0.063*[#   7]+0.063*[#   8]
    |psi|^2 = 0.995
==== e(   2) =    -1.31557 eV ==== 
     psi = 0.286*[#   1]+0.286*[#   5]+0.070*[#   2]+0.070*[#   3]+0.070*[#   4]
          +0.070*[#   6]+0.070*[#   7]+0.070*[#   8]
    |psi|^2 = 0.994
==== e(   3) =     2.04445 eV ==== 
     psi = 0.165*[#   2]+0.165*[#   3]+0.165*[#   4]+0.165*[#   6]+0.165*[#   7]
          +0.165*[#   8]
    |psi|^2 = 0.994
==== e(   4) =     2.53496 eV ==== 
     psi = 0.165*[#   2]+0.165*[#   3]+0.165*[#   4]+0.165*[#   6]+0.165*[#   7]
          +0.165*[#   8]+0.002*[#   1]+0.002*[#   5]
    |psi|^2 = 0.993
==== e(   5) =     9.64054 eV ==== 
     psi = 0.090*[#   2]+0.090*[#   3]+0.090*[#   4]+0.090*[#   6]+0.090*[#   7]
          +0.090*[#   8]+0.059*[#   1]+0.059*[#   5]
    |psi|^2 = 0.660
==== e(   6) =    10.53280 eV ==== 
     psi = 0.074*[#   2]+0.074*[#   3]+0.074*[#   4]+0.074*[#   6]+0.074*[#   7]
          +0.074*[#   8]+0.004*[#   1]+0.004*[#   5]
    |psi|^2 = 0.452
==== e(   7) =    11.16895 eV ==== 
     psi = 0.110*[#   1]+0.110*[#   5]+0.077*[#   2]+0.077*[#   3]+0.077*[#   4]
          +0.077*[#   6]+0.077*[#   7]+0.077*[#   8]
    |psi|^2 = 0.680
==== e(   8) =    11.21538 eV ==== 
     psi = 0.149*[#   1]+0.149*[#   5]+0.092*[#   2]+0.092*[#   3]+0.092*[#   4]
          +0.092*[#   6]+0.092*[#   7]+0.092*[#   8]
    |psi|^2 = 0.849

Lowdin Charges: 

     Atom #   1: total charge =   3.9644, s =  1.1604, 
     Atom #   1: total charge =   3.9644, p =  2.8040, pz=  0.9347, px=  0.9347, py=  0.9347, 
     Atom #   2: total charge =   3.9644, s =  1.1604, 
     Atom #   2: total charge =   3.9644, p =  2.8040, pz=  0.9347, px=  0.9347, py=  0.9347, 
     Spilling Parameter:   0.0089

     PROJWFC      :      0.26s CPU      0.28s WALL


   This run was terminated on:  11:51: 2  27Aug2026            

=------------------------------------------------------------------------------=
   JOB DONE.
=------------------------------------------------------------------------------=
Note: The following floating-point exceptions are signalling: IEEE_INVALID_FLAG
Note: The following floating-point exceptions are signalling: IEEE_INVALID_FLAG
Note: The following floating-point exceptions are signalling: IEEE_INVALID_FLAG
Note: The following floating-point exceptions are signalling: IEEE_INVALID_FLAG
